{"type": "FeatureCollection", "features": [{"type": "Feature", "properties": {"name": "Alba"}, "geometry": {"type": "Polygon", "coordinates": [[[22.6638021, 46.4797844], [22.6797815, 46.4763897], [22.6774334, 46.4685738], [22.6925491, 46.4532904], [22.6902541, 46.4397019], [22.7199159, 46.4309187], [22.6746445, 46.4086801], [22.6818879, 46.3853207], [22.6989521, 46.3784656], [22.6993164, 46.3655515], [22.7770452, 46.3493272], [22.8120351, 46.3260586], [22.8689644, 46.337974], [22.9257244, 46.3305973], [22.9356164, 46.3246978], [22.9431569, 46.2986035], [22.9650667, 46.2823827], [22.9475216, 46.2659976], [22.9819034, 46.2176644], [23.0394469, 46.2080886], [23.0505149, 46.213795], [23.0702407, 46.2072805], [23.0694396, 46.1986878], [23.0955369, 46.182309], [23.0901027, 46.16651], [23.1037638, 46.15374], [23.0990181, 46.1389189], [23.0777467, 46.1497735], [23.0552303, 46.1407874], [23.0678995, 46.1223382], [23.0618489, 46.1057885], [23.0894721, 46.1002119], [23.0797383, 46.0824036], [23.089358, 46.076666], [23.0873171, 46.0664692], [23.1026658, 46.0617012], [23.1009843, 46.0460302], [23.1844426, 46.0270924], [23.2416829, 46.0385474], [23.2348696, 46.0305079], [23.2404222, 46.0088134], [23.2352966, 45.9877925], [23.2523432, 45.9693295], [23.2650942, 45.9336226], [23.2933646, 45.9190571], [23.3376972, 45.9180598], [23.337249, 45.9109173], [23.3190643, 45.9077197], [23.3033449, 45.8937802], [23.331655, 45.8798093], [23.3238539, 45.8363024], [23.3529191, 45.7928398], [23.3477122, 45.78817], [23.3532228, 45.7778349], [23.373604, 45.7728121], [23.3809699, 45.7593343], [23.3601668, 45.7178757], [23.3821386, 45.6947723], [23.4226543, 45.67873], [23.4220921, 45.6700715], [23.3687678, 45.642643], [23.3698782, 45.6261875], [23.3768959, 45.6219351], [23.4090623, 45.6338109], [23.4266598, 45.6230651], [23.4185783, 45.5955974], [23.4272951, 45.5843715], [23.4455781, 45.587823], [23.4830034, 45.5736377], [23.4995237, 45.5797565], [23.513583, 45.5537617], [23.5367113, 45.5496896], [23.5688303, 45.5246134], [23.5954432, 45.4923396], [23.598549, 45.4718953], [23.6172269, 45.4658276], [23.6269036, 45.4709338], [23.6297738, 45.4586314], [23.6402872, 45.4554431], [23.6789139, 45.4648231], [23.7036209, 45.496779], [23.6650666, 45.4933754], [23.6361044, 45.5439721], [23.6106287, 45.5636458], [23.6179794, 45.5809331], [23.6436847, 45.5883558], [23.6527406, 45.6013096], [23.6323221, 45.6215704], [23.6334088, 45.6286574], [23.6445272, 45.6299356], [23.6449209, 45.6400122], [23.6253548, 45.6589139], [23.5926933, 45.6736816], [23.6108505, 45.687607], [23.5889163, 45.7027344], [23.596603, 45.7035693], [23.601149, 45.7228983], [23.6198019, 45.73575], [23.622227, 45.7504184], [23.6450361, 45.74571], [23.6593605, 45.7611929], [23.6744761, 45.7494652], [23.6387432, 45.7780793], [23.6219826, 45.7833132], [23.6244658, 45.7944416], [23.614681, 45.7960734], [23.616564, 45.8019115], [23.6250973, 45.8081352], [23.687526, 45.80264], [23.6992926, 45.8286547], [23.7189635, 45.823878], [23.7212658, 45.8331616], [23.7345196, 45.8307264], [23.7269229, 45.8481385], [23.7327154, 45.8428327], [23.7733748, 45.8807139], [23.73043, 45.897197], [23.7326606, 45.9140378], [23.7893986, 45.9283425], [23.8164754, 45.9232956], [23.849955, 45.9590137], [23.8700322, 45.9486913], [23.8735483, 45.9607688], [23.8635682, 45.9630137], [23.8608942, 45.9804887], [23.8523685, 45.9855347], [23.8568832, 46.0009253], [23.8456755, 46.007831], [23.8913433, 46.0447131], [23.9129513, 46.041081], [23.9272447, 46.0488179], [23.9368773, 46.0378123], [23.9796029, 46.0382263], [23.9845108, 46.0346933], [23.9767718, 46.0294142], [23.9907906, 46.0183247], [23.9910309, 46.0072821], [24.0061217, 46.0001871], [24.0073663, 46.0165874], [24.0269202, 46.0285164], [24.0184889, 46.0388915], [24.0323919, 46.0407626], [24.0269414, 46.0628369], [24.0441337, 46.0802612], [24.0425224, 46.0964887], [24.0582529, 46.084495], [24.1187452, 46.1346901], [24.1515607, 46.1348684], [24.1912811, 46.1528914], [24.2133177, 46.1542115], [24.2168172, 46.164006], [24.2095397, 46.1742184], [24.1876159, 46.1832582], [24.1987657, 46.2122604], [24.1904075, 46.2239559], [24.2516478, 46.2404058], [24.2293785, 46.2499985], [24.2313179, 46.2596493], [24.2100854, 46.2635019], [24.211034, 46.2717267], [24.1941868, 46.2829765], [24.1766815, 46.2802299], [24.1759633, 46.2688419], [24.1636895, 46.2724095], [24.1591991, 46.2914633], [24.1423654, 46.300984], [24.1484538, 46.3262032], [24.1357639, 46.336245], [24.0749345, 46.3357373], [24.0198578, 46.3604213], [24.0304352, 46.3693856], [23.9957914, 46.3718179], [23.9937131, 46.3848287], [24.0353977, 46.4066724], [24.0281317, 46.4599796], [23.9931835, 46.4261804], [23.9640952, 46.436532], [23.9504966, 46.4501007], [23.9232973, 46.449341], [23.9096635, 46.4635167], [23.8867417, 46.4634495], [23.8759765, 46.4534865], [23.8801518, 46.4500464], [23.8684247, 46.4473654], [23.8658344, 46.456362], [23.8550807, 46.4509567], [23.8331714, 46.4688861], [23.7302919, 46.4515261], [23.7011772, 46.4574784], [23.6769701, 46.4493293], [23.6686464, 46.4394438], [23.6724984, 46.4292987], [23.6511225, 46.4278728], [23.6555978, 46.4179942], [23.6684902, 46.4155722], [23.6623566, 46.4206124], [23.6655378, 46.420664], [23.6812141, 46.4088755], [23.6609239, 46.3967048], [23.6030946, 46.4154638], [23.5898129, 46.4564023], [23.6030687, 46.4693839], [23.6003411, 46.4777197], [23.6144952, 46.4784519], [23.6119657, 46.4846158], [23.574271, 46.4971846], [23.5594694, 46.4882426], [23.5480629, 46.5038513], [23.5297327, 46.4992234], [23.5231745, 46.4859602], [23.4850931, 46.5035958], [23.4624564, 46.5043128], [23.4544692, 46.5173113], [23.460105, 46.5253094], [23.4533619, 46.5285192], [23.4393622, 46.5232342], [23.3824661, 46.540635], [23.311799, 46.5245454], [23.2821866, 46.5299361], [23.2799166, 46.5125579], [23.2895978, 46.5089122], [23.2696049, 46.4977667], [23.2175669, 46.4903706], [23.1924645, 46.4940071], [23.1851303, 46.509606], [23.1519287, 46.5062092], [23.1301706, 46.4909674], [23.1041242, 46.4904868], [23.0936239, 46.4683754], [23.0521297, 46.4661569], [23.0461398, 46.4764821], [23.0555564, 46.4924652], [23.0112915, 46.5036402], [23.0012904, 46.5334744], [22.988968, 46.5377448], [22.9997731, 46.5484361], [22.9950361, 46.5545037], [22.9762235, 46.5484134], [22.9275265, 46.5546187], [22.883004, 46.5359037], [22.8594813, 46.5399491], [22.8557394, 46.5506033], [22.8359638, 46.5464422], [22.8131743, 46.5559926], [22.8117471, 46.5689604], [22.7858308, 46.5661439], [22.7655284, 46.5762782], [22.762948, 46.5691032], [22.7521747, 46.5690477], [22.7513001, 46.5491478], [22.7260981, 46.5469123], [22.6909517, 46.5186185], [22.6769582, 46.5232982], [22.6796653, 46.4924557], [22.6638021, 46.4797844]]]}}, {"type": "Feature", "properties": {"name": "Arad"}, "geometry": {"type": "Polygon", "coordinates": [[[20.7053121, 46.161356], [20.7162004, 46.1600265], [20.7186195, 46.1486438], [20.7277591, 46.145268], [20.7727412, 46.144547], [20.7803267, 46.126317], [20.7971984, 46.1218751], [20.8055501, 46.1055013], [20.8326225, 46.0905854], [20.9179816, 46.0743087], [20.9406675, 46.0375164], [21.0687422, 46.0397781], [21.0744511, 46.0125634], [21.0827165, 46.0131326], [21.0848971, 45.9970345], [21.1102095, 45.9770817], [21.1194669, 45.983018], [21.1255233, 45.977046], [21.1720459, 45.9987499], [21.2004049, 45.981426], [21.2420038, 45.9713689], [21.2361858, 45.9818697], [21.2479979, 45.9808473], [21.2382733, 45.986414], [21.2621137, 45.9948576], [21.2846185, 46.0201406], [21.3495037, 46.0021851], [21.360658, 45.9954462], [21.3510124, 45.9837023], [21.3658773, 45.9819834], [21.3909006, 46.0086379], [21.421338, 46.011549], [21.4166777, 46.0166083], [21.4496017, 46.0292577], [21.4336984, 46.0442175], [21.4352685, 46.0594898], [21.4491794, 46.0458416], [21.4772048, 46.0631448], [21.5142097, 46.0680229], [21.5363039, 46.0330279], [21.524236, 46.0103349], [21.5475313, 46.0062391], [21.5520717, 45.9951399], [21.5605837, 46.0024885], [21.5918397, 45.9946086], [21.6212996, 45.9752285], [21.6419297, 45.9740149], [21.6300202, 45.9427725], [21.6483807, 45.9475217], [21.6619941, 45.9354278], [21.667721, 45.9062355], [21.6924245, 45.9163431], [21.7341297, 45.9893102], [21.7753771, 45.9486564], [21.7686012, 45.9393429], [21.769714, 45.9168952], [21.8053183, 45.9211465], [21.7994356, 45.9252799], [21.8010897, 45.9439524], [21.8187073, 45.9491134], [21.8110194, 45.9574051], [21.8197252, 45.9678315], [21.8513661, 45.9472054], [21.8656959, 45.9486505], [21.8724359, 45.9586728], [21.8934995, 45.952458], [21.9162073, 45.9630726], [21.9253285, 45.9848429], [21.9674702, 45.9943549], [21.9872014, 45.9884656], [21.99838, 45.967946], [22.0397278, 45.9684666], [22.1241415, 45.9377423], [22.1256322, 45.926864], [22.1354378, 45.9227566], [22.173881, 45.9284795], [22.2026657, 45.9217384], [22.221453, 45.9031687], [22.2431484, 45.9026183], [22.2485564, 45.9055514], [22.2454384, 45.9252052], [22.2620343, 45.9348367], [22.3023371, 45.932036], [22.3121491, 45.9376217], [22.3113799, 45.966656], [22.3527955, 45.9726952], [22.3395448, 45.9787682], [22.3360078, 45.994387], [22.383838, 45.995477], [22.3890076, 46.0088401], [22.4047864, 46.0024475], [22.4366577, 46.0109632], [22.4403087, 46.029272], [22.4280509, 46.0344541], [22.4353171, 46.0491884], [22.4294793, 46.0770554], [22.4051625, 46.095112], [22.411492, 46.1084575], [22.4315416, 46.1063835], [22.431406, 46.1127721], [22.4454304, 46.1159189], [22.4671643, 46.1457145], [22.4531109, 46.1630573], [22.4384269, 46.210357], [22.453456, 46.219821], [22.4626063, 46.2165333], [22.4614319, 46.2268689], [22.4949141, 46.2433947], [22.5130302, 46.2246374], [22.5837706, 46.2334881], [22.5871976, 46.2249127], [22.6077399, 46.2187026], [22.6246604, 46.2314176], [22.6490396, 46.2287969], [22.6617188, 46.248993], [22.6544023, 46.2554509], [22.6593277, 46.2690139], [22.6803581, 46.2981004], [22.6778713, 46.3213612], [22.7244467, 46.3337711], [22.7487202, 46.3512153], [22.7278177, 46.3636299], [22.6993164, 46.3655515], [22.6987492, 46.3787332], [22.675463, 46.3950085], [22.6765796, 46.405834], [22.6353797, 46.3896105], [22.5772783, 46.3979582], [22.5132223, 46.3862741], [22.4524423, 46.3850481], [22.42414, 46.393331], [22.4113914, 46.409173], [22.3704276, 46.4263162], [22.3822509, 46.4310895], [22.3739083, 46.4391326], [22.3444907, 46.4477466], [22.3392443, 46.4761298], [22.3224884, 46.4828638], [22.3286266, 46.4898334], [22.3251738, 46.5145186], [22.2724039, 46.5008074], [22.2567589, 46.5070798], [22.2460755, 46.5023463], [22.2165996, 46.5218186], [22.2092938, 46.5120971], [22.1985204, 46.5132956], [22.1755929, 46.5361813], [22.1788203, 46.546035], [22.1645137, 46.5706272], [22.1727612, 46.599767], [22.1167049, 46.6027605], [22.1083699, 46.6155648], [22.0886945, 46.618314], [22.0883162, 46.6339166], [22.0755806, 46.6321008], [22.0807419, 46.6375842], [22.0730406, 46.6387328], [22.0560091, 46.6321308], [22.0266573, 46.6439857], [22.0259489, 46.6542432], [22.0004153, 46.6244648], [21.952229, 46.6170826], [21.9108041, 46.6304705], [21.8813457, 46.6311543], [21.9105243, 46.6627904], [21.8693274, 46.6808751], [21.857353, 46.6707022], [21.7948376, 46.6546886], [21.7563027, 46.6632312], [21.7067522, 46.6585772], [21.6468114, 46.6657467], [21.6203574, 46.6461927], [21.5701432, 46.6490469], [21.5627895, 46.6315364], [21.5732634, 46.6256761], [21.5604132, 46.6195436], [21.5677091, 46.6004139], [21.5467961, 46.6013347], [21.5391459, 46.6295139], [21.527723, 46.638052], [21.5115318, 46.63662], [21.5027925, 46.6596198], [21.4849005, 46.6511027], [21.4590971, 46.661869], [21.4547965, 46.6580455], [21.4738087, 46.6527389], [21.4217341, 46.6464998], [21.4099891, 46.6218365], [21.365614, 46.6378313], [21.353202, 46.6302062], [21.3299635, 46.6315742], [21.3140883, 46.6175941], [21.3011224, 46.5908157], [21.3207803, 46.5828136], [21.2896513, 46.5443105], [21.2742187, 46.5407104], [21.2604143, 46.5019609], [21.2743063, 46.4764633], [21.2963246, 46.4761514], [21.3177669, 46.4506918], [21.289518, 46.415478], [21.2962805, 46.406696], [21.2253589, 46.4135347], [21.2163243, 46.4018338], [21.2063155, 46.4032299], [21.1965421, 46.3708133], [21.1994707, 46.3479089], [21.1762269, 46.3357664], [21.1731193, 46.318443], [21.1805936, 46.3041159], [21.1676588, 46.2978175], [21.1453362, 46.3046349], [21.1155011, 46.3016603], [21.103161, 46.262589], [21.070879, 46.253901], [21.0660828, 46.2429394], [21.036624, 46.248039], [21.0246723, 46.2665329], [20.9608171, 46.262304], [20.946585, 46.279303], [20.9250702, 46.2766191], [20.9221563, 46.2618353], [20.890544, 46.2713931], [20.873271, 46.287756], [20.775654, 46.27596], [20.749047, 46.250849], [20.7618404, 46.2044731], [20.7273743, 46.2073774], [20.7257261, 46.1964348], [20.7334163, 46.192255], [20.7053121, 46.161356]]]}}, {"type": "Feature", "properties": {"name": "Argeș"}, "geometry": {"type": "Polygon", "coordinates": [[[24.4215127, 44.8270738], [24.4329682, 44.8178387], [24.4468847, 44.8202218], [24.445339, 44.8107654], [24.4801965, 44.8217456], [24.4829674, 44.8298698], [24.4948541, 44.8316924], [24.4948647, 44.84457], [24.509483, 44.8456159], [24.5054368, 44.8658785], [24.5152266, 44.8690552], [24.5227789, 44.8942349], [24.5407374, 44.8910455], [24.5424733, 44.8614248], [24.5520828, 44.8584846], [24.5564918, 44.8311391], [24.5716912, 44.8171002], [24.5771199, 44.7989798], [24.588577, 44.7981573], [24.5822617, 44.7740403], [24.5877915, 44.7757231], [24.5937909, 44.7508753], [24.606948, 44.7538184], [24.6296552, 44.7287721], [24.6747178, 44.7390904], [24.7074734, 44.7312745], [24.7159405, 44.7182533], [24.7254438, 44.7207632], [24.6856807, 44.7001158], [24.6928677, 44.6967676], [24.704988, 44.6571076], [24.7010665, 44.640368], [24.7167129, 44.6260993], [24.7087326, 44.6165437], [24.7106547, 44.5823957], [24.7233963, 44.5786435], [24.7365486, 44.5551212], [24.7250705, 44.543296], [24.738946, 44.5465467], [24.7426272, 44.5380514], [24.7291633, 44.5138003], [24.7340121, 44.4652073], [24.7591591, 44.4645086], [24.7498705, 44.4433695], [24.7543431, 44.4280787], [24.7440217, 44.4229664], [24.7534746, 44.4043055], [24.7456757, 44.3943593], [24.7863772, 44.3982514], [24.8147052, 44.386937], [24.8183244, 44.3938676], [24.8802703, 44.3942373], [24.8849138, 44.382323], [24.9611843, 44.3768575], [25.0105056, 44.4108538], [25.0460461, 44.3970775], [25.0546531, 44.4090927], [25.0651079, 44.3973759], [25.0919214, 44.4132603], [25.0914981, 44.4117821], [25.1032923, 44.4098669], [25.0861776, 44.4171046], [25.1112059, 44.4158811], [25.2029513, 44.456449], [25.2347711, 44.4242515], [25.2582443, 44.4412676], [25.2636302, 44.4353271], [25.279693, 44.4444545], [25.27098, 44.4481971], [25.2773299, 44.4533785], [25.2669497, 44.4675054], [25.2797493, 44.4786774], [25.2573172, 44.5114263], [25.2799175, 44.528043], [25.2926, 44.5514456], [25.25908, 44.5685206], [25.2517704, 44.5627977], [25.2125142, 44.6157336], [25.198328, 44.6087359], [25.1932527, 44.6197753], [25.2050219, 44.6328596], [25.1804218, 44.6324337], [25.194311, 44.6395639], [25.1683801, 44.6617996], [25.1881161, 44.6704888], [25.1966626, 44.6662072], [25.237323, 44.6950053], [25.1749607, 44.7147265], [25.1858314, 44.7227604], [25.1746031, 44.7307064], [25.1826208, 44.7378493], [25.1778776, 44.7396603], [25.1841544, 44.7449152], [25.1970975, 44.736408], [25.2128814, 44.7821231], [25.2005254, 44.7960341], [25.1939955, 44.8259161], [25.1869478, 44.826707], [25.2045789, 44.8560443], [25.1907015, 44.8813435], [25.1975654, 44.9032835], [25.1613311, 44.9210081], [25.1723288, 44.9837762], [25.1963228, 44.9913033], [25.1968581, 45.0186862], [25.1871873, 45.0332535], [25.1701415, 45.0286126], [25.1720388, 45.0405021], [25.1449037, 45.0384091], [25.1486632, 45.0513721], [25.1246977, 45.0705122], [25.142226, 45.0841918], [25.1537116, 45.0853946], [25.1575896, 45.076159], [25.1700076, 45.0807437], [25.1801113, 45.0934713], [25.176538, 45.1072411], [25.1620421, 45.1169821], [25.1441569, 45.1123649], [25.1626833, 45.1244917], [25.1466598, 45.1290431], [25.1539516, 45.136574], [25.1461394, 45.1426287], [25.1542596, 45.1601211], [25.1467822, 45.1848181], [25.1553579, 45.1904116], [25.146267, 45.1991293], [25.1564026, 45.2016513], [25.1392418, 45.2121262], [25.1636848, 45.2152672], [25.1708137, 45.2009686], [25.1824505, 45.2025599], [25.1794412, 45.1920782], [25.1972091, 45.1650434], [25.211865, 45.156617], [25.2527879, 45.1811408], [25.2538447, 45.2048951], [25.2477529, 45.2108751], [25.2909613, 45.2242397], [25.278632, 45.2694512], [25.3046813, 45.2913207], [25.3153469, 45.3223943], [25.3090804, 45.3337825], [25.3259746, 45.3508189], [25.3157033, 45.3710887], [25.3216017, 45.3810938], [25.3080209, 45.3895179], [25.3122553, 45.3991792], [25.3010975, 45.4230458], [25.2725915, 45.4074089], [25.2553937, 45.4224964], [25.2619936, 45.4378446], [25.2758625, 45.4420604], [25.2383661, 45.4755221], [25.2368943, 45.5176757], [25.211649, 45.5268738], [25.2034301, 45.5196941], [25.1889737, 45.5227788], [25.1032319, 45.5852057], [25.0805971, 45.5818133], [25.0361109, 45.5926519], [25.013435, 45.5860215], [24.9578454, 45.5926902], [24.9414699, 45.5820995], [24.9173934, 45.5945955], [24.8363887, 45.5920324], [24.829816, 45.6065429], [24.8106424, 45.6107446], [24.7925464, 45.6023612], [24.7713119, 45.6112019], [24.7364244, 45.6031376], [24.7285954, 45.6083704], [24.6835862, 45.6043887], [24.6709602, 45.5945864], [24.6581588, 45.6030679], [24.626195, 45.6039234], [24.5659013, 45.5791495], [24.5536739, 45.5877481], [24.523142, 45.5805739], [24.540533, 45.5357076], [24.511906, 45.5175285], [24.5278735, 45.4967949], [24.5249546, 45.4751965], [24.5103767, 45.4630489], [24.4858294, 45.4627549], [24.4790464, 45.4377922], [24.4910047, 45.3993055], [24.5053688, 45.3840762], [24.493964, 45.3786187], [24.507275, 45.3524964], [24.466135, 45.3630078], [24.4727936, 45.3576821], [24.4725908, 45.329485], [24.4861497, 45.3311006], [24.4922342, 45.3154987], [24.4801407, 45.2960306], [24.4882095, 45.2964472], [24.4927823, 45.2783541], [24.4758538, 45.2672096], [24.4839645, 45.2566908], [24.4667699, 45.2317389], [24.4692836, 45.2209997], [24.4758517, 45.2090567], [24.484461, 45.212749], [24.5009646, 45.2047552], [24.4875098, 45.1959765], [24.5219727, 45.1797963], [24.5104247, 45.1749967], [24.5128835, 45.1658248], [24.4979336, 45.1656165], [24.5196822, 45.1347851], [24.5124141, 45.1082983], [24.4977973, 45.1150096], [24.4964955, 45.1066139], [24.4875034, 45.1053003], [24.5071488, 45.0850407], [24.4912718, 45.0770815], [24.4813598, 45.0609453], [24.5204683, 45.0489838], [24.5173578, 45.0393053], [24.482765, 45.0143125], [24.5090394, 44.9977692], [24.4810937, 44.9758997], [24.4687099, 44.9483204], [24.4823266, 44.9541822], [24.4997576, 44.9454335], [24.4636477, 44.9133745], [24.4635416, 44.9041773], [24.4800679, 44.8991294], [24.4632505, 44.8746723], [24.4723331, 44.8743534], [24.4215127, 44.8270738]]]}}, {"type": "Feature", "properties": {"name": "Bacău"}, "geometry": {"type": "Polygon", "coordinates": [[[25.9727107, 46.6776452], [25.9934419, 46.6738271], [26.0192407, 46.6348228], [26.0033157, 46.6378518], [25.9904816, 46.6161115], [26.0035517, 46.5966225], [26.0224737, 46.5887538], [26.0391998, 46.555665], [26.0355096, 46.5438498], [26.0574131, 46.526988], [26.0744577, 46.5254859], [26.0832306, 46.5124719], [26.0746142, 46.4845341], [26.0561622, 46.4943328], [26.0190417, 46.4923553], [26.0070532, 46.4825706], [26.0168433, 46.4769713], [26.0115996, 46.4692215], [26.0170641, 46.4612013], [26.0051415, 46.4547904], [26.0058317, 46.4448483], [25.9869956, 46.4388893], [26.0031629, 46.4251952], [25.9952629, 46.4067562], [26.0469097, 46.416579], [26.0602399, 46.4133743], [26.0564005, 46.4035505], [26.0619234, 46.4006992], [26.1097592, 46.4005441], [26.1659545, 46.3847742], [26.1644078, 46.3471249], [26.1492676, 46.3290369], [26.156519, 46.3148862], [26.2209061, 46.3143065], [26.2356416, 46.3352931], [26.2708716, 46.3447989], [26.2919483, 46.3356759], [26.2722206, 46.2965581], [26.2743708, 46.2873506], [26.2534204, 46.2773461], [26.2534095, 46.2666285], [26.2647993, 46.2562951], [26.2586393, 46.2501027], [26.326723, 46.2299973], [26.3414671, 46.2036956], [26.3305805, 46.1831432], [26.3474427, 46.16212], [26.3434349, 46.1369502], [26.3875287, 46.1449667], [26.3857684, 46.1287398], [26.3925781, 46.1231387], [26.3800849, 46.128326], [26.3691373, 46.1127299], [26.3888699, 46.1013724], [26.4079093, 46.1035745], [26.4050637, 46.0922583], [26.4306568, 46.0780198], [26.4251141, 46.0669589], [26.4418167, 46.051243], [26.4400116, 46.0388885], [26.4603674, 46.0351422], [26.491727, 46.0452216], [26.5156523, 46.0269216], [26.5726031, 46.0168393], [26.5860832, 46.0404318], [26.6341048, 46.0575102], [26.6447019, 46.0751383], [26.6813913, 46.0793029], [26.7046134, 46.0938854], [26.717757, 46.0890399], [26.7336576, 46.0953987], [26.7402234, 46.0874122], [26.7621155, 46.0865556], [26.7807715, 46.093904], [26.787987, 46.0786358], [26.8011895, 46.0758081], [26.8071056, 46.0657855], [26.8449787, 46.0714173], [26.8701411, 46.0851411], [26.9326544, 46.0645639], [26.9527031, 46.0862117], [26.9456599, 46.0998188], [26.9835787, 46.1132638], [27.0731835, 46.0876787], [27.0845117, 46.0952877], [27.1056461, 46.0887017], [27.1051953, 46.1050218], [27.0861291, 46.1115058], [27.1229692, 46.1040922], [27.1361278, 46.1144815], [27.1401146, 46.1341952], [27.1272488, 46.137812], [27.123624, 46.1474833], [27.1701708, 46.1696053], [27.1646457, 46.1746736], [27.1732423, 46.1812796], [27.185839, 46.1719244], [27.190424, 46.186666], [27.200685, 46.1792962], [27.2216828, 46.1913644], [27.2355291, 46.1895961], [27.245776, 46.1778824], [27.2698861, 46.1832198], [27.262731, 46.2004213], [27.3066227, 46.2061765], [27.3179608, 46.2027678], [27.3141896, 46.183795], [27.3303669, 46.1794359], [27.3339022, 46.1684839], [27.3504019, 46.1688982], [27.3500329, 46.1527167], [27.3746311, 46.1574304], [27.3809625, 46.165078], [27.3789769, 46.1899113], [27.3975785, 46.1944202], [27.4480355, 46.1842143], [27.4591697, 46.1574323], [27.4788657, 46.1675962], [27.5061628, 46.1554422], [27.5004662, 46.1649064], [27.5088035, 46.2158297], [27.4789185, 46.2206802], [27.4662664, 46.2789738], [27.4828054, 46.2819917], [27.4636118, 46.2962128], [27.4578754, 46.3154825], [27.4739683, 46.3230165], [27.4800656, 46.3187311], [27.4758727, 46.3265143], [27.4828379, 46.3270876], [27.4589656, 46.3600878], [27.4662531, 46.3624928], [27.4644153, 46.3714195], [27.4520096, 46.3788041], [27.4492442, 46.4001022], [27.4201028, 46.4311511], [27.4154231, 46.4620486], [27.3990512, 46.4695383], [27.382081, 46.5003854], [27.3836123, 46.5180155], [27.3729671, 46.5195078], [27.3798356, 46.5240871], [27.3603039, 46.5360787], [27.319193, 46.5954113], [27.2763837, 46.6252805], [27.3160996, 46.6521316], [27.3204291, 46.658501], [27.2929846, 46.6769054], [27.3265737, 46.6979776], [27.2393526, 46.7353487], [27.2363541, 46.7481329], [27.2283447, 46.7446049], [27.2062453, 46.7698649], [27.1875366, 46.7604785], [27.1857643, 46.7497651], [27.1632194, 46.749506], [27.1605428, 46.7343522], [27.1508185, 46.7312563], [27.1423108, 46.7412538], [27.1466488, 46.7531835], [27.1153159, 46.7487192], [27.0987562, 46.7696101], [27.0744677, 46.7663894], [27.0615944, 46.7561787], [27.0454023, 46.7723727], [27.0289199, 46.7720942], [26.9392792, 46.752737], [26.9468123, 46.7714702], [26.9360398, 46.7848406], [26.9222079, 46.7752885], [26.9224428, 46.7827892], [26.9078549, 46.7865326], [26.9129146, 46.7931131], [26.8929809, 46.7982972], [26.9081519, 46.8004252], [26.9009276, 46.8161817], [26.9148871, 46.8111053], [26.9094156, 46.8272607], [26.8817933, 46.8287677], [26.8824426, 46.8158613], [26.8495257, 46.80469], [26.8495181, 46.7799277], [26.8215952, 46.773186], [26.8418962, 46.7513346], [26.7999681, 46.72201], [26.7863674, 46.7169159], [26.7515248, 46.7377808], [26.7542959, 46.7562151], [26.731349, 46.7495049], [26.7431693, 46.7682647], [26.7334691, 46.7630564], [26.7115534, 46.7715923], [26.6759681, 46.7677052], [26.6795437, 46.7603617], [26.670908, 46.7551011], [26.6760614, 46.7360624], [26.6648792, 46.7363562], [26.6455397, 46.7197523], [26.6406456, 46.727709], [26.6435824, 46.7180305], [26.637208, 46.7222791], [26.6079837, 46.7126823], [26.5702275, 46.6785802], [26.5466642, 46.6783083], [26.5147232, 46.6947319], [26.4722617, 46.6762375], [26.4411976, 46.6790983], [26.4359437, 46.6878357], [26.4104979, 46.6785793], [26.4090076, 46.6646506], [26.3904911, 46.6510184], [26.3462566, 46.6509297], [26.3307195, 46.6643121], [26.3225601, 46.6558019], [26.3010136, 46.6534326], [26.2927608, 46.6562017], [26.2841937, 46.6808198], [26.2618745, 46.6941177], [26.2658447, 46.7032161], [26.2183752, 46.6801338], [26.2162032, 46.656029], [26.1590969, 46.6417069], [26.1401018, 46.6607232], [26.1007563, 46.6469316], [26.0808997, 46.6565348], [26.0716791, 46.7079108], [26.0528406, 46.7168103], [26.0127998, 46.6941383], [25.9751814, 46.6973264], [25.9727107, 46.6776452]]]}}, {"type": "Feature", "properties": {"name": "Bihor"}, "geometry": {"type": "Polygon", "coordinates": [[[21.4276209, 46.6893456], [21.4423936, 46.6665769], [21.4557082, 46.6671027], [21.4414584, 46.6514552], [21.4738087, 46.6527389], [21.4547965, 46.6580455], [21.4590971, 46.661869], [21.4849005, 46.6511027], [21.5017842, 46.6601468], [21.51017, 46.6538496], [21.5115318, 46.63662], [21.527723, 46.638052], [21.5391459, 46.6295139], [21.5467961, 46.6013347], [21.5525998, 46.6008019], [21.5677091, 46.6004139], [21.5604132, 46.6195436], [21.5732634, 46.6256761], [21.5627895, 46.6315364], [21.5719199, 46.6502895], [21.6203574, 46.6461927], [21.6468114, 46.6657467], [21.7067522, 46.6585772], [21.7563027, 46.6632312], [21.7948376, 46.6546886], [21.857353, 46.6707022], [21.8693274, 46.6808751], [21.9105243, 46.6627904], [21.8813457, 46.6311543], [21.9108041, 46.6304705], [21.952229, 46.6170826], [22.0004153, 46.6244648], [22.0259489, 46.6542432], [22.0266573, 46.6439857], [22.0560091, 46.6321308], [22.0730406, 46.6387328], [22.0807419, 46.6375842], [22.0755806, 46.6321008], [22.0883162, 46.6339166], [22.0886945, 46.618314], [22.1083699, 46.6155648], [22.1167049, 46.6027605], [22.1727612, 46.599767], [22.1645137, 46.5706272], [22.1788203, 46.546035], [22.1755929, 46.5361813], [22.1985204, 46.5132956], [22.2092938, 46.5120971], [22.2165996, 46.5218186], [22.2460755, 46.5023463], [22.2567589, 46.5070798], [22.2724039, 46.5008074], [22.3251738, 46.5145186], [22.3286266, 46.4898334], [22.3224884, 46.4828638], [22.3392443, 46.4761298], [22.3444907, 46.4477466], [22.3739083, 46.4391326], [22.3822509, 46.4310895], [22.3704276, 46.4263162], [22.4113914, 46.409173], [22.42414, 46.393331], [22.4524423, 46.3850481], [22.5132223, 46.3862741], [22.5772783, 46.3979582], [22.649309, 46.3914878], [22.7199159, 46.4309187], [22.6902541, 46.4397019], [22.6925491, 46.4532904], [22.6774334, 46.4685738], [22.6797815, 46.4763897], [22.6638021, 46.4797844], [22.6796653, 46.4924557], [22.6769582, 46.5232982], [22.6909517, 46.5186185], [22.7260981, 46.5469123], [22.7513001, 46.5491478], [22.7521747, 46.5690477], [22.762948, 46.5691032], [22.7636445, 46.5757863], [22.7858308, 46.5661439], [22.8180316, 46.5702331], [22.8014722, 46.6183821], [22.8195833, 46.6385839], [22.7879644, 46.6270438], [22.793568, 46.6395618], [22.7726453, 46.6523909], [22.7408894, 46.7143763], [22.708237, 46.7387564], [22.7132015, 46.7633143], [22.637293, 46.7994111], [22.7041496, 46.8055262], [22.7264177, 46.8158672], [22.7541266, 46.876222], [22.7789684, 46.8970333], [22.7756743, 46.9106176], [22.7367388, 46.9149949], [22.7172442, 46.9333505], [22.6856201, 46.9386562], [22.6708497, 46.9501144], [22.6784478, 46.9624728], [22.674817, 46.970888], [22.7281797, 47.0074997], [22.7009532, 47.0181398], [22.6867807, 47.0513454], [22.5923012, 47.0632079], [22.5152328, 47.1079721], [22.556822, 47.1162067], [22.5667255, 47.1263013], [22.5559291, 47.1248613], [22.5532622, 47.1344628], [22.5441294, 47.1352209], [22.5543027, 47.1431979], [22.5337666, 47.1498454], [22.5395678, 47.1615352], [22.5314436, 47.1691325], [22.5082051, 47.1656349], [22.4935529, 47.1852569], [22.5116257, 47.1961789], [22.5080281, 47.2147483], [22.515773, 47.2069819], [22.5219887, 47.2081832], [22.5110109, 47.2195693], [22.5167968, 47.2326987], [22.5398756, 47.2338547], [22.5612207, 47.2518074], [22.5513916, 47.260639], [22.5606058, 47.2646629], [22.5468761, 47.2691655], [22.5470754, 47.2808779], [22.5534529, 47.2815154], [22.5476621, 47.2982395], [22.5609035, 47.30712], [22.5805619, 47.3011871], [22.5760187, 47.3081834], [22.5872238, 47.3272179], [22.6079377, 47.3279971], [22.6120579, 47.3399332], [22.5847916, 47.3580359], [22.5700474, 47.3571252], [22.5771974, 47.3663419], [22.559669, 47.3801714], [22.5684085, 47.3833954], [22.5660041, 47.3918537], [22.5509783, 47.4010371], [22.5306805, 47.3992077], [22.5293836, 47.4186083], [22.4738573, 47.4212049], [22.4593262, 47.4319264], [22.4328151, 47.4220205], [22.4073249, 47.4339402], [22.3581228, 47.4294648], [22.3410379, 47.4556334], [22.3394338, 47.4924326], [22.2882718, 47.5065227], [22.2860841, 47.5157839], [22.2956681, 47.51966], [22.2897148, 47.5404405], [22.2853844, 47.5349248], [22.2556966, 47.5398117], [22.2610378, 47.5643128], [22.2361547, 47.5652497], [22.2297815, 47.5823795], [22.1963032, 47.5998243], [22.1704398, 47.5916361], [22.1281644, 47.598019], [22.1288442, 47.5888019], [22.0937016, 47.5581442], [22.0792102, 47.5622816], [22.0552504, 47.5485163], [22.0713566, 47.5379795], [22.0615323, 47.5290091], [22.0454907, 47.5398049], [22.0241721, 47.5199758], [22.0070836, 47.4833085], [22.0208875, 47.4545338], [22.032832, 47.4510022], [22.0259466, 47.4423848], [22.035534, 47.413191], [22.022302, 47.3896984], [22.0119295, 47.375748], [21.961528, 47.3812018], [21.9385227, 47.3729991], [21.8787323, 47.287407], [21.8878583, 47.2721232], [21.8518316, 47.2392442], [21.846852, 47.2238183], [21.858132, 47.2201824], [21.8580152, 47.1870085], [21.8175189, 47.172799], [21.7914168, 47.1240009], [21.792582, 47.1065886], [21.7260956, 47.0985272], [21.7128186, 47.0826272], [21.7163703, 47.0748772], [21.6826156, 47.0457099], [21.6487388, 47.0404368], [21.660827, 47.0206262], [21.6778782, 47.0183902], [21.6889507, 47.0018204], [21.6793326, 46.9979593], [21.6679336, 46.9701899], [21.6803198, 46.9628584], [21.6731532, 46.9537105], [21.6580214, 46.9560181], [21.6383305, 46.9329974], [21.5986842, 46.9274662], [21.5990409, 46.9091968], [21.6142, 46.8865295], [21.6035123, 46.8850041], [21.6018733, 46.8663911], [21.5202208, 46.8372841], [21.518681, 46.7998628], [21.5092255, 46.7833602], [21.4832192, 46.7647151], [21.5266634, 46.7391945], [21.5293422, 46.7208103], [21.511102, 46.7117223], [21.5075644, 46.6980644], [21.4922181, 46.6859799], [21.4726977, 46.695662], [21.451163, 46.6885301], [21.4344031, 46.6956089], [21.4276209, 46.6893456]]]}}, {"type": "Feature", "properties": {"name": "Bistrița-Năsăud"}, "geometry": {"type": "Polygon", "coordinates": [[[23.9186154, 47.2548105], [23.9360391, 47.1992916], [23.958458, 47.1740763], [23.958328, 47.1621841], [24.0053006, 47.1669695], [24.0020502, 47.175784], [24.0166512, 47.1783425], [24.0284535, 47.1637584], [24.0237848, 47.1549239], [24.0141673, 47.1585984], [24.0174702, 47.142458], [24.0261514, 47.1459011], [24.0405201, 47.1325508], [24.0716228, 47.128303], [24.0701697, 47.1182219], [24.0878988, 47.1152075], [24.0965212, 47.1270048], [24.1077964, 47.124134], [24.1195187, 47.097864], [24.1472611, 47.0895722], [24.131165, 47.0878519], [24.1342488, 47.0740701], [24.1036144, 47.0272139], [24.1153134, 47.0220695], [24.1158798, 47.0112249], [24.0978778, 46.9891016], [24.1181314, 46.9740477], [24.1139326, 46.9605531], [24.1415642, 46.9672667], [24.1754751, 46.9632024], [24.1703669, 46.9581499], [24.1782995, 46.9535043], [24.1613887, 46.9478759], [24.1615424, 46.9335793], [24.1853467, 46.9289303], [24.1925512, 46.9350867], [24.1936464, 46.9241893], [24.1868125, 46.9218473], [24.2096469, 46.9120384], [24.2274028, 46.8883657], [24.2121089, 46.8851921], [24.2191361, 46.8739496], [24.1992508, 46.8525952], [24.2105843, 46.8394234], [24.1888427, 46.8310735], [24.1969333, 46.8201847], [24.1884727, 46.8121774], [24.1921465, 46.8065045], [24.1778386, 46.8065227], [24.2169787, 46.7878687], [24.2113674, 46.7835454], [24.2402508, 46.7745555], [24.2348804, 46.7728845], [24.3011568, 46.753149], [24.3384471, 46.7578362], [24.3620976, 46.746348], [24.4010074, 46.7505456], [24.4092572, 46.7721178], [24.4256426, 46.7762009], [24.4521204, 46.7656672], [24.4722384, 46.7828677], [24.462209, 46.7914988], [24.4602321, 46.7850441], [24.4492971, 46.7890542], [24.4634374, 46.8116328], [24.4581599, 46.8200802], [24.4903809, 46.8401212], [24.5036536, 46.8395788], [24.5032692, 46.8513739], [24.5271884, 46.8539829], [24.5328078, 46.8704658], [24.5382583, 46.8678455], [24.5320394, 46.8811623], [24.5402855, 46.8912526], [24.5324384, 46.9070385], [24.5604394, 46.9054227], [24.5845378, 46.9151893], [24.5786619, 46.9259057], [24.5942739, 46.9451667], [24.6228942, 46.942974], [24.6291853, 46.9512576], [24.644854, 46.9368851], [24.6399636, 46.9254582], [24.6533758, 46.9232232], [24.6463553, 46.9192343], [24.6577246, 46.9091323], [24.708629, 46.9020579], [24.7249525, 46.9036895], [24.7283906, 46.9113169], [24.745584, 46.905778], [24.7536082, 46.9142548], [24.7217201, 46.9323889], [24.741007, 46.9530927], [24.7331852, 46.9574256], [24.7449879, 46.9720961], [24.7403956, 46.9815641], [24.7741972, 47.0084638], [24.7930282, 47.0493626], [24.8541743, 47.0959364], [24.8971074, 47.1092535], [24.905453, 47.1005477], [24.9320605, 47.0960469], [24.9533889, 47.1199042], [25.0135107, 47.1111806], [25.0424146, 47.1328247], [25.063398, 47.1365521], [25.057616, 47.1505942], [25.0671954, 47.166762], [25.0582933, 47.2014064], [25.0442766, 47.2160912], [25.0796024, 47.2586406], [25.0280765, 47.2867993], [25.0475167, 47.3036871], [25.0775466, 47.3116655], [25.0771051, 47.3407729], [25.0603264, 47.3532718], [25.0694315, 47.3699378], [25.0626485, 47.3791965], [25.0399754, 47.3804442], [25.0333391, 47.3943225], [24.9828468, 47.4240347], [24.999471, 47.4202156], [25.0267112, 47.4358121], [25.0582893, 47.4165472], [25.052383, 47.4310192], [25.090904, 47.4489393], [25.0662046, 47.4502125], [25.0453753, 47.4810444], [25.0614759, 47.4812772], [25.093798, 47.5039756], [25.0950577, 47.5162157], [25.0664983, 47.5303536], [25.0519628, 47.5604548], [25.007784, 47.5688387], [24.9921508, 47.5855853], [24.9617435, 47.5969914], [24.899122, 47.603027], [24.8608432, 47.5913252], [24.8294275, 47.5968426], [24.8072571, 47.5666687], [24.7874248, 47.5769889], [24.7552918, 47.57127], [24.7254051, 47.5759249], [24.6912423, 47.558545], [24.6595968, 47.5539854], [24.6521479, 47.5675179], [24.6318973, 47.5758158], [24.5656467, 47.5626629], [24.5527747, 47.5735279], [24.4564169, 47.5953481], [24.438218, 47.5906409], [24.3865316, 47.6083636], [24.3609056, 47.5747339], [24.34271, 47.5653701], [24.3032111, 47.5791095], [24.3019516, 47.5582202], [24.279395, 47.5441664], [24.267842, 47.517522], [24.2523915, 47.5188498], [24.2410582, 47.5004497], [24.2052189, 47.497963], [24.1975492, 47.506319], [24.1668789, 47.5056887], [24.1534335, 47.5027501], [24.1536279, 47.4948173], [24.1414042, 47.4875445], [24.1229218, 47.4966064], [24.1182848, 47.479812], [24.1284689, 47.4794443], [24.1224508, 47.4747281], [24.1299828, 47.4656068], [24.1190424, 47.4613162], [24.1266224, 47.4582719], [24.1180285, 47.4472697], [24.1244622, 47.4381557], [24.072381, 47.4096721], [24.0763184, 47.40276], [24.0608368, 47.3776479], [24.0378161, 47.3740697], [24.0327846, 47.3621806], [24.0227257, 47.3619615], [24.01781, 47.3445429], [24.029449, 47.3248216], [24.0211734, 47.3142018], [24.0086349, 47.3129815], [24.0071475, 47.3045965], [23.9821104, 47.3212976], [23.9715997, 47.3116871], [23.9595402, 47.3169864], [23.9491857, 47.3055507], [23.9404904, 47.3090771], [23.9267886, 47.2985336], [23.9347318, 47.2847637], [23.930624, 47.2743409], [23.9212676, 47.2733001], [23.9186154, 47.2548105]]]}}, {"type": "Feature", "properties": {"name": "Botoșani"}, "geometry": {"type": "Polygon", "coordinates": [[[26.0983806, 47.9779922], [26.1215584, 47.9702948], [26.1098893, 47.9626178], [26.1311213, 47.9533338], [26.1229386, 47.9456438], [26.126593, 47.9315201], [26.1838619, 47.9194716], [26.1832793, 47.9093045], [26.1920063, 47.9078466], [26.1841317, 47.8921024], [26.1993975, 47.8844207], [26.2287728, 47.9001171], [26.2726935, 47.8757502], [26.2640744, 47.8684753], [26.2825014, 47.8563173], [26.2938486, 47.8627897], [26.3110297, 47.8491712], [26.3006839, 47.8355928], [26.3249615, 47.8308403], [26.3165332, 47.8265487], [26.3239789, 47.819441], [26.3184381, 47.8146186], [26.3696894, 47.7740012], [26.4061704, 47.7842109], [26.4063125, 47.7539673], [26.3907557, 47.7450794], [26.3920899, 47.7382934], [26.4001373, 47.7330237], [26.3971469, 47.7413661], [26.4205172, 47.7482929], [26.4276615, 47.7405887], [26.4398556, 47.7429786], [26.4322886, 47.7263274], [26.4460639, 47.7335835], [26.4674577, 47.7159888], [26.4593247, 47.7138647], [26.4638072, 47.7066924], [26.5074645, 47.6634554], [26.4966725, 47.6587183], [26.5437685, 47.6440128], [26.5361134, 47.6194195], [26.5520612, 47.6091802], [26.5372292, 47.5983275], [26.5479845, 47.5912202], [26.54187, 47.5823521], [26.5581043, 47.5790762], [26.5631056, 47.5561804], [26.5824818, 47.5390366], [26.5779825, 47.5353553], [26.6039016, 47.5327446], [26.6047829, 47.5205525], [26.5504112, 47.5117224], [26.5605621, 47.4956042], [26.5799629, 47.4978389], [26.589073, 47.4906176], [26.587391, 47.4625362], [26.7268414, 47.4728837], [26.6975375, 47.4928915], [26.7040764, 47.4993926], [26.6985146, 47.509551], [26.7175261, 47.5153714], [26.7509232, 47.5030345], [26.7879049, 47.499864], [26.8177977, 47.5080132], [26.8377048, 47.4972517], [26.8791401, 47.491637], [26.9773655, 47.496221], [27.0083887, 47.4754601], [27.0067886, 47.4855134], [27.0165905, 47.4691205], [27.0052607, 47.4665081], [27.0224048, 47.461326], [27.0419018, 47.4382597], [27.0491611, 47.4662154], [27.0822539, 47.4643871], [27.072542, 47.512821], [27.1000406, 47.5479235], [27.1444824, 47.5417385], [27.1496587, 47.5291907], [27.1590658, 47.5352061], [27.1795822, 47.5173615], [27.2172213, 47.5207774], [27.2232403, 47.51308], [27.2295141, 47.514984], [27.2246984, 47.5223473], [27.2591003, 47.5290733], [27.2463383, 47.542695], [27.2541375, 47.5526275], [27.2465655, 47.5564603], [27.2635902, 47.5712032], [27.2817201, 47.5681723], [27.2879913, 47.5739716], [27.2949549, 47.5669614], [27.3055823, 47.5718698], [27.3010637, 47.5760092], [27.3283972, 47.572257], [27.3912556, 47.5894225], [27.3718483, 47.5981281], [27.3589395, 47.6209199], [27.3332679, 47.6276613], [27.3145834, 47.6431718], [27.3082696, 47.6610518], [27.2948875, 47.6622787], [27.2960545, 47.6805795], [27.2736303, 47.6890116], [27.2823465, 47.7008775], [27.2702703, 47.7000855], [27.2675675, 47.7120464], [27.2509962, 47.7195968], [27.264882, 47.7331082], [27.2674222, 47.7265144], [27.2930512, 47.7233114], [27.2806674, 47.7367078], [27.2979677, 47.7508037], [27.2786713, 47.7506464], [27.2864344, 47.7556581], [27.2800485, 47.7641318], [27.265742, 47.7594647], [27.2662836, 47.7798101], [27.2524938, 47.7783493], [27.2496271, 47.7940367], [27.2315353, 47.7981536], [27.2417789, 47.8157255], [27.2157679, 47.8172772], [27.223303, 47.8317214], [27.2343355, 47.8250014], [27.2466307, 47.8361654], [27.2064375, 47.839135], [27.1949573, 47.8481562], [27.2139258, 47.8501286], [27.197096, 47.8727456], [27.2067032, 47.8911701], [27.1996505, 47.9010117], [27.1685145, 47.9152187], [27.1426701, 47.9155138], [27.1771734, 47.9439033], [27.1435139, 47.9656726], [27.1632003, 47.9958446], [27.1233361, 47.9929632], [27.1172805, 47.9993395], [27.1262177, 48.0134505], [27.0892408, 48.0088635], [27.0921421, 48.0221838], [27.1083921, 48.0304099], [27.0839445, 48.034522], [27.0824297, 48.0499421], [27.0476741, 48.0672374], [27.0424643, 48.0811375], [27.0263481, 48.0879828], [27.0407409, 48.1052716], [27.0337142, 48.11703], [27.0399065, 48.1290105], [27.0227406, 48.125347], [27.0286385, 48.1373394], [27.0178572, 48.1376129], [27.0008218, 48.1218289], [26.9593353, 48.1332423], [26.9516115, 48.1428795], [26.9548401, 48.152084], [26.9787155, 48.1438048], [26.9916791, 48.1504456], [26.9775408, 48.1603179], [26.9349106, 48.1643655], [26.9322701, 48.1700885], [26.9496981, 48.1841697], [26.9451754, 48.1943102], [26.9145717, 48.1988639], [26.9209112, 48.1827116], [26.903351, 48.1807235], [26.8927, 48.1927661], [26.9087534, 48.2012652], [26.8855006, 48.2016189], [26.8601713, 48.2187277], [26.8517383, 48.2341735], [26.8317409, 48.2265453], [26.8261253, 48.2448644], [26.8094409, 48.2543872], [26.7864081, 48.2498713], [26.7832871, 48.2430712], [26.7358311, 48.2444431], [26.7430063, 48.2541663], [26.7274948, 48.257951], [26.7312498, 48.2485853], [26.7211962, 48.2463512], [26.7004188, 48.2654738], [26.6855741, 48.2503966], [26.6662323, 48.2463898], [26.6627493, 48.263854], [26.6460154, 48.2525181], [26.6344706, 48.2620798], [26.629137, 48.247193], [26.6147411, 48.2513336], [26.6220555, 48.2409112], [26.6003094, 48.2378599], [26.5875524, 48.2468292], [26.5736939, 48.2408447], [26.5720032, 48.2194056], [26.5496311, 48.2253254], [26.550345, 48.2166076], [26.5300256, 48.2098488], [26.4740038, 48.217764], [26.4045598, 48.1894439], [26.3814783, 48.1869333], [26.3863882, 48.194303], [26.3771202, 48.1988728], [26.3613939, 48.1852452], [26.349206, 48.191511], [26.3487768, 48.1832673], [26.3287936, 48.1805407], [26.3341734, 48.1594944], [26.2981526, 48.1337288], [26.2727453, 48.0821174], [26.212258, 48.0508927], [26.1941144, 48.0021195], [26.1709554, 47.9908385], [26.0983806, 47.9779922]]]}}, {"type": "Feature", "properties": {"name": "Brăila"}, "geometry": {"type": "Polygon", "coordinates": [[[27.066304, 45.1584808], [27.0976608, 45.1304632], [27.1144964, 45.1374294], [27.1119557, 45.1563967], [27.1495887, 45.1712197], [27.1670213, 45.1098132], [27.1873906, 45.1090126], [27.1754958, 45.1057167], [27.1777824, 45.0912197], [27.2054252, 45.0925879], [27.197564, 45.0280413], [27.2477284, 45.0271333], [27.2463716, 45.0205353], [27.2533218, 45.0209868], [27.249277, 44.9949234], [27.280139, 44.9976462], [27.2349003, 44.869128], [27.2105981, 44.872702], [27.2129158, 44.8638064], [27.2314912, 44.8592987], [27.2115531, 44.806886], [27.1890598, 44.8068883], [27.207752, 44.7968766], [27.20349, 44.7870779], [27.2235811, 44.7826008], [27.2215682, 44.775307], [27.2576279, 44.7496852], [27.2886064, 44.7857781], [27.3096022, 44.7747013], [27.3411231, 44.802613], [27.3819645, 44.7746838], [27.3915961, 44.7833705], [27.4077629, 44.7730172], [27.436798, 44.7989589], [27.4780182, 44.775209], [27.5033068, 44.7800531], [27.5031313, 44.774428], [27.5268459, 44.7740136], [27.5215673, 44.7889092], [27.5287557, 44.7886351], [27.7219077, 44.7650506], [27.7231406, 44.7778141], [27.7441691, 44.7792154], [27.7436542, 44.7884143], [27.7254581, 44.7940792], [27.728294, 44.8017248], [27.7755938, 44.8049636], [27.7885581, 44.818774], [27.8184113, 44.8204225], [27.8264923, 44.8200191], [27.8205339, 44.7974051], [27.828034, 44.7812138], [27.8738453, 44.7741612], [27.8810163, 44.7630649], [27.9481188, 44.7805688], [27.9997355, 44.7587285], [28.0349126, 44.7601051], [28.0668238, 44.7862836], [28.0740498, 44.8160679], [28.1042136, 44.8662162], [28.142097, 44.8896483], [28.1271045, 44.9019724], [28.1250856, 44.9156063], [28.1302821, 44.9430959], [28.1510862, 44.9736089], [28.1293502, 45.0132164], [28.1347827, 45.0280144], [28.152978, 45.0381127], [28.1379382, 45.0670528], [28.1354655, 45.1013659], [28.1762216, 45.1023769], [28.1702789, 45.123985], [28.1973648, 45.1373931], [28.0916811, 45.189879], [28.1301972, 45.2330659], [28.1148439, 45.2588605], [28.0957942, 45.249737], [28.0681095, 45.2522461], [28.0285428, 45.2644166], [27.994842, 45.28675], [28.0228602, 45.3521673], [28.0305501, 45.4043377], [28.0058435, 45.3961444], [27.9933355, 45.4004968], [27.9841334, 45.3905188], [27.8890854, 45.42007], [27.8740283, 45.4178894], [27.8655461, 45.4058289], [27.870155, 45.3991313], [27.8611592, 45.3965232], [27.8218812, 45.3965233], [27.7883005, 45.4061626], [27.7830194, 45.4223112], [27.7412387, 45.4142129], [27.7507702, 45.4481216], [27.7327943, 45.4394204], [27.7380849, 45.4367009], [27.718124, 45.4409404], [27.7167815, 45.4334728], [27.6732682, 45.4461867], [27.6885682, 45.4605393], [27.6814671, 45.4665837], [27.6949776, 45.479632], [27.6601745, 45.4723758], [27.6641822, 45.4897997], [27.6575284, 45.4912083], [27.6549557, 45.4798037], [27.6435803, 45.4776811], [27.6462346, 45.4621438], [27.6288337, 45.4546509], [27.6240632, 45.466176], [27.6115555, 45.4643208], [27.6141348, 45.4734969], [27.6027401, 45.4775792], [27.6056078, 45.4822463], [27.5621953, 45.4908158], [27.4327702, 45.4096674], [27.4417392, 45.375741], [27.398408, 45.3615504], [27.408855, 45.3403869], [27.3797846, 45.3297644], [27.3890637, 45.3126479], [27.3901694, 45.2866833], [27.365669, 45.2726463], [27.3125245, 45.2921952], [27.3280271, 45.276032], [27.3193743, 45.2615003], [27.33983, 45.2527364], [27.3278549, 45.2387469], [27.3517437, 45.2314042], [27.3395365, 45.2157018], [27.3500937, 45.2122251], [27.2923974, 45.2134788], [27.2836863, 45.2000988], [27.2426839, 45.2202706], [27.239074, 45.2099222], [27.1750952, 45.2493368], [27.1182828, 45.2148838], [27.1148136, 45.201956], [27.066304, 45.1584808]]]}}, {"type": "Feature", "properties": {"name": "Brașov"}, "geometry": {"type": "Polygon", "coordinates": [[[24.6392468, 45.795117], [24.6428998, 45.7654933], [24.6816178, 45.709526], [24.6746498, 45.6839078], [24.6829863, 45.6706854], [24.6783652, 45.6465945], [24.6693374, 45.640099], [24.685179, 45.6039201], [24.7285954, 45.6083704], [24.7364244, 45.6031376], [24.7722697, 45.611196], [24.7925464, 45.6023612], [24.8106424, 45.6107446], [24.829816, 45.6065429], [24.8363887, 45.5920324], [24.9172186, 45.5946196], [24.9414699, 45.5820995], [24.9581334, 45.5927204], [24.9832875, 45.5861907], [25.0361109, 45.5926519], [25.0805971, 45.5818133], [25.1032319, 45.5852057], [25.1889737, 45.5227788], [25.2034301, 45.5196941], [25.211649, 45.5268738], [25.2368067, 45.517763], [25.2383661, 45.4755221], [25.2758625, 45.4420604], [25.2619936, 45.4378446], [25.2553937, 45.4224964], [25.2725915, 45.4074089], [25.3010975, 45.4230458], [25.3122553, 45.3991792], [25.3080209, 45.3895179], [25.3216017, 45.3810938], [25.3627493, 45.3915759], [25.403271, 45.3865761], [25.4127001, 45.4295512], [25.4517192, 45.4409619], [25.4606909, 45.4535075], [25.4764396, 45.4529701], [25.4980894, 45.4674332], [25.5115686, 45.4703969], [25.5329235, 45.4589423], [25.5723537, 45.4676772], [25.5992902, 45.4624688], [25.6299803, 45.4960713], [25.6427665, 45.4921109], [25.6810187, 45.5006276], [25.7264699, 45.4653734], [25.7659406, 45.4655682], [25.7864721, 45.4818238], [25.8198598, 45.4556095], [25.8284048, 45.438751], [25.8224121, 45.4316347], [25.8653915, 45.4224571], [25.8691684, 45.4358724], [25.8898049, 45.4469899], [25.8874597, 45.4668084], [25.8973223, 45.4781629], [25.8909976, 45.4879068], [25.9210372, 45.5219638], [25.9674061, 45.5077708], [25.9952413, 45.5143966], [26.01341, 45.4901733], [26.0466777, 45.4784414], [26.0655014, 45.485302], [26.0664127, 45.502143], [26.0784372, 45.512703], [26.0933592, 45.5163124], [26.0894217, 45.5215697], [26.1046751, 45.5499478], [26.0949329, 45.55701], [26.092925, 45.572587], [26.0717611, 45.5778499], [26.0547954, 45.5938085], [26.0659612, 45.6064302], [26.0566149, 45.6169238], [26.0188303, 45.6155418], [26.012904, 45.62382], [26.02021, 45.6374068], [26.0024204, 45.64883], [25.9513146, 45.6524311], [25.9718754, 45.6661068], [25.9725405, 45.6872398], [25.9410567, 45.6917605], [25.9083464, 45.7102617], [25.8603604, 45.7077101], [25.841095, 45.7306175], [25.8371337, 45.7223802], [25.8216003, 45.7257987], [25.8332358, 45.7475477], [25.7878589, 45.7535666], [25.79039, 45.7645129], [25.7653762, 45.7564461], [25.743569, 45.7700449], [25.7027273, 45.7737581], [25.6777026, 45.747846], [25.6628491, 45.7483207], [25.677358, 45.7583861], [25.66489, 45.7886875], [25.6418616, 45.7981252], [25.642876, 45.8091711], [25.6224484, 45.8090828], [25.616225, 45.8213266], [25.6237919, 45.8240518], [25.5677613, 45.8361037], [25.5569145, 45.871421], [25.5835434, 45.8829564], [25.5899061, 45.8802498], [25.5807283, 45.8755479], [25.5896225, 45.8728219], [25.6009034, 45.8870667], [25.6410066, 45.8952293], [25.6396335, 45.900996], [25.6096478, 45.8915051], [25.570816, 45.8972004], [25.5550636, 45.8961734], [25.5543208, 45.890133], [25.5411905, 45.8919857], [25.5500415, 45.8935055], [25.5436879, 45.8959062], [25.5536687, 45.9005263], [25.5486625, 45.9067354], [25.5634431, 45.9146459], [25.5403698, 45.9391396], [25.5465516, 45.9482977], [25.5392064, 45.9559543], [25.5412664, 45.9842366], [25.5535639, 45.9881685], [25.5456611, 45.9966905], [25.5686461, 46.0026757], [25.582068, 46.0214182], [25.5599647, 46.0362953], [25.5622492, 46.0530094], [25.5010471, 46.0463564], [25.4508292, 46.0733758], [25.4493388, 46.124948], [25.4071397, 46.1238675], [25.4049004, 46.1326842], [25.3756294, 46.1347429], [25.3325434, 46.1776532], [25.2726983, 46.1708012], [25.266253, 46.1755237], [25.2734456, 46.187221], [25.2616093, 46.1904624], [25.2514248, 46.1772884], [25.2661441, 46.1686086], [25.2505658, 46.1415765], [25.2184499, 46.1512908], [25.1887594, 46.1709691], [25.1289544, 46.1501215], [25.1258424, 46.1423808], [25.0790004, 46.1513973], [25.0457837, 46.1332762], [25.0155659, 46.146358], [24.9750238, 46.1238708], [24.9463291, 46.0935451], [24.9559046, 46.090844], [24.9483567, 46.0725589], [24.9651346, 46.0617751], [24.9076974, 46.0380584], [24.8894199, 46.0396677], [24.8654643, 46.0096497], [24.8212108, 46.0100792], [24.8252326, 45.9960094], [24.8388178, 45.986583], [24.8355079, 45.9778099], [24.7686792, 45.9756022], [24.7718351, 45.9626005], [24.7490466, 45.9350838], [24.7209183, 45.9458851], [24.702958, 45.9401941], [24.6997936, 45.9318765], [24.7072893, 45.9278198], [24.7152037, 45.8957199], [24.7720526, 45.8675153], [24.773476, 45.8396552], [24.7182541, 45.8409403], [24.725128, 45.8265855], [24.713114, 45.8161855], [24.6881126, 45.8364469], [24.6842635, 45.8245282], [24.66101, 45.8175764], [24.6392468, 45.795117]]]}}, {"type": "Feature", "properties": {"name": "București"}, "geometry": {"type": "Polygon", "coordinates": [[[25.9666745, 44.4407414], [25.9762948, 44.4063859], [26.0108775, 44.4057668], [26.0457571, 44.3749876], [26.0769713, 44.3780806], [26.0753265, 44.3719929], [26.0954708, 44.3599713], [26.0990819, 44.3675712], [26.1135888, 44.3656117], [26.1519506, 44.3342466], [26.1668033, 44.3436442], [26.1428446, 44.3694542], [26.1570388, 44.3918436], [26.1619313, 44.3983101], [26.2121336, 44.3950713], [26.2085013, 44.4051466], [26.2180856, 44.4074916], [26.2255768, 44.4324077], [26.2090314, 44.4335541], [26.1940499, 44.4467303], [26.1752157, 44.4446142], [26.1768039, 44.4538814], [26.1562802, 44.4549929], [26.1848972, 44.4791121], [26.1106488, 44.4907322], [26.1007373, 44.5413964], [26.0730251, 44.5413832], [26.0335258, 44.5235548], [26.0240187, 44.5259086], [26.0253479, 44.5201409], [26.0085778, 44.514806], [26.0064463, 44.4996975], [25.983276, 44.4980384], [25.9878453, 44.492107], [25.9761319, 44.4656073], [26.0133841, 44.4580187], [26.019251, 44.4460126], [25.9666745, 44.4407414]]]}}, {"type": "Feature", "properties": {"name": "Buzău"}, "geometry": {"type": "Polygon", "coordinates": [[[26.0727333, 45.5062536], [26.0922337, 45.4839578], [26.1228459, 45.4756544], [26.1489902, 45.4571577], [26.1433659, 45.4108472], [26.168126, 45.3954669], [26.1534578, 45.3770092], [26.1602742, 45.3628774], [26.1887549, 45.3559101], [26.2101164, 45.3276115], [26.2329417, 45.3157733], [26.2302287, 45.3060935], [26.1853169, 45.2788379], [26.2233912, 45.2737191], [26.2314979, 45.2563611], [26.2261466, 45.2443724], [26.2420653, 45.2374213], [26.2335739, 45.2340461], [26.2461892, 45.2232013], [26.2495937, 45.1992823], [26.2563541, 45.2086832], [26.3028666, 45.202073], [26.3261097, 45.216936], [26.3563781, 45.214368], [26.3457374, 45.1961976], [26.3523176, 45.1654269], [26.375677, 45.1582992], [26.3967814, 45.1784402], [26.4212541, 45.1751147], [26.4603773, 45.1980963], [26.4694953, 45.1382871], [26.4563434, 45.1361404], [26.449486, 45.1261082], [26.4562441, 45.0816328], [26.4432579, 45.0756474], [26.4687629, 45.0633594], [26.4919992, 45.0053662], [26.5019296, 44.9995101], [26.5136018, 45.0039738], [26.5100268, 45.0128704], [26.5295673, 45.014877], [26.5345922, 45.0030156], [26.5608357, 44.9941364], [26.5793389, 44.9610551], [26.5927926, 44.9640252], [26.5999369, 44.9558485], [26.5315775, 44.9391594], [26.5362722, 44.9100997], [26.5538692, 44.9151611], [26.584897, 44.8823603], [26.5931367, 44.8861611], [26.6083752, 44.8721614], [26.6008615, 44.8677626], [26.6309579, 44.8135948], [26.6448337, 44.8230036], [26.6786976, 44.8087824], [26.7139821, 44.8195191], [26.718743, 44.8091827], [26.7765945, 44.8151116], [26.8102039, 44.7953414], [26.8168486, 44.8040805], [26.8304269, 44.7976757], [26.8464589, 44.8149467], [26.8658097, 44.8060807], [26.8783908, 44.8202557], [26.9732781, 44.7882922], [27.0079828, 44.8244768], [27.0565681, 44.7967757], [27.1109377, 44.7819895], [27.0979241, 44.7448512], [27.1340659, 44.7355246], [27.1373785, 44.741689], [27.1792449, 44.7352809], [27.1874678, 44.7512927], [27.1481852, 44.7679121], [27.1556105, 44.7887925], [27.2030389, 44.7860385], [27.207752, 44.7968766], [27.1890598, 44.8068883], [27.2115531, 44.806886], [27.2314912, 44.8592987], [27.2129158, 44.8638064], [27.2105981, 44.872702], [27.2349003, 44.869128], [27.2808664, 44.9951018], [27.249277, 44.9949234], [27.2533218, 45.0209868], [27.2463716, 45.0205353], [27.2477284, 45.0271333], [27.197564, 45.0280413], [27.2054252, 45.0925879], [27.1777824, 45.0912197], [27.1754958, 45.1057167], [27.1873906, 45.1090126], [27.1670213, 45.1098132], [27.1495887, 45.1712197], [27.1119557, 45.1563967], [27.1144964, 45.1374294], [27.0976608, 45.1304632], [27.066304, 45.1584808], [27.1148136, 45.201956], [27.1182828, 45.2148838], [27.1750952, 45.2493368], [27.239074, 45.2099222], [27.2426839, 45.2202706], [27.2836863, 45.2000988], [27.2923974, 45.2134788], [27.3500937, 45.2122251], [27.3395365, 45.2157018], [27.3517437, 45.2314042], [27.3278549, 45.2387469], [27.33983, 45.2527364], [27.3193743, 45.2615003], [27.3280271, 45.276032], [27.3125245, 45.2921952], [27.365669, 45.2726463], [27.373871, 45.2760753], [27.3717428, 45.2817159], [27.3901694, 45.2866833], [27.3890637, 45.3126479], [27.3797846, 45.3297644], [27.4097403, 45.3427215], [27.398408, 45.3615504], [27.4417392, 45.375741], [27.4347603, 45.3947091], [27.4014697, 45.3770194], [27.3944455, 45.3833158], [27.3554216, 45.3711982], [27.3366259, 45.3713346], [27.3395847, 45.3835116], [27.2700348, 45.3902096], [27.2646242, 45.4205015], [27.2802634, 45.4268286], [27.2795001, 45.4543513], [27.2567312, 45.4494179], [27.2410352, 45.4299161], [27.2234392, 45.4275851], [27.2042877, 45.4528386], [27.1944082, 45.4533681], [27.1747684, 45.4276724], [27.143526, 45.4105023], [27.1148475, 45.4092998], [27.1200641, 45.4208103], [27.1040876, 45.4260356], [27.1127032, 45.4347541], [27.1066545, 45.4385237], [27.1429496, 45.4513329], [27.1582834, 45.465208], [27.1092845, 45.4748933], [27.0899409, 45.4458981], [27.0454463, 45.4525758], [27.0022308, 45.4848728], [26.9750736, 45.53197], [26.9858538, 45.537734], [26.9482968, 45.5218687], [26.9385444, 45.5320233], [26.906081, 45.5328356], [26.9033643, 45.5386525], [26.9001979, 45.523427], [26.8901674, 45.5168084], [26.853052, 45.5253578], [26.8339228, 45.5178371], [26.8054235, 45.5478489], [26.7484504, 45.5484133], [26.7391024, 45.5568687], [26.7433922, 45.5664649], [26.7188795, 45.5719258], [26.681552, 45.6087005], [26.6477796, 45.6090378], [26.6152779, 45.6280417], [26.593553, 45.6203486], [26.579685, 45.6333041], [26.5609771, 45.627871], [26.5411899, 45.6419062], [26.530084, 45.6408412], [26.4928343, 45.6768946], [26.4830018, 45.701144], [26.4671792, 45.7045659], [26.4668159, 45.7193207], [26.4357431, 45.7396711], [26.4433945, 45.7515636], [26.4409754, 45.7763659], [26.3921202, 45.802397], [26.3833344, 45.7826915], [26.3893863, 45.7667667], [26.3807411, 45.7497486], [26.3845357, 45.7362251], [26.3534096, 45.7225166], [26.3572264, 45.7120732], [26.3323329, 45.6855909], [26.3241969, 45.6491317], [26.3291567, 45.6318274], [26.3107378, 45.6030601], [26.3010226, 45.6053215], [26.2816797, 45.585785], [26.2530478, 45.6007326], [26.2553033, 45.6182123], [26.2461012, 45.6262355], [26.2128406, 45.6218366], [26.1854493, 45.6083077], [26.1722535, 45.5633372], [26.1551712, 45.5767654], [26.1555415, 45.5849529], [26.1477189, 45.5849252], [26.0959338, 45.5176148], [26.0727333, 45.5062536]]]}}, {"type": "Feature", "properties": {"name": "Călărași"}, "geometry": {"type": "Polygon", "coordinates": [[[26.2525195, 44.3302381], [26.2758, 44.3172181], [26.2541508, 44.2982], [26.2834879, 44.281336], [26.3036042, 44.2558535], [26.3601732, 44.2419345], [26.3613235, 44.2230717], [26.400454, 44.2242065], [26.4010538, 44.2081036], [26.4158086, 44.2038233], [26.3997768, 44.1974727], [26.39985, 44.185372], [26.4207809, 44.1832811], [26.4134662, 44.1758013], [26.4285416, 44.1462436], [26.4190002, 44.1247367], [26.3876964, 44.1218708], [26.3580986, 44.108075], [26.3774261, 44.0414212], [26.4216262, 44.0355389], [26.5653159, 44.0580312], [26.6096812, 44.0538356], [26.7051723, 44.080911], [26.7551104, 44.0759298], [26.9393602, 44.1384235], [26.9880846, 44.1316378], [27.0464712, 44.1485772], [27.058802, 44.1368023], [27.0849323, 44.133647], [27.1477833, 44.1405656], [27.1866238, 44.1198732], [27.2101035, 44.1160887], [27.2419859, 44.1171043], [27.3053499, 44.140457], [27.359491, 44.1288278], [27.4517043, 44.125486], [27.5254003, 44.1684507], [27.5950835, 44.1969317], [27.6366982, 44.2060938], [27.723882, 44.1972159], [27.8009025, 44.2402169], [27.9348792, 44.2500223], [27.9973873, 44.3053634], [28.0174555, 44.3403042], [27.8550825, 44.3801135], [27.8347579, 44.3473072], [27.8133799, 44.334138], [27.7996524, 44.3384319], [27.7891262, 44.3551305], [27.7719069, 44.344347], [27.7625111, 44.3477558], [27.7486076, 44.361857], [27.7563612, 44.3659027], [27.7456132, 44.3817116], [27.7698893, 44.3948314], [27.7336323, 44.40621], [27.734219, 44.4176571], [27.6543137, 44.4209274], [27.6594228, 44.4461342], [27.6485213, 44.4508205], [27.6494417, 44.4649947], [27.6391209, 44.4707093], [27.5702272, 44.4678099], [27.5719815, 44.559077], [27.5463988, 44.5620171], [27.5456586, 44.5421158], [27.5252686, 44.5438107], [27.5185389, 44.4971486], [27.5024447, 44.4935535], [27.3884998, 44.4962336], [27.3901046, 44.5059181], [27.3697517, 44.5061506], [27.3701985, 44.5162908], [27.3521922, 44.5172943], [27.3456201, 44.4859444], [27.2874649, 44.4897048], [27.2903106, 44.5038228], [27.2678305, 44.5062599], [27.262964, 44.4891399], [27.2278948, 44.4934324], [27.2313389, 44.5073243], [27.2057881, 44.5157651], [27.2061987, 44.4838393], [27.1398779, 44.5009246], [27.1355206, 44.4830217], [27.0918202, 44.4852982], [27.0916844, 44.5084589], [27.0036882, 44.5087754], [27.0035721, 44.5289611], [26.8927281, 44.5159231], [26.8975405, 44.5230857], [26.8813798, 44.5280061], [26.8755132, 44.5175692], [26.8441283, 44.515303], [26.8502338, 44.5245562], [26.8299162, 44.5275529], [26.8233819, 44.5115427], [26.8106349, 44.5224381], [26.7963054, 44.5110179], [26.7701368, 44.5177911], [26.7792871, 44.5214047], [26.7869589, 44.5417973], [26.7603377, 44.5499663], [26.7541252, 44.5280561], [26.7227169, 44.5376796], [26.7259811, 44.5590097], [26.680169, 44.5628064], [26.673314, 44.5725208], [26.683832, 44.5910484], [26.6649969, 44.5955353], [26.6355666, 44.5408603], [26.6446872, 44.5361239], [26.6412942, 44.5316538], [26.6210802, 44.5431232], [26.6145078, 44.5353834], [26.618486, 44.5275674], [26.6037395, 44.5324438], [26.6107834, 44.5223487], [26.5952839, 44.5110581], [26.5882143, 44.5123962], [26.5993665, 44.5230653], [26.5629085, 44.5266027], [26.5220903, 44.5581136], [26.4915913, 44.5623188], [26.4963536, 44.5714739], [26.4798588, 44.5765014], [26.4665726, 44.5635667], [26.4484516, 44.5654469], [26.4390207, 44.5486527], [26.4672051, 44.5468785], [26.360571, 44.4861009], [26.3767693, 44.4772393], [26.3816254, 44.4647061], [26.3947451, 44.4657301], [26.3953887, 44.4571943], [26.4377146, 44.4618894], [26.4500814, 44.4562166], [26.4517308, 44.4628366], [26.4584709, 44.459075], [26.4517469, 44.4442805], [26.4418528, 44.4444297], [26.4414619, 44.4377073], [26.4014621, 44.438411], [26.4007768, 44.4197701], [26.3755995, 44.4218585], [26.3525433, 44.4119884], [26.3469002, 44.3989867], [26.3232289, 44.3961091], [26.332775, 44.3890563], [26.3265971, 44.3845117], [26.30188, 44.4133402], [26.2889167, 44.4173176], [26.2600574, 44.4092479], [26.2868276, 44.4051472], [26.2878047, 44.3986557], [26.29833, 44.3990333], [26.2989274, 44.3900628], [26.3128649, 44.3902108], [26.3145074, 44.3720006], [26.3311682, 44.3718016], [26.305908, 44.3508351], [26.2803593, 44.3489434], [26.2525195, 44.3302381]]]}}, {"type": "Feature", "properties": {"name": "Caraș-Severin"}, "geometry": {"type": "Polygon", "coordinates": [[[21.3530716, 44.8403187], [21.3641698, 44.8292473], [21.3563017, 44.8271956], [21.3584732, 44.8216173], [21.3822933, 44.8092057], [21.4006386, 44.77739], [21.5369613, 44.7725541], [21.5891816, 44.7575325], [21.6145074, 44.7178608], [21.6133287, 44.6814678], [21.6360621, 44.6599988], [21.6890703, 44.6652672], [21.7287795, 44.6534865], [21.7933893, 44.6638614], [21.8145945, 44.6505966], [21.9174195, 44.6474701], [21.9507181, 44.6351521], [21.9928866, 44.6327361], [22.0161387, 44.5991717], [22.023478, 44.607753], [22.062006, 44.6099576], [22.0822618, 44.6219461], [22.1174015, 44.5918189], [22.1330187, 44.6006158], [22.1475151, 44.5853106], [22.1762971, 44.6245016], [22.177407, 44.6398868], [22.1386769, 44.6599371], [22.1492027, 44.6824611], [22.1555758, 44.735491], [22.1635392, 44.7434348], [22.1855466, 44.7412894], [22.2041639, 44.7614134], [22.1950622, 44.7792176], [22.2071552, 44.7993539], [22.2068047, 44.817478], [22.2435006, 44.8074853], [22.2680901, 44.7825371], [22.3416479, 44.7740667], [22.3581178, 44.7387177], [22.3681709, 44.7561854], [22.3916364, 44.7619299], [22.4014487, 44.753341], [22.4182017, 44.7559418], [22.4174338, 44.7706698], [22.4304464, 44.7811854], [22.423728, 44.8005348], [22.4464739, 44.8222617], [22.444441, 44.8324037], [22.4597673, 44.8432844], [22.457814, 44.8510335], [22.4763227, 44.8764931], [22.4865444, 44.8811653], [22.4821877, 44.9069152], [22.4910359, 44.909325], [22.4962096, 44.9288679], [22.4866086, 44.949298], [22.5164066, 44.9557251], [22.5117055, 44.9659201], [22.4921677, 44.9732825], [22.5366374, 45.0020427], [22.5708238, 45.0408569], [22.586367, 45.0440722], [22.6556091, 45.1038963], [22.6507628, 45.1277424], [22.5789172, 45.1379002], [22.5591643, 45.1568715], [22.6003829, 45.2052596], [22.6268864, 45.2089462], [22.6492173, 45.223221], [22.6445968, 45.2337169], [22.665015, 45.2358285], [22.6865529, 45.2535709], [22.6888401, 45.2745479], [22.6773104, 45.282618], [22.6966101, 45.303136], [22.6923168, 45.3199775], [22.6992326, 45.3286569], [22.6832505, 45.3315538], [22.6565936, 45.3713471], [22.6910189, 45.3918265], [22.7127721, 45.4156866], [22.7042221, 45.4328024], [22.7066203, 45.4610006], [22.6974902, 45.4623752], [22.6897271, 45.4926805], [22.6686769, 45.5065809], [22.6770351, 45.5158315], [22.6526605, 45.5267644], [22.6479981, 45.5416604], [22.6272217, 45.5360556], [22.6410474, 45.5530538], [22.636592, 45.5710856], [22.5929511, 45.5606629], [22.595473, 45.574657], [22.5829314, 45.5844669], [22.5482111, 45.5809585], [22.5444238, 45.5952578], [22.5123845, 45.5952982], [22.4943739, 45.6181719], [22.4743377, 45.6239023], [22.4534582, 45.6471509], [22.4538814, 45.6604114], [22.4264795, 45.6688923], [22.3175275, 45.6606581], [22.2975134, 45.6360888], [22.2909914, 45.6053211], [22.2692416, 45.5846414], [22.2528396, 45.5874953], [22.2366964, 45.6042997], [22.2077396, 45.6056732], [22.1893245, 45.6177911], [22.1501093, 45.5984448], [22.1480958, 45.6160288], [22.1346002, 45.5941195], [22.1055954, 45.5952538], [22.0740421, 45.5719428], [22.0452571, 45.5915216], [22.0366416, 45.5871148], [22.0491653, 45.5739864], [22.0455761, 45.5520398], [22.0574267, 45.5521118], [22.0761193, 45.5317251], [22.0600763, 45.5201104], [22.0642837, 45.5086317], [22.0432997, 45.5053517], [22.0428216, 45.4982932], [22.0086671, 45.5102892], [22.0070798, 45.5041414], [21.9926538, 45.5091005], [21.9908539, 45.5030881], [21.9748616, 45.5124428], [21.9453016, 45.5056657], [21.9401845, 45.5314215], [21.9204582, 45.5530711], [21.935088, 45.5564933], [21.9235201, 45.5668815], [21.8716989, 45.5613689], [21.875725, 45.5356898], [21.8391253, 45.5362328], [21.8170294, 45.5271449], [21.747279, 45.5446361], [21.7229948, 45.5624962], [21.7012015, 45.5625758], [21.7020393, 45.5737472], [21.6744149, 45.5858434], [21.6283501, 45.5682397], [21.5998893, 45.5710738], [21.5977594, 45.5566174], [21.5724952, 45.5346684], [21.5852402, 45.5304003], [21.5710875, 45.5214362], [21.584435, 45.5089528], [21.5726283, 45.5000528], [21.5591428, 45.5001267], [21.5518882, 45.4934073], [21.5565644, 45.4901387], [21.5115559, 45.4935909], [21.458709, 45.476773], [21.4642044, 45.4428892], [21.4755905, 45.4312175], [21.4850042, 45.434686], [21.4887416, 45.4186255], [21.4405334, 45.407108], [21.4450841, 45.3903866], [21.497557, 45.3504182], [21.493932, 45.3428822], [21.5258336, 45.3315822], [21.5427901, 45.2997314], [21.5313165, 45.2913732], [21.5561023, 45.2724397], [21.5343233, 45.2639491], [21.530603, 45.248476], [21.5212632, 45.2449112], [21.5271241, 45.2318316], [21.5042613, 45.2173593], [21.514624, 45.2020462], [21.4774079, 45.1945027], [21.4931233, 45.1731939], [21.5148216, 45.1711547], [21.5274094, 45.137875], [21.4784582, 45.1212008], [21.4696929, 45.1052608], [21.4833828, 45.0912903], [21.4470249, 45.0557556], [21.4560509, 45.0404095], [21.4229489, 45.0323833], [21.4056608, 45.0369372], [21.3602313, 45.0204424], [21.414647, 44.9867623], [21.4067171, 44.9785167], [21.4383817, 44.9605329], [21.4692538, 44.9584295], [21.5466854, 44.9305177], [21.5601308, 44.8890047], [21.4852794, 44.8681633], [21.4468508, 44.8739893], [21.4422594, 44.8664428], [21.4180658, 44.8732706], [21.4058824, 44.8663342], [21.3713653, 44.866645], [21.3576327, 44.8500444], [21.3614485, 44.8403508], [21.3530716, 44.8403187]]]}}, {"type": "Feature", "properties": {"name": "Cluj"}, "geometry": {"type": "Polygon", "coordinates": [[[22.637293, 46.7994111], [22.7132015, 46.7633143], [22.708237, 46.7387564], [22.7408894, 46.7143763], [22.7726453, 46.6523909], [22.793568, 46.6395618], [22.7879644, 46.6270438], [22.8195833, 46.6385839], [22.8014722, 46.6183821], [22.8062864, 46.5905123], [22.8172418, 46.5843215], [22.8180316, 46.5702331], [22.8106429, 46.5636408], [22.8354983, 46.546579], [22.8557394, 46.5506033], [22.8594813, 46.5399491], [22.883004, 46.5359037], [22.9275265, 46.5546187], [22.9762235, 46.5484134], [22.9950361, 46.5545037], [22.9997731, 46.5484361], [22.988968, 46.5377448], [23.0012904, 46.5334744], [23.0112915, 46.5036402], [23.0555564, 46.4924652], [23.0461398, 46.4764821], [23.0521297, 46.4661569], [23.0936239, 46.4683754], [23.1041242, 46.4904868], [23.1301706, 46.4909674], [23.1508387, 46.5059924], [23.1847554, 46.509686], [23.1955806, 46.492529], [23.2368779, 46.4909178], [23.2895978, 46.5089122], [23.2799166, 46.5125579], [23.2821866, 46.5299361], [23.311799, 46.5245454], [23.3889529, 46.5403768], [23.4006432, 46.5304787], [23.4393622, 46.5232342], [23.4539662, 46.5283541], [23.4624564, 46.5043128], [23.4850931, 46.5035958], [23.5231745, 46.4859602], [23.5297327, 46.4992234], [23.5480629, 46.5038513], [23.5594694, 46.4882426], [23.574271, 46.4971846], [23.6119657, 46.4846158], [23.6144952, 46.4784519], [23.6003411, 46.4777197], [23.6030687, 46.4693839], [23.5898129, 46.4564023], [23.6030946, 46.4154638], [23.6609239, 46.3967048], [23.6812141, 46.4088755], [23.6655378, 46.420664], [23.6684902, 46.4155722], [23.6555978, 46.4179942], [23.6511225, 46.4278728], [23.6724984, 46.4292987], [23.6686464, 46.4394438], [23.6769701, 46.4493293], [23.7011772, 46.4574784], [23.7302919, 46.4515261], [23.8331714, 46.4688861], [23.8550807, 46.4509567], [23.8658344, 46.456362], [23.8684247, 46.4473654], [23.8801518, 46.4500464], [23.8759765, 46.4534865], [23.8867417, 46.4634495], [23.9096635, 46.4635167], [23.9199439, 46.4509357], [23.9504966, 46.4501007], [23.9775751, 46.4296427], [24.0034271, 46.4406841], [23.9795488, 46.4533202], [23.9849076, 46.4587878], [23.9707889, 46.4593955], [23.9628833, 46.4756752], [23.9737088, 46.4819662], [23.9642147, 46.4984469], [23.975034, 46.5045997], [23.9590854, 46.5154801], [23.9869397, 46.5422642], [24.019396, 46.5312874], [24.0453799, 46.5450618], [24.0374793, 46.5572859], [24.0525964, 46.56182], [24.0690702, 46.6060296], [24.0251974, 46.6154899], [24.0202379, 46.6278737], [24.0290075, 46.6298062], [24.033587, 46.645112], [24.1023997, 46.6616233], [24.1139495, 46.6940565], [24.1243716, 46.7001064], [24.0888434, 46.7112149], [24.0665181, 46.7334535], [24.0878971, 46.7535806], [24.1227786, 46.744444], [24.1176016, 46.7737831], [24.1675484, 46.7812094], [24.1879362, 46.7929644], [24.1775713, 46.807162], [24.1921465, 46.8065045], [24.1884727, 46.8121774], [24.1969333, 46.8201847], [24.1888427, 46.8310735], [24.2105843, 46.8394234], [24.1992508, 46.8525952], [24.2191361, 46.8739496], [24.2121089, 46.8851921], [24.2274619, 46.8881313], [24.2096469, 46.9120384], [24.1868125, 46.9218473], [24.1936464, 46.9241893], [24.1925512, 46.9350867], [24.1853467, 46.9289303], [24.1615424, 46.9335793], [24.1613887, 46.9478759], [24.1782995, 46.9535043], [24.1703669, 46.9581499], [24.1754751, 46.9632024], [24.1415642, 46.9672667], [24.1139326, 46.9605531], [24.1181314, 46.9740477], [24.0978778, 46.9891016], [24.1158798, 47.0112249], [24.1153134, 47.0220695], [24.1036144, 47.0272139], [24.1342488, 47.0740701], [24.131165, 47.0878519], [24.1457548, 47.0876734], [24.1472611, 47.0895722], [24.1195187, 47.097864], [24.1077964, 47.124134], [24.0965212, 47.1270048], [24.0878988, 47.1152075], [24.0701697, 47.1182219], [24.0716228, 47.128303], [24.0405201, 47.1325508], [24.0261514, 47.1459011], [24.0174702, 47.142458], [24.0141673, 47.1585984], [24.0237848, 47.1549239], [24.0284535, 47.1637584], [24.0166512, 47.1783425], [24.0020502, 47.175784], [24.0053006, 47.1669695], [23.958328, 47.1621841], [23.958458, 47.1740763], [23.9360391, 47.1992916], [23.9186154, 47.2548105], [23.9212676, 47.2733001], [23.930624, 47.2743409], [23.9347318, 47.2847637], [23.9267886, 47.2985336], [23.9404904, 47.3090771], [23.9502649, 47.3060725], [23.9534601, 47.315751], [23.9715997, 47.3116871], [23.9798292, 47.3211462], [24.0083271, 47.3053218], [24.0065164, 47.3112091], [24.0292125, 47.3237915], [24.01781, 47.3445429], [24.0227257, 47.3619615], [23.9943324, 47.3650291], [23.9998799, 47.3597676], [23.9993864, 47.3581049], [23.9697582, 47.3656828], [23.9251938, 47.3523565], [23.898159, 47.3544212], [23.8722868, 47.3708792], [23.8698721, 47.3802138], [23.8667565, 47.3702564], [23.8469256, 47.3724601], [23.8312938, 47.3466081], [23.8408854, 47.3422278], [23.8416303, 47.3274337], [23.8280853, 47.319993], [23.825463, 47.3085805], [23.8137691, 47.3070991], [23.8159512, 47.2987649], [23.8140237, 47.2995142], [23.8069581, 47.2961912], [23.8134788, 47.2912237], [23.7988601, 47.2814534], [23.8128597, 47.2678503], [23.8144717, 47.2512732], [23.7694543, 47.272747], [23.7620712, 47.2835473], [23.7527654, 47.2420106], [23.726185, 47.2459879], [23.7206247, 47.2548523], [23.7115981, 47.2435354], [23.6528919, 47.2346255], [23.645407, 47.2138134], [23.6267258, 47.1941906], [23.6338703, 47.1826252], [23.6158284, 47.1698622], [23.5970735, 47.1645566], [23.5824716, 47.177545], [23.5614649, 47.1789289], [23.5438907, 47.1660229], [23.5444994, 47.1586037], [23.4979155, 47.1549412], [23.5001621, 47.1410417], [23.4914142, 47.1295216], [23.5041136, 47.1173031], [23.4957908, 47.113294], [23.4874696, 47.1194551], [23.4839595, 47.1105533], [23.4896174, 47.1097998], [23.4800845, 47.1083028], [23.4887728, 47.096748], [23.4851544, 47.0909505], [23.4527462, 47.0959665], [23.4486014, 47.0885899], [23.4275446, 47.0896018], [23.4477322, 47.0756337], [23.450439, 47.0610016], [23.4736666, 47.0549924], [23.4717525, 47.0436995], [23.486253, 47.0300018], [23.4708835, 47.0264171], [23.4740738, 47.0135135], [23.4579398, 47.0056176], [23.4634531, 47.0041881], [23.4587425, 46.998165], [23.4277089, 46.9883483], [23.3984118, 46.9935239], [23.4117381, 46.9818147], [23.3849751, 46.9773197], [23.3880457, 46.9669113], [23.3724424, 46.9624418], [23.3886683, 46.9505012], [23.3718716, 46.9372538], [23.3637519, 46.9398535], [23.3599432, 46.9270869], [23.3445627, 46.9248586], [23.3550322, 46.9199638], [23.3389764, 46.9085883], [23.3240843, 46.9142259], [23.2820776, 46.8979376], [23.2780343, 46.9107138], [23.2589066, 46.9141663], [23.2587305, 46.9350156], [23.2375391, 46.9473405], [23.242571, 46.956209], [23.2283068, 46.9636829], [23.2340977, 46.9568661], [23.2172362, 46.9530242], [23.2161688, 46.9395499], [23.2295412, 46.9347077], [23.2025548, 46.9225964], [23.2226046, 46.8926267], [23.2003197, 46.8821307], [23.198676, 46.8694686], [23.1776976, 46.878895], [23.172419, 46.8802004], [23.1623961, 46.87919], [23.1755534, 46.875287], [23.1603703, 46.8762111], [23.1511861, 46.8660182], [23.104765, 46.8533689], [23.1042541, 46.8604494], [23.0834121, 46.8671561], [23.0923191, 46.8902213], [23.0652463, 46.9045709], [23.0360599, 46.8818219], [23.0321741, 46.8896899], [23.0414176, 46.8971731], [23.0335353, 46.9014819], [23.0111049, 46.887976], [23.0138755, 46.9007695], [23.0069128, 46.9075622], [22.9847179, 46.903098], [22.9713015, 46.9126263], [22.9316401, 46.9184292], [22.9160509, 46.9346463], [22.9040312, 46.9333142], [22.8966078, 46.9442654], [22.899001, 46.9694871], [22.8710533, 46.9798921], [22.8789875, 46.9888773], [22.8661825, 46.9806517], [22.8348188, 46.995183], [22.8211533, 46.9829014], [22.7950033, 46.9771268], [22.7857641, 46.9879464], [22.7282684, 47.0075209], [22.674817, 46.970888], [22.6784478, 46.9624728], [22.6708497, 46.9501144], [22.6856201, 46.9386562], [22.7172442, 46.9333505], [22.7367388, 46.9149949], [22.7756743, 46.9106176], [22.7789684, 46.8970333], [22.7541266, 46.876222], [22.7264177, 46.8158672], [22.7041496, 46.8055262], [22.637293, 46.7994111]]]}}, {"type": "Feature", "properties": {"name": "Constanța"}, "geometry": {"type": "Polygon", "coordinates": [[[27.2734462, 44.1276044], [27.2843107, 44.1096808], [27.2773388, 44.09882], [27.2909253, 44.0752419], [27.3561816, 44.0586571], [27.3993289, 44.0122459], [27.46913, 44.02252], [27.611894, 44.012246], [27.644655, 44.047358], [27.673591, 44.029823], [27.710088, 43.959394], [27.737841, 43.953552], [27.843543, 43.96633], [27.916809, 44.008275], [27.9442117, 43.9847328], [27.954174, 43.940072], [27.976502, 43.900797], [27.99436, 43.84291], [28.236223, 43.758491], [28.348681, 43.752234], [28.4465076, 43.7337302], [28.5789531, 43.7387206], [28.5745005, 43.7576224], [28.5804431, 43.7870085], [28.5941496, 43.7991051], [28.575588, 43.7948566], [28.5871279, 43.8092446], [28.5889766, 43.8033658], [28.6010311, 43.7988033], [28.587012, 43.8108605], [28.5914391, 43.8395515], [28.6130497, 43.8504496], [28.6073687, 43.8821192], [28.6149111, 43.8839502], [28.6144429, 43.8991247], [28.6363383, 43.9237292], [28.6425156, 43.9564472], [28.6678123, 43.9866805], [28.6631029, 44.0213364], [28.6421843, 44.0549744], [28.6392268, 44.0780422], [28.6441308, 44.0842094], [28.6893402, 44.0877823], [28.6947378, 44.091051], [28.6952258, 44.1028635], [28.6896185, 44.0885118], [28.6695568, 44.0891032], [28.6673332, 44.0942086], [28.6754013, 44.0941944], [28.6756493, 44.1003745], [28.6747928, 44.0945533], [28.6711992, 44.1024915], [28.6648169, 44.0981456], [28.6654486, 44.1079221], [28.6585732, 44.099884], [28.6524938, 44.1083182], [28.6517368, 44.0929304], [28.6389365, 44.0986042], [28.6392215, 44.1174548], [28.6512096, 44.1298007], [28.6565594, 44.1212225], [28.6495043, 44.1195493], [28.649074, 44.1128891], [28.6501429, 44.1117945], [28.6569376, 44.1211019], [28.6570544, 44.1305103], [28.6653547, 44.1124104], [28.6537891, 44.1119774], [28.6672501, 44.1111568], [28.6731742, 44.1066157], [28.6773693, 44.1070058], [28.6612756, 44.1244789], [28.6565653, 44.1376653], [28.6647681, 44.1404923], [28.6471508, 44.140966], [28.6688679, 44.1471346], [28.6456321, 44.1455016], [28.6559056, 44.1499215], [28.6441313, 44.1489336], [28.6543953, 44.1533234], [28.6431079, 44.1546642], [28.6540718, 44.1574709], [28.6438276, 44.1584075], [28.6526175, 44.1627062], [28.643241, 44.1671598], [28.6567883, 44.1711558], [28.6567469, 44.1575673], [28.6714339, 44.153641], [28.6724577, 44.1433224], [28.7002045, 44.1212638], [28.7030867, 44.1143798], [28.7136041, 44.0997539], [28.7005643, 44.1218691], [28.6736122, 44.1431522], [28.6716083, 44.154318], [28.6584541, 44.1617289], [28.6657154, 44.1721201], [28.6563463, 44.1817646], [28.6590088, 44.2045476], [28.6443505, 44.2163102], [28.6503886, 44.2194796], [28.6398779, 44.218237], [28.6316754, 44.2282638], [28.6228967, 44.2725463], [28.6304249, 44.30785], [28.6396303, 44.324261], [28.6885482, 44.3229079], [28.6899644, 44.3235488], [28.6544949, 44.3240108], [28.6515662, 44.3277576], [28.6724115, 44.3320059], [28.6616366, 44.3366217], [28.6758689, 44.3446205], [28.6763918, 44.3371166], [28.6858909, 44.342435], [28.68843, 44.3296191], [28.6952498, 44.3210507], [28.6892247, 44.3416554], [28.7111886, 44.3765744], [28.8592355, 44.513446], [28.9287233, 44.6099687], [28.9944447, 44.67975], [28.9581357, 44.6942583], [28.9145818, 44.6966537], [28.9148153, 44.6862806], [28.8653849, 44.6640688], [28.8243544, 44.6323413], [28.7905885, 44.6351245], [28.7785796, 44.6550115], [28.7495139, 44.6542874], [28.7409501, 44.6467852], [28.710405, 44.6550163], [28.6960944, 44.6501475], [28.6919054, 44.6529241], [28.7015435, 44.6576993], [28.677692, 44.6626077], [28.6830068, 44.6688198], [28.5905861, 44.6541856], [28.536055, 44.6625175], [28.5285068, 44.6359202], [28.5208281, 44.6341851], [28.4671523, 44.6482454], [28.4692467, 44.6570109], [28.4348008, 44.6738031], [28.4277714, 44.6580358], [28.4490311, 44.6429957], [28.4346757, 44.6166559], [28.4221302, 44.6158794], [28.4093144, 44.6245797], [28.4120424, 44.6298393], [28.3951405, 44.6347222], [28.4083109, 44.6489224], [28.386918, 44.6395163], [28.3868077, 44.6519504], [28.3791182, 44.6526256], [28.3850836, 44.6799771], [28.3649261, 44.6848335], [28.365541, 44.691604], [28.3146346, 44.6960711], [28.3269526, 44.7073183], [28.3127308, 44.7114864], [28.2678666, 44.6992174], [28.279227, 44.7120277], [28.2688012, 44.7122444], [28.2747174, 44.7183682], [28.261821, 44.7268354], [28.2627108, 44.7557981], [28.2404267, 44.7561242], [28.239929, 44.7646731], [28.217044, 44.7623404], [28.2164065, 44.7539283], [28.1944936, 44.7542139], [28.1815203, 44.7611249], [28.1815975, 44.785387], [28.152601, 44.8006219], [28.1143995, 44.793399], [28.0730365, 44.8018622], [28.0637714, 44.7823757], [28.0361094, 44.7606088], [28.0109375, 44.7571767], [27.9481188, 44.7805688], [27.8972143, 44.7724377], [27.877543, 44.7571392], [27.8751042, 44.715159], [27.9313306, 44.6796189], [27.9582389, 44.6801905], [28.0317751, 44.6252973], [28.0332759, 44.612961], [28.0143285, 44.5862892], [28.0130575, 44.5715544], [28.0367276, 44.5448948], [28.0528159, 44.5092886], [28.0875911, 44.4917018], [28.1087085, 44.4419911], [28.1028027, 44.4295283], [28.0703138, 44.4124357], [28.0647798, 44.3989502], [28.0254546, 44.3648765], [28.0111792, 44.3218467], [27.9650448, 44.2712673], [27.9230334, 44.2467589], [27.8849308, 44.2510653], [27.8009025, 44.2402169], [27.723882, 44.1972159], [27.6366982, 44.2060938], [27.5950835, 44.1969317], [27.5254003, 44.1684507], [27.4517043, 44.125486], [27.359491, 44.1288278], [27.3151274, 44.1405927], [27.2734462, 44.1276044]]]}}, {"type": "Feature", "properties": {"name": "Covasna"}, "geometry": {"type": "Polygon", "coordinates": [[[25.4512607, 46.1041043], [25.4508292, 46.0733758], [25.4727167, 46.0596916], [25.5052313, 46.0452458], [25.5555824, 46.0554126], [25.5550909, 46.0479555], [25.5625124, 46.052581], [25.5599647, 46.0362953], [25.5813365, 46.0261602], [25.5686461, 46.0026757], [25.5456611, 45.9966905], [25.5535639, 45.9881685], [25.5412664, 45.9842366], [25.5392064, 45.9559543], [25.5465516, 45.9482977], [25.5403698, 45.9391396], [25.5634431, 45.9146459], [25.5486625, 45.9067354], [25.5536687, 45.9005263], [25.5436879, 45.8959062], [25.5500415, 45.8935055], [25.5411905, 45.8919857], [25.5543208, 45.890133], [25.5550636, 45.8961734], [25.570816, 45.8972004], [25.6096478, 45.8915051], [25.6396335, 45.900996], [25.6410066, 45.8952293], [25.6009034, 45.8870667], [25.5896225, 45.8728219], [25.5807283, 45.8755479], [25.5899061, 45.8802498], [25.5835434, 45.8829564], [25.5569145, 45.871421], [25.5677613, 45.8361037], [25.6237919, 45.8240518], [25.616225, 45.8213266], [25.6224484, 45.8090828], [25.642876, 45.8091711], [25.6418616, 45.7981252], [25.66489, 45.7886875], [25.677358, 45.7583861], [25.6628491, 45.7483207], [25.6777026, 45.747846], [25.7027273, 45.7737581], [25.743569, 45.7700449], [25.7653762, 45.7564461], [25.79039, 45.7645129], [25.7878589, 45.7535666], [25.8332358, 45.7475477], [25.8216003, 45.7257987], [25.8371337, 45.7223802], [25.841095, 45.7306175], [25.8603604, 45.7077101], [25.9083464, 45.7102617], [25.9410567, 45.6917605], [25.9725405, 45.6872398], [25.9718754, 45.6661068], [25.9513146, 45.6524311], [26.0024204, 45.64883], [26.02021, 45.6374068], [26.012904, 45.62382], [26.0188303, 45.6155418], [26.0566149, 45.6169238], [26.0659612, 45.6064302], [26.0547954, 45.5938085], [26.0717611, 45.5778499], [26.092925, 45.572587], [26.0949329, 45.55701], [26.1043811, 45.5510008], [26.0923982, 45.5164759], [26.1477189, 45.5849252], [26.1555415, 45.5849529], [26.1551712, 45.5767654], [26.1722535, 45.5633372], [26.1854493, 45.6083077], [26.2128406, 45.6218366], [26.2461012, 45.6262355], [26.2553033, 45.6182123], [26.2530478, 45.6007326], [26.2816797, 45.585785], [26.3010226, 45.6053215], [26.3107378, 45.6030601], [26.3291567, 45.6318274], [26.3241969, 45.6491317], [26.3323329, 45.6855909], [26.3572264, 45.7120732], [26.3534096, 45.7225166], [26.3845357, 45.7362251], [26.3807411, 45.7497486], [26.3893863, 45.7667667], [26.3833344, 45.7826915], [26.3921202, 45.802397], [26.3749404, 45.8209102], [26.3710472, 45.8432632], [26.3871308, 45.8748395], [26.3760109, 45.9077156], [26.3940865, 45.9211893], [26.3907247, 45.9573051], [26.4375743, 45.9899438], [26.4337154, 46.0025537], [26.4460148, 46.0188869], [26.4375645, 46.0355433], [26.4419889, 46.0508152], [26.4251141, 46.0669589], [26.4306568, 46.0780198], [26.4050637, 46.0922583], [26.4079093, 46.1035745], [26.3888699, 46.1013724], [26.3707685, 46.1097922], [26.3676567, 46.1185506], [26.3800849, 46.128326], [26.3925781, 46.1231387], [26.3857684, 46.1287398], [26.3875287, 46.1449667], [26.3434349, 46.1369502], [26.3474427, 46.16212], [26.3305805, 46.1831432], [26.3400578, 46.2096446], [26.326723, 46.2299973], [26.3101456, 46.2388868], [26.2634646, 46.246349], [26.2503081, 46.2354532], [26.2584707, 46.2315629], [26.2541424, 46.2231595], [26.2615348, 46.2156112], [26.2195701, 46.2060334], [26.2070342, 46.1791201], [26.1836336, 46.184932], [26.1877045, 46.1789973], [26.1767776, 46.1796895], [26.1723645, 46.1603411], [26.1314098, 46.1717213], [26.1162941, 46.1609723], [26.0569341, 46.1597959], [26.0382412, 46.1511757], [26.0195388, 46.1280165], [25.991737, 46.1252485], [25.9787088, 46.1351286], [25.857204, 46.1196519], [25.803962, 46.1727921], [25.7917393, 46.1758877], [25.7898933, 46.1939545], [25.7231727, 46.2558198], [25.734105, 46.2631619], [25.7260013, 46.2745763], [25.7000628, 46.2766622], [25.6308328, 46.2442912], [25.6027303, 46.2415742], [25.5748194, 46.2128808], [25.5629144, 46.2181368], [25.556608, 46.2078067], [25.5471667, 46.2095819], [25.5081752, 46.1881875], [25.5089824, 46.1616356], [25.497652, 46.1484214], [25.4789351, 46.1456458], [25.4782742, 46.1241068], [25.466447, 46.1058712], [25.4512607, 46.1041043]]]}}, {"type": "Feature", "properties": {"name": "Dâmbovița"}, "geometry": {"type": "Polygon", "coordinates": [[[25.1246977, 45.0705122], [25.1486632, 45.0513721], [25.1449037, 45.0384091], [25.1720388, 45.0405021], [25.1701415, 45.0286126], [25.1871873, 45.0332535], [25.1968581, 45.0186862], [25.1963228, 44.9913033], [25.1723288, 44.9837762], [25.1613311, 44.9210081], [25.1975654, 44.9032835], [25.1907015, 44.8813435], [25.2045789, 44.8560443], [25.1869478, 44.826707], [25.1939955, 44.8259161], [25.2005254, 44.7960341], [25.2128814, 44.7821231], [25.1970975, 44.736408], [25.1841544, 44.7449152], [25.1778776, 44.7396603], [25.1826208, 44.7378493], [25.1746031, 44.7307064], [25.1858314, 44.7227604], [25.1749607, 44.7147265], [25.237323, 44.6950053], [25.1966626, 44.6662072], [25.1881161, 44.6704888], [25.1683801, 44.6617996], [25.194311, 44.6395639], [25.1804218, 44.6324337], [25.2050219, 44.6328596], [25.1932527, 44.6197753], [25.198328, 44.6087359], [25.2125142, 44.6157336], [25.2517704, 44.5627977], [25.25908, 44.5685206], [25.2926, 44.5514456], [25.2799175, 44.528043], [25.2573172, 44.5114263], [25.2797493, 44.4786774], [25.2669497, 44.4675054], [25.2773299, 44.4533785], [25.27098, 44.4481971], [25.279693, 44.4444545], [25.2636302, 44.4353271], [25.2582443, 44.4412676], [25.2347711, 44.4242515], [25.2507491, 44.4033546], [25.3031656, 44.4239446], [25.2971318, 44.4298553], [25.3245327, 44.4420402], [25.3411759, 44.4645905], [25.3557322, 44.4593236], [25.3667024, 44.474195], [25.3578373, 44.4795249], [25.3693736, 44.4974939], [25.3951143, 44.5181315], [25.4427263, 44.5010465], [25.4503027, 44.4922387], [25.4416675, 44.4848492], [25.4537662, 44.4779175], [25.4709539, 44.4882618], [25.491163, 44.4719815], [25.5121422, 44.4883052], [25.4994694, 44.4877038], [25.4803937, 44.5043333], [25.495707, 44.5196823], [25.5155567, 44.518898], [25.5419894, 44.5400091], [25.5643195, 44.5291001], [25.5749113, 44.5379837], [25.5892977, 44.5253716], [25.5934389, 44.532135], [25.6010814, 44.5289393], [25.6167844, 44.5504398], [25.6468015, 44.5535404], [25.646123, 44.5441266], [25.6762891, 44.5253086], [25.6838177, 44.5290469], [25.6818468, 44.5229518], [25.7081202, 44.5443831], [25.7786606, 44.5293243], [25.8102174, 44.5487713], [25.8321043, 44.5417427], [25.8445576, 44.5238525], [25.853589, 44.5388996], [25.8749982, 44.5339141], [25.8907623, 44.540954], [25.8798121, 44.5535423], [25.9295767, 44.5716733], [25.9919357, 44.6121558], [25.9801008, 44.6299885], [25.9393433, 44.6457116], [25.9423899, 44.6573379], [25.9594965, 44.654459], [25.9821584, 44.664566], [25.9741408, 44.6706878], [25.9853778, 44.6733597], [25.9581194, 44.6839407], [25.9839266, 44.6866597], [25.9915533, 44.7011822], [25.9747485, 44.6999455], [25.9707653, 44.7104092], [25.9539878, 44.7073518], [25.9678489, 44.7203036], [25.9631159, 44.7250145], [25.9331698, 44.6948453], [25.9281376, 44.6982511], [25.9084073, 44.7334152], [25.9227168, 44.7352284], [25.9407007, 44.7568061], [25.9248107, 44.7626753], [25.9267435, 44.7716397], [25.9156865, 44.7721576], [25.9191249, 44.7797945], [25.9061499, 44.7906524], [25.9091355, 44.796005], [25.8860894, 44.8068219], [25.8747342, 44.8311822], [25.8629133, 44.8308265], [25.8418342, 44.809969], [25.777642, 44.8246421], [25.7764167, 44.8421821], [25.8021237, 44.8522858], [25.7970138, 44.8545626], [25.8027916, 44.867447], [25.8142226, 44.8744618], [25.8089063, 44.8888972], [25.8253348, 44.8971381], [25.8208098, 44.9135101], [25.8022313, 44.9210709], [25.7914024, 44.9446921], [25.7100617, 44.9414395], [25.6879489, 44.947474], [25.6778509, 44.9656246], [25.683579, 44.9787918], [25.6755064, 45.0094978], [25.686905, 45.0291288], [25.7040559, 45.0341396], [25.701699, 45.0449648], [25.6751759, 45.0807974], [25.6397664, 45.0919771], [25.6189255, 45.1189591], [25.6050099, 45.1243657], [25.5934795, 45.1434994], [25.5977849, 45.1491146], [25.5637239, 45.1728149], [25.5578968, 45.1922784], [25.5317987, 45.190252], [25.5400135, 45.2033151], [25.5341637, 45.216038], [25.5110058, 45.2219091], [25.5548519, 45.2705557], [25.5328572, 45.2928976], [25.5335855, 45.301787], [25.5036763, 45.3179984], [25.4874641, 45.3145899], [25.4741375, 45.3277376], [25.4780675, 45.3367605], [25.467696, 45.3470955], [25.4710529, 45.3747177], [25.4844314, 45.3950396], [25.4697906, 45.4118543], [25.471879, 45.4265823], [25.4529809, 45.4412692], [25.4127001, 45.4295512], [25.403271, 45.3865761], [25.3627493, 45.3915759], [25.3221583, 45.3819895], [25.3157033, 45.3710887], [25.3259746, 45.3508189], [25.3090804, 45.3337825], [25.3153469, 45.3223943], [25.3053972, 45.2926267], [25.278632, 45.2694512], [25.2937273, 45.2320863], [25.2783769, 45.2175414], [25.2477529, 45.2108751], [25.2538447, 45.2048951], [25.2527879, 45.1811408], [25.211865, 45.156617], [25.1972091, 45.1650434], [25.1794412, 45.1920782], [25.1824505, 45.2025599], [25.1708137, 45.2009686], [25.1636848, 45.2152672], [25.1392418, 45.2121262], [25.1564026, 45.2016513], [25.146267, 45.1991293], [25.1553579, 45.1904116], [25.1467822, 45.1848181], [25.1542596, 45.1601211], [25.1461394, 45.1426287], [25.1539516, 45.136574], [25.1466598, 45.1290431], [25.1626833, 45.1244917], [25.1441569, 45.1123649], [25.1620421, 45.1169821], [25.176538, 45.1072411], [25.1801113, 45.0934713], [25.1700076, 45.0807437], [25.1575896, 45.076159], [25.1537116, 45.0853946], [25.142226, 45.0841918], [25.1246977, 45.0705122]]]}}, {"type": "Feature", "properties": {"name": "Dolj"}, "geometry": {"type": "Polygon", "coordinates": [[[22.8414337, 43.8774033], [22.8516685, 43.8509866], [22.8792836, 43.8335275], [23.0579534, 43.7970931], [23.1351578, 43.8032369], [23.2642208, 43.8459162], [23.4272933, 43.8540263], [23.5112591, 43.8377528], [23.5469198, 43.814959], [23.6072138, 43.7927404], [23.6923063, 43.8062334], [23.7550807, 43.802478], [23.7653001, 43.7858677], [23.8559464, 43.7558901], [23.888558, 43.7480507], [23.9900152, 43.7455402], [24.0841019, 43.7029787], [24.1129185, 43.6999408], [24.1293369, 43.7746216], [24.1381648, 43.7754342], [24.155545, 43.8137056], [24.1920873, 43.8104415], [24.1994311, 43.8256184], [24.1922489, 43.8269207], [24.1990505, 43.8583574], [24.2268258, 43.8517259], [24.2342824, 43.8832582], [24.2267482, 43.8851524], [24.2482777, 43.9302731], [24.2233188, 43.9412623], [24.2324439, 43.9613925], [24.2515851, 43.957217], [24.260333, 43.9742344], [24.2639004, 43.9987193], [24.1735631, 44.0063057], [24.1844885, 44.0490028], [24.1746173, 44.0502384], [24.1796133, 44.0684727], [24.2226315, 44.0692777], [24.2273223, 44.1096942], [24.2153718, 44.1219329], [24.2293771, 44.1699694], [24.2188249, 44.1710269], [24.2164104, 44.1802078], [24.2295796, 44.2147101], [24.2214595, 44.2167744], [24.226911, 44.2299284], [24.1416138, 44.2486729], [24.1491466, 44.2525561], [24.1475082, 44.2634827], [24.1119434, 44.2668103], [24.1089007, 44.3007502], [24.0912744, 44.2991792], [24.0696253, 44.3327576], [24.0417296, 44.3490827], [24.0492187, 44.3645972], [24.0240345, 44.3759266], [24.0288272, 44.3847808], [23.9841894, 44.3731127], [23.9579577, 44.3817513], [23.9682574, 44.4103657], [23.9014143, 44.4250899], [23.8904897, 44.4127917], [23.8822417, 44.4333435], [23.8976562, 44.4575357], [23.8858974, 44.4613109], [23.9089268, 44.4688205], [23.883073, 44.4805872], [23.9041111, 44.4990022], [23.8906612, 44.510684], [23.9306331, 44.5267891], [23.9217519, 44.5631132], [23.9110837, 44.5789358], [23.8978198, 44.5747138], [23.8809038, 44.6109266], [23.899675, 44.625542], [23.8762174, 44.6303894], [23.8591067, 44.6244316], [23.8165768, 44.6475664], [23.7875049, 44.6374424], [23.7918084, 44.6747325], [23.7807288, 44.6887338], [23.7805045, 44.7139896], [23.7476046, 44.7161467], [23.7216991, 44.729673], [23.7125277, 44.7145534], [23.7259799, 44.684405], [23.7084358, 44.6603198], [23.7144667, 44.6508327], [23.7084736, 44.6419714], [23.7199266, 44.627551], [23.7077048, 44.5850926], [23.6971267, 44.6020501], [23.6148283, 44.59004], [23.5834249, 44.6147191], [23.5145089, 44.6014734], [23.5077328, 44.5833306], [23.4942086, 44.5792921], [23.4969376, 44.5712109], [23.4894305, 44.5787296], [23.4656617, 44.5785983], [23.4585022, 44.5744046], [23.4662374, 44.5688442], [23.4550416, 44.5695655], [23.4521669, 44.5526176], [23.4283239, 44.5425581], [23.4353435, 44.5399372], [23.4156015, 44.5269261], [23.3704149, 44.5444227], [23.3368001, 44.5236679], [23.316642, 44.5399739], [23.2538621, 44.5298839], [23.2570027, 44.5202104], [23.2838049, 44.5160314], [23.2794704, 44.5015331], [23.2445352, 44.4968055], [23.2488421, 44.4803113], [23.1998203, 44.4680163], [23.1963251, 44.4519918], [23.2222398, 44.4360854], [23.2051779, 44.4360585], [23.1971854, 44.4137723], [23.1782634, 44.4242219], [23.1663815, 44.412136], [23.2173975, 44.3865157], [23.2181832, 44.3756537], [23.1888695, 44.3673818], [23.1932843, 44.3526574], [23.1761721, 44.3244359], [23.1311301, 44.3162832], [23.118758, 44.3030553], [23.123962, 44.3012896], [23.1082809, 44.2625157], [23.09356, 44.261906], [23.0941751, 44.2227034], [23.1121244, 44.2173752], [23.0951136, 44.1992251], [23.1178438, 44.1895052], [23.1098744, 44.1501682], [23.005309, 44.1580499], [23.004616, 44.1396506], [22.9787046, 44.1191376], [22.9672244, 44.0967889], [23.0252023, 44.0871606], [23.0454111, 44.0734809], [23.0458323, 44.0572042], [23.0092374, 44.0113384], [22.9371207, 44.0030452], [22.8839113, 43.9852372], [22.8621879, 43.9371549], [22.8654778, 43.9307244], [22.8477037, 43.9069802], [22.8414337, 43.8774033]]]}}, {"type": "Feature", "properties": {"name": "Galați"}, "geometry": {"type": "Polygon", "coordinates": [[[27.2270465, 46.0091381], [27.2419095, 45.9468976], [27.2828212, 45.8863209], [27.2524009, 45.882397], [27.2486538, 45.8726551], [27.2792066, 45.8705528], [27.2791513, 45.8569081], [27.2900754, 45.8600872], [27.3032587, 45.8451039], [27.3196669, 45.8054795], [27.342299, 45.7882648], [27.362382, 45.7293797], [27.403621, 45.6823069], [27.4261957, 45.6782103], [27.4245495, 45.668382], [27.439957, 45.6791181], [27.4648364, 45.6389292], [27.4887397, 45.6407204], [27.4883784, 45.6293883], [27.5130919, 45.621005], [27.4975656, 45.6068972], [27.5151758, 45.6046289], [27.5187826, 45.590246], [27.536287, 45.5810992], [27.5100637, 45.5766603], [27.5042505, 45.5631652], [27.5283105, 45.5485482], [27.5223449, 45.5276515], [27.5418149, 45.5091528], [27.5269098, 45.5003932], [27.5369652, 45.4939397], [27.5429366, 45.4993683], [27.5585467, 45.488385], [27.5752902, 45.4916672], [27.6056078, 45.4822463], [27.6027401, 45.4775792], [27.6141348, 45.4734969], [27.6115555, 45.4643208], [27.6240632, 45.466176], [27.6288337, 45.4546509], [27.6462346, 45.4621438], [27.6435803, 45.4776811], [27.6549557, 45.4798037], [27.6544102, 45.4907165], [27.6641822, 45.4897997], [27.6616309, 45.4719643], [27.6926614, 45.4816095], [27.6941389, 45.4731957], [27.6814671, 45.4665837], [27.6885682, 45.4605393], [27.6732682, 45.4461867], [27.7167815, 45.4334728], [27.718124, 45.4409404], [27.7380849, 45.4367009], [27.7327943, 45.4394204], [27.750188, 45.4485033], [27.7396302, 45.4153694], [27.7830194, 45.4223112], [27.7863624, 45.4068917], [27.8218812, 45.3965233], [27.8686652, 45.3979967], [27.8655461, 45.4058289], [27.8740283, 45.4178894], [27.8890854, 45.42007], [27.9841334, 45.3905188], [27.9933355, 45.4004968], [28.0058435, 45.3961444], [28.0305501, 45.4043377], [28.060582, 45.4281657], [28.0982596, 45.4410891], [28.1269803, 45.4389242], [28.1801823, 45.4133316], [28.1928718, 45.4149389], [28.1925632, 45.4544791], [28.208689, 45.4673793], [28.1860471, 45.4742726], [28.1721914, 45.5009184], [28.1624787, 45.4999844], [28.1641788, 45.507924], [28.1539793, 45.5099275], [28.1663296, 45.5197622], [28.1567285, 45.524104], [28.1664272, 45.5278251], [28.158927, 45.5609813], [28.1480911, 45.5621735], [28.1567226, 45.5753617], [28.1456197, 45.5658588], [28.138839, 45.5774316], [28.121618, 45.5718667], [28.0883891, 45.60588], [28.1121572, 45.6262972], [28.144675, 45.6214696], [28.1742738, 45.6456296], [28.1578913, 45.6507302], [28.1659373, 45.6534534], [28.162177, 45.6606516], [28.171385, 45.6796073], [28.1598858, 45.7037903], [28.170711, 45.7088679], [28.1608063, 45.7250508], [28.1668736, 45.736241], [28.1511488, 45.7442688], [28.1434891, 45.760231], [28.1557223, 45.7781248], [28.151752, 45.7836003], [28.1350363, 45.778362], [28.1142242, 45.7902508], [28.1211436, 45.806891], [28.1186169, 45.8148725], [28.1074403, 45.8165257], [28.1127621, 45.8344884], [28.1051862, 45.8430263], [28.1139725, 45.8491535], [28.1054585, 45.8594128], [28.1274135, 45.8630027], [28.1328477, 45.8766996], [28.1270614, 45.8852402], [28.1125276, 45.8843027], [28.1182733, 45.8874908], [28.1121493, 45.899308], [28.120041, 45.9012533], [28.1160339, 45.909234], [28.1254756, 45.9229078], [28.1014641, 45.9726888], [28.1070878, 45.9782956], [28.0981656, 45.9783732], [28.1051171, 45.9893716], [28.0853488, 46.0082441], [28.0957234, 46.0149193], [28.087652, 46.0201724], [28.0902654, 46.0347635], [28.1036798, 46.0430037], [28.1051373, 46.0527725], [28.0914426, 46.0539297], [28.0891114, 46.0598193], [28.1006815, 46.0638793], [28.0889947, 46.0702309], [28.0928757, 46.0792968], [28.1089278, 46.0781741], [28.1115946, 46.0870825], [28.1022485, 46.0984781], [28.1221337, 46.1039406], [28.1174376, 46.1120366], [28.0759258, 46.1175271], [28.0088958, 46.1049376], [28.0093338, 46.1153425], [27.9842567, 46.1104966], [27.9646144, 46.1414558], [27.9395628, 46.1351233], [27.9262166, 46.152477], [27.9107016, 46.1538365], [27.871894, 46.1455714], [27.8726464, 46.1580185], [27.8572105, 46.1631061], [27.846887, 46.1577681], [27.8453185, 46.1263498], [27.8301694, 46.1271779], [27.838684, 46.1156887], [27.8293261, 46.1113521], [27.8219619, 46.1202458], [27.8080543, 46.1116432], [27.8154651, 46.1048221], [27.7881329, 46.0949001], [27.786051, 46.1124509], [27.7636111, 46.1153442], [27.7624487, 46.1281319], [27.7110378, 46.1292049], [27.7101911, 46.1385886], [27.6932007, 46.1321683], [27.6759274, 46.141395], [27.6716229, 46.1328088], [27.6504793, 46.140355], [27.6472216, 46.1299007], [27.6338961, 46.1383813], [27.6074295, 46.1305359], [27.5978029, 46.1392576], [27.6035822, 46.1444826], [27.5911194, 46.1501778], [27.581107, 46.144553], [27.5841445, 46.1355249], [27.601324, 46.1224224], [27.5911134, 46.1239495], [27.5965498, 46.1129434], [27.5880794, 46.1114031], [27.6109587, 46.0767902], [27.5872213, 46.071809], [27.6144183, 46.0733564], [27.6277123, 46.0613948], [27.5998874, 46.0559275], [27.6048631, 46.0359425], [27.5959097, 46.0276993], [27.6044821, 46.0193763], [27.5625842, 46.0028884], [27.5159458, 46.0535615], [27.5319364, 46.067128], [27.5171919, 46.085361], [27.5354552, 46.09456], [27.503082, 46.1396328], [27.4840809, 46.1397538], [27.4809851, 46.1258637], [27.4488892, 46.1264615], [27.4267741, 46.1395351], [27.4182206, 46.1307943], [27.4281795, 46.1161596], [27.4244281, 46.0893602], [27.3717457, 46.0878233], [27.3683104, 46.0786611], [27.2919086, 46.083243], [27.2818401, 46.0751374], [27.290288, 46.0598614], [27.2777972, 46.059197], [27.268532, 46.0414884], [27.2369135, 46.0461911], [27.2270465, 46.0091381]]]}}, {"type": "Feature", "properties": {"name": "Giurgiu"}, "geometry": {"type": "Polygon", "coordinates": [[[25.4255381, 44.3968906], [25.4580608, 44.3748404], [25.484759, 44.3772646], [25.4703234, 44.3603604], [25.4779883, 44.3540752], [25.4694224, 44.3491683], [25.4681189, 44.3253035], [25.5154247, 44.3138769], [25.5575264, 44.3177114], [25.5710943, 44.3082084], [25.594712, 44.310798], [25.6036608, 44.3208484], [25.616712, 44.317434], [25.6315537, 44.3068819], [25.6186378, 44.2881967], [25.6505526, 44.274353], [25.655682, 44.2965394], [25.6698575, 44.2924232], [25.6676977, 44.2686858], [25.703164, 44.2519574], [25.6960347, 44.2494231], [25.7055104, 44.2388304], [25.6840355, 44.2388996], [25.6641645, 44.2075768], [25.6553485, 44.168784], [25.7030386, 44.1605073], [25.701744, 44.1540198], [25.6768323, 44.1573717], [25.6790126, 44.1266481], [25.7093808, 44.1347854], [25.7137695, 44.1283765], [25.7041546, 44.1105109], [25.7096647, 44.1016076], [25.6971536, 44.105434], [25.6867791, 44.1224629], [25.686298, 44.109667], [25.6765053, 44.1130602], [25.6722149, 44.106419], [25.6783794, 44.0894752], [25.6609184, 44.1010705], [25.657622, 44.1164491], [25.6374984, 44.0985733], [25.645916, 44.095677], [25.6247323, 44.0858082], [25.6288755, 44.0810796], [25.6179608, 44.076085], [25.6253075, 44.0679569], [25.6145187, 44.0631361], [25.629851, 44.0525242], [25.5987453, 44.0376875], [25.5939854, 44.01361], [25.5998554, 44.0030413], [25.5934491, 44.002017], [25.6038946, 43.9906504], [25.5913556, 43.9845056], [25.6222629, 43.9414172], [25.584805, 43.9375784], [25.5843914, 43.9067341], [25.6146556, 43.9037457], [25.6069474, 43.8445068], [25.6296983, 43.8446519], [25.6298342, 43.8205319], [25.6599627, 43.820487], [25.6601427, 43.7786539], [25.6677299, 43.7731595], [25.6510512, 43.7498034], [25.6600532, 43.7460006], [25.6631193, 43.718213], [25.6786261, 43.7216485], [25.6848506, 43.7128515], [25.6722772, 43.7113555], [25.681674, 43.6977729], [25.671585, 43.6977343], [25.672132, 43.6882492], [25.7290501, 43.6877246], [25.783174, 43.7107732], [25.8186467, 43.7515632], [25.8780721, 43.7762299], [25.948544, 43.856174], [26.0608271, 43.9083641], [26.1036721, 43.9698038], [26.1392898, 43.983845], [26.2253367, 43.9940115], [26.3253091, 44.0329793], [26.3774261, 44.0414212], [26.3580986, 44.108075], [26.3876964, 44.1218708], [26.4190002, 44.1247367], [26.4283456, 44.1449959], [26.4134662, 44.1758013], [26.4207809, 44.1832811], [26.39985, 44.185372], [26.3997768, 44.1974727], [26.4158783, 44.1985922], [26.4010538, 44.2081036], [26.400454, 44.2242065], [26.3613235, 44.2230717], [26.3601732, 44.2419345], [26.3036042, 44.2558535], [26.2834879, 44.281336], [26.2597289, 44.2949128], [26.2495674, 44.294999], [26.2136281, 44.2628652], [26.2039498, 44.2732881], [26.1887061, 44.2512121], [26.195545, 44.248521], [26.1901635, 44.241498], [26.1729756, 44.2503932], [26.1617784, 44.2359691], [26.1453998, 44.2344943], [26.0942489, 44.2529333], [26.0842661, 44.2674305], [26.0537683, 44.2700345], [26.0100373, 44.3010565], [25.9745088, 44.2695227], [26.0014925, 44.3056344], [25.9931396, 44.316782], [25.9720553, 44.327642], [25.966019, 44.3164203], [25.9502884, 44.3166813], [25.9526166, 44.327397], [25.9326837, 44.3360025], [25.9107737, 44.3314304], [25.8859725, 44.3449792], [25.8900538, 44.3579015], [25.8700445, 44.3573999], [25.8688358, 44.3668219], [25.8572037, 44.3724672], [25.8572786, 44.3875601], [25.8254137, 44.3919807], [25.831212, 44.4028122], [25.8696287, 44.4183697], [25.8481181, 44.4303818], [25.8649897, 44.4434134], [25.8525457, 44.4469967], [25.8538339, 44.4669811], [25.8454624, 44.4720168], [25.8567313, 44.4821783], [25.8646294, 44.479444], [25.8707705, 44.458702], [25.8999656, 44.4525672], [25.9153489, 44.4768802], [25.8956196, 44.4853316], [25.9206237, 44.5163322], [25.8907623, 44.540954], [25.8749982, 44.5339141], [25.853589, 44.5388996], [25.8464607, 44.5250931], [25.8445576, 44.5238525], [25.8321043, 44.5417427], [25.8102174, 44.5487713], [25.7786606, 44.5293243], [25.7081202, 44.5443831], [25.6818468, 44.5229518], [25.6838177, 44.5290469], [25.6762891, 44.5253086], [25.646123, 44.5441266], [25.6468015, 44.5535404], [25.6167844, 44.5504398], [25.6010814, 44.5289393], [25.5934389, 44.532135], [25.5892977, 44.5253716], [25.5749113, 44.5379837], [25.5643195, 44.5291001], [25.5419894, 44.5400091], [25.5155567, 44.518898], [25.495707, 44.5196823], [25.4803937, 44.5043333], [25.4994694, 44.4877038], [25.5121722, 44.4876846], [25.4907737, 44.4716648], [25.4976283, 44.4654779], [25.4591727, 44.420866], [25.4255381, 44.3968906]]]}}, {"type": "Feature", "properties": {"name": "Gorj"}, "geometry": {"type": "Polygon", "coordinates": [[[22.5591643, 45.1568715], [22.5789172, 45.1379002], [22.6507628, 45.1277424], [22.6563651, 45.1084822], [22.6896707, 45.100312], [22.7050358, 45.0672966], [22.7267081, 45.0780742], [22.7333413, 45.0752118], [22.7250397, 45.0680072], [22.7375075, 45.068015], [22.7382175, 45.0590113], [22.7682421, 45.0611971], [22.7830737, 45.0458563], [22.8138791, 45.0365283], [22.8313467, 45.0236662], [22.848549, 44.9929611], [22.8999908, 44.9917886], [22.8895541, 44.9767945], [22.8977484, 44.9650675], [22.8699234, 44.9614625], [22.8958817, 44.8850111], [22.8917126, 44.8674307], [22.8971846, 44.8587794], [22.889478, 44.8530889], [22.9087492, 44.8219731], [22.9469595, 44.8071345], [22.9339851, 44.8020714], [22.9416355, 44.7831375], [22.9476168, 44.7793143], [22.961163, 44.7947124], [22.9892225, 44.7832209], [23.0046645, 44.744977], [23.0474559, 44.7339703], [23.0526597, 44.7253816], [23.0627195, 44.7291114], [23.0625497, 44.7115715], [23.110662, 44.6852686], [23.1172289, 44.6879385], [23.1175197, 44.68184], [23.1236057, 44.6874993], [23.144861, 44.6812189], [23.1305609, 44.6880516], [23.1350844, 44.6952778], [23.1457112, 44.6889259], [23.1882844, 44.6952017], [23.1936633, 44.6921325], [23.1855351, 44.6788415], [23.2744662, 44.66879], [23.2881649, 44.6765], [23.3157774, 44.6618367], [23.3196526, 44.6477885], [23.3567399, 44.630028], [23.3934218, 44.6294982], [23.38488, 44.6202663], [23.4127367, 44.6105263], [23.4031218, 44.5911109], [23.4250047, 44.5882995], [23.4241097, 44.5818861], [23.4445056, 44.5768122], [23.4430817, 44.5713342], [23.4636072, 44.568268], [23.4585022, 44.5744046], [23.4673174, 44.5788382], [23.4894305, 44.5787296], [23.4969376, 44.5712109], [23.4942086, 44.5792921], [23.5077328, 44.5833306], [23.5145089, 44.6014734], [23.588842, 44.6151097], [23.6148283, 44.59004], [23.6971267, 44.6020501], [23.7077048, 44.5850926], [23.7199266, 44.627551], [23.7084736, 44.6419714], [23.7144667, 44.6508327], [23.7084358, 44.6603198], [23.7259799, 44.684405], [23.7130048, 44.7113747], [23.7168052, 44.7264501], [23.7805045, 44.7139896], [23.7808408, 44.7593639], [23.7704763, 44.7816214], [23.7959145, 44.8166612], [23.7816713, 44.8382816], [23.7795569, 44.8628472], [23.768519, 44.8649809], [23.7693005, 44.8714875], [23.7534739, 44.8708272], [23.7634483, 44.8852263], [23.7602105, 44.8992975], [23.7696362, 44.9078286], [23.7647011, 44.9252004], [23.7723432, 44.9494263], [23.7549288, 44.9953843], [23.7580906, 45.0056664], [23.7952693, 45.0234068], [23.7825923, 45.0633565], [23.8285085, 45.074665], [23.8282922, 45.0900985], [23.8172251, 45.1019662], [23.8246721, 45.1050864], [23.8232882, 45.1160985], [23.8120075, 45.1254846], [23.8555465, 45.1507583], [23.8398881, 45.1921629], [23.8174894, 45.2076334], [23.7962683, 45.2610146], [23.8441709, 45.3151017], [23.8452175, 45.324971], [23.7968757, 45.353759], [23.7266945, 45.3274451], [23.7085297, 45.3343617], [23.6855808, 45.3280656], [23.6462508, 45.350198], [23.6236653, 45.3338373], [23.5812579, 45.3524866], [23.5391506, 45.3401084], [23.5330837, 45.3299071], [23.4836093, 45.3141997], [23.4722978, 45.3028439], [23.4436809, 45.2975207], [23.4003618, 45.315912], [23.402535, 45.3346582], [23.3775717, 45.3384539], [23.3749174, 45.3318455], [23.3393764, 45.3314369], [23.3268155, 45.3100053], [23.3099625, 45.2999248], [23.2888771, 45.3099132], [23.2344881, 45.3035134], [23.2072895, 45.2773193], [23.1848148, 45.285883], [23.1647088, 45.2793003], [23.1489222, 45.2869653], [23.1453258, 45.2791511], [23.0933192, 45.2912499], [23.0679029, 45.274759], [23.0663121, 45.2649405], [23.0076135, 45.2533972], [22.9961542, 45.2602459], [22.9750686, 45.2541294], [22.9637487, 45.2712987], [22.9560059, 45.2713937], [22.9426087, 45.2383541], [22.9222137, 45.2413497], [22.9556359, 45.2734013], [22.9164607, 45.2793834], [22.8643609, 45.2610682], [22.8578405, 45.2758405], [22.8238811, 45.2851548], [22.8144635, 45.2723911], [22.7848099, 45.2623927], [22.7742902, 45.2701174], [22.7440518, 45.264918], [22.7351927, 45.2534237], [22.6999148, 45.260179], [22.6923566, 45.2512799], [22.6864892, 45.258214], [22.6731508, 45.2403081], [22.6445968, 45.2337169], [22.6463572, 45.2202238], [22.6003829, 45.2052596], [22.5591643, 45.1568715]]]}}, {"type": "Feature", "properties": {"name": "Harghita"}, "geometry": {"type": "Polygon", "coordinates": [[[24.8536863, 46.3479042], [24.869918, 46.3394973], [24.8673637, 46.3258326], [24.8781546, 46.3251957], [24.861438, 46.3112693], [24.8712531, 46.3044912], [24.868191, 46.2989649], [24.8882328, 46.2994654], [24.9092324, 46.2800259], [24.9345161, 46.2730258], [24.9286768, 46.2621971], [24.9386105, 46.258855], [24.933711, 46.2477165], [24.962214, 46.2492795], [24.9596257, 46.2440419], [24.9858837, 46.2370908], [25.004897, 46.2483232], [25.037759, 46.2401093], [25.0697175, 46.2449422], [25.0780032, 46.2407498], [25.0757787, 46.2324509], [25.1063066, 46.2305058], [25.112719, 46.2093863], [25.1375564, 46.181515], [25.1782403, 46.1639207], [25.1900415, 46.1706096], [25.2431192, 46.1413824], [25.2569858, 46.1465715], [25.2661441, 46.1686086], [25.2514248, 46.1772884], [25.2586377, 46.1904629], [25.2734456, 46.187221], [25.266253, 46.1755237], [25.2726983, 46.1708012], [25.3325434, 46.1776532], [25.3735669, 46.1356212], [25.4049004, 46.1326842], [25.4071397, 46.1238675], [25.4493388, 46.124948], [25.4512607, 46.1041043], [25.4670466, 46.106569], [25.4782742, 46.1241068], [25.4789351, 46.1456458], [25.497652, 46.1484214], [25.5089824, 46.1616356], [25.5081752, 46.1881875], [25.5471667, 46.2095819], [25.556608, 46.2078067], [25.5629144, 46.2181368], [25.5748194, 46.2128808], [25.6027303, 46.2415742], [25.6308328, 46.2442912], [25.7000628, 46.2766622], [25.7260013, 46.2745763], [25.734105, 46.2631619], [25.7231727, 46.2558198], [25.7898933, 46.1939545], [25.7917393, 46.1758877], [25.803962, 46.1727921], [25.857204, 46.1196519], [25.9787088, 46.1351286], [25.991737, 46.1252485], [26.0195388, 46.1280165], [26.0382412, 46.1511757], [26.0569341, 46.1597959], [26.1162941, 46.1609723], [26.1314098, 46.1717213], [26.1723645, 46.1603411], [26.1767776, 46.1796895], [26.1877045, 46.1789973], [26.1836336, 46.184932], [26.2070342, 46.1791201], [26.2195701, 46.2060334], [26.2615348, 46.2156112], [26.2541424, 46.2231595], [26.2584707, 46.2315629], [26.2503081, 46.2354532], [26.2640365, 46.2453789], [26.2534204, 46.2773461], [26.2743708, 46.2873506], [26.2722206, 46.2965581], [26.2930882, 46.3343358], [26.2708716, 46.3447989], [26.2356416, 46.3352931], [26.2209061, 46.3143065], [26.156519, 46.3148862], [26.1492676, 46.3290369], [26.1644078, 46.3471249], [26.1659545, 46.3847742], [26.1097592, 46.4005441], [26.0619234, 46.4006992], [26.0564005, 46.4035505], [26.0602399, 46.4133743], [26.0469097, 46.416579], [25.9952629, 46.4067562], [26.0031629, 46.4251952], [25.9869956, 46.4388893], [26.0058317, 46.4448483], [26.0051415, 46.4547904], [26.0170641, 46.4612013], [26.0115996, 46.4692215], [26.0168433, 46.4769713], [26.0070532, 46.4825706], [26.0190417, 46.4923553], [26.0561622, 46.4943328], [26.0746142, 46.4845341], [26.0832306, 46.5124719], [26.0744577, 46.5254859], [26.0574131, 46.526988], [26.0355096, 46.5438498], [26.0391998, 46.555665], [26.0224737, 46.5887538], [25.9984759, 46.6015104], [25.9916637, 46.6214366], [26.0033157, 46.6378518], [26.019434, 46.6343322], [25.9934419, 46.6738271], [25.9727107, 46.6776452], [25.9753937, 46.6972124], [25.8957956, 46.7015269], [25.8838925, 46.6887912], [25.9086032, 46.6548614], [25.8673934, 46.6494324], [25.7959027, 46.7180523], [25.8072105, 46.7373941], [25.7998783, 46.769594], [25.8086251, 46.7857905], [25.8009957, 46.8008606], [25.8074334, 46.8049103], [25.7851659, 46.8127542], [25.7770347, 46.8255822], [25.8048144, 46.8406206], [25.782799, 46.8512045], [25.7794786, 46.8342395], [25.7624528, 46.8412318], [25.7815324, 46.863116], [25.7654031, 46.884466], [25.8014863, 46.9152645], [25.8037235, 46.9290041], [25.8421041, 46.920417], [25.8620029, 46.9234262], [25.8423883, 46.9430061], [25.8387537, 46.9627078], [25.8187805, 46.9768022], [25.8014882, 46.9665438], [25.7897728, 46.9964259], [25.7696733, 47.0162833], [25.769297, 47.0355885], [25.7439653, 47.0518486], [25.7343739, 47.0738475], [25.6302521, 47.0949523], [25.6015992, 47.0773374], [25.5356407, 47.0834617], [25.5303053, 47.1105281], [25.4580141, 47.1443926], [25.4267079, 47.1694835], [25.4251504, 47.183854], [25.3742052, 47.1753274], [25.3584883, 47.1797257], [25.3049099, 47.1650669], [25.2872348, 47.1332327], [25.2956797, 47.1149791], [25.279744, 47.1038523], [25.2461888, 47.0976532], [25.2301479, 47.0739294], [25.233515, 47.0583632], [25.2700799, 47.0306232], [25.2655068, 47.0106545], [25.2890696, 46.9929537], [25.2832639, 46.9779371], [25.2889367, 46.9700858], [25.283368, 46.9534103], [25.2706591, 46.9457524], [25.2622012, 46.9123143], [25.267086, 46.9000639], [25.2773137, 46.8966957], [25.2513092, 46.8411441], [25.2883538, 46.8303827], [25.2792657, 46.8148638], [25.2855337, 46.7974925], [25.3166072, 46.779565], [25.3176636, 46.7689511], [25.2896799, 46.7524382], [25.2611028, 46.7498119], [25.2590556, 46.7275789], [25.2946112, 46.6875128], [25.2806216, 46.6716151], [25.2371716, 46.6695668], [25.2389891, 46.6501267], [25.2227084, 46.6391619], [25.2323689, 46.6340428], [25.2180975, 46.6275278], [25.2184087, 46.6192928], [25.2147147, 46.6260374], [25.1946064, 46.6275234], [25.1792349, 46.5991505], [25.1514193, 46.5844374], [25.1511587, 46.577247], [25.1042663, 46.582268], [25.0755839, 46.5701578], [25.0688243, 46.5554102], [25.0223892, 46.54112], [25.004528, 46.510232], [24.9832458, 46.4955644], [25.0092015, 46.4949947], [25.0247666, 46.4795919], [25.0219173, 46.4690157], [25.0019073, 46.4572828], [24.998287, 46.4654486], [24.9888495, 46.4654545], [24.9918955, 46.4589459], [24.9808769, 46.4440429], [24.9469259, 46.4432878], [24.9500036, 46.4338046], [24.9356982, 46.4208864], [24.9365569, 46.4084212], [24.9599428, 46.4037673], [24.9797107, 46.3850446], [24.9483569, 46.3744581], [24.9085709, 46.3906278], [24.8787047, 46.3837399], [24.8890812, 46.3762555], [24.8817382, 46.3718808], [24.8853045, 46.3640167], [24.8571182, 46.3572565], [24.8536863, 46.3479042]]]}}, {"type": "Feature", "properties": {"name": "Hunedoara"}, "geometry": {"type": "Polygon", "coordinates": [[[22.3360078, 45.994387], [22.3395448, 45.9787682], [22.4188244, 45.9378456], [22.4104264, 45.9071097], [22.3686438, 45.8836071], [22.3860865, 45.8838653], [22.4106114, 45.8545711], [22.4357543, 45.8557728], [22.4621544, 45.847412], [22.4602472, 45.837469], [22.4762713, 45.8380461], [22.4783697, 45.8077896], [22.4701249, 45.8027678], [22.4804444, 45.7868177], [22.500247, 45.7851378], [22.5342418, 45.8014305], [22.5508335, 45.7818857], [22.5490222, 45.7730258], [22.5196981, 45.7512501], [22.4694149, 45.7301087], [22.46859, 45.6937215], [22.4316807, 45.6799116], [22.4264795, 45.6688923], [22.4538814, 45.6604114], [22.4534582, 45.6471509], [22.4743377, 45.6239023], [22.4943739, 45.6181719], [22.5123845, 45.5952982], [22.5444238, 45.5952578], [22.5482111, 45.5809585], [22.5829314, 45.5844669], [22.595473, 45.574657], [22.5929511, 45.5606629], [22.636592, 45.5710856], [22.6410474, 45.5530538], [22.6272217, 45.5360556], [22.6479981, 45.5416604], [22.6526605, 45.5267644], [22.6770351, 45.5158315], [22.6686769, 45.5065809], [22.6897271, 45.4926805], [22.6974902, 45.4623752], [22.7066203, 45.4610006], [22.7042221, 45.4328024], [22.7127721, 45.4156866], [22.6910189, 45.3918265], [22.6565936, 45.3713471], [22.6832505, 45.3315538], [22.6992326, 45.3286569], [22.6923168, 45.3199775], [22.6966101, 45.303136], [22.6773104, 45.282618], [22.6888401, 45.2745479], [22.6855141, 45.2625521], [22.6923566, 45.2512799], [22.6999148, 45.260179], [22.7351927, 45.2534237], [22.7440518, 45.264918], [22.7634419, 45.269321], [22.7848099, 45.2623927], [22.8144635, 45.2723911], [22.8241938, 45.2851646], [22.8578405, 45.2758405], [22.8643609, 45.2610682], [22.9164607, 45.2793834], [22.9556359, 45.2734013], [22.9222137, 45.2413497], [22.9426087, 45.2383541], [22.9560059, 45.2713937], [22.9637487, 45.2712987], [22.9750686, 45.2541294], [22.9961542, 45.2602459], [23.0076135, 45.2533972], [23.0663121, 45.2649405], [23.0679029, 45.274759], [23.0933192, 45.2912499], [23.1453258, 45.2791511], [23.1489222, 45.2869653], [23.1647088, 45.2793003], [23.1848148, 45.285883], [23.2072895, 45.2773193], [23.2344881, 45.3035134], [23.2888771, 45.3099132], [23.3099625, 45.2999248], [23.3268155, 45.3100053], [23.3393764, 45.3314369], [23.3749174, 45.3318455], [23.3800659, 45.3387472], [23.4033901, 45.3338943], [23.4003618, 45.315912], [23.4524709, 45.2984524], [23.5313115, 45.3289869], [23.5391506, 45.3401084], [23.5906473, 45.3530768], [23.5853488, 45.3697004], [23.6016421, 45.3826804], [23.5889373, 45.4099416], [23.5922932, 45.4210346], [23.5761392, 45.4278383], [23.5958075, 45.4530206], [23.5954432, 45.4923396], [23.5367113, 45.5496896], [23.513583, 45.5537617], [23.4995237, 45.5797565], [23.4830034, 45.5736377], [23.4455781, 45.587823], [23.4272951, 45.5843715], [23.4185783, 45.5955974], [23.4255085, 45.6253843], [23.4090623, 45.6338109], [23.3768959, 45.6219351], [23.3698782, 45.6261875], [23.3687678, 45.642643], [23.4220921, 45.6700715], [23.4226543, 45.67873], [23.3821386, 45.6947723], [23.3601668, 45.7178757], [23.3809699, 45.7593343], [23.373604, 45.7728121], [23.3532228, 45.7778349], [23.3477122, 45.78817], [23.3529191, 45.7928398], [23.3238539, 45.8363024], [23.331655, 45.8798093], [23.3033449, 45.8937802], [23.3190643, 45.9077197], [23.337249, 45.9109173], [23.3376972, 45.9180598], [23.2933646, 45.9190571], [23.2650942, 45.9336226], [23.2523432, 45.9693295], [23.2352966, 45.9877925], [23.2389646, 46.0409819], [23.1844426, 46.0270924], [23.1009843, 46.0460302], [23.1026658, 46.0617012], [23.0873171, 46.0664692], [23.089358, 46.076666], [23.0797383, 46.0824036], [23.0894721, 46.1002119], [23.0618489, 46.1057885], [23.0678995, 46.1223382], [23.0552303, 46.1407874], [23.0777467, 46.1497735], [23.0990181, 46.1389189], [23.1037638, 46.15374], [23.0901027, 46.16651], [23.0955369, 46.182309], [23.0694396, 46.1986878], [23.0702407, 46.2072805], [23.0505149, 46.213795], [23.0394469, 46.2080886], [22.9819034, 46.2176644], [22.9475216, 46.2659976], [22.9650667, 46.2823827], [22.9431569, 46.2986035], [22.9356164, 46.3246978], [22.9257244, 46.3305973], [22.8689644, 46.337974], [22.8120351, 46.3260586], [22.7770452, 46.3493272], [22.7487202, 46.3512153], [22.7244467, 46.3337711], [22.6778713, 46.3213612], [22.6803581, 46.2981004], [22.6593277, 46.2690139], [22.6544023, 46.2554509], [22.6617188, 46.248993], [22.6490396, 46.2287969], [22.6246604, 46.2314176], [22.6077399, 46.2187026], [22.5871976, 46.2249127], [22.5837706, 46.2334881], [22.5130302, 46.2246374], [22.4949141, 46.2433947], [22.4688448, 46.2325955], [22.4600474, 46.2239193], [22.4626063, 46.2165333], [22.453456, 46.219821], [22.4367959, 46.2079558], [22.4486141, 46.1927635], [22.4531109, 46.1630573], [22.4671643, 46.1457145], [22.4454304, 46.1159189], [22.431406, 46.1127721], [22.4315416, 46.1063835], [22.411492, 46.1084575], [22.4051625, 46.095112], [22.4294793, 46.0770554], [22.4353171, 46.0491884], [22.4280509, 46.0344541], [22.4403087, 46.029272], [22.4366577, 46.0109632], [22.4047864, 46.0024475], [22.3890076, 46.0088401], [22.383838, 45.995477], [22.3360078, 45.994387]]]}}, {"type": "Feature", "properties": {"name": "Ialomița"}, "geometry": {"type": "Polygon", "coordinates": [[[26.3018455, 44.7688774], [26.3473329, 44.730974], [26.3741753, 44.7204447], [26.3608764, 44.705065], [26.3701916, 44.6984073], [26.3599037, 44.6878022], [26.3414896, 44.6876403], [26.3296863, 44.6787525], [26.3542386, 44.6616161], [26.3592411, 44.637753], [26.3679791, 44.6404362], [26.3757376, 44.6208476], [26.3970967, 44.624593], [26.4011302, 44.612241], [26.3726392, 44.5906206], [26.3815951, 44.5849906], [26.360622, 44.5676168], [26.3677845, 44.5653072], [26.3372041, 44.5475104], [26.367128, 44.5269206], [26.3911438, 44.5390863], [26.4128136, 44.5227035], [26.4284874, 44.5215718], [26.4673858, 44.5471995], [26.4390207, 44.5486527], [26.4452996, 44.5629131], [26.4665726, 44.5635667], [26.4798588, 44.5765014], [26.4963536, 44.5714739], [26.4915913, 44.5623188], [26.5220903, 44.5581136], [26.5629085, 44.5266027], [26.5993665, 44.5230653], [26.5882143, 44.5123962], [26.5952839, 44.5110581], [26.6107834, 44.5223487], [26.6037395, 44.5324438], [26.618486, 44.5275674], [26.6145078, 44.5353834], [26.6210802, 44.5431232], [26.6412942, 44.5316538], [26.6446872, 44.5361239], [26.6355666, 44.5408603], [26.6649969, 44.5955353], [26.683832, 44.5910484], [26.673314, 44.5725208], [26.680169, 44.5628064], [26.7259811, 44.5590097], [26.7227169, 44.5376796], [26.7541252, 44.5280561], [26.7603377, 44.5499663], [26.7869589, 44.5417973], [26.7792871, 44.5214047], [26.7701368, 44.5177911], [26.7963054, 44.5110179], [26.8106349, 44.5224381], [26.8233819, 44.5115427], [26.8299162, 44.5275529], [26.8502338, 44.5245562], [26.8441283, 44.515303], [26.8755132, 44.5175692], [26.8813798, 44.5280061], [26.8975405, 44.5230857], [26.8927281, 44.5159231], [27.0035721, 44.5289611], [27.0036882, 44.5087754], [27.0916844, 44.5084589], [27.0918202, 44.4852982], [27.1355206, 44.4830217], [27.1398779, 44.5009246], [27.2061987, 44.4838393], [27.2057881, 44.5157651], [27.2313389, 44.5073243], [27.2278948, 44.4934324], [27.262964, 44.4891399], [27.2678305, 44.5062599], [27.2903106, 44.5038228], [27.2874649, 44.4897048], [27.3456201, 44.4859444], [27.3521922, 44.5172943], [27.3701985, 44.5162908], [27.3697517, 44.5061506], [27.3901046, 44.5059181], [27.3884998, 44.4962336], [27.5185389, 44.4971486], [27.5252686, 44.5438107], [27.5456586, 44.5421158], [27.5463988, 44.5620171], [27.5586249, 44.5611119], [27.5719815, 44.559077], [27.5702272, 44.4678099], [27.6391209, 44.4707093], [27.6494417, 44.4649947], [27.6485213, 44.4508205], [27.6594228, 44.4461342], [27.6543137, 44.4209274], [27.7316981, 44.4190337], [27.7336323, 44.40621], [27.7698893, 44.3948314], [27.7456581, 44.3819687], [27.7564357, 44.3536558], [27.7719069, 44.344347], [27.7891262, 44.3551305], [27.7996524, 44.3384319], [27.8133799, 44.334138], [27.8347579, 44.3473072], [27.8550825, 44.3801135], [28.0174555, 44.3403042], [28.0254546, 44.3648765], [28.0432233, 44.3847583], [28.1088233, 44.4394867], [28.0875911, 44.4917018], [28.0528159, 44.5092886], [28.0367276, 44.5448948], [28.0130575, 44.5715544], [28.0143285, 44.5862892], [28.0332759, 44.612961], [28.0317751, 44.6252973], [27.9582389, 44.6801905], [27.9313306, 44.6796189], [27.9153437, 44.694584], [27.8803045, 44.7089518], [27.8713085, 44.7310965], [27.8810998, 44.7656067], [27.87124, 44.7750156], [27.82575, 44.783388], [27.8205339, 44.7974051], [27.8264923, 44.8200191], [27.7885581, 44.818774], [27.7755938, 44.8049636], [27.728294, 44.8017248], [27.7254581, 44.7940792], [27.7436542, 44.7884143], [27.7441691, 44.7792154], [27.7231406, 44.7778141], [27.7219077, 44.7650506], [27.5287557, 44.7886351], [27.5215673, 44.7889092], [27.5268459, 44.7740136], [27.5031313, 44.774428], [27.5033068, 44.7800531], [27.4780182, 44.775209], [27.436798, 44.7989589], [27.4077629, 44.7730172], [27.3915961, 44.7833705], [27.3819645, 44.7746838], [27.3411231, 44.802613], [27.3096022, 44.7747013], [27.2886064, 44.7857781], [27.2576279, 44.7496852], [27.2215682, 44.775307], [27.2235811, 44.7826008], [27.1556105, 44.7887925], [27.1481852, 44.7679121], [27.1874678, 44.7512927], [27.1792449, 44.7352809], [27.1373785, 44.741689], [27.1340659, 44.7355246], [27.0979241, 44.7448512], [27.1109377, 44.7819895], [27.0565681, 44.7967757], [27.0079828, 44.8244768], [26.9732781, 44.7882922], [26.8783908, 44.8202557], [26.8658097, 44.8060807], [26.8464589, 44.8149467], [26.8304269, 44.7976757], [26.8168486, 44.8040805], [26.8102039, 44.7953414], [26.7765945, 44.8151116], [26.718743, 44.8091827], [26.7139821, 44.8195191], [26.6786976, 44.8087824], [26.6448337, 44.8230036], [26.6309579, 44.8135948], [26.6055794, 44.8569966], [26.5253398, 44.8269238], [26.5332212, 44.8204819], [26.4935376, 44.7908343], [26.4531624, 44.8109107], [26.3852353, 44.7617139], [26.3706492, 44.7625946], [26.369979, 44.7711547], [26.3568424, 44.7683363], [26.3624854, 44.7806447], [26.3441804, 44.777645], [26.3484987, 44.7839719], [26.3375528, 44.7932932], [26.335027, 44.7847209], [26.3227624, 44.7842863], [26.3285508, 44.7902548], [26.3220334, 44.7909129], [26.3018455, 44.7688774]]]}}, {"type": "Feature", "properties": {"name": "Iași"}, "geometry": {"type": "Polygon", "coordinates": [[[26.4929859, 47.392342], [26.5088593, 47.363133], [26.4988033, 47.3618507], [26.496988, 47.3499179], [26.5108903, 47.3352647], [26.5212874, 47.3402044], [26.5412764, 47.3153929], [26.5502276, 47.3179367], [26.5505237, 47.3098576], [26.5635357, 47.3150801], [26.5742157, 47.3064172], [26.5628962, 47.2924225], [26.5462918, 47.3008436], [26.5078053, 47.2717099], [26.5658288, 47.2347329], [26.5741688, 47.218539], [26.5987771, 47.2030454], [26.5905413, 47.1990137], [26.6093073, 47.1969954], [26.6158847, 47.1837885], [26.6022028, 47.1729882], [26.6106823, 47.1681463], [26.6000098, 47.1546728], [26.6136894, 47.146508], [26.6116003, 47.1351674], [26.6226002, 47.1321538], [26.6145992, 47.1095601], [26.6344633, 47.0926279], [26.682765, 47.112435], [26.7254295, 47.0851383], [26.7595831, 47.0978405], [26.8122752, 47.0674374], [26.8196089, 47.0421134], [26.8324447, 47.0373875], [26.8781387, 47.057664], [26.8852626, 47.0517722], [26.8715137, 47.0460352], [26.8886403, 47.0457476], [26.9025508, 47.0279818], [26.9599071, 47.0450195], [26.959363, 47.0602253], [26.9717695, 47.0618981], [26.9709285, 47.077263], [26.9833763, 47.0793171], [27.0026603, 47.0395888], [27.0224592, 47.0334574], [27.036553, 47.0419442], [27.035429, 47.049959], [27.0252141, 47.050784], [27.0253932, 47.0526305], [27.052229, 47.0635203], [27.0603974, 47.0849444], [27.0975718, 47.0920124], [27.1560251, 47.082676], [27.1830537, 47.0614489], [27.1856403, 47.0497121], [27.1769343, 47.0401703], [27.1864285, 47.0300142], [27.2358613, 47.014186], [27.2436084, 46.992902], [27.2170193, 46.9739191], [27.1803259, 46.9888907], [27.1656654, 46.9728512], [27.1710223, 46.9709604], [27.1478819, 46.9582018], [27.1338528, 46.9634548], [27.1219544, 46.9506238], [27.1727303, 46.9246298], [27.2029928, 46.8952319], [27.19341, 46.8878602], [27.2232871, 46.8780256], [27.2263172, 46.8680595], [27.2485067, 46.8761743], [27.2512537, 46.8676051], [27.2847621, 46.8759263], [27.2949716, 46.8673728], [27.3218678, 46.8642137], [27.3725251, 46.8922482], [27.3981148, 46.893633], [27.4020737, 46.8759035], [27.4171186, 46.8745965], [27.424539, 46.8625169], [27.4547647, 46.8693555], [27.4599303, 46.8623535], [27.4717278, 46.8711671], [27.4755176, 46.866375], [27.4895822, 46.8696371], [27.486455, 46.8750956], [27.5330782, 46.8821151], [27.5218308, 46.8913653], [27.5199664, 46.9145374], [27.5318762, 46.9160025], [27.5473027, 46.9143217], [27.5683038, 46.8774683], [27.5709889, 46.8889141], [27.5889661, 46.887283], [27.5840862, 46.8799499], [27.5912057, 46.8788958], [27.6068717, 46.8933832], [27.6439404, 46.8964048], [27.6305152, 46.9219485], [27.6162348, 46.9249919], [27.6181644, 46.9394836], [27.6076164, 46.9464804], [27.6167598, 46.950032], [27.6063447, 46.9572425], [27.6213566, 46.9916835], [27.6376446, 46.9771688], [27.6600158, 46.9736243], [27.6936686, 46.937147], [27.705382, 46.940089], [27.7247017, 46.9199955], [27.7329698, 46.9222693], [27.7685424, 46.8762653], [27.7859341, 46.8827009], [27.7916997, 46.8743161], [27.7706441, 46.9471707], [27.7876293, 46.9464518], [27.7958275, 46.9274834], [27.8118663, 46.9343606], [27.8140578, 46.8808949], [27.7970418, 46.8601632], [27.8296601, 46.8534976], [27.8329087, 46.8634515], [27.8459047, 46.865538], [27.8722308, 46.8583647], [27.8695423, 46.8399443], [27.8859263, 46.8238953], [27.8802105, 46.8434444], [27.8892138, 46.8381975], [27.8950301, 46.816466], [27.888289, 46.8137426], [27.8951894, 46.8072454], [27.920329, 46.8106045], [27.9194134, 46.8220089], [27.9438322, 46.8225118], [27.9352737, 46.8323787], [27.9411595, 46.8376634], [27.9281447, 46.8398331], [27.9404397, 46.8446573], [27.9214592, 46.8631612], [27.9282831, 46.8664135], [27.9420103, 46.8551824], [27.9797982, 46.8573409], [27.9902267, 46.8384155], [28.0146843, 46.8338036], [28.0703067, 46.8521992], [28.0838613, 46.8452231], [28.1075593, 46.8472216], [28.1071027, 46.84034], [28.1147118, 46.8376187], [28.1083503, 46.8438879], [28.1274762, 46.852348], [28.1175698, 46.8534183], [28.1234614, 46.8566302], [28.1074646, 46.86587], [28.1118428, 46.869693], [28.0982644, 46.8704963], [28.1188287, 46.8777298], [28.112024, 46.8946408], [28.1078818, 46.8890534], [28.083055, 46.9020458], [28.1125928, 46.9211711], [28.0960219, 46.928422], [28.1060821, 46.9283239], [28.1027699, 46.932672], [28.084072, 46.934012], [28.0809642, 46.9373256], [28.0965204, 46.94107], [28.0971265, 46.9500082], [28.0896791, 46.94784], [28.0937614, 46.9563754], [28.078327, 46.9628091], [28.096242, 46.9784822], [28.0320277, 47.0115115], [28.0424756, 47.0192696], [28.0538238, 47.0139651], [28.0485592, 47.0247348], [28.0421596, 47.0201054], [28.0286553, 47.0304415], [28.0170446, 47.0230655], [27.9730516, 47.044481], [27.9598193, 47.0410219], [27.964162, 47.0492376], [27.9440776, 47.0504904], [27.958763, 47.05744], [27.9165244, 47.0668304], [27.9057479, 47.0768137], [27.8975666, 47.0733843], [27.8932122, 47.0870789], [27.8797502, 47.091834], [27.8836954, 47.0989419], [27.8668907, 47.1027199], [27.8748453, 47.1079062], [27.8604954, 47.1033562], [27.8566422, 47.1126178], [27.82947, 47.1177511], [27.8258617, 47.1227529], [27.8382954, 47.1299949], [27.8509522, 47.1250929], [27.8425869, 47.1356355], [27.7812675, 47.1423706], [27.7999274, 47.1419415], [27.7842268, 47.1496911], [27.8008989, 47.1516732], [27.81126, 47.1656525], [27.7963023, 47.1706984], [27.8037654, 47.1883103], [27.7867419, 47.1901875], [27.7901104, 47.2077478], [27.7769442, 47.2045877], [27.7865174, 47.2178357], [27.7699789, 47.2211642], [27.7746586, 47.2309515], [27.7553484, 47.2302188], [27.7593311, 47.2399077], [27.7459171, 47.2416311], [27.7568453, 47.2505141], [27.7423631, 47.256928], [27.7587179, 47.2575638], [27.7451852, 47.264006], [27.748257, 47.2762478], [27.737767, 47.2756548], [27.7322679, 47.2926583], [27.7050494, 47.3001278], [27.7062652, 47.2895543], [27.6909365, 47.2919555], [27.6861213, 47.2842621], [27.6792277, 47.3094745], [27.6737193, 47.2992838], [27.6630101, 47.3082826], [27.6464765, 47.3069671], [27.6464717, 47.2994575], [27.6329906, 47.3029963], [27.6384339, 47.3113504], [27.6281998, 47.3098457], [27.621991, 47.326008], [27.6060243, 47.3169689], [27.6107955, 47.3256198], [27.6041377, 47.3286273], [27.5999403, 47.3170705], [27.5923415, 47.3213818], [27.5957283, 47.3268639], [27.5809283, 47.3278297], [27.6001356, 47.3287769], [27.6151742, 47.3401217], [27.6051083, 47.3392312], [27.6056808, 47.3497184], [27.5949997, 47.3473099], [27.5966917, 47.3724996], [27.5886011, 47.3647805], [27.5731794, 47.3687925], [27.5828516, 47.3789527], [27.5687254, 47.3738089], [27.5689968, 47.393845], [27.5815416, 47.3982515], [27.5845338, 47.4083184], [27.5758934, 47.4083647], [27.5706926, 47.4248131], [27.5565896, 47.4253905], [27.5525409, 47.4333359], [27.5607483, 47.4378035], [27.5577265, 47.4472615], [27.5702359, 47.4499561], [27.5731884, 47.4629681], [27.5594437, 47.4634218], [27.5382054, 47.4890226], [27.5314486, 47.4849283], [27.5370651, 47.4787216], [27.5217293, 47.4823705], [27.516315, 47.4737069], [27.5163531, 47.4908044], [27.5067522, 47.4782225], [27.4920734, 47.4810787], [27.4934646, 47.4887213], [27.474917, 47.4851887], [27.4543449, 47.507438], [27.4561374, 47.5187162], [27.4677467, 47.5264177], [27.4509989, 47.5222039], [27.4440837, 47.5309734], [27.4565865, 47.5365373], [27.4308321, 47.5441071], [27.4401796, 47.5488088], [27.4239808, 47.5539299], [27.4328852, 47.5622792], [27.4185349, 47.5649922], [27.4267602, 47.5836519], [27.3912556, 47.5894225], [27.3283972, 47.572257], [27.3010637, 47.5760092], [27.3055823, 47.5718698], [27.2949549, 47.5669614], [27.2879913, 47.5739716], [27.2817201, 47.5681723], [27.2635902, 47.5712032], [27.2465655, 47.5564603], [27.2541375, 47.5526275], [27.2463383, 47.542695], [27.2591003, 47.5290733], [27.2246984, 47.5223473], [27.2295141, 47.514984], [27.2232403, 47.51308], [27.2172213, 47.5207774], [27.1795822, 47.5173615], [27.1590658, 47.5352061], [27.1496587, 47.5291907], [27.1444824, 47.5417385], [27.1000406, 47.5479235], [27.072542, 47.512821], [27.0822539, 47.4643871], [27.0491611, 47.4662154], [27.0419018, 47.4382597], [27.0224048, 47.461326], [27.0052607, 47.4665081], [27.0165905, 47.4691205], [27.0067886, 47.4855134], [27.0083887, 47.4754601], [26.9773655, 47.496221], [26.8791401, 47.491637], [26.8377048, 47.4972517], [26.8177977, 47.5080132], [26.7879049, 47.499864], [26.7162386, 47.5153193], [26.6985146, 47.509551], [26.7040764, 47.4993926], [26.6975375, 47.4928915], [26.7268414, 47.4728837], [26.7005901, 47.4717288], [26.6950837, 47.4594735], [26.680272, 47.4570742], [26.6803964, 47.4397842], [26.7034063, 47.4088486], [26.6959748, 47.4008137], [26.6888502, 47.4141481], [26.6795175, 47.413377], [26.6439737, 47.3987903], [26.6766356, 47.3789814], [26.6773705, 47.372486], [26.6632202, 47.3677914], [26.6798846, 47.3681213], [26.681244, 47.3613995], [26.6096353, 47.355325], [26.599345, 47.3673581], [26.5705654, 47.3762766], [26.5708957, 47.3894257], [26.5329296, 47.3897956], [26.5274632, 47.4046404], [26.4929859, 47.392342]]]}}, {"type": "Feature", "properties": {"name": "Ilfov"}, "geometry": {"type": "Polygon", "coordinates": [[[25.8244233, 44.3979625], [25.8275476, 44.3898962], [25.8572786, 44.3875601], [25.8572037, 44.3724672], [25.8688358, 44.3668219], [25.8700445, 44.3573999], [25.8900538, 44.3579015], [25.8859725, 44.3449792], [25.9107737, 44.3314304], [25.9326837, 44.3360025], [25.9526166, 44.327397], [25.9502884, 44.3166813], [25.966019, 44.3164203], [25.9720553, 44.327642], [25.9931396, 44.316782], [26.0014925, 44.3056344], [25.9768088, 44.2683721], [26.0100373, 44.3010565], [26.0537683, 44.2700345], [26.0842661, 44.2674305], [26.1059622, 44.2470966], [26.1453998, 44.2344943], [26.1617784, 44.2359691], [26.1729756, 44.2503932], [26.1901635, 44.241498], [26.195545, 44.248521], [26.1887061, 44.2512121], [26.2039498, 44.2732881], [26.2136281, 44.2628652], [26.2495674, 44.294999], [26.2597289, 44.2949128], [26.2541508, 44.2982], [26.2758, 44.3172181], [26.2525195, 44.3302381], [26.2803593, 44.3489434], [26.305908, 44.3508351], [26.3311682, 44.3718016], [26.3145074, 44.3720006], [26.3128649, 44.3902108], [26.2989274, 44.3900628], [26.29833, 44.3990333], [26.2878047, 44.3986557], [26.2868276, 44.4051472], [26.2600574, 44.4092479], [26.2889167, 44.4173176], [26.30188, 44.4133402], [26.3265971, 44.3845117], [26.332775, 44.3890563], [26.3232289, 44.3961091], [26.3469002, 44.3989867], [26.3506527, 44.4106555], [26.3755995, 44.4218585], [26.4007768, 44.4197701], [26.4014621, 44.438411], [26.4414619, 44.4377073], [26.4584682, 44.4589674], [26.3953887, 44.4571943], [26.3947451, 44.4657301], [26.3816254, 44.4647061], [26.3767693, 44.4772393], [26.360571, 44.4861009], [26.3980162, 44.5111857], [26.4066035, 44.5073399], [26.4150559, 44.526156], [26.3907118, 44.5391212], [26.367128, 44.5269206], [26.3372041, 44.5475104], [26.3677845, 44.5653072], [26.360622, 44.5676168], [26.3815951, 44.5849906], [26.3726392, 44.5906206], [26.4012946, 44.6107936], [26.3970967, 44.624593], [26.3757376, 44.6208476], [26.3679791, 44.6404362], [26.3592411, 44.637753], [26.3542386, 44.6616161], [26.3296863, 44.6787525], [26.3414896, 44.6876403], [26.3599037, 44.6878022], [26.3701916, 44.6984073], [26.3608764, 44.705065], [26.3741753, 44.7204447], [26.3473329, 44.730974], [26.3017821, 44.7689265], [26.2738416, 44.7689023], [26.2719628, 44.756016], [26.2580325, 44.7570536], [26.2562964, 44.7422961], [26.2483489, 44.7380239], [26.183892, 44.7578449], [26.1739377, 44.7490431], [26.1398224, 44.7593532], [26.1423309, 44.7528503], [26.1254886, 44.7510437], [26.1019369, 44.7669326], [26.088805, 44.7602286], [26.0989338, 44.7398736], [26.0702264, 44.75133], [26.0501072, 44.7339756], [26.0435552, 44.7442427], [26.0111932, 44.7435675], [26.0004676, 44.7351298], [25.9877029, 44.7465246], [25.9746562, 44.7365377], [25.9660612, 44.7379643], [25.9693522, 44.7484011], [25.961385, 44.7488582], [25.9598767, 44.738812], [25.973009, 44.7278397], [25.9747485, 44.6999455], [25.991749, 44.6994041], [25.9839266, 44.6866597], [25.9581194, 44.6839407], [25.9853778, 44.6733597], [25.9741408, 44.6706878], [25.9821584, 44.664566], [25.9594965, 44.654459], [25.9423899, 44.6573379], [25.9393433, 44.6457116], [25.9801008, 44.6299885], [25.9920153, 44.6123143], [25.9295767, 44.5716733], [25.8798121, 44.5535423], [25.9205312, 44.5165608], [25.8956196, 44.4853316], [25.9153489, 44.4768802], [25.8999656, 44.4525672], [25.8707705, 44.458702], [25.870068, 44.4754836], [25.8567313, 44.4821783], [25.8430164, 44.4694094], [25.8538339, 44.4669811], [25.8525457, 44.4469967], [25.8649897, 44.4434134], [25.8481181, 44.4303818], [25.8696287, 44.4183697], [25.8244233, 44.3979625]], [[25.9666745, 44.4407414], [26.019251, 44.4460126], [26.0133841, 44.4580187], [25.9761319, 44.4656073], [25.9878453, 44.492107], [25.983276, 44.4980384], [26.0064463, 44.4996975], [26.0085778, 44.514806], [26.0253479, 44.5201409], [26.0240187, 44.5259086], [26.0335258, 44.5235548], [26.0730251, 44.5413832], [26.1007373, 44.5413964], [26.1106488, 44.4907322], [26.1848972, 44.4791121], [26.1562802, 44.4549929], [26.1768039, 44.4538814], [26.1752157, 44.4446142], [26.1940499, 44.4467303], [26.2090314, 44.4335541], [26.2255768, 44.4324077], [26.2180856, 44.4074916], [26.2085013, 44.4051466], [26.2121336, 44.3950713], [26.1619313, 44.3983101], [26.1570388, 44.3918436], [26.1428446, 44.3694542], [26.1668033, 44.3436442], [26.1519506, 44.3342466], [26.1135888, 44.3656117], [26.0990819, 44.3675712], [26.0954708, 44.3599713], [26.0753265, 44.3719929], [26.0769713, 44.3780806], [26.0457571, 44.3749876], [26.0108775, 44.4057668], [25.9762948, 44.4063859], [25.9666745, 44.4407414]]]}}, {"type": "Feature", "properties": {"name": "Maramureș"}, "geometry": {"type": "Polygon", "coordinates": [[[22.9614811, 47.4784724], [22.9709756, 47.4764503], [22.9716824, 47.4671344], [22.9840464, 47.4692755], [22.9834117, 47.4606278], [22.9653396, 47.4556673], [22.9642252, 47.4393678], [23.0168937, 47.4329592], [23.032349, 47.4144724], [23.0439182, 47.4120622], [23.0356757, 47.4173072], [23.0439003, 47.4330092], [23.0609684, 47.4412616], [23.1347946, 47.4444631], [23.1590358, 47.4380827], [23.1835815, 47.4590547], [23.2205914, 47.4331469], [23.2251073, 47.4398667], [23.2453396, 47.4392403], [23.2592257, 47.4279009], [23.311549, 47.4238866], [23.3362407, 47.4119028], [23.3598849, 47.417906], [23.3621131, 47.4001235], [23.3771899, 47.3880289], [23.3970887, 47.3918511], [23.4816466, 47.3777146], [23.5032485, 47.362902], [23.5387144, 47.3696111], [23.5790376, 47.3622315], [23.5844135, 47.3720679], [23.6082931, 47.3748696], [23.6118468, 47.3884179], [23.6314722, 47.3960332], [23.6657548, 47.3816636], [23.6667413, 47.3664808], [23.6805195, 47.3551238], [23.7123536, 47.3522156], [23.6997427, 47.3473456], [23.7106063, 47.3308901], [23.7450128, 47.3206191], [23.7612296, 47.3265705], [23.7645438, 47.3371954], [23.8243996, 47.344813], [23.841392, 47.3400203], [23.8312938, 47.3466081], [23.8469256, 47.3724601], [23.8667565, 47.3702564], [23.8698721, 47.3802138], [23.8722868, 47.3708792], [23.898159, 47.3544212], [23.9251938, 47.3523565], [23.9697582, 47.3656828], [23.9993864, 47.3581049], [23.9943324, 47.3650291], [24.0327846, 47.3621806], [24.0378161, 47.3740697], [24.0608368, 47.3776479], [24.0763184, 47.40276], [24.073024, 47.4102119], [24.1242367, 47.4377974], [24.1180285, 47.4472697], [24.1266224, 47.4582719], [24.1189505, 47.4604584], [24.1299828, 47.4656068], [24.1224508, 47.4747281], [24.1284689, 47.4794443], [24.1176011, 47.4828772], [24.1266867, 47.4993937], [24.1414042, 47.4875445], [24.1536279, 47.4948173], [24.1534335, 47.5027501], [24.1668789, 47.5056887], [24.1975492, 47.506319], [24.2052189, 47.497963], [24.2410582, 47.5004497], [24.2523915, 47.5188498], [24.267842, 47.517522], [24.279395, 47.5441664], [24.3019516, 47.5582202], [24.3032111, 47.5791095], [24.34271, 47.5653701], [24.3609056, 47.5747339], [24.3865316, 47.6083636], [24.438218, 47.5906409], [24.4564169, 47.5953481], [24.5527747, 47.5735279], [24.5656467, 47.5626629], [24.6318973, 47.5758158], [24.6521479, 47.5675179], [24.6595968, 47.5539854], [24.6912423, 47.558545], [24.7254051, 47.5759249], [24.7552918, 47.57127], [24.7874248, 47.5769889], [24.8072571, 47.5666687], [24.8294275, 47.5968426], [24.8608432, 47.5913252], [24.899122, 47.603027], [24.9594429, 47.5963642], [24.9585699, 47.6151908], [24.9750066, 47.6138196], [25.0564361, 47.6475586], [25.0515882, 47.6587632], [25.0221623, 47.6663936], [24.9783403, 47.6975206], [24.9522645, 47.7055362], [24.9470987, 47.7292267], [24.8831486, 47.7243679], [24.8783617, 47.7526555], [24.8362408, 47.7796892], [24.8353053, 47.7957201], [24.821658, 47.8060793], [24.82773, 47.82074], [24.7839738, 47.8234207], [24.7781911, 47.8368817], [24.7653348, 47.8394526], [24.7528121, 47.8297531], [24.7344891, 47.8439284], [24.7060689, 47.8399448], [24.7023133, 47.8526506], [24.6707318, 47.865451], [24.6657523, 47.8764248], [24.6739196, 47.8963961], [24.6526441, 47.9106676], [24.6516714, 47.9191557], [24.635075, 47.9245072], [24.628475, 47.9480106], [24.5970154, 47.9461889], [24.5790396, 47.9672027], [24.5630419, 47.9687656], [24.552554, 47.9585476], [24.5264376, 47.9611798], [24.507589, 47.951848], [24.436135, 47.9703831], [24.3940262, 47.9541907], [24.3816838, 47.9265068], [24.3491371, 47.9151885], [24.3249358, 47.9260139], [24.2979597, 47.9113621], [24.221271, 47.896894], [24.19533, 47.91687], [24.1126028, 47.9147512], [24.0978567, 47.9370423], [24.0619624, 47.9536066], [24.0323093, 47.9490832], [24.0078958, 47.9675026], [23.9800192, 47.9600423], [23.9766242, 47.9681135], [23.9498322, 47.962741], [23.9394605, 47.9475006], [23.8831106, 47.9438145], [23.8647133, 47.9316846], [23.8450581, 47.9422721], [23.8409497, 47.959065], [23.8191132, 47.9832191], [23.7703362, 47.9951189], [23.7572346, 47.991879], [23.7511867, 47.998354], [23.665664, 47.9835135], [23.6389336, 48.0020865], [23.6143573, 48.0087496], [23.5669827, 48.0028614], [23.5404181, 48.010493], [23.5297268, 48.0217884], [23.52173, 47.99669], [23.50422, 47.97146], [23.4936132, 47.9678237], [23.5426315, 47.9413698], [23.5644454, 47.9435591], [23.5880182, 47.900599], [23.6117234, 47.8985796], [23.6132197, 47.8898062], [23.6278263, 47.8862152], [23.6386217, 47.8703095], [23.6349206, 47.8578357], [23.6097081, 47.845246], [23.6083255, 47.8511204], [23.5953774, 47.8498511], [23.5743014, 47.836429], [23.5746124, 47.8236595], [23.5611674, 47.8152037], [23.560536, 47.8041999], [23.4769678, 47.7814863], [23.4511542, 47.7617902], [23.3903165, 47.7797308], [23.311519, 47.7747852], [23.301365, 47.7898983], [23.2618428, 47.7973334], [23.2601667, 47.7893321], [23.2248321, 47.7664042], [23.2354542, 47.7656111], [23.2297515, 47.7639103], [23.2359665, 47.7548856], [23.2301049, 47.7391613], [23.2424418, 47.7235846], [23.291796, 47.7276211], [23.3050535, 47.7122838], [23.3272783, 47.7084769], [23.3406147, 47.715006], [23.3428791, 47.7069042], [23.3627524, 47.699848], [23.3640728, 47.6860853], [23.3801125, 47.6899445], [23.3871324, 47.6839477], [23.3633476, 47.6654045], [23.3582088, 47.6740443], [23.353168, 47.6720928], [23.351807, 47.6621232], [23.3343523, 47.6524891], [23.3399843, 47.6437888], [23.3140995, 47.6378267], [23.3038673, 47.6272406], [23.2875825, 47.6301887], [23.279367, 47.611356], [23.2887394, 47.6006048], [23.2864223, 47.580951], [23.2594094, 47.57993], [23.257416, 47.5503378], [23.2336419, 47.5504321], [23.2125325, 47.5634792], [23.2115008, 47.5707271], [23.1869357, 47.5810802], [23.1905072, 47.5867697], [23.1669874, 47.5935551], [23.1404489, 47.6240551], [23.0611251, 47.5667018], [23.0420727, 47.5078548], [23.0464387, 47.4878252], [22.9941233, 47.4935377], [22.9869778, 47.48344], [22.9632488, 47.4864618], [22.9614811, 47.4784724]]]}}, {"type": "Feature", "properties": {"name": "Mehedinți"}, "geometry": {"type": "Polygon", "coordinates": [[[22.0161387, 44.5991717], [22.0279331, 44.5842778], [22.0256236, 44.5642414], [22.0371884, 44.5418795], [22.0707041, 44.5234015], [22.0840455, 44.4999027], [22.1423137, 44.4703727], [22.1870788, 44.4849817], [22.1936938, 44.5079182], [22.2302441, 44.5613745], [22.2642588, 44.5957704], [22.2746405, 44.625895], [22.3002743, 44.6390143], [22.3084322, 44.6586922], [22.333999, 44.676128], [22.3794745, 44.6749739], [22.4307586, 44.7101734], [22.4638542, 44.7152413], [22.48341, 44.7082148], [22.5670749, 44.6385989], [22.6134012, 44.6172141], [22.6745408, 44.6188423], [22.6856589, 44.6070712], [22.7059779, 44.6032263], [22.7543853, 44.5650347], [22.7634787, 44.5404795], [22.6955697, 44.5166349], [22.6274093, 44.5504439], [22.5859953, 44.5497441], [22.5642845, 44.5355571], [22.560695, 44.5043085], [22.5482365, 44.4812542], [22.5214166, 44.4718468], [22.4769669, 44.4804633], [22.4612117, 44.4766828], [22.4574143, 44.4674703], [22.467277, 44.4410267], [22.4998815, 44.4201246], [22.5024505, 44.3838687], [22.5247187, 44.3390462], [22.5578713, 44.3090019], [22.6501162, 44.2918279], [22.6792522, 44.2781406], [22.6854881, 44.2584183], [22.6723592, 44.2193325], [22.6875756, 44.206257], [22.7574287, 44.1898812], [22.7985561, 44.159356], [22.8709388, 44.1330731], [22.9183066, 44.1022637], [22.9586363, 44.0959381], [22.9672244, 44.0967889], [22.9787046, 44.1191376], [23.004616, 44.1396506], [23.005309, 44.1580499], [23.1098744, 44.1501682], [23.1178438, 44.1895052], [23.0951136, 44.1992251], [23.1121244, 44.2173752], [23.0941751, 44.2227034], [23.09356, 44.261906], [23.1082809, 44.2625157], [23.123962, 44.3012896], [23.118758, 44.3030553], [23.1311301, 44.3162832], [23.1761721, 44.3244359], [23.1932843, 44.3526574], [23.1888695, 44.3673818], [23.2181832, 44.3756537], [23.2173975, 44.3865157], [23.1663815, 44.412136], [23.1782634, 44.4242219], [23.1971854, 44.4137723], [23.2051779, 44.4360585], [23.2222398, 44.4360854], [23.1963251, 44.4519918], [23.1998203, 44.4680163], [23.2488421, 44.4803113], [23.2445352, 44.4968055], [23.2794704, 44.5015331], [23.2838049, 44.5160314], [23.2570027, 44.5202104], [23.2538621, 44.5298839], [23.316642, 44.5399739], [23.3368001, 44.5236679], [23.3704149, 44.5444227], [23.4156015, 44.5269261], [23.4353435, 44.5399372], [23.4283239, 44.5425581], [23.4521669, 44.5526176], [23.4550416, 44.5695655], [23.4256176, 44.5808854], [23.4250047, 44.5882995], [23.4031218, 44.5911109], [23.4127367, 44.6105263], [23.38488, 44.6202663], [23.3934218, 44.6294982], [23.3567399, 44.630028], [23.3196526, 44.6477885], [23.3157774, 44.6618367], [23.2885, 44.6763827], [23.2744662, 44.66879], [23.1855351, 44.6788415], [23.1936633, 44.6921325], [23.1882844, 44.6952017], [23.1457112, 44.6889259], [23.1350844, 44.6952778], [23.1305609, 44.6880516], [23.144861, 44.6812189], [23.1236057, 44.6874993], [23.1175197, 44.68184], [23.1172289, 44.6879385], [23.110662, 44.6852686], [23.0625497, 44.7115715], [23.0627195, 44.7291114], [23.0526597, 44.7253816], [23.0474559, 44.7339703], [23.0046645, 44.744977], [22.9892225, 44.7832209], [22.961163, 44.7947124], [22.9476168, 44.7793143], [22.9416355, 44.7831375], [22.9339851, 44.8020714], [22.9469595, 44.8071345], [22.9087492, 44.8219731], [22.889478, 44.8530889], [22.8971846, 44.8587794], [22.8917126, 44.8674307], [22.8958817, 44.8850111], [22.8699234, 44.9614625], [22.8977484, 44.9650675], [22.8895541, 44.9767945], [22.8999908, 44.9917886], [22.848549, 44.9929611], [22.8313467, 45.0236662], [22.8138791, 45.0365283], [22.7830737, 45.0458563], [22.7682421, 45.0611971], [22.7382175, 45.0590113], [22.7375075, 45.068015], [22.7250397, 45.0680072], [22.7333413, 45.0752118], [22.7267081, 45.0780742], [22.7050358, 45.0672966], [22.6859619, 45.103972], [22.6734007, 45.1007138], [22.6584088, 45.1107659], [22.6013035, 45.0553394], [22.5708238, 45.0408569], [22.5366374, 45.0020427], [22.4921677, 44.9732825], [22.5117055, 44.9659201], [22.5164066, 44.9557251], [22.4866086, 44.949298], [22.4962096, 44.9288679], [22.4910359, 44.909325], [22.4821877, 44.9069152], [22.4865444, 44.8811653], [22.4763227, 44.8764931], [22.457814, 44.8510335], [22.4597673, 44.8432844], [22.444441, 44.8324037], [22.4464739, 44.8222617], [22.423728, 44.8005348], [22.4304464, 44.7811854], [22.4174338, 44.7706698], [22.4187041, 44.7562988], [22.4014487, 44.753341], [22.3916364, 44.7619299], [22.3681709, 44.7561854], [22.3581178, 44.7387177], [22.3416479, 44.7740667], [22.2680901, 44.7825371], [22.2435006, 44.8074853], [22.2068047, 44.817478], [22.2071552, 44.7993539], [22.1950622, 44.7792176], [22.2041639, 44.7614134], [22.1855466, 44.7412894], [22.1635392, 44.7434348], [22.1560664, 44.7365258], [22.1468975, 44.7007641], [22.1492027, 44.6824611], [22.1386769, 44.6599371], [22.177407, 44.6398868], [22.1762971, 44.6245016], [22.1560759, 44.5923441], [22.1475151, 44.5853106], [22.1330187, 44.6006158], [22.1174015, 44.5918189], [22.0822618, 44.6219461], [22.062006, 44.6099576], [22.023478, 44.607753], [22.0161387, 44.5991717]]]}}, {"type": "Feature", "properties": {"name": "Mureș"}, "geometry": {"type": "Polygon", "coordinates": [[[23.9590555, 46.5153967], [23.975034, 46.5045997], [23.9642147, 46.4984469], [23.9737088, 46.4819662], [23.9628833, 46.4756752], [23.9707889, 46.4593955], [23.9849076, 46.4587878], [23.9795488, 46.4533202], [24.0048608, 46.4422161], [23.9852823, 46.4309263], [23.9966576, 46.4268109], [24.0228713, 46.4496385], [24.0198041, 46.4574113], [24.0323231, 46.4570862], [24.0272356, 46.4405546], [24.0358436, 46.432172], [24.0301366, 46.4157847], [24.0353977, 46.4066724], [23.9937131, 46.3848287], [23.9952713, 46.3723933], [24.0304352, 46.3693856], [24.0198578, 46.3604213], [24.0749345, 46.3357373], [24.1357639, 46.336245], [24.1484538, 46.3262032], [24.1423654, 46.300984], [24.1591991, 46.2914633], [24.1596175, 46.2776071], [24.1690832, 46.2688628], [24.1789666, 46.2731646], [24.1769295, 46.2803859], [24.1941868, 46.2829765], [24.211034, 46.2717267], [24.2101416, 46.2634684], [24.2552706, 46.2502111], [24.2642877, 46.2534388], [24.2728806, 46.276393], [24.2878031, 46.2840721], [24.2990752, 46.2551199], [24.3121518, 46.2522003], [24.3531989, 46.2542316], [24.3789941, 46.2436702], [24.4199875, 46.2653223], [24.4595863, 46.255835], [24.466961, 46.2620566], [24.4886786, 46.258876], [24.4975732, 46.2425493], [24.5155502, 46.2539135], [24.5353985, 46.2505628], [24.5398338, 46.2607564], [24.5627242, 46.2576844], [24.5696835, 46.2746507], [24.5772291, 46.2680535], [24.5929577, 46.2717222], [24.6045749, 46.2515992], [24.6237511, 46.2514003], [24.6325962, 46.270536], [24.667139, 46.2806963], [24.6765666, 46.2504796], [24.6694228, 46.2282485], [24.6562571, 46.2374934], [24.6505564, 46.2319749], [24.6736274, 46.2188625], [24.6840899, 46.1961788], [24.6739655, 46.1684044], [24.6798842, 46.1482607], [24.6685931, 46.1381065], [24.6772465, 46.1285307], [24.672665, 46.10355], [24.712277, 46.0770778], [24.7377524, 46.0893265], [24.7696413, 46.0868256], [24.7753188, 46.1018375], [24.8049178, 46.0925118], [24.8631839, 46.1109247], [24.9003869, 46.1061531], [24.8998794, 46.0922967], [24.9186824, 46.0793014], [24.9465632, 46.0791186], [24.9559046, 46.090844], [24.9463291, 46.0935451], [24.9488439, 46.1022108], [24.9580311, 46.1121821], [25.0149645, 46.1462675], [25.0473204, 46.1332413], [25.0790004, 46.1513973], [25.1258424, 46.1423808], [25.1289544, 46.1501215], [25.1629434, 46.1587897], [25.1730056, 46.1672576], [25.1307179, 46.1873037], [25.1028808, 46.2323935], [25.0757787, 46.2324509], [25.0780032, 46.2407498], [25.0693857, 46.245002], [25.037759, 46.2401093], [25.004897, 46.2483232], [24.9858837, 46.2370908], [24.9596257, 46.2440419], [24.962214, 46.2492795], [24.933711, 46.2477165], [24.9386105, 46.258855], [24.9286768, 46.2621971], [24.9345161, 46.2730258], [24.9092324, 46.2800259], [24.8882328, 46.2994654], [24.868191, 46.2989649], [24.8712531, 46.3044912], [24.861438, 46.3112693], [24.8781546, 46.3251957], [24.8673637, 46.3258326], [24.869918, 46.3394973], [24.8536863, 46.3479042], [24.8571182, 46.3572565], [24.8853045, 46.3640167], [24.8817382, 46.3718808], [24.8890812, 46.3762555], [24.8787047, 46.3837399], [24.9085709, 46.3906278], [24.9483569, 46.3744581], [24.9797107, 46.3850446], [24.9599428, 46.4037673], [24.9365569, 46.4084212], [24.9356982, 46.4208864], [24.9500036, 46.4338046], [24.9469259, 46.4432878], [24.9808769, 46.4440429], [24.9918955, 46.4589459], [24.9888495, 46.4654545], [24.998287, 46.4654486], [25.0019073, 46.4572828], [25.0219173, 46.4690157], [25.0247666, 46.4795919], [25.0092015, 46.4949947], [24.9832458, 46.4955644], [25.004528, 46.510232], [25.0223892, 46.54112], [25.0688243, 46.5554102], [25.0755839, 46.5701578], [25.1042663, 46.582268], [25.1511587, 46.577247], [25.1514193, 46.5844374], [25.1792349, 46.5991505], [25.1946064, 46.6275234], [25.2147147, 46.6260374], [25.2184087, 46.6192928], [25.2180975, 46.6275278], [25.2323689, 46.6340428], [25.2227084, 46.6391619], [25.2389891, 46.6501267], [25.2371716, 46.6695668], [25.2806216, 46.6716151], [25.2948762, 46.687966], [25.2590556, 46.7275789], [25.2611028, 46.7498119], [25.289544, 46.7523721], [25.3184724, 46.7729414], [25.3131302, 46.7858942], [25.2855337, 46.7974925], [25.2792657, 46.8148638], [25.2883538, 46.8303827], [25.2513092, 46.8411441], [25.2773137, 46.8966957], [25.267086, 46.9000639], [25.2622012, 46.9123143], [25.2896304, 46.9828123], [25.2890696, 46.9929537], [25.2655068, 47.0106545], [25.2700799, 47.0306232], [25.231066, 47.0617849], [25.2306461, 47.0756678], [25.2467281, 47.0979331], [25.2333692, 47.0983116], [25.226396, 47.108122], [25.1998735, 47.113599], [25.1730842, 47.1305959], [25.1440659, 47.1132275], [25.1248989, 47.1232288], [25.0944125, 47.1204636], [25.063398, 47.1365521], [25.0424146, 47.1328247], [25.0135107, 47.1111806], [24.9527113, 47.1197461], [24.9317343, 47.0959688], [24.905453, 47.1005477], [24.8973545, 47.1092374], [24.8702216, 47.104854], [24.794661, 47.0509656], [24.7741972, 47.0084638], [24.7425606, 46.9853349], [24.7449879, 46.9720961], [24.7331852, 46.9574256], [24.741007, 46.9530927], [24.7217201, 46.9323889], [24.7545533, 46.9098842], [24.7283906, 46.9113169], [24.7249525, 46.9036895], [24.7090844, 46.902059], [24.6577246, 46.9091323], [24.6463553, 46.9192343], [24.6533758, 46.9232232], [24.6399636, 46.9254582], [24.644854, 46.9368851], [24.6291853, 46.9512576], [24.6228942, 46.942974], [24.5952355, 46.9456408], [24.5786619, 46.9259057], [24.5845378, 46.9151893], [24.5604394, 46.9054227], [24.5324384, 46.9070385], [24.5402855, 46.8912526], [24.5320394, 46.8811623], [24.5382583, 46.8678455], [24.5328078, 46.8704658], [24.5271884, 46.8539829], [24.5032692, 46.8513739], [24.5036536, 46.8395788], [24.4903809, 46.8401212], [24.4581599, 46.8200802], [24.4634374, 46.8116328], [24.4492971, 46.7890542], [24.4602321, 46.7850441], [24.462209, 46.7914988], [24.4722384, 46.7828677], [24.4521204, 46.7656672], [24.4256426, 46.7762009], [24.4092572, 46.7721178], [24.4010074, 46.7505456], [24.3620976, 46.746348], [24.3384471, 46.7578362], [24.3011568, 46.753149], [24.2348804, 46.7728845], [24.2402508, 46.7745555], [24.1795857, 46.8047077], [24.1880446, 46.7934528], [24.1805945, 46.7872399], [24.1176016, 46.7737831], [24.1261324, 46.7464668], [24.1157312, 46.7424635], [24.0878971, 46.7535806], [24.0665181, 46.7334535], [24.0888434, 46.7112149], [24.1243716, 46.7001064], [24.1139495, 46.6940565], [24.1023997, 46.6616233], [24.033587, 46.645112], [24.0290075, 46.6298062], [24.0202379, 46.6278737], [24.0251974, 46.6154899], [24.0690702, 46.6060296], [24.0525964, 46.56182], [24.0374793, 46.5572859], [24.0453799, 46.5450618], [24.019396, 46.5312874], [23.9869397, 46.5422642], [23.9590555, 46.5153967]]]}}, {"type": "Feature", "properties": {"name": "Neamț"}, "geometry": {"type": "Polygon", "coordinates": [[[25.6639864, 47.1193977], [25.664744, 47.0886712], [25.7385035, 47.0708156], [25.7439653, 47.0518486], [25.769297, 47.0355885], [25.7696733, 47.0162833], [25.7897728, 46.9964259], [25.8014882, 46.9665438], [25.8180052, 46.9766171], [25.8267271, 46.9739648], [25.8387537, 46.9627078], [25.8538566, 46.9247684], [25.8620029, 46.9234262], [25.8037235, 46.9290041], [25.8014863, 46.9152645], [25.7654031, 46.884466], [25.7815324, 46.863116], [25.7624528, 46.8412318], [25.7794786, 46.8342395], [25.782799, 46.8512045], [25.8048144, 46.8406206], [25.7770347, 46.8255822], [25.7851659, 46.8127542], [25.8074334, 46.8049103], [25.8009957, 46.8008606], [25.8086251, 46.7857905], [25.7998783, 46.769594], [25.8072105, 46.7373941], [25.7953305, 46.7191306], [25.8673934, 46.6494324], [25.9077487, 46.6535119], [25.8838925, 46.6887912], [25.902719, 46.7043669], [26.0127998, 46.6941383], [26.0528406, 46.7168103], [26.0716791, 46.7079108], [26.0808997, 46.6565348], [26.1007563, 46.6469316], [26.1401018, 46.6607232], [26.1590969, 46.6417069], [26.2162032, 46.656029], [26.2183752, 46.6801338], [26.2658447, 46.7032161], [26.2618745, 46.6941177], [26.2841937, 46.6808198], [26.2927608, 46.6562017], [26.3010136, 46.6534326], [26.3225601, 46.6558019], [26.3307195, 46.6643121], [26.3462566, 46.6509297], [26.3904911, 46.6510184], [26.4090076, 46.6646506], [26.4104979, 46.6785793], [26.4359437, 46.6878357], [26.4411976, 46.6790983], [26.4722617, 46.6762375], [26.5147232, 46.6947319], [26.5466642, 46.6783083], [26.5702275, 46.6785802], [26.6079837, 46.7126823], [26.637208, 46.7222791], [26.6435824, 46.7180305], [26.6365924, 46.7247746], [26.6406456, 46.727709], [26.6455397, 46.7197523], [26.6648792, 46.7363562], [26.6760614, 46.7360624], [26.670908, 46.7551011], [26.6795437, 46.7603617], [26.6759681, 46.7677052], [26.7115534, 46.7715923], [26.7334691, 46.7630564], [26.7431693, 46.7682647], [26.731349, 46.7495049], [26.7542959, 46.7562151], [26.7515248, 46.7377808], [26.7863674, 46.7169159], [26.7999681, 46.72201], [26.8418962, 46.7513346], [26.8215952, 46.773186], [26.8495181, 46.7799277], [26.8495257, 46.80469], [26.8824426, 46.8158613], [26.8817933, 46.8287677], [26.9094156, 46.8272607], [26.9148871, 46.8111053], [26.9009276, 46.8161817], [26.9081519, 46.8004252], [26.8929809, 46.7982972], [26.9129146, 46.7931131], [26.9078549, 46.7865326], [26.9224428, 46.7827892], [26.9222079, 46.7752885], [26.9360398, 46.7848406], [26.9468123, 46.7714702], [26.9392792, 46.752737], [27.0289199, 46.7720942], [27.0454023, 46.7723727], [27.0615944, 46.7561787], [27.0744677, 46.7663894], [27.0987562, 46.7696101], [27.1153159, 46.7487192], [27.1466488, 46.7531835], [27.1423108, 46.7412538], [27.1508185, 46.7312563], [27.1605428, 46.7343522], [27.1632194, 46.749506], [27.1857643, 46.7497651], [27.1887498, 46.7614506], [27.2293209, 46.7701624], [27.233896, 46.7773459], [27.2244488, 46.7910947], [27.2133269, 46.789734], [27.215191, 46.8177067], [27.2271252, 46.8209793], [27.207364, 46.839927], [27.219426, 46.8485896], [27.2002785, 46.8562643], [27.1883421, 46.8714892], [27.2024981, 46.8825306], [27.19341, 46.8878602], [27.2029928, 46.8952319], [27.1702888, 46.9263752], [27.1219544, 46.9506238], [27.1338528, 46.9634548], [27.1478819, 46.9582018], [27.1710223, 46.9709604], [27.1656654, 46.9728512], [27.1803259, 46.9888907], [27.2170193, 46.9739191], [27.2436084, 46.992902], [27.2399632, 47.0115227], [27.1864285, 47.0300142], [27.1770367, 47.039956], [27.1856403, 47.0497121], [27.1732347, 47.0719571], [27.1559327, 47.0827107], [27.0981735, 47.0919622], [27.0603974, 47.0849444], [27.052229, 47.0635203], [27.0253932, 47.0526305], [27.035429, 47.049959], [27.036553, 47.0419442], [27.0224592, 47.0334574], [27.0026603, 47.0395888], [26.9833763, 47.0793171], [26.9709285, 47.077263], [26.9717695, 47.0618981], [26.959363, 47.0602253], [26.9599071, 47.0450195], [26.9025508, 47.0279818], [26.8886403, 47.0457476], [26.8715137, 47.0460352], [26.8852626, 47.0517722], [26.8781387, 47.057664], [26.8324447, 47.0373875], [26.8196089, 47.0421134], [26.8122752, 47.0674374], [26.7595831, 47.0978405], [26.7254295, 47.0851383], [26.682765, 47.112435], [26.6344633, 47.0926279], [26.6145992, 47.1095601], [26.6226002, 47.1321538], [26.6116003, 47.1351674], [26.6136894, 47.146508], [26.6000098, 47.1546728], [26.6106823, 47.1681463], [26.6022028, 47.1729882], [26.6158847, 47.1837885], [26.6093073, 47.1969954], [26.5905413, 47.1990137], [26.5987771, 47.2030454], [26.5741688, 47.218539], [26.561131, 47.2385403], [26.5222652, 47.2593703], [26.5001415, 47.2836069], [26.4830109, 47.2880845], [26.4364671, 47.3273248], [26.4055274, 47.3403235], [26.3813454, 47.3294432], [26.3709501, 47.3321832], [26.364344, 47.3198297], [26.277121, 47.2951449], [26.2830697, 47.2914278], [26.2673458, 47.2819896], [26.2427143, 47.2810485], [26.1859245, 47.3073708], [26.1725477, 47.2964992], [26.1371346, 47.2885992], [26.1252099, 47.2973015], [26.0563347, 47.2745505], [26.0246959, 47.2893895], [26.008301, 47.2834415], [25.9785817, 47.2887197], [25.9326222, 47.2771517], [25.9236302, 47.2591559], [25.9014135, 47.2619282], [25.8701202, 47.2936886], [25.8369788, 47.3116264], [25.7701722, 47.3203589], [25.7639238, 47.3177556], [25.789251, 47.2866395], [25.8046575, 47.280201], [25.8129626, 47.2602042], [25.7881687, 47.2386048], [25.7289726, 47.2170838], [25.7295147, 47.2037338], [25.7160133, 47.1970635], [25.7211226, 47.1749543], [25.7001908, 47.1705303], [25.6905379, 47.1546887], [25.6977662, 47.1434219], [25.6639864, 47.1193977]]]}}, {"type": "Feature", "properties": {"name": "Olt"}, "geometry": {"type": "Polygon", "coordinates": [[[23.8821317, 44.4236189], [23.8904897, 44.4127917], [23.9014143, 44.4250899], [23.9682574, 44.4103657], [23.9579577, 44.3817513], [23.9841894, 44.3731127], [24.0288272, 44.3847808], [24.0240345, 44.3759266], [24.0492187, 44.3645972], [24.0417296, 44.3490827], [24.0696253, 44.3327576], [24.0912744, 44.2991792], [24.1089007, 44.3007502], [24.1119434, 44.2668103], [24.1475082, 44.2634827], [24.1491466, 44.2525561], [24.1416138, 44.2486729], [24.226911, 44.2299284], [24.2214595, 44.2167744], [24.2295796, 44.2147101], [24.2164104, 44.1802078], [24.2188249, 44.1710269], [24.2293771, 44.1699694], [24.2153718, 44.1219329], [24.2273223, 44.1096942], [24.2226315, 44.0692777], [24.1796133, 44.0684727], [24.1746173, 44.0502384], [24.1844885, 44.0490028], [24.1735631, 44.0063057], [24.2639004, 43.9987193], [24.260333, 43.9742344], [24.2515851, 43.957217], [24.2324439, 43.9613925], [24.2233188, 43.9412623], [24.2482777, 43.9302731], [24.2267482, 43.8851524], [24.2342824, 43.8832582], [24.2268258, 43.8517259], [24.1990505, 43.8583574], [24.1922489, 43.8269207], [24.1994311, 43.8256184], [24.1920873, 43.8104415], [24.155545, 43.8137056], [24.1381648, 43.7754342], [24.1293369, 43.7746216], [24.1129185, 43.6999408], [24.1935682, 43.6833756], [24.3027103, 43.6986085], [24.3456173, 43.6971846], [24.380038, 43.7107136], [24.406951, 43.736316], [24.4982779, 43.7612693], [24.5888378, 43.7525622], [24.6540948, 43.7223598], [24.6652251, 43.7425854], [24.6506465, 43.746756], [24.6564495, 43.7546937], [24.6746375, 43.7515118], [24.6867273, 43.759724], [24.6839519, 43.7722819], [24.6963234, 43.7740271], [24.6943765, 43.7818625], [24.7467264, 43.792016], [24.7365844, 43.808091], [24.7551105, 43.8175922], [24.7262324, 43.8260836], [24.687587, 43.8227825], [24.6958549, 43.8313018], [24.7159413, 43.8288532], [24.7235288, 43.8357831], [24.7004636, 43.8605589], [24.6929861, 43.8597206], [24.6935477, 43.8707333], [24.6683448, 43.8666755], [24.662442, 43.8830774], [24.6778466, 43.885267], [24.675514, 43.8980567], [24.6577379, 43.8998245], [24.6392639, 43.9254201], [24.6309979, 43.9251593], [24.627586, 43.9358678], [24.6471362, 43.9432498], [24.6343294, 43.9444969], [24.6322205, 43.96162], [24.6022824, 43.9621082], [24.6090912, 43.9778621], [24.5960413, 43.9799038], [24.6071997, 43.9836859], [24.607072, 43.9912516], [24.5937176, 43.9895154], [24.6085361, 43.9947369], [24.613106, 44.014152], [24.6284017, 44.0216958], [24.720194, 44.038072], [24.7117072, 44.0445851], [24.7220901, 44.0474191], [24.7109154, 44.0591216], [24.8593354, 44.0937883], [24.8441451, 44.1331644], [24.8043973, 44.1595108], [24.7935807, 44.1912536], [24.8370221, 44.2263872], [24.8175656, 44.2330803], [24.8280588, 44.2368316], [24.8202161, 44.2420675], [24.829244, 44.2725726], [24.8213762, 44.2900006], [24.8357489, 44.3019497], [24.8310481, 44.3095273], [24.8474264, 44.3190093], [24.8283166, 44.3322969], [24.8170999, 44.3611368], [24.8825554, 44.3682867], [24.8865634, 44.3798183], [24.8807997, 44.3941819], [24.8183244, 44.3938676], [24.8131542, 44.3869462], [24.7863772, 44.3982514], [24.7447685, 44.3951254], [24.7532723, 44.4023972], [24.7440217, 44.4229664], [24.7543431, 44.4280787], [24.7498705, 44.4433695], [24.7591591, 44.4645086], [24.7340121, 44.4652073], [24.7291633, 44.5138003], [24.7426272, 44.5380514], [24.738946, 44.5465467], [24.7250705, 44.543296], [24.7365486, 44.5551212], [24.7233963, 44.5786435], [24.7106547, 44.5823957], [24.7087326, 44.6165437], [24.7167129, 44.6260993], [24.7010665, 44.640368], [24.704988, 44.6571076], [24.6928677, 44.6967676], [24.6856807, 44.7001158], [24.7257595, 44.7202168], [24.7159405, 44.7182533], [24.7074734, 44.7312745], [24.6747178, 44.7390904], [24.6296552, 44.7287721], [24.606948, 44.7538184], [24.5937909, 44.7508753], [24.5877915, 44.7757231], [24.5822617, 44.7740403], [24.588577, 44.7981573], [24.5771199, 44.7989798], [24.5716912, 44.8171002], [24.5564918, 44.8311391], [24.5520828, 44.8584846], [24.5424733, 44.8614248], [24.5407374, 44.8910455], [24.5227789, 44.8942349], [24.5152266, 44.8690552], [24.5054368, 44.8658785], [24.509483, 44.8456159], [24.4948647, 44.84457], [24.4946316, 44.8314137], [24.445339, 44.8107654], [24.4468847, 44.8202218], [24.4329682, 44.8178387], [24.4215127, 44.8270738], [24.438134, 44.84538], [24.4165089, 44.8550001], [24.4231425, 44.8708187], [24.418084, 44.88031], [24.4260935, 44.8820746], [24.4219945, 44.8921422], [24.401458, 44.8961565], [24.3966759, 44.9001384], [24.3889838, 44.901476], [24.367975, 44.8715784], [24.3331977, 44.8698482], [24.3419551, 44.8534726], [24.3186911, 44.8394648], [24.3317824, 44.8172458], [24.3188318, 44.8161209], [24.3159075, 44.7875646], [24.3187385, 44.7938261], [24.3231633, 44.7896166], [24.2987472, 44.7806596], [24.2963712, 44.7703833], [24.2746293, 44.7687831], [24.2825584, 44.7496785], [24.2762304, 44.7407511], [24.2797478, 44.7076673], [24.2988243, 44.675275], [24.3012353, 44.6417663], [24.3247316, 44.6128972], [24.3249071, 44.5608549], [24.287842, 44.5662902], [24.2819891, 44.6001037], [24.2645354, 44.6018207], [24.2531615, 44.5539849], [24.2589268, 44.5489246], [24.2066372, 44.5546347], [24.1850711, 44.5460564], [24.1721294, 44.556279], [24.1451056, 44.5565307], [24.117471, 44.5380524], [24.1160873, 44.5243105], [24.0867225, 44.5143229], [24.0919931, 44.5109386], [24.0777599, 44.4902436], [24.0560701, 44.4947515], [24.0626145, 44.4956047], [24.0514599, 44.510258], [24.0365302, 44.5052753], [24.0415096, 44.5225544], [24.0270536, 44.5177439], [24.0266941, 44.5299115], [23.9901422, 44.5383064], [23.9370883, 44.5336152], [23.9121467, 44.5147756], [23.8907899, 44.5109902], [23.9041111, 44.4990022], [23.883073, 44.4805872], [23.9089268, 44.4688205], [23.8858974, 44.4613109], [23.8976562, 44.4575357], [23.8821317, 44.4236189]]]}}, {"type": "Feature", "properties": {"name": "Prahova"}, "geometry": {"type": "Polygon", "coordinates": [[[25.4525645, 45.4413463], [25.471879, 45.4265823], [25.4697906, 45.4118543], [25.4844314, 45.3950396], [25.4710529, 45.3747177], [25.467696, 45.3470955], [25.4780675, 45.3367605], [25.4741375, 45.3277376], [25.4874641, 45.3145899], [25.5036763, 45.3179984], [25.5335855, 45.301787], [25.5328572, 45.2928976], [25.5548519, 45.2705557], [25.5110058, 45.2219091], [25.5341637, 45.216038], [25.5400135, 45.2033151], [25.5317987, 45.190252], [25.5578968, 45.1922784], [25.5637239, 45.1728149], [25.5977849, 45.1491146], [25.5934795, 45.1434994], [25.6050099, 45.1243657], [25.6189255, 45.1189591], [25.6397664, 45.0919771], [25.6751759, 45.0807974], [25.701699, 45.0449648], [25.7040559, 45.0341396], [25.686905, 45.0291288], [25.6755064, 45.0094978], [25.683579, 44.9787918], [25.6778509, 44.9656246], [25.6881048, 44.9473025], [25.7100617, 44.9414395], [25.7914024, 44.9446921], [25.8022313, 44.9210709], [25.8208098, 44.9135101], [25.8253348, 44.8971381], [25.8089063, 44.8888972], [25.8142226, 44.8744618], [25.8027916, 44.867447], [25.7970138, 44.8545626], [25.8021237, 44.8522858], [25.7764167, 44.8421821], [25.777642, 44.8246421], [25.8418342, 44.809969], [25.8629133, 44.8308265], [25.8747342, 44.8311822], [25.8860894, 44.8068219], [25.9091355, 44.796005], [25.9061499, 44.7906524], [25.9191249, 44.7797945], [25.9156865, 44.7721576], [25.9267435, 44.7716397], [25.9248107, 44.7626753], [25.9407007, 44.7568061], [25.9227168, 44.7352284], [25.9084073, 44.7334152], [25.9331698, 44.6948453], [25.9542926, 44.7221488], [25.9678489, 44.7203036], [25.9539878, 44.7073518], [25.9707653, 44.7104092], [25.973009, 44.7278397], [25.9598767, 44.738812], [25.9623309, 44.7491867], [25.9696422, 44.7477954], [25.9660612, 44.7379643], [25.9746562, 44.7365377], [25.9877029, 44.7465246], [26.0004676, 44.7351298], [26.0111932, 44.7435675], [26.0435552, 44.7442427], [26.0501072, 44.7339756], [26.0702264, 44.75133], [26.0989338, 44.7398736], [26.088805, 44.7602286], [26.1019369, 44.7669326], [26.1254886, 44.7510437], [26.1423309, 44.7528503], [26.1398224, 44.7593532], [26.1739377, 44.7490431], [26.183892, 44.7578449], [26.2483489, 44.7380239], [26.2562964, 44.7422961], [26.2580325, 44.7570536], [26.2719628, 44.756016], [26.2738416, 44.7689023], [26.3013103, 44.7667154], [26.3220334, 44.7909129], [26.3285508, 44.7902548], [26.3227624, 44.7842863], [26.3336194, 44.7845289], [26.3394199, 44.7930076], [26.3425948, 44.7826103], [26.3484987, 44.7839719], [26.3441804, 44.777645], [26.3618252, 44.7811503], [26.3561718, 44.7690337], [26.3707152, 44.770859], [26.3670896, 44.7660276], [26.3744589, 44.7610467], [26.3939545, 44.7662732], [26.4531624, 44.8109107], [26.4935376, 44.7908343], [26.5332212, 44.8204819], [26.5253398, 44.8269238], [26.609906, 44.8589109], [26.6008615, 44.8677626], [26.6083752, 44.8721614], [26.5931367, 44.8861611], [26.584897, 44.8823603], [26.5538692, 44.9151611], [26.5362722, 44.9100997], [26.5305473, 44.9375362], [26.5999369, 44.9558485], [26.5927926, 44.9640252], [26.5793389, 44.9610551], [26.5608357, 44.9941364], [26.5345922, 45.0030156], [26.5295673, 45.014877], [26.5100268, 45.0128704], [26.5136018, 45.0039738], [26.5019296, 44.9995101], [26.4919992, 45.0053662], [26.4687629, 45.0633594], [26.4432579, 45.0756474], [26.4562441, 45.0816328], [26.449486, 45.1261082], [26.4563434, 45.1361404], [26.4694953, 45.1382871], [26.4603773, 45.1980963], [26.4212541, 45.1751147], [26.3967814, 45.1784402], [26.375677, 45.1582992], [26.3523176, 45.1654269], [26.3457374, 45.1961976], [26.3563781, 45.214368], [26.3261097, 45.216936], [26.3028666, 45.202073], [26.2563541, 45.2086832], [26.2495937, 45.1992823], [26.2461892, 45.2232013], [26.2335739, 45.2340461], [26.2420653, 45.2374213], [26.2261466, 45.2443724], [26.2314979, 45.2563611], [26.2233912, 45.2737191], [26.1853169, 45.2788379], [26.2302287, 45.3060935], [26.2329417, 45.3157733], [26.2101164, 45.3276115], [26.1887549, 45.3559101], [26.1602742, 45.3628774], [26.1534578, 45.3770092], [26.168126, 45.3954669], [26.1433659, 45.4108472], [26.1489902, 45.4571577], [26.1228459, 45.4756544], [26.0922337, 45.4839578], [26.0727405, 45.5057698], [26.0655014, 45.485302], [26.0411293, 45.4783872], [26.01341, 45.4901733], [25.9956624, 45.5142505], [25.9674061, 45.5077708], [25.9210372, 45.5219638], [25.8909976, 45.4879068], [25.8973223, 45.4781629], [25.8874597, 45.4668084], [25.8898049, 45.4469899], [25.8691684, 45.4358724], [25.8653915, 45.4224571], [25.8224121, 45.4316347], [25.8284048, 45.438751], [25.8198598, 45.4556095], [25.7864721, 45.4818238], [25.7659406, 45.4655682], [25.7264699, 45.4653734], [25.6810187, 45.5006276], [25.6427665, 45.4921109], [25.6299803, 45.4960713], [25.6026587, 45.4632548], [25.5723537, 45.4676772], [25.5329235, 45.4589423], [25.5115686, 45.4703969], [25.4764396, 45.4529701], [25.4606909, 45.4535075], [25.4525645, 45.4413463]]]}}, {"type": "Feature", "properties": {"name": "Sălaj"}, "geometry": {"type": "Polygon", "coordinates": [[[22.4933102, 47.1861644], [22.5082051, 47.1656349], [22.5314436, 47.1691325], [22.5395678, 47.1615352], [22.5337666, 47.1498454], [22.5543027, 47.1431979], [22.5441294, 47.1352209], [22.5532622, 47.1344628], [22.5559291, 47.1248613], [22.5667255, 47.1263013], [22.556822, 47.1162067], [22.5143037, 47.1091411], [22.5372244, 47.0996868], [22.5450224, 47.0880346], [22.5688135, 47.0823394], [22.5923012, 47.0632079], [22.6867807, 47.0513454], [22.6904071, 47.0342647], [22.709101, 47.0109583], [22.7532348, 47.0027113], [22.7950033, 46.9771268], [22.8211533, 46.9829014], [22.8348188, 46.995183], [22.8661825, 46.9806517], [22.8789875, 46.9888773], [22.8710533, 46.9798921], [22.899001, 46.9694871], [22.8966078, 46.9442654], [22.9040312, 46.9333142], [22.9160509, 46.9346463], [22.9316401, 46.9184292], [22.9713015, 46.9126263], [22.9847179, 46.903098], [23.0069128, 46.9075622], [23.0138755, 46.9007695], [23.0111049, 46.887976], [23.0335353, 46.9014819], [23.0414176, 46.8971731], [23.0321741, 46.8896899], [23.0360599, 46.8818219], [23.0652463, 46.9045709], [23.0923191, 46.8902213], [23.0834121, 46.8671561], [23.1065291, 46.8534917], [23.1511861, 46.8660182], [23.1603703, 46.8762111], [23.1755534, 46.875287], [23.1623961, 46.87919], [23.198676, 46.8694686], [23.2003197, 46.8821307], [23.2226046, 46.8926267], [23.2025548, 46.9225964], [23.2295412, 46.9347077], [23.2161688, 46.9395499], [23.2172362, 46.9530242], [23.2340977, 46.9568661], [23.2283068, 46.9636829], [23.242571, 46.956209], [23.2375391, 46.9473405], [23.2587305, 46.9350156], [23.2589066, 46.9141663], [23.2780343, 46.9107138], [23.2831656, 46.8974677], [23.309222, 46.9110851], [23.3373186, 46.9081893], [23.3514101, 46.9148575], [23.3550322, 46.9199638], [23.3445627, 46.9248586], [23.3599432, 46.9270869], [23.3637519, 46.9398535], [23.3718716, 46.9372538], [23.3886683, 46.9505012], [23.3724424, 46.9624418], [23.3880457, 46.9669113], [23.3849751, 46.9773197], [23.4117381, 46.9818147], [23.3983669, 46.993486], [23.4277089, 46.9883483], [23.4587425, 46.998165], [23.4634531, 47.0041881], [23.4579398, 47.0056176], [23.4740738, 47.0135135], [23.4708835, 47.0264171], [23.486253, 47.0300018], [23.4717525, 47.0436995], [23.4736666, 47.0549924], [23.450439, 47.0610016], [23.4477322, 47.0756337], [23.4275446, 47.0896018], [23.4486014, 47.0885899], [23.4527462, 47.0959665], [23.4851544, 47.0909505], [23.4887728, 47.096748], [23.4800845, 47.1083028], [23.4896174, 47.1097998], [23.4839595, 47.1105533], [23.4874696, 47.1194551], [23.4957908, 47.113294], [23.5041136, 47.1173031], [23.4914142, 47.1295216], [23.5001621, 47.1410417], [23.4979155, 47.1549412], [23.5444994, 47.1586037], [23.5438907, 47.1660229], [23.5614649, 47.1789289], [23.5824716, 47.177545], [23.5970735, 47.1645566], [23.6158284, 47.1698622], [23.6338703, 47.1826252], [23.6267258, 47.1941906], [23.645407, 47.2138134], [23.6528919, 47.2346255], [23.7115981, 47.2435354], [23.7206247, 47.2548523], [23.726185, 47.2459879], [23.7527654, 47.2420106], [23.753029, 47.2609504], [23.7620712, 47.2835473], [23.7694543, 47.272747], [23.8144717, 47.2512732], [23.8128597, 47.2678503], [23.7988601, 47.2814534], [23.8134788, 47.2912237], [23.8069581, 47.2961912], [23.8159512, 47.2987649], [23.8137691, 47.3070991], [23.825463, 47.3085805], [23.8421487, 47.334541], [23.8267747, 47.3444039], [23.8077968, 47.3429755], [23.7645438, 47.3371954], [23.7604305, 47.3260008], [23.7274571, 47.3210377], [23.7011395, 47.3411527], [23.706755, 47.3453627], [23.6997427, 47.3473456], [23.7123536, 47.3522156], [23.6805195, 47.3551238], [23.6667413, 47.3664808], [23.6657548, 47.3816636], [23.6314722, 47.3960332], [23.6118468, 47.3884179], [23.6082931, 47.3748696], [23.5844135, 47.3720679], [23.5790376, 47.3622315], [23.5387144, 47.3696111], [23.5032485, 47.362902], [23.4816466, 47.3777146], [23.3970887, 47.3918511], [23.3771899, 47.3880289], [23.3621131, 47.4001235], [23.3598849, 47.417906], [23.3362407, 47.4119028], [23.311549, 47.4238866], [23.2592257, 47.4279009], [23.2453396, 47.4392403], [23.2251073, 47.4398667], [23.2205914, 47.4331469], [23.1835815, 47.4590547], [23.1590358, 47.4380827], [23.1059694, 47.4427757], [23.1159629, 47.4314416], [23.1124113, 47.41086], [23.1200771, 47.4087617], [23.1191222, 47.395647], [23.0898822, 47.3846394], [23.1040612, 47.3734909], [23.051587, 47.3501843], [23.0386249, 47.3592525], [23.0203663, 47.3569216], [23.0059834, 47.3687832], [22.9766379, 47.3520476], [22.9597469, 47.3586005], [22.9360461, 47.3749161], [22.9330636, 47.3926563], [22.9206206, 47.3946253], [22.9248152, 47.401558], [22.9184854, 47.4017012], [22.9161484, 47.4135797], [22.8653568, 47.417957], [22.8611783, 47.4123043], [22.8477613, 47.4221618], [22.8108462, 47.3999439], [22.8018562, 47.4115587], [22.7682233, 47.4186303], [22.7489579, 47.405313], [22.7333867, 47.404923], [22.7228154, 47.3927114], [22.6454456, 47.3742284], [22.6297389, 47.3497703], [22.6349807, 47.3355081], [22.6299055, 47.3417841], [22.6079377, 47.3279971], [22.5872238, 47.3272179], [22.5760187, 47.3081834], [22.5805619, 47.3011871], [22.5526914, 47.3027007], [22.5463751, 47.2716664], [22.5606058, 47.2646629], [22.5513916, 47.260639], [22.5612207, 47.2518074], [22.5398756, 47.2338547], [22.5167968, 47.2326987], [22.5110109, 47.2195693], [22.5219887, 47.2081832], [22.5080281, 47.2147483], [22.5116257, 47.1961789], [22.4933102, 47.1861644]]]}}, {"type": "Feature", "properties": {"name": "Satu Mare"}, "geometry": {"type": "Polygon", "coordinates": [[[22.1808243, 47.6000959], [22.2242835, 47.5864675], [22.2361547, 47.5652497], [22.2610378, 47.5643128], [22.2556966, 47.5398117], [22.2853844, 47.5349248], [22.2897148, 47.5404405], [22.2956681, 47.51966], [22.2860841, 47.5157839], [22.2882718, 47.5065227], [22.3394338, 47.4924326], [22.3410379, 47.4556334], [22.3581228, 47.4294648], [22.4073249, 47.4339402], [22.4328151, 47.4220205], [22.4593262, 47.4319264], [22.4738573, 47.4212049], [22.5293836, 47.4186083], [22.5306805, 47.3992077], [22.5509783, 47.4010371], [22.5660041, 47.3918537], [22.5684085, 47.3833954], [22.559669, 47.3801714], [22.5771974, 47.3663419], [22.5700474, 47.3571252], [22.5847916, 47.3580359], [22.6140664, 47.3341359], [22.631431, 47.3419458], [22.6349807, 47.3355081], [22.6297389, 47.3497703], [22.6454456, 47.3742284], [22.7228154, 47.3927114], [22.7333867, 47.404923], [22.7489579, 47.405313], [22.7682233, 47.4186303], [22.8018562, 47.4115587], [22.8108462, 47.3999439], [22.8477613, 47.4221618], [22.8611783, 47.4123043], [22.8653568, 47.417957], [22.9161484, 47.4135797], [22.9184854, 47.4017012], [22.9248152, 47.401558], [22.9206206, 47.3946253], [22.9330636, 47.3926563], [22.9360461, 47.3749161], [22.9766379, 47.3520476], [23.0030602, 47.3689867], [23.0203663, 47.3569216], [23.0386249, 47.3592525], [23.0542314, 47.3505203], [23.0625654, 47.3602658], [23.1040612, 47.3734909], [23.0898822, 47.3846394], [23.1191222, 47.395647], [23.1126859, 47.4379599], [23.0609684, 47.4412616], [23.0439003, 47.4330092], [23.0356757, 47.4173072], [23.0448465, 47.4126407], [23.032349, 47.4144724], [23.0168937, 47.4329592], [22.9642252, 47.4393678], [22.9653396, 47.4556673], [22.9834117, 47.4606278], [22.9840464, 47.4692755], [22.9716824, 47.4671344], [22.9632488, 47.4864618], [22.9869778, 47.48344], [22.9941233, 47.4935377], [23.0464387, 47.4878252], [23.0420727, 47.5078548], [23.0611251, 47.5667018], [23.1404489, 47.6240551], [23.1669874, 47.5935551], [23.1905072, 47.5867697], [23.1869357, 47.5810802], [23.2115008, 47.5707271], [23.2125325, 47.5634792], [23.2336419, 47.5504321], [23.257416, 47.5503378], [23.2594094, 47.57993], [23.2864223, 47.580951], [23.2887394, 47.6006048], [23.279367, 47.611356], [23.2875825, 47.6301887], [23.3038673, 47.6272406], [23.3140995, 47.6378267], [23.3399843, 47.6437888], [23.3343523, 47.6524891], [23.351807, 47.6621232], [23.353168, 47.6720928], [23.3633476, 47.6654045], [23.3878119, 47.6847691], [23.3640728, 47.6860853], [23.3627524, 47.699848], [23.3428791, 47.7069042], [23.3406147, 47.715006], [23.3272783, 47.7084769], [23.3050535, 47.7122838], [23.291796, 47.7276211], [23.2431456, 47.7231393], [23.2301049, 47.7391613], [23.2359665, 47.7548856], [23.2297515, 47.7639103], [23.2354542, 47.7656111], [23.2269413, 47.768337], [23.2601667, 47.7893321], [23.2618428, 47.7973334], [23.2813836, 47.7972946], [23.3086026, 47.7861208], [23.311519, 47.7747852], [23.3903165, 47.7797308], [23.4511542, 47.7617902], [23.4769678, 47.7814863], [23.560536, 47.8041999], [23.5611674, 47.8152037], [23.5746124, 47.8236595], [23.5743014, 47.836429], [23.6024016, 47.8520012], [23.6129473, 47.8460675], [23.6398531, 47.8644696], [23.6117234, 47.8985796], [23.5880182, 47.900599], [23.5644454, 47.9435591], [23.5517601, 47.9382693], [23.4881461, 47.970712], [23.4499097, 47.9765788], [23.4335825, 47.990505], [23.4174228, 47.9866473], [23.3993276, 48.0012097], [23.33325, 48.02107], [23.32878, 48.02399], [23.33736, 48.03738], [23.2879691, 48.04679], [23.2768114, 48.0576414], [23.29102, 48.07188], [23.2693574, 48.0858233], [23.2676437, 48.1000756], [23.2518597, 48.1008704], [23.2462545, 48.0916626], [23.1895497, 48.0977003], [23.181072, 48.1176163], [23.1666763, 48.1199734], [23.1512162, 48.1126822], [23.1391401, 48.0945507], [23.1138764, 48.0871407], [23.1233707, 48.0773735], [23.1054463, 48.0659863], [23.1122484, 48.0543967], [23.0980307, 48.0443984], [23.1091022, 48.0353401], [23.0895244, 48.0192577], [23.096955, 48.0157088], [23.0903261, 48.0056941], [23.0657903, 48.0078094], [23.0135472, 47.990551], [22.9776604, 48.0099609], [22.9610158, 48.0076373], [22.9270464, 48.0191412], [22.9201004, 48.0069153], [22.9375723, 47.9956715], [22.947637, 47.9672813], [22.8870438, 47.9516531], [22.8473299, 47.907758], [22.825908, 47.9075288], [22.7928135, 47.8908586], [22.7580507, 47.89341], [22.7686658, 47.8779258], [22.7627907, 47.8651072], [22.7734979, 47.863705], [22.77775, 47.8422508], [22.7555146, 47.8341936], [22.7136345, 47.8360928], [22.6801939, 47.7877527], [22.6115515, 47.7719876], [22.5495259, 47.7726589], [22.4812121, 47.8108887], [22.4479445, 47.8031152], [22.4257553, 47.7501105], [22.4302174, 47.7409546], [22.3567187, 47.749057], [22.3177715, 47.7660887], [22.3176236, 47.7433657], [22.2851369, 47.7292758], [22.2645396, 47.7311613], [22.2588867, 47.6980839], [22.2261906, 47.6879898], [22.2218452, 47.6620856], [22.203356, 47.6548534], [22.1808243, 47.6000959]]]}}, {"type": "Feature", "properties": {"name": "Sibiu"}, "geometry": {"type": "Polygon", "coordinates": [[[23.5886962, 45.7012471], [23.6108505, 45.687607], [23.5926933, 45.6736816], [23.6253548, 45.6589139], [23.6449209, 45.6400122], [23.6445272, 45.6299356], [23.6334088, 45.6286574], [23.6323221, 45.6215704], [23.6527406, 45.6013096], [23.6436847, 45.5883558], [23.6179794, 45.5809331], [23.6106287, 45.5636458], [23.6361044, 45.5439721], [23.6652132, 45.4933339], [23.7414499, 45.5011981], [23.7711679, 45.5107026], [23.7948151, 45.5301639], [23.8578476, 45.5350254], [23.8733538, 45.5228232], [23.9222788, 45.5359821], [24.0009715, 45.5266399], [24.0216911, 45.5309543], [24.0803144, 45.5123011], [24.1188419, 45.5087619], [24.2050464, 45.5235772], [24.2267054, 45.5472448], [24.2572559, 45.5430863], [24.2660432, 45.5557537], [24.334448, 45.5818669], [24.3370462, 45.5724898], [24.386669, 45.5839108], [24.4322629, 45.581172], [24.4468743, 45.5908305], [24.4613623, 45.5809045], [24.4776636, 45.5816011], [24.4817926, 45.5725271], [24.5125466, 45.5869054], [24.5267229, 45.5801785], [24.5536739, 45.5877481], [24.5659013, 45.5791495], [24.626195, 45.6039234], [24.6581588, 45.6030679], [24.6716315, 45.5946637], [24.684939, 45.6041225], [24.6693374, 45.640099], [24.6783652, 45.6465945], [24.6829863, 45.6706854], [24.6746498, 45.6839078], [24.6816178, 45.709526], [24.6428998, 45.7654933], [24.6392468, 45.795117], [24.66101, 45.8175764], [24.6842635, 45.8245282], [24.6881126, 45.8364469], [24.7141308, 45.8162309], [24.725128, 45.8265855], [24.7182541, 45.8409403], [24.7343006, 45.8361371], [24.7748914, 45.8446068], [24.7720526, 45.8675153], [24.7161027, 45.8945002], [24.7072893, 45.9278198], [24.6997936, 45.9318765], [24.7029101, 45.9401249], [24.7209183, 45.9458851], [24.7490466, 45.9350838], [24.7718351, 45.9626005], [24.7686792, 45.9756022], [24.8355079, 45.9778099], [24.8388178, 45.986583], [24.8252326, 45.9960094], [24.8212108, 46.0100792], [24.8654643, 46.0096497], [24.8894199, 46.0396677], [24.929363, 46.044598], [24.9650573, 46.063941], [24.9465632, 46.0791186], [24.9063093, 46.0860629], [24.9003869, 46.1061531], [24.8855559, 46.1098056], [24.8540465, 46.1097759], [24.8049178, 46.0925118], [24.7753188, 46.1018375], [24.7696413, 46.0868256], [24.7377524, 46.0893265], [24.7163144, 46.0763528], [24.6955616, 46.0830627], [24.6914193, 46.094482], [24.672665, 46.10355], [24.6772465, 46.1285307], [24.6685931, 46.1381065], [24.6798842, 46.1482607], [24.6739655, 46.1684044], [24.6840899, 46.1961788], [24.6736274, 46.2188625], [24.6505564, 46.2319749], [24.6562571, 46.2374934], [24.6694228, 46.2282485], [24.6765666, 46.2504796], [24.667139, 46.2806963], [24.6325962, 46.270536], [24.6237511, 46.2514003], [24.6045749, 46.2515992], [24.5929577, 46.2717222], [24.5772291, 46.2680535], [24.5696835, 46.2746507], [24.5627242, 46.2576844], [24.5398338, 46.2607564], [24.5353985, 46.2505628], [24.5155502, 46.2539135], [24.4975732, 46.2425493], [24.4886786, 46.258876], [24.466961, 46.2620566], [24.4595863, 46.255835], [24.4199875, 46.2653223], [24.3789941, 46.2436702], [24.3531989, 46.2542316], [24.3121518, 46.2522003], [24.2990752, 46.2551199], [24.2855085, 46.2841015], [24.2651181, 46.2665763], [24.2642877, 46.2534388], [24.2287769, 46.2575691], [24.2317757, 46.2479205], [24.2516478, 46.2404058], [24.1904075, 46.2239559], [24.1987657, 46.2122604], [24.1876159, 46.1832582], [24.2095397, 46.1742184], [24.2168172, 46.164006], [24.2133177, 46.1542115], [24.1912811, 46.1528914], [24.1515607, 46.1348684], [24.1187452, 46.1346901], [24.0582529, 46.084495], [24.0425224, 46.0964887], [24.0441337, 46.0802612], [24.0269414, 46.0628369], [24.0323919, 46.0407626], [24.0184889, 46.0388915], [24.0269202, 46.0285164], [24.0073663, 46.0165874], [24.0061217, 46.0001871], [23.9910309, 46.0072821], [23.9907906, 46.0183247], [23.9767718, 46.0294142], [23.9845108, 46.0346933], [23.9796029, 46.0382263], [23.9368773, 46.0378123], [23.9241877, 46.0487564], [23.9129513, 46.041081], [23.8913433, 46.0447131], [23.8724439, 46.0309765], [23.8456755, 46.007831], [23.8568832, 46.0009253], [23.8523685, 45.9855347], [23.8608942, 45.9804887], [23.8635682, 45.9630137], [23.8735483, 45.9607688], [23.8700322, 45.9486913], [23.849955, 45.9590137], [23.8164754, 45.9232956], [23.7893986, 45.9283425], [23.7326606, 45.9140378], [23.73043, 45.897197], [23.7733748, 45.8807139], [23.7327154, 45.8428327], [23.7269229, 45.8481385], [23.7345196, 45.8307264], [23.6944171, 45.8252564], [23.6957191, 45.8089471], [23.687526, 45.80264], [23.6250973, 45.8081352], [23.616564, 45.8019115], [23.614681, 45.7960734], [23.6244658, 45.7944416], [23.6219826, 45.7833132], [23.6387432, 45.7780793], [23.6491997, 45.765705], [23.6590162, 45.7633121], [23.6719127, 45.7537311], [23.6744761, 45.7494652], [23.6593605, 45.7611929], [23.6450361, 45.74571], [23.622227, 45.7504184], [23.6198019, 45.73575], [23.601149, 45.7228983], [23.6037435, 45.713974], [23.5886962, 45.7012471]]]}}, {"type": "Feature", "properties": {"name": "Suceava"}, "geometry": {"type": "Polygon", "coordinates": [[[24.9470987, 47.7292267], [24.9522645, 47.7055362], [24.9783403, 47.6975206], [25.0221623, 47.6663936], [25.0515882, 47.6587632], [25.0564361, 47.6475586], [24.9750066, 47.6138196], [24.9585699, 47.6151908], [24.9608489, 47.5968654], [24.9921508, 47.5855853], [25.007784, 47.5688387], [25.0519628, 47.5604548], [25.0664983, 47.5303536], [25.0950577, 47.5162157], [25.093798, 47.5039756], [25.0614759, 47.4812772], [25.0453753, 47.4810444], [25.0662046, 47.4502125], [25.090904, 47.4489393], [25.052383, 47.4310192], [25.0582893, 47.4165472], [25.0267112, 47.4358121], [24.999471, 47.4202156], [24.9828468, 47.4240347], [25.0333391, 47.3943225], [25.0399754, 47.3804442], [25.0626485, 47.3791965], [25.0691638, 47.3707482], [25.0603264, 47.3532718], [25.0771051, 47.3407729], [25.0775466, 47.3116655], [25.0475167, 47.3036871], [25.0280765, 47.2866705], [25.0796024, 47.2586406], [25.0442766, 47.2160912], [25.0582933, 47.2014064], [25.0671954, 47.166762], [25.057616, 47.1505942], [25.063398, 47.1365521], [25.0961697, 47.1201022], [25.1248989, 47.1232288], [25.1441328, 47.1132269], [25.1728606, 47.1306331], [25.1998735, 47.113599], [25.226396, 47.108122], [25.2333692, 47.0983116], [25.2515218, 47.0978205], [25.2956797, 47.1149791], [25.2872348, 47.1332327], [25.3049099, 47.1650669], [25.3584883, 47.1797257], [25.3742052, 47.1753274], [25.4251504, 47.183854], [25.4267079, 47.1694835], [25.4580141, 47.1443926], [25.5303053, 47.1105281], [25.5356407, 47.0834617], [25.6015992, 47.0773374], [25.6238089, 47.0950284], [25.6521551, 47.0872247], [25.6616021, 47.0916603], [25.6639864, 47.1193977], [25.6977662, 47.1434219], [25.6917621, 47.1587947], [25.7004838, 47.170735], [25.7211226, 47.1749543], [25.7160133, 47.1970635], [25.7295147, 47.2037338], [25.7289726, 47.2170838], [25.7881687, 47.2386048], [25.8129626, 47.2602042], [25.8046575, 47.280201], [25.789251, 47.2866395], [25.7639238, 47.3177556], [25.7701722, 47.3203589], [25.8369788, 47.3116264], [25.8701202, 47.2936886], [25.9014135, 47.2619282], [25.9236302, 47.2591559], [25.9326222, 47.2771517], [25.9785817, 47.2887197], [26.008301, 47.2834415], [26.0246959, 47.2893895], [26.0563347, 47.2745505], [26.1252099, 47.2973015], [26.1371346, 47.2885992], [26.1725477, 47.2964992], [26.1859245, 47.3073708], [26.2427143, 47.2810485], [26.2673458, 47.2819896], [26.2830697, 47.2914278], [26.277121, 47.2951449], [26.364344, 47.3198297], [26.3709501, 47.3321832], [26.3813454, 47.3294432], [26.4055274, 47.3403235], [26.4364671, 47.3273248], [26.5078053, 47.2717099], [26.5462918, 47.3008436], [26.5628962, 47.2924225], [26.5742157, 47.3064172], [26.5635357, 47.3150801], [26.5505237, 47.3098576], [26.5502276, 47.3179367], [26.5412764, 47.3153929], [26.5212874, 47.3402044], [26.5108903, 47.3352647], [26.496988, 47.3499179], [26.4988033, 47.3618507], [26.5088593, 47.363133], [26.4929859, 47.392342], [26.5274632, 47.4046404], [26.5329296, 47.3897956], [26.5708957, 47.3894257], [26.5705654, 47.3762766], [26.599345, 47.3673581], [26.6096353, 47.355325], [26.6713488, 47.3588393], [26.6833999, 47.3663234], [26.6632043, 47.3685705], [26.6786419, 47.3767914], [26.6439737, 47.3987903], [26.6885519, 47.4141984], [26.6959748, 47.4008137], [26.7047335, 47.4118776], [26.6803964, 47.4397842], [26.6815184, 47.4615423], [26.6950837, 47.4594735], [26.7005901, 47.4717288], [26.6304754, 47.4691066], [26.5989473, 47.4597182], [26.5858877, 47.4638881], [26.589073, 47.4906176], [26.550976, 47.5042104], [26.5522241, 47.5132206], [26.6047829, 47.5205525], [26.6039016, 47.5327446], [26.5779825, 47.5353553], [26.5824818, 47.5390366], [26.5631056, 47.5561804], [26.5581043, 47.5790762], [26.54187, 47.5823521], [26.5479845, 47.5912202], [26.5372292, 47.5983275], [26.5520612, 47.6091802], [26.5361134, 47.6194195], [26.5437685, 47.6440128], [26.4966725, 47.6587183], [26.5074645, 47.6634554], [26.4638072, 47.7066924], [26.4593247, 47.7138647], [26.4674577, 47.7159888], [26.4460639, 47.7335835], [26.4322886, 47.7263274], [26.4398556, 47.7429786], [26.4276615, 47.7405887], [26.4205172, 47.7482929], [26.3971469, 47.7413661], [26.4001373, 47.7330237], [26.3920899, 47.7382934], [26.3907557, 47.7450794], [26.4063125, 47.7539673], [26.4064485, 47.7839721], [26.3696894, 47.7740012], [26.3184381, 47.8146186], [26.3239789, 47.819441], [26.3165332, 47.8265487], [26.3249615, 47.8308403], [26.3006839, 47.8355928], [26.3110297, 47.8491712], [26.2938486, 47.8627897], [26.2825014, 47.8563173], [26.2640744, 47.8684753], [26.2726935, 47.8757502], [26.2287728, 47.9001171], [26.1993975, 47.8844207], [26.1841317, 47.8921024], [26.1920063, 47.9078466], [26.1832793, 47.9093045], [26.1829033, 47.9201359], [26.125287, 47.932544], [26.1229386, 47.9456438], [26.1311213, 47.9533338], [26.1098893, 47.9626178], [26.11952, 47.9723024], [26.0611312, 47.9880243], [25.9521796, 47.970923], [25.9149992, 47.9775177], [25.9077077, 47.9647464], [25.8920419, 47.9612138], [25.861192, 47.9703719], [25.8377542, 47.967152], [25.7749863, 47.9394492], [25.6255351, 47.9487906], [25.5923164, 47.938443], [25.3111278, 47.9142923], [25.269772, 47.8923136], [25.2298904, 47.8927922], [25.2216349, 47.8821804], [25.2220145, 47.8588223], [25.2000533, 47.8493706], [25.2025062, 47.8395195], [25.1803182, 47.8259271], [25.1774669, 47.8140427], [25.1669242, 47.8088825], [25.1709735, 47.7963123], [25.1346144, 47.7824202], [25.1162918, 47.7681338], [25.1155779, 47.7548305], [25.0647477, 47.7404762], [25.0545917, 47.7458329], [25.0397492, 47.725341], [25.0072907, 47.7343963], [24.9966627, 47.7251493], [24.9470987, 47.7292267]]]}}, {"type": "Feature", "properties": {"name": "Teleorman"}, "geometry": {"type": "Polygon", "coordinates": [[[24.5937176, 43.9895154], [24.607072, 43.9912516], [24.6071997, 43.9836859], [24.5960413, 43.9799038], [24.6090912, 43.9778621], [24.6022824, 43.9621082], [24.6322205, 43.96162], [24.6343294, 43.9444969], [24.6471362, 43.9432498], [24.627586, 43.9358678], [24.6309979, 43.9251593], [24.6392639, 43.9254201], [24.6577379, 43.8998245], [24.675514, 43.8980567], [24.6778466, 43.885267], [24.662442, 43.8830774], [24.6683448, 43.8666755], [24.6935477, 43.8707333], [24.6929861, 43.8597206], [24.7004636, 43.8605589], [24.7235288, 43.8357831], [24.7159413, 43.8288532], [24.6958549, 43.8313018], [24.6890703, 43.8211161], [24.7262324, 43.8260836], [24.7551105, 43.8175922], [24.7365844, 43.808091], [24.7467264, 43.792016], [24.6943765, 43.7818625], [24.6963234, 43.7740271], [24.6839519, 43.7722819], [24.6867273, 43.759724], [24.6746375, 43.7515118], [24.6564495, 43.7546937], [24.6506465, 43.746756], [24.6652251, 43.7425854], [24.6540948, 43.7223598], [24.7101901, 43.6888662], [24.7438609, 43.6848885], [24.80803, 43.7094982], [24.901113, 43.71115], [24.9348235, 43.7274446], [24.9643064, 43.7311892], [25.0038113, 43.7242052], [25.0221286, 43.7083941], [25.0820124, 43.687891], [25.1323414, 43.6855092], [25.1826337, 43.7006372], [25.2457774, 43.6880617], [25.2822554, 43.6570987], [25.3907178, 43.6197228], [25.44448, 43.627852], [25.5025718, 43.6489391], [25.536571, 43.6415139], [25.5697989, 43.6441967], [25.681674, 43.6977729], [25.6722772, 43.7113555], [25.6848506, 43.7128515], [25.6786261, 43.7216485], [25.6631193, 43.718213], [25.6600532, 43.7460006], [25.6510512, 43.7498034], [25.6677299, 43.7731595], [25.6601427, 43.7786539], [25.6599627, 43.820487], [25.6298342, 43.8205319], [25.6296983, 43.8446519], [25.6069474, 43.8445068], [25.6146556, 43.9037457], [25.5843914, 43.9067341], [25.584805, 43.9375784], [25.6222629, 43.9414172], [25.5913556, 43.9845056], [25.6038946, 43.9906504], [25.5934491, 44.002017], [25.5998554, 44.0030413], [25.5939854, 44.01361], [25.5987453, 44.0376875], [25.629851, 44.0525242], [25.6145187, 44.0631361], [25.6253075, 44.0679569], [25.6179608, 44.076085], [25.6288755, 44.0810796], [25.6247323, 44.0858082], [25.645916, 44.095677], [25.6374984, 44.0985733], [25.657622, 44.1164491], [25.6609184, 44.1010705], [25.6783794, 44.0894752], [25.6722149, 44.106419], [25.6765053, 44.1130602], [25.686298, 44.109667], [25.6867791, 44.1224629], [25.6971536, 44.105434], [25.7096647, 44.1016076], [25.7041546, 44.1105109], [25.7137695, 44.1283765], [25.7093808, 44.1347854], [25.6790126, 44.1266481], [25.6768323, 44.1573717], [25.701744, 44.1540198], [25.7030386, 44.1605073], [25.6553485, 44.168784], [25.6641645, 44.2075768], [25.6840355, 44.2388996], [25.7055104, 44.2388304], [25.6960347, 44.2494231], [25.703164, 44.2519574], [25.6676977, 44.2686858], [25.6698575, 44.2924232], [25.655682, 44.2965394], [25.6505526, 44.274353], [25.6186378, 44.2881967], [25.6315537, 44.3068819], [25.616712, 44.317434], [25.6036608, 44.3208484], [25.594712, 44.310798], [25.5710943, 44.3082084], [25.5575264, 44.3177114], [25.5154247, 44.3138769], [25.4681189, 44.3253035], [25.4694224, 44.3491683], [25.4779883, 44.3540752], [25.4703234, 44.3603604], [25.484759, 44.3772646], [25.4580608, 44.3748404], [25.4255381, 44.3968906], [25.4591727, 44.420866], [25.4976283, 44.4654779], [25.4709539, 44.4882618], [25.4537662, 44.4779175], [25.4416675, 44.4848492], [25.4503027, 44.4922387], [25.4427263, 44.5010465], [25.3951143, 44.5181315], [25.3693736, 44.4974939], [25.3578373, 44.4795249], [25.3667024, 44.474195], [25.3557322, 44.4593236], [25.3411759, 44.4645905], [25.3245327, 44.4420402], [25.2971318, 44.4298553], [25.3031656, 44.4239446], [25.2507491, 44.4033546], [25.2029513, 44.456449], [25.1112059, 44.4158811], [25.0861776, 44.4171046], [25.1032923, 44.4098669], [25.0919214, 44.4132603], [25.0651079, 44.3973759], [25.0546531, 44.4090927], [25.0460461, 44.3970775], [25.0105056, 44.4108538], [24.9613762, 44.3768786], [24.8840347, 44.3826376], [24.8825554, 44.3682867], [24.8170999, 44.3611368], [24.8283166, 44.3322969], [24.8474264, 44.3190093], [24.8310481, 44.3095273], [24.8357489, 44.3019497], [24.8213762, 44.2900006], [24.829244, 44.2725726], [24.8202161, 44.2420675], [24.8280588, 44.2368316], [24.8175656, 44.2330803], [24.8370221, 44.2263872], [24.7935807, 44.1912536], [24.8043973, 44.1595108], [24.8441451, 44.1331644], [24.8593354, 44.0937883], [24.7109154, 44.0591216], [24.7220901, 44.0474191], [24.7117072, 44.0445851], [24.720194, 44.038072], [24.6284017, 44.0216958], [24.613106, 44.014152], [24.6085361, 43.9947369], [24.5937176, 43.9895154]]]}}, {"type": "Feature", "properties": {"name": "Timiș"}, "geometry": {"type": "Polygon", "coordinates": [[[20.2619955, 46.1207867], [20.2828875, 46.117612], [20.2648334, 46.1084786], [20.3022673, 46.0866212], [20.3092798, 46.0721018], [20.3460678, 46.0473807], [20.340625, 46.0362726], [20.3577086, 46.0058533], [20.3483767, 45.9995822], [20.405431, 45.9652429], [20.4473061, 45.9702475], [20.4829321, 45.9534269], [20.5158163, 45.892108], [20.5693028, 45.910146], [20.5814614, 45.8693682], [20.6115437, 45.8640673], [20.6606158, 45.8291853], [20.6509169, 45.8117981], [20.6628376, 45.7941183], [20.6814301, 45.7973094], [20.700651, 45.7505625], [20.7740278, 45.7545197], [20.7835603, 45.7858804], [20.8230651, 45.7750927], [20.8173654, 45.7517578], [20.8026644, 45.7377459], [20.7961665, 45.6870319], [20.8029859, 45.6820114], [20.8049896, 45.6572258], [20.7657906, 45.6126216], [20.7720116, 45.5828535], [20.7953231, 45.5876395], [20.8325729, 45.5358913], [20.8070857, 45.5158375], [20.7688211, 45.5002302], [20.7769521, 45.4905898], [20.7710472, 45.479921], [20.8333054, 45.4799634], [20.8663857, 45.4651796], [20.8810665, 45.4461746], [20.8722052, 45.4460511], [20.8748531, 45.4381531], [20.8646189, 45.4318241], [20.900432, 45.4168939], [20.9202588, 45.4172428], [20.9355752, 45.392762], [20.9312203, 45.3867641], [20.9483796, 45.3855909], [20.960324, 45.3667593], [21.0098929, 45.3412793], [21.0165684, 45.3246306], [21.063374, 45.3319298], [21.0612007, 45.3158636], [21.0809807, 45.317808], [21.0965274, 45.2958979], [21.1445475, 45.3048507], [21.1620242, 45.3250953], [21.1663505, 45.3196741], [21.1759441, 45.3251585], [21.1838674, 45.3207288], [21.1799317, 45.3125697], [21.1913312, 45.2867847], [21.2087231, 45.27527], [21.2028363, 45.2654391], [21.2189845, 45.2505828], [21.2747494, 45.2296787], [21.2922604, 45.2424131], [21.3262015, 45.2396001], [21.3600175, 45.2221018], [21.3953465, 45.2187809], [21.4034333, 45.2292706], [21.4388043, 45.2027982], [21.4792157, 45.1930852], [21.514624, 45.2020462], [21.5042613, 45.2173593], [21.5271241, 45.2318316], [21.5212632, 45.2449112], [21.530603, 45.248476], [21.5343233, 45.2639491], [21.5561023, 45.2724397], [21.5313165, 45.2913732], [21.5427901, 45.2997314], [21.5258336, 45.3315822], [21.493932, 45.3428822], [21.497557, 45.3504182], [21.4450841, 45.3903866], [21.4405334, 45.407108], [21.4887416, 45.4186255], [21.4850042, 45.434686], [21.4755905, 45.4312175], [21.4642044, 45.4428892], [21.458709, 45.476773], [21.5115559, 45.4935909], [21.5565644, 45.4901387], [21.5518882, 45.4934073], [21.5591428, 45.5001267], [21.5726283, 45.5000528], [21.584435, 45.5089528], [21.5710875, 45.5214362], [21.5852402, 45.5304003], [21.5724952, 45.5346684], [21.5977594, 45.5566174], [21.5998893, 45.5710738], [21.6283501, 45.5682397], [21.6744149, 45.5858434], [21.7020393, 45.5737472], [21.7012015, 45.5625758], [21.7229948, 45.5624962], [21.747279, 45.5446361], [21.8170294, 45.5271449], [21.8391253, 45.5362328], [21.875725, 45.5356898], [21.8716989, 45.5613689], [21.9235201, 45.5668815], [21.935088, 45.5564933], [21.9204582, 45.5530711], [21.9401845, 45.5314215], [21.9453016, 45.5056657], [21.9748616, 45.5124428], [21.9908539, 45.5030881], [21.9926538, 45.5091005], [22.0070798, 45.5041414], [22.0086671, 45.5102892], [22.0428216, 45.4982932], [22.0432997, 45.5053517], [22.0642837, 45.5086317], [22.0600763, 45.5201104], [22.0761193, 45.5317251], [22.0574267, 45.5521118], [22.0455761, 45.5520398], [22.0491653, 45.5739864], [22.0366416, 45.5871148], [22.0452571, 45.5915216], [22.0740421, 45.5719428], [22.1055954, 45.5952538], [22.1346002, 45.5941195], [22.1480958, 45.6160288], [22.1501093, 45.5984448], [22.1893245, 45.6177911], [22.2077396, 45.6056732], [22.2366964, 45.6042997], [22.2528396, 45.5874953], [22.2700962, 45.5848453], [22.2909914, 45.6053211], [22.2975134, 45.6360888], [22.3175275, 45.6606581], [22.3580522, 45.6673502], [22.3893378, 45.6624889], [22.4007703, 45.6687876], [22.4193599, 45.6637339], [22.4316807, 45.6799116], [22.46859, 45.6937215], [22.4706406, 45.7312074], [22.5196981, 45.7512501], [22.5513637, 45.7774634], [22.5342418, 45.8014305], [22.500247, 45.7851378], [22.4804444, 45.7868177], [22.4701249, 45.8027678], [22.4783697, 45.8077896], [22.4762713, 45.8380461], [22.4602472, 45.837469], [22.4621544, 45.847412], [22.4357543, 45.8557728], [22.4106114, 45.8545711], [22.3860865, 45.8838653], [22.3686438, 45.8836071], [22.4104264, 45.9071097], [22.4190064, 45.9371933], [22.377681, 45.9642626], [22.3450895, 45.9741968], [22.3113799, 45.966656], [22.3101288, 45.9362337], [22.2601729, 45.9343029], [22.2454384, 45.9252052], [22.2468667, 45.9035769], [22.2263428, 45.9019131], [22.2007973, 45.9225947], [22.1723977, 45.9285351], [22.1354378, 45.9227566], [22.1256322, 45.926864], [22.1241415, 45.9377423], [22.0699245, 45.9591325], [22.0397278, 45.9684666], [21.99838, 45.967946], [21.9872014, 45.9884656], [21.9674702, 45.9943549], [21.9253285, 45.9848429], [21.9162073, 45.9630726], [21.8934995, 45.952458], [21.8724359, 45.9586728], [21.8656959, 45.9486505], [21.8513661, 45.9472054], [21.8197252, 45.9678315], [21.8110194, 45.9574051], [21.8187073, 45.9491134], [21.8010897, 45.9439524], [21.7994356, 45.9252799], [21.8053183, 45.9211465], [21.769714, 45.9168952], [21.7686012, 45.9393429], [21.7753771, 45.9486564], [21.7366485, 45.9900075], [21.7215784, 45.9757989], [21.7246614, 45.9684326], [21.7030862, 45.9439968], [21.6924245, 45.9163431], [21.667721, 45.9062355], [21.6619941, 45.9354278], [21.6483807, 45.9475217], [21.6300202, 45.9427725], [21.6419297, 45.9740149], [21.6212996, 45.9752285], [21.5918397, 45.9946086], [21.5605837, 46.0024885], [21.5520717, 45.9951399], [21.5475313, 46.0062391], [21.524236, 46.0103349], [21.5363039, 46.0330279], [21.5142097, 46.0680229], [21.4772048, 46.0631448], [21.4491794, 46.0458416], [21.4352685, 46.0594898], [21.4336984, 46.0442175], [21.4496017, 46.0292577], [21.4166777, 46.0166083], [21.421338, 46.011549], [21.3909006, 46.0086379], [21.3658773, 45.9819834], [21.3510124, 45.9837023], [21.360658, 45.9954462], [21.3363679, 46.007454], [21.2751899, 46.0168746], [21.2621137, 45.9948576], [21.2382733, 45.986414], [21.2479979, 45.9808473], [21.2361858, 45.9818697], [21.2420038, 45.9713689], [21.2004049, 45.981426], [21.1720459, 45.9987499], [21.1255233, 45.977046], [21.1194669, 45.983018], [21.1102095, 45.9770817], [21.0848971, 45.9970345], [21.0827165, 46.0131326], [21.0744511, 46.0125634], [21.0687422, 46.0397781], [20.9406675, 46.0375164], [20.9179816, 46.0743087], [20.8326225, 46.0905854], [20.8055501, 46.1055013], [20.7971984, 46.1218751], [20.7803267, 46.126317], [20.7727412, 46.144547], [20.7248313, 46.1460458], [20.7095674, 46.162036], [20.694897, 46.1586539], [20.6837972, 46.1446727], [20.6537645, 46.1487742], [20.6492213, 46.1346695], [20.6360414, 46.1264584], [20.5494703, 46.1771929], [20.5015001, 46.1899329], [20.4918491, 46.1807961], [20.4951662, 46.17091], [20.45911, 46.1428791], [20.4263052, 46.1452405], [20.397457, 46.1574227], [20.3684481, 46.152932], [20.3556082, 46.1696739], [20.3126284, 46.1501723], [20.3091947, 46.1564748], [20.2968418, 46.1522369], [20.2619955, 46.1207867]]]}}, {"type": "Feature", "properties": {"name": "Tulcea"}, "geometry": {"type": "Polygon", "coordinates": [[[27.994842, 45.28675], [28.0285428, 45.2644166], [28.0681095, 45.2522461], [28.0957942, 45.249737], [28.1148439, 45.2588605], [28.1301972, 45.2330659], [28.0916811, 45.189879], [28.1973648, 45.1373931], [28.1702789, 45.123985], [28.1762216, 45.1023769], [28.1354655, 45.1013659], [28.1379382, 45.0670528], [28.152978, 45.0381127], [28.1347827, 45.0280144], [28.1293502, 45.0132164], [28.1510862, 44.9736089], [28.1302821, 44.9430959], [28.1250856, 44.9156063], [28.1271045, 44.9019724], [28.1424297, 44.8911279], [28.0999932, 44.8609727], [28.0730365, 44.8018622], [28.1143995, 44.793399], [28.152601, 44.8006219], [28.1815975, 44.785387], [28.1815203, 44.7611249], [28.1944936, 44.7542139], [28.2164065, 44.7539283], [28.217044, 44.7623404], [28.239929, 44.7646731], [28.2404267, 44.7561242], [28.2627108, 44.7557981], [28.261821, 44.7268354], [28.2747174, 44.7183682], [28.2688012, 44.7122444], [28.279227, 44.7120277], [28.2678666, 44.6992174], [28.3127308, 44.7114864], [28.3269526, 44.7073183], [28.3146346, 44.6960711], [28.365541, 44.691604], [28.3649261, 44.6848335], [28.3850836, 44.6799771], [28.377412, 44.6564307], [28.3868077, 44.6519504], [28.386918, 44.6395163], [28.4083109, 44.6489224], [28.3951405, 44.6347222], [28.4120424, 44.6298393], [28.4093144, 44.6245797], [28.4221302, 44.6158794], [28.4346757, 44.6166559], [28.4490311, 44.6429957], [28.4277714, 44.6580358], [28.4348008, 44.6738031], [28.4692467, 44.6570109], [28.4671523, 44.6482454], [28.5208281, 44.6341851], [28.5285068, 44.6359202], [28.536055, 44.6625175], [28.5905861, 44.6541856], [28.6830068, 44.6688198], [28.677692, 44.6626077], [28.7015435, 44.6576993], [28.6919054, 44.6529241], [28.6960944, 44.6501475], [28.710405, 44.6550163], [28.7409501, 44.6467852], [28.7495139, 44.6542874], [28.7785796, 44.6550115], [28.7905885, 44.6351245], [28.8243544, 44.6323413], [28.8653849, 44.6640688], [28.9148153, 44.6862806], [28.9145818, 44.6966537], [28.9581357, 44.6942583], [28.9944447, 44.67975], [29.0850907, 44.7490353], [29.1602779, 44.7772337], [29.3166196, 44.8056925], [29.5702515, 44.8229845], [29.5161795, 44.7783924], [29.4897295, 44.7739088], [29.4654911, 44.7814578], [29.4877264, 44.7701702], [29.4557853, 44.7831227], [29.4743863, 44.7689907], [29.4926936, 44.7686146], [29.511228, 44.7729145], [29.5848196, 44.8226821], [29.6141423, 44.8590015], [29.6510802, 45.0843486], [29.6710399, 45.1302867], [29.6952662, 45.153285], [29.7172783, 45.1623252], [29.7546169, 45.1501881], [29.7540893, 45.1431767], [29.7684058, 45.1464817], [29.7488462, 45.1549136], [29.7553704, 45.1623993], [29.7638129, 45.1857242], [29.7485768, 45.1550301], [29.7210221, 45.1669005], [29.6833432, 45.1637101], [29.6772972, 45.1698283], [29.6613252, 45.1623692], [29.6425344, 45.1696322], [29.6329173, 45.2112757], [29.689822, 45.2014472], [29.6621923, 45.2389352], [29.6635128, 45.2596607], [29.678552, 45.268243], [29.669551, 45.307508], [29.65093, 45.3396186], [29.5928096, 45.3877893], [29.5507497, 45.4088678], [29.4739902, 45.423179], [29.4286578, 45.4426735], [29.3635356, 45.4361998], [29.326675, 45.448369], [29.2907355, 45.4274557], [29.238151, 45.432705], [29.187265, 45.411769], [29.1674249, 45.39433], [29.0827499, 45.3733313], [28.9887254, 45.333347], [28.9658847, 45.3309818], [28.9490906, 45.3112235], [28.9521334, 45.2862785], [28.941882, 45.280499], [28.914686, 45.287404], [28.8742045, 45.3160694], [28.84592, 45.317275], [28.8164702, 45.3362534], [28.7961829, 45.3347304], [28.780537, 45.323045], [28.8052586, 45.3114933], [28.803259, 45.303102], [28.793389, 45.293129], [28.752028, 45.284082], [28.763615, 45.264224], [28.791566, 45.25396], [28.7925883, 45.2434782], [28.7109378, 45.2236659], [28.642478, 45.24298], [28.5612283, 45.2500889], [28.349033, 45.320399], [28.285348, 45.399623], [28.280666, 45.444068], [28.255912, 45.457826], [28.203063, 45.4669632], [28.1925632, 45.4544791], [28.1890464, 45.413082], [28.1073222, 45.44126], [28.0814623, 45.4372484], [28.0401635, 45.4165096], [28.0281915, 45.3995482], [28.0228602, 45.3521673], [27.994842, 45.28675]]]}}, {"type": "Feature", "properties": {"name": "Vâlcea"}, "geometry": {"type": "Polygon", "coordinates": [[[23.5761221, 45.4244353], [23.5940554, 45.4170877], [23.5889373, 45.4099416], [23.6016767, 45.3824385], [23.5855784, 45.3701148], [23.5857751, 45.3573018], [23.6047385, 45.3406006], [23.6259996, 45.3338823], [23.6462508, 45.350198], [23.6855808, 45.3280656], [23.7085297, 45.3343617], [23.7266945, 45.3274451], [23.7966658, 45.3537837], [23.8452175, 45.324971], [23.8441709, 45.3151017], [23.7962683, 45.2610146], [23.8174894, 45.2076334], [23.8398881, 45.1921629], [23.8555465, 45.1507583], [23.8120075, 45.1254846], [23.8232882, 45.1160985], [23.8246721, 45.1050864], [23.8172251, 45.1019662], [23.8282922, 45.0900985], [23.8285085, 45.074665], [23.7825923, 45.0633565], [23.7952693, 45.0234068], [23.7580906, 45.0056664], [23.7549288, 44.9953843], [23.7723432, 44.9494263], [23.7647011, 44.9252004], [23.7696362, 44.9078286], [23.7602105, 44.8992975], [23.7634483, 44.8852263], [23.7534739, 44.8708272], [23.7693005, 44.8714875], [23.768519, 44.8649809], [23.7795569, 44.8628472], [23.7816713, 44.8382816], [23.7959145, 44.8166612], [23.7704763, 44.7816214], [23.7808408, 44.7593639], [23.7807288, 44.6887338], [23.7918084, 44.6747325], [23.7874041, 44.6375124], [23.8165768, 44.6475664], [23.8591067, 44.6244316], [23.8762174, 44.6303894], [23.899675, 44.625542], [23.8809038, 44.6109266], [23.8978198, 44.5747138], [23.9110837, 44.5789358], [23.9217519, 44.5631132], [23.9286007, 44.5281569], [23.9901422, 44.5383064], [24.0261617, 44.530061], [24.0270536, 44.5177439], [24.0415096, 44.5225544], [24.0365302, 44.5052753], [24.0514599, 44.510258], [24.0626145, 44.4956047], [24.0560701, 44.4947515], [24.0777599, 44.4902436], [24.0919931, 44.5109386], [24.0867225, 44.5143229], [24.1160873, 44.5243105], [24.117471, 44.5380524], [24.1451056, 44.5565307], [24.1721294, 44.556279], [24.1850711, 44.5460564], [24.2066372, 44.5546347], [24.2589268, 44.5489246], [24.2531615, 44.5539849], [24.2645354, 44.6018207], [24.2819891, 44.6001037], [24.287842, 44.5662902], [24.3249071, 44.5608549], [24.3247316, 44.6128972], [24.3012353, 44.6417663], [24.2988243, 44.675275], [24.2797478, 44.7076673], [24.2762304, 44.7407511], [24.2825584, 44.7496785], [24.2746293, 44.7687831], [24.2963712, 44.7703833], [24.2987472, 44.7806596], [24.3231633, 44.7896166], [24.3187385, 44.7938261], [24.3204199, 44.7915957], [24.3159075, 44.7875646], [24.3188318, 44.8161209], [24.3317824, 44.8172458], [24.3186911, 44.8394648], [24.3419551, 44.8534726], [24.3331977, 44.8698482], [24.367975, 44.8715784], [24.3889517, 44.9014662], [24.4238122, 44.8906185], [24.4165089, 44.8550001], [24.438134, 44.84538], [24.4627412, 44.8618042], [24.4800679, 44.8991294], [24.4635416, 44.9041773], [24.4636477, 44.9133745], [24.4997576, 44.9454335], [24.4823266, 44.9541822], [24.4687099, 44.9483204], [24.4810937, 44.9758997], [24.5090394, 44.9977692], [24.482765, 45.0143125], [24.5173578, 45.0393053], [24.5204683, 45.0489838], [24.4813598, 45.0609453], [24.4912718, 45.0770815], [24.5071488, 45.0850407], [24.4875034, 45.1053003], [24.4964955, 45.1066139], [24.4977973, 45.1150096], [24.5124141, 45.1082983], [24.5196822, 45.1347851], [24.4979336, 45.1656165], [24.5128835, 45.1658248], [24.5104247, 45.1749967], [24.5219727, 45.1797963], [24.4875098, 45.1959765], [24.5009646, 45.2047552], [24.484461, 45.212749], [24.4758517, 45.2090567], [24.4692836, 45.2209997], [24.4667699, 45.2317389], [24.4839645, 45.2566908], [24.4758538, 45.2672096], [24.4927823, 45.2783541], [24.4882095, 45.2964472], [24.4801407, 45.2960306], [24.4922342, 45.3154987], [24.4861497, 45.3311006], [24.4725908, 45.329485], [24.4727936, 45.3576821], [24.466135, 45.3630078], [24.507275, 45.3524964], [24.493964, 45.3786187], [24.5053688, 45.3840762], [24.4910047, 45.3993055], [24.4790464, 45.4377922], [24.4858294, 45.4627549], [24.5103767, 45.4630489], [24.5249546, 45.4751965], [24.5278735, 45.4967949], [24.511906, 45.5175285], [24.540533, 45.5357076], [24.523142, 45.5805739], [24.5114825, 45.5868033], [24.4814451, 45.5725193], [24.4776636, 45.5816011], [24.4613623, 45.5809045], [24.4461143, 45.5908507], [24.4322629, 45.581172], [24.386669, 45.5839108], [24.3370462, 45.5724898], [24.334448, 45.5818669], [24.2660432, 45.5557537], [24.2572559, 45.5430863], [24.2267054, 45.5472448], [24.2050464, 45.5235772], [24.1188419, 45.5087619], [24.0113135, 45.5319413], [24.0009715, 45.5266399], [23.9222788, 45.5359821], [23.8735723, 45.5228183], [23.8578476, 45.5350254], [23.8042309, 45.5319646], [23.7711679, 45.5107026], [23.7036209, 45.496779], [23.6789139, 45.4648231], [23.6537087, 45.4573107], [23.6348744, 45.4566391], [23.6269036, 45.4709338], [23.6172269, 45.4658276], [23.5972778, 45.4734786], [23.5958075, 45.4530206], [23.5761221, 45.4244353]]]}}, {"type": "Feature", "properties": {"name": "Vaslui"}, "geometry": {"type": "Polygon", "coordinates": [[[27.1883421, 46.8714892], [27.2002785, 46.8562643], [27.219426, 46.8485896], [27.207364, 46.839927], [27.2271252, 46.8209793], [27.215191, 46.8177067], [27.2133269, 46.789734], [27.2244488, 46.7910947], [27.2334341, 46.7755557], [27.2062453, 46.7698649], [27.2103086, 46.7605765], [27.2283447, 46.7446049], [27.2350177, 46.7494811], [27.2393526, 46.7353487], [27.3265737, 46.6979776], [27.2929846, 46.6769054], [27.3204291, 46.658501], [27.3160996, 46.6521316], [27.2763837, 46.6252805], [27.319193, 46.5954113], [27.3603039, 46.5360787], [27.3798356, 46.5240871], [27.3729671, 46.5195078], [27.3836123, 46.5180155], [27.382081, 46.5003854], [27.3990512, 46.4695383], [27.4154231, 46.4620486], [27.4201028, 46.4311511], [27.4492442, 46.4001022], [27.4520096, 46.3788041], [27.4644153, 46.3714195], [27.4662531, 46.3624928], [27.4589656, 46.3600878], [27.4828379, 46.3270876], [27.4758727, 46.3265143], [27.4800656, 46.3187311], [27.4571014, 46.3203173], [27.4636118, 46.2962128], [27.4828054, 46.2819917], [27.4662664, 46.2789738], [27.4738744, 46.2367062], [27.4789185, 46.2206802], [27.506497, 46.2193858], [27.51015, 46.2100123], [27.5004662, 46.1649064], [27.5061628, 46.1554422], [27.4928473, 46.159225], [27.4846922, 46.1453379], [27.5024548, 46.1432594], [27.5350824, 46.0963818], [27.5171919, 46.085361], [27.5319364, 46.067128], [27.5159458, 46.0535615], [27.5509457, 46.0109317], [27.5625842, 46.0028884], [27.5897319, 46.0093674], [27.6044821, 46.0193763], [27.5959097, 46.0276993], [27.6048631, 46.0359425], [27.5998874, 46.0559275], [27.6277123, 46.0613948], [27.6144183, 46.0733564], [27.5872213, 46.071809], [27.6109587, 46.0767902], [27.5880794, 46.1114031], [27.5965498, 46.1129434], [27.5911134, 46.1239495], [27.601324, 46.1224224], [27.5841445, 46.1355249], [27.581107, 46.144553], [27.5911194, 46.1501778], [27.6035822, 46.1444826], [27.5978029, 46.1392576], [27.6074295, 46.1305359], [27.6338961, 46.1383813], [27.6472216, 46.1299007], [27.6504793, 46.140355], [27.6716229, 46.1328088], [27.6759274, 46.141395], [27.6932007, 46.1321683], [27.7101911, 46.1385886], [27.7110378, 46.1292049], [27.7624487, 46.1281319], [27.7636111, 46.1153442], [27.786051, 46.1124509], [27.7881329, 46.0949001], [27.8154651, 46.1048221], [27.8080543, 46.1116432], [27.8219619, 46.1202458], [27.8293261, 46.1113521], [27.838684, 46.1156887], [27.8301694, 46.1271779], [27.8453185, 46.1263498], [27.846887, 46.1577681], [27.8572105, 46.1631061], [27.869132, 46.1613115], [27.8726464, 46.1580185], [27.871894, 46.1455714], [27.9107016, 46.1538365], [27.9262166, 46.152477], [27.9395628, 46.1351233], [27.9646144, 46.1414558], [27.9842567, 46.1104966], [28.0093338, 46.1153425], [28.0088958, 46.1049376], [28.0759258, 46.1175271], [28.124197, 46.1115808], [28.1244841, 46.1259948], [28.1344485, 46.1304549], [28.1250081, 46.1374279], [28.1240791, 46.1507294], [28.1429647, 46.1643735], [28.1282433, 46.1778496], [28.1443498, 46.1791341], [28.1317709, 46.1823642], [28.1414122, 46.1848061], [28.1346645, 46.1955613], [28.118026, 46.1921683], [28.1229123, 46.2112862], [28.1095786, 46.2045764], [28.1148537, 46.2108292], [28.1062151, 46.2213003], [28.1098546, 46.2427076], [28.1191743, 46.238615], [28.1334341, 46.2512295], [28.1463976, 46.2514574], [28.1262038, 46.262092], [28.1360534, 46.2644876], [28.1409906, 46.2857098], [28.1524421, 46.2787271], [28.149876, 46.2923622], [28.1692979, 46.2824723], [28.1733604, 46.2978199], [28.1804119, 46.285286], [28.186981, 46.2941611], [28.1783975, 46.300047], [28.2024294, 46.3103465], [28.2091536, 46.3205572], [28.1841267, 46.3326293], [28.1973217, 46.3340524], [28.1995992, 46.3438709], [28.1825966, 46.3524189], [28.196425, 46.3497087], [28.1913066, 46.3550589], [28.1926086, 46.3595637], [28.2011807, 46.3564874], [28.2089103, 46.3593486], [28.1988131, 46.3650148], [28.2075579, 46.3694205], [28.197515, 46.3701296], [28.2202422, 46.3811348], [28.2174379, 46.3959376], [28.242906, 46.3945171], [28.2249835, 46.3991137], [28.2388451, 46.4067513], [28.2312087, 46.4073837], [28.2303338, 46.4154214], [28.249902, 46.4157311], [28.2611236, 46.437388], [28.2570731, 46.4473588], [28.2399386, 46.4521372], [28.2584309, 46.4621621], [28.245621, 46.463368], [28.250962, 46.4668601], [28.2414161, 46.4796818], [28.2248087, 46.4795077], [28.2320108, 46.4837956], [28.2309489, 46.4949103], [28.221374, 46.5031234], [28.2113438, 46.4987286], [28.2092938, 46.5056327], [28.2230328, 46.5112622], [28.2141221, 46.5221072], [28.2246141, 46.5203404], [28.2305224, 46.5290269], [28.2155978, 46.5378697], [28.2266871, 46.5537585], [28.2359018, 46.5516156], [28.2228646, 46.5798067], [28.241501, 46.5811206], [28.2309097, 46.5849588], [28.252558, 46.6123545], [28.248628, 46.6271524], [28.2390366, 46.6303244], [28.2446253, 46.6383949], [28.2382463, 46.6445852], [28.2461997, 46.6451845], [28.2373782, 46.6511791], [28.2364614, 46.6786199], [28.2238256, 46.675729], [28.2204151, 46.6906451], [28.2146816, 46.6829925], [28.2074515, 46.686421], [28.2147256, 46.6935874], [28.2020318, 46.7003872], [28.2094975, 46.7118119], [28.2019205, 46.7215516], [28.1964446, 46.7151673], [28.1888807, 46.7188157], [28.194354, 46.734724], [28.1830831, 46.734341], [28.1778345, 46.7428244], [28.1829351, 46.7469003], [28.1730504, 46.7506403], [28.1854445, 46.7596073], [28.1777967, 46.7583319], [28.177874, 46.770803], [28.1671326, 46.7702696], [28.1727266, 46.7757828], [28.1605287, 46.7775628], [28.1765802, 46.7779301], [28.1651381, 46.7912821], [28.1611449, 46.7841777], [28.1489861, 46.7935493], [28.1528939, 46.7991714], [28.1285564, 46.8066637], [28.1257729, 46.8228309], [28.1143591, 46.8219849], [28.1075593, 46.8472216], [28.0529047, 46.8509685], [28.0146843, 46.8338036], [27.9902267, 46.8384155], [27.9797982, 46.8573409], [27.9420103, 46.8551824], [27.9282831, 46.8664135], [27.9214592, 46.8631612], [27.9404397, 46.8446573], [27.9281447, 46.8398331], [27.9411595, 46.8376634], [27.9352737, 46.8323787], [27.9438322, 46.8225118], [27.9194134, 46.8220089], [27.920329, 46.8106045], [27.8951894, 46.8072454], [27.888289, 46.8137426], [27.8950301, 46.816466], [27.8892138, 46.8381975], [27.8802105, 46.8434444], [27.8859263, 46.8238953], [27.8695423, 46.8399443], [27.8722308, 46.8583647], [27.8459047, 46.865538], [27.8329087, 46.8634515], [27.8296601, 46.8534976], [27.7970418, 46.8601632], [27.8140578, 46.8808949], [27.8118663, 46.9343606], [27.7958275, 46.9274834], [27.7876293, 46.9464518], [27.7706441, 46.9471707], [27.7916997, 46.8743161], [27.7859341, 46.8827009], [27.7685424, 46.8762653], [27.7329698, 46.9222693], [27.7247017, 46.9199955], [27.705382, 46.940089], [27.6936686, 46.937147], [27.6600158, 46.9736243], [27.6376446, 46.9771688], [27.6213566, 46.9916835], [27.6063447, 46.9572425], [27.6167598, 46.950032], [27.6076164, 46.9464804], [27.6181644, 46.9394836], [27.6162348, 46.9249919], [27.6305152, 46.9219485], [27.6439404, 46.8964048], [27.6068717, 46.8933832], [27.5912057, 46.8788958], [27.5840862, 46.8799499], [27.5889661, 46.887283], [27.5709889, 46.8889141], [27.5683038, 46.8774683], [27.5473027, 46.9143217], [27.5318762, 46.9160025], [27.5199664, 46.9145374], [27.5218308, 46.8913653], [27.5330782, 46.8821151], [27.486455, 46.8750956], [27.4895822, 46.8696371], [27.4755176, 46.866375], [27.4717278, 46.8711671], [27.4599303, 46.8623535], [27.4547647, 46.8693555], [27.424539, 46.8625169], [27.4171186, 46.8745965], [27.4020737, 46.8759035], [27.3981148, 46.893633], [27.3725251, 46.8922482], [27.3364177, 46.8677167], [27.31119, 46.8630512], [27.2847621, 46.8759263], [27.2512537, 46.8676051], [27.2485067, 46.8761743], [27.2263172, 46.8680595], [27.2232871, 46.8780256], [27.2022885, 46.8823396], [27.1883421, 46.8714892]]]}}, {"type": "Feature", "properties": {"name": "Vrancea"}, "geometry": {"type": "Polygon", "coordinates": [[[26.3710409, 45.8437353], [26.3846862, 45.8060342], [26.4409754, 45.7763659], [26.4433945, 45.7515636], [26.4357431, 45.7396711], [26.4668159, 45.7193207], [26.4671792, 45.7045659], [26.4830018, 45.701144], [26.4928343, 45.6768946], [26.530084, 45.6408412], [26.5411899, 45.6419062], [26.5609771, 45.627871], [26.579685, 45.6333041], [26.593553, 45.6203486], [26.6152779, 45.6280417], [26.6477796, 45.6090378], [26.681552, 45.6087005], [26.7188795, 45.5719258], [26.7433922, 45.5664649], [26.7432584, 45.5506282], [26.8054235, 45.5478489], [26.8339228, 45.5178371], [26.853052, 45.5253578], [26.8901674, 45.5168084], [26.9001979, 45.523427], [26.9033643, 45.5386525], [26.906081, 45.5328356], [26.9385444, 45.5320233], [26.9482968, 45.5218687], [26.9858538, 45.537734], [26.9750736, 45.53197], [27.0022308, 45.4848728], [27.0454463, 45.4525758], [27.0899409, 45.4458981], [27.1092845, 45.4748933], [27.1582834, 45.465208], [27.1429496, 45.4513329], [27.1066545, 45.4385237], [27.1127032, 45.4347541], [27.1040876, 45.4260356], [27.1200641, 45.4208103], [27.1148475, 45.4092998], [27.143526, 45.4105023], [27.1747684, 45.4276724], [27.1944082, 45.4533681], [27.2042877, 45.4528386], [27.2234392, 45.4275851], [27.2410352, 45.4299161], [27.2567312, 45.4494179], [27.2795001, 45.4543513], [27.2802634, 45.4268286], [27.2646242, 45.4205015], [27.2700348, 45.3902096], [27.3395847, 45.3835116], [27.3366259, 45.3713346], [27.3730293, 45.3736333], [27.3944455, 45.3833158], [27.4014697, 45.3770194], [27.4347603, 45.3947091], [27.4327702, 45.4096674], [27.5585467, 45.488385], [27.5269468, 45.5002336], [27.5418149, 45.5091528], [27.524543, 45.5195847], [27.5283105, 45.5485482], [27.5042505, 45.5631652], [27.5100637, 45.5766603], [27.536287, 45.5810992], [27.5187826, 45.590246], [27.5151758, 45.6046289], [27.4975656, 45.6068972], [27.5130919, 45.621005], [27.4883784, 45.6293883], [27.4887397, 45.6407204], [27.4648364, 45.6389292], [27.439957, 45.6791181], [27.4245495, 45.668382], [27.4261957, 45.6782103], [27.403621, 45.6823069], [27.362382, 45.7293797], [27.342299, 45.7882648], [27.3196669, 45.8054795], [27.3032587, 45.8451039], [27.2900754, 45.8600872], [27.2791513, 45.8569081], [27.2792066, 45.8705528], [27.2486538, 45.8726551], [27.2524009, 45.882397], [27.2828212, 45.8863209], [27.2419095, 45.9468976], [27.2320139, 45.9767153], [27.2270465, 46.0091381], [27.2369135, 46.0461911], [27.268532, 46.0414884], [27.2777972, 46.059197], [27.290288, 46.0598614], [27.2818401, 46.0751374], [27.2963134, 46.0844714], [27.3683104, 46.0786611], [27.3717457, 46.0878233], [27.4244281, 46.0893602], [27.4281795, 46.1161596], [27.4182206, 46.1307943], [27.4267741, 46.1395351], [27.4488892, 46.1264615], [27.4809851, 46.1258637], [27.4840809, 46.1397538], [27.503082, 46.1396328], [27.4846922, 46.1453379], [27.4929411, 46.1624668], [27.4788657, 46.1675962], [27.4591697, 46.1574323], [27.4480355, 46.1842143], [27.4156552, 46.1892578], [27.419982, 46.1938029], [27.3789769, 46.1899113], [27.3809625, 46.165078], [27.3517577, 46.1524674], [27.3504019, 46.1688982], [27.3339022, 46.1684839], [27.3303669, 46.1794359], [27.3141896, 46.183795], [27.3179608, 46.2027678], [27.3066227, 46.2061765], [27.262731, 46.2004213], [27.2698861, 46.1832198], [27.245776, 46.1778824], [27.2355291, 46.1895961], [27.2216828, 46.1913644], [27.200685, 46.1792962], [27.190424, 46.186666], [27.185839, 46.1719244], [27.1732423, 46.1812796], [27.1646457, 46.1746736], [27.1701708, 46.1696053], [27.123624, 46.1474833], [27.1272488, 46.137812], [27.1401146, 46.1341952], [27.1361278, 46.1144815], [27.1229692, 46.1040922], [27.0861291, 46.1115058], [27.1051953, 46.1050218], [27.1056461, 46.0887017], [27.0845117, 46.0952877], [27.0731835, 46.0876787], [26.9835787, 46.1132638], [26.9456599, 46.0998188], [26.9527031, 46.0862117], [26.9326544, 46.0645639], [26.8701411, 46.0851411], [26.8449787, 46.0714173], [26.8071056, 46.0657855], [26.8011895, 46.0758081], [26.787987, 46.0786358], [26.7807715, 46.093904], [26.7621155, 46.0865556], [26.7402234, 46.0874122], [26.7336576, 46.0953987], [26.717757, 46.0890399], [26.7046134, 46.0938854], [26.6813913, 46.0793029], [26.6447019, 46.0751383], [26.6341048, 46.0575102], [26.5860832, 46.0404318], [26.5726031, 46.0168393], [26.5156523, 46.0269216], [26.491727, 46.0452216], [26.4603674, 46.0351422], [26.4400116, 46.0388885], [26.4460148, 46.0188869], [26.4337154, 46.0025537], [26.4369443, 45.9887016], [26.3896636, 45.9558296], [26.3940865, 45.9211893], [26.375811, 45.9065274], [26.3870204, 45.8738288], [26.3710409, 45.8437353]]]}}]}