{
  "type": "FeatureCollection",
  "generatedAt": "2026-08-11T09:54:16.366Z",
  "features": [
    {
      "type": "Feature",
      "geometry": {
        "type": "Point",
        "coordinates": [
          23.2745,
          46.71585
        ]
      },
      "properties": {
        "id": "6440f50a476607000974d495",
        "name": "Lacul Tarnița",
        "judet": "Cluj",
        "subtype": "lac",
        "asociatie": "D.S. Cluj"
      }
    },
    {
      "type": "Feature",
      "geometry": {
        "type": "Point",
        "coordinates": [
          23.0471345,
          46.5833747
        ]
      },
      "properties": {
        "id": "6440f5cf476607000974d496",
        "name": "Valea Răcătăului",
        "judet": "Cluj",
        "subtype": "rau",
        "asociatie": "D.S. Cluj"
      }
    },
    {
      "type": "Feature",
      "geometry": {
        "type": "Point",
        "coordinates": [
          23.895701916027004,
          46.96502049639676
        ]
      },
      "properties": {
        "id": "644664e0476607000974d4a4",
        "name": "Lacul Săcălaia (Lacul Știucilor)",
        "judet": "Cluj",
        "subtype": "lac",
        "asociatie": "AJPS Cluj"
      }
    },
    {
      "type": "Feature",
      "geometry": {
        "type": "Point",
        "coordinates": [
          23.231041150587163,
          46.588908235432406
        ]
      },
      "properties": {
        "id": "644665c7476607000974d4a5",
        "name": "Lacul Șoimu",
        "judet": "Cluj",
        "subtype": "lac",
        "asociatie": "D.S. Cluj"
      }
    },
    {
      "type": "Feature",
      "geometry": {
        "type": "Point",
        "coordinates": [
          23.240800787957713,
          46.549455872957765
        ]
      },
      "properties": {
        "id": "644666dd476607000974d4a6",
        "name": "Lacul Bondureasa",
        "judet": "Cluj",
        "subtype": "lac",
        "asociatie": "D.S. Cluj"
      }
    },
    {
      "type": "Feature",
      "geometry": {
        "type": "Point",
        "coordinates": [
          23.123049116203685,
          46.619767425080404
        ]
      },
      "properties": {
        "id": "6448f4f924e1e8000a362647",
        "name": "Lacul Valea Băii",
        "judet": "Cluj",
        "subtype": "lac",
        "asociatie": "D.S. Cluj"
      }
    },
    {
      "type": "Feature",
      "geometry": {
        "type": "Point",
        "coordinates": [
          22.71439,
          46.7722068
        ]
      },
      "properties": {
        "id": "6448fabd24e1e8000a362648",
        "name": "Lacul de acumulare Floroiu",
        "judet": "Cluj",
        "subtype": "lac",
        "asociatie": "D.S. Cluj"
      }
    },
    {
      "type": "Feature",
      "geometry": {
        "type": "Point",
        "coordinates": [
          23.0234,
          46.659
        ]
      },
      "properties": {
        "id": "6448fec624e1e8000a362649",
        "name": "Lacul de acumulare Beliș-Fântânele",
        "judet": "Cluj",
        "subtype": "lac",
        "asociatie": "D.S. Cluj"
      }
    },
    {
      "type": "Feature",
      "geometry": {
        "type": "Point",
        "coordinates": [
          23.328344892713336,
          46.733633179303595
        ]
      },
      "properties": {
        "id": "6448ff8f24e1e8000a36264a",
        "name": "Lacul de acumulare Someșul Cald",
        "judet": "Cluj",
        "subtype": "lac",
        "asociatie": "D.S. Cluj"
      }
    },
    {
      "type": "Feature",
      "geometry": {
        "type": "Point",
        "coordinates": [
          23.362384163536053,
          46.7398489023222
        ]
      },
      "properties": {
        "id": "6449001f24e1e8000a36264b",
        "name": "Lacul de acumulare Gilău",
        "judet": "Cluj",
        "subtype": "lac",
        "asociatie": "D.S. Cluj"
      }
    },
    {
      "type": "Feature",
      "geometry": {
        "type": "Point",
        "coordinates": [
          23.631866557889136,
          46.77470681429238
        ]
      },
      "properties": {
        "id": "644907e424e1e8000a36264c",
        "name": "Lacul 3 Gheorgheni",
        "judet": "Cluj",
        "subtype": "lac",
        "asociatie": "AJPS Cluj"
      }
    },
    {
      "type": "Feature",
      "geometry": {
        "type": "Point",
        "coordinates": [
          23.62542886383823,
          46.77402293310597
        ]
      },
      "properties": {
        "id": "6449085924e1e8000a36264d",
        "name": "Lacul 1 Gheorgheni",
        "judet": "Cluj",
        "subtype": "lac",
        "asociatie": "AJPS Cluj"
      }
    },
    {
      "type": "Feature",
      "geometry": {
        "type": "Point",
        "coordinates": [
          22.8017351,
          46.8565081
        ]
      },
      "properties": {
        "id": "644a3fe424e1e8000a36264e",
        "name": "Valea Drăganului",
        "judet": "Cluj",
        "subtype": "rau",
        "asociatie": "D.S. Cluj"
      }
    },
    {
      "type": "Feature",
      "geometry": {
        "type": "Point",
        "coordinates": [
          22.7235443,
          46.9440947
        ]
      },
      "properties": {
        "id": "644a409524e1e8000a36264f",
        "name": "Crișul Repede Mijlociu",
        "judet": "Cluj",
        "subtype": "rau",
        "asociatie": "D.S. Cluj"
      }
    },
    {
      "type": "Feature",
      "geometry": {
        "type": "Point",
        "coordinates": [
          22.8757212,
          46.8290289
        ]
      },
      "properties": {
        "id": "6458eb9b24e1e8000a36269c",
        "name": "Săcuieul Inferior",
        "judet": "Cluj",
        "subtype": "rau",
        "asociatie": "D.S. Cluj"
      }
    },
    {
      "type": "Feature",
      "geometry": {
        "type": "Point",
        "coordinates": [
          22.8943276,
          46.7243389
        ]
      },
      "properties": {
        "id": "6458ebd524e1e8000a36269d",
        "name": "Săcuieul Superior",
        "judet": "Cluj",
        "subtype": "rau",
        "asociatie": "D.S. Cluj"
      }
    },
    {
      "type": "Feature",
      "geometry": {
        "type": "Point",
        "coordinates": [
          24.0528597,
          46.9447069
        ]
      },
      "properties": {
        "id": "6458ecaf24e1e8000a36269e",
        "name": "Râul Fizeș",
        "judet": "Cluj",
        "subtype": "rau",
        "asociatie": "AJPS Cluj"
      }
    },
    {
      "type": "Feature",
      "geometry": {
        "type": "Point",
        "coordinates": [
          23.2248133,
          46.5221646
        ]
      },
      "properties": {
        "id": "6458edba24e1e8000a36269f",
        "name": "Valea Ierii Superioară",
        "judet": "Cluj",
        "subtype": "rau",
        "asociatie": "D.S. Cluj"
      }
    },
    {
      "type": "Feature",
      "geometry": {
        "type": "Point",
        "coordinates": [
          23.27265202737158,
          46.586494695330515
        ]
      },
      "properties": {
        "id": "6458ee8924e1e8000a3626a0",
        "name": "Valea Ierii Mijlocie",
        "judet": "Cluj",
        "subtype": "rau",
        "asociatie": "D.S. Cluj"
      }
    },
    {
      "type": "Feature",
      "geometry": {
        "type": "Point",
        "coordinates": [
          23.418018476790746,
          46.55571855058682
        ]
      },
      "properties": {
        "id": "6458ef5c24e1e8000a3626a1",
        "name": "Valea Vadului",
        "judet": "Cluj",
        "subtype": "rau",
        "asociatie": "D.S. Cluj"
      }
    },
    {
      "type": "Feature",
      "geometry": {
        "type": "Point",
        "coordinates": [
          23.82911895454809,
          47.187157699846594
        ]
      },
      "properties": {
        "id": "6458f30724e1e8000a3626a2",
        "name": "Râul Someș",
        "judet": "Cluj",
        "subtype": "rau",
        "asociatie": "AJVPS CLUJ"
      }
    },
    {
      "type": "Feature",
      "geometry": {
        "type": "Point",
        "coordinates": [
          23.9423802,
          47.1586853
        ]
      },
      "properties": {
        "id": "6458f35324e1e8000a3626a3",
        "name": "Râul Someșul Mare",
        "judet": "Cluj",
        "subtype": "rau",
        "asociatie": "AJVPS CLUJ"
      }
    },
    {
      "type": "Feature",
      "geometry": {
        "type": "Point",
        "coordinates": [
          23.0885288,
          46.5566417
        ]
      },
      "properties": {
        "id": "6458f44e24e1e8000a3626a4",
        "name": "Someșu Rece Superior",
        "judet": "Cluj",
        "subtype": "rau",
        "asociatie": "D.S. Cluj"
      }
    },
    {
      "type": "Feature",
      "geometry": {
        "type": "Point",
        "coordinates": [
          23.1659263,
          46.6301457
        ]
      },
      "properties": {
        "id": "6458f49024e1e8000a3626a5",
        "name": "Someșu Rece Mijlociu",
        "judet": "Cluj",
        "subtype": "rau",
        "asociatie": "D.S. Cluj"
      }
    },
    {
      "type": "Feature",
      "geometry": {
        "type": "Point",
        "coordinates": [
          23.2775575,
          46.685884
        ]
      },
      "properties": {
        "id": "6458f4dd24e1e8000a3626a6",
        "name": "Someșul Rece Inferior",
        "judet": "Cluj",
        "subtype": "rau",
        "asociatie": "D.S. Cluj"
      }
    },
    {
      "type": "Feature",
      "geometry": {
        "type": "Point",
        "coordinates": [
          22.7959976,
          46.6297097
        ]
      },
      "properties": {
        "id": "6458f53624e1e8000a3626a7",
        "name": "Someșul Cald Superior",
        "judet": "Cluj",
        "subtype": "rau",
        "asociatie": "D.S. Cluj"
      }
    },
    {
      "type": "Feature",
      "geometry": {
        "type": "Point",
        "coordinates": [
          23.1355171,
          46.7004347
        ]
      },
      "properties": {
        "id": "6458f57824e1e8000a3626a8",
        "name": "Someșul Cald Mijlociu",
        "judet": "Cluj",
        "subtype": "rau",
        "asociatie": "D.S. Cluj"
      }
    },
    {
      "type": "Feature",
      "geometry": {
        "type": "Point",
        "coordinates": [
          23.36845085683304,
          46.82643843134373
        ]
      },
      "properties": {
        "id": "646dd39b64615400084a78e3",
        "name": "Râul Nadăș",
        "judet": "Cluj",
        "subtype": "rau",
        "asociatie": "AJPS Cluj"
      }
    },
    {
      "type": "Feature",
      "geometry": {
        "type": "Point",
        "coordinates": [
          23.7501668,
          46.5471418
        ]
      },
      "properties": {
        "id": "646dd47564615400084a78e4",
        "name": "Râul Arieș",
        "judet": "Cluj",
        "subtype": "rau",
        "asociatie": "AJVPS CLUJ"
      }
    },
    {
      "type": "Feature",
      "geometry": {
        "type": "Point",
        "coordinates": [
          23.9143373,
          47.0589355
        ]
      },
      "properties": {
        "id": "646dd5da64615400084a78e5",
        "name": "Râul Someșul Mic",
        "judet": "Cluj",
        "subtype": "rau",
        "asociatie": "AJVPS CLUJ"
      }
    },
    {
      "type": "Feature",
      "geometry": {
        "type": "Point",
        "coordinates": [
          23.6210469,
          46.7928229
        ]
      },
      "properties": {
        "id": "646dd73f64615400084a78e6",
        "name": "Râul Someșul Mic",
        "judet": "Cluj",
        "subtype": "rau",
        "asociatie": "AJPS Cluj"
      }
    },
    {
      "type": "Feature",
      "geometry": {
        "type": "Point",
        "coordinates": [
          23.2233233,
          46.7888967
        ]
      },
      "properties": {
        "id": "646f351a64615400084a78e7",
        "name": "Râul Căpuș",
        "judet": "Cluj",
        "subtype": "rau",
        "asociatie": "AJPS Cluj"
      }
    },
    {
      "type": "Feature",
      "geometry": {
        "type": "Point",
        "coordinates": [
          23.4210853,
          46.7284013
        ]
      },
      "properties": {
        "id": "646f35d864615400084a78e9",
        "name": "Valea Lonei",
        "judet": "Cluj",
        "subtype": "rau",
        "asociatie": "AJPS Cluj"
      }
    },
    {
      "type": "Feature",
      "geometry": {
        "type": "Point",
        "coordinates": [
          22.864040042880127,
          46.90999451271778
        ]
      },
      "properties": {
        "id": "646f3ef464615400084a78ea",
        "name": "Crișul Repede Superior",
        "judet": "Cluj",
        "subtype": "rau",
        "asociatie": "D.S. Cluj"
      }
    },
    {
      "type": "Feature",
      "geometry": {
        "type": "Point",
        "coordinates": [
          22.862174,
          45.692678
        ]
      },
      "properties": {
        "id": "647dc385a8567a00096481cd",
        "name": "Lacul Cinciș",
        "judet": "Hunedoara",
        "subtype": "lac",
        "asociatie": "Pro Pescar"
      }
    },
    {
      "type": "Feature",
      "geometry": {
        "type": "Point",
        "coordinates": [
          22.890752903168234,
          45.55601209637681
        ]
      },
      "properties": {
        "id": "647dc3e2a8567a00096481ce",
        "name": "Lac Paclisa",
        "judet": "Hunedoara",
        "subtype": "lac",
        "asociatie": "Pro Pescar"
      }
    },
    {
      "type": "Feature",
      "geometry": {
        "type": "Point",
        "coordinates": [
          23.040291100055512,
          45.30508995693092
        ]
      },
      "properties": {
        "id": "647dc40aa8567a00096481cf",
        "name": "Lacul Câmpu lui Neag",
        "judet": "Hunedoara",
        "subtype": "lac",
        "asociatie": "Pro Pescar"
      }
    },
    {
      "type": "Feature",
      "geometry": {
        "type": "Point",
        "coordinates": [
          23.055443680511836,
          45.295993405307016
        ]
      },
      "properties": {
        "id": "647dc48ca8567a00096481d0",
        "name": "Lac Valea de Pești",
        "judet": "Hunedoara",
        "subtype": "lac",
        "asociatie": "Pro Pescar"
      }
    },
    {
      "type": "Feature",
      "geometry": {
        "type": "Point",
        "coordinates": [
          23.004109807302996,
          45.60305244216851
        ]
      },
      "properties": {
        "id": "647dc522a8567a00096481d1",
        "name": "Lacul Subcetate",
        "judet": "Hunedoara",
        "subtype": "lac",
        "asociatie": "Pro Pescar"
      }
    },
    {
      "type": "Feature",
      "geometry": {
        "type": "Point",
        "coordinates": [
          22.850791120240274,
          45.51137150291751
        ]
      },
      "properties": {
        "id": "647dc54ba8567a00096481d2",
        "name": "Lacul Ostrov",
        "judet": "Hunedoara",
        "subtype": "lac",
        "asociatie": "Pro Pescar"
      }
    },
    {
      "type": "Feature",
      "geometry": {
        "type": "Point",
        "coordinates": [
          22.94979876697254,
          45.59029618668521
        ]
      },
      "properties": {
        "id": "647dc592a8567a00096481d3",
        "name": "Lacul de acumulare Hațeg",
        "judet": "Hunedoara",
        "subtype": "lac",
        "asociatie": "Pro Pescar"
      }
    },
    {
      "type": "Feature",
      "geometry": {
        "type": "Point",
        "coordinates": [
          23.0137185,
          45.5399281
        ]
      },
      "properties": {
        "id": "648869f0074e9300093c2cc7",
        "name": "Râul Streiul montan inferior",
        "judet": "Hunedoara",
        "subtype": "rau",
        "asociatie": "Pro Pescar"
      }
    },
    {
      "type": "Feature",
      "geometry": {
        "type": "Point",
        "coordinates": [
          22.975252242859273,
          45.59373050776666
        ]
      },
      "properties": {
        "id": "64886a86074e9300093c2cc8",
        "name": "Râul Mare inferior II ",
        "judet": "Hunedoara",
        "subtype": "rau",
        "asociatie": "Pro Pescar"
      }
    },
    {
      "type": "Feature",
      "geometry": {
        "type": "Point",
        "coordinates": [
          23.40888261259,
          45.33471463568
        ]
      },
      "properties": {
        "id": "64886ac0074e9300093c2cc9",
        "name": "Valea Polatiște",
        "judet": "Hunedoara",
        "subtype": "rau",
        "asociatie": "Pro Pescar"
      }
    },
    {
      "type": "Feature",
      "geometry": {
        "type": "Point",
        "coordinates": [
          23.226150255631943,
          45.358232827161366
        ]
      },
      "properties": {
        "id": "64886b7a074e9300093c2ccb",
        "name": "Râul Jiul de vest mijlociu",
        "judet": "Hunedoara",
        "subtype": "rau",
        "asociatie": "Pro Pescar"
      }
    },
    {
      "type": "Feature",
      "geometry": {
        "type": "Point",
        "coordinates": [
          22.7209711,
          45.7486672
        ]
      },
      "properties": {
        "id": "648963fd8dc34e0009003eb5",
        "name": "Râul Govăjdia",
        "judet": "Hunedoara",
        "subtype": "rau",
        "asociatie": "Pro Pescar"
      }
    },
    {
      "type": "Feature",
      "geometry": {
        "type": "Point",
        "coordinates": [
          22.976493778593014,
          45.290346378063575
        ]
      },
      "properties": {
        "id": "648964fd8dc34e0009003eb6",
        "name": "Râul Jiul de vest – superior cu afluenții",
        "judet": "Hunedoara",
        "subtype": "rau",
        "asociatie": "Pro Pescar"
      }
    },
    {
      "type": "Feature",
      "geometry": {
        "type": "Point",
        "coordinates": [
          23.379721853235434,
          45.35253292776504
        ]
      },
      "properties": {
        "id": "648966ec8dc34e0009003eb8",
        "name": "Râul Jiul Inferior",
        "judet": "Hunedoara",
        "subtype": "rau",
        "asociatie": "Pro Pescar"
      }
    },
    {
      "type": "Feature",
      "geometry": {
        "type": "Point",
        "coordinates": [
          24.690080668462187,
          45.610518108539736
        ]
      },
      "properties": {
        "id": "6490442e679ad900092e5f4e",
        "name": "Lac montan Podragu mic",
        "judet": "Sibiu",
        "subtype": "lac",
        "asociatie": "APS AQUA CRISIUS"
      }
    },
    {
      "type": "Feature",
      "geometry": {
        "type": "Point",
        "coordinates": [
          24.674483672514864,
          45.60820909857331
        ]
      },
      "properties": {
        "id": "64904477679ad900092e5f4f",
        "name": "Lacul montan Podrăgel ",
        "judet": "Sibiu",
        "subtype": "lac",
        "asociatie": "APS AQUA CRISIUS"
      }
    },
    {
      "type": "Feature",
      "geometry": {
        "type": "Point",
        "coordinates": [
          24.48200362719821,
          45.5785253363721
        ]
      },
      "properties": {
        "id": "649044a3679ad900092e5f50",
        "name": "Lacul montan Avrig ",
        "judet": "Sibiu",
        "subtype": "lac",
        "asociatie": "APS AQUA CRISIUS"
      }
    },
    {
      "type": "Feature",
      "geometry": {
        "type": "Point",
        "coordinates": [
          24.599783278266624,
          45.605133422668274
        ]
      },
      "properties": {
        "id": "649044cd679ad900092e5f51",
        "name": "Lacul montan Doamnei ",
        "judet": "Sibiu",
        "subtype": "lac",
        "asociatie": "APS AQUA CRISIUS"
      }
    },
    {
      "type": "Feature",
      "geometry": {
        "type": "Point",
        "coordinates": [
          24.2231806,
          45.7393966
        ]
      },
      "properties": {
        "id": "649054a7679ad900092e5f52",
        "name": "Râul Cibin",
        "judet": "Sibiu",
        "subtype": "rau",
        "asociatie": "APS AQUA CRISIUS"
      }
    },
    {
      "type": "Feature",
      "geometry": {
        "type": "Point",
        "coordinates": [
          24.839184884809914,
          45.595392732073854
        ]
      },
      "properties": {
        "id": "649c16e662d3da000911615c",
        "name": "Lacul Urlea",
        "judet": "Brașov",
        "subtype": "lac",
        "asociatie": "APS AQUA CRISIUS"
      }
    },
    {
      "type": "Feature",
      "geometry": {
        "type": "Point",
        "coordinates": [
          23.37372372297621,
          46.28522629549264
        ]
      },
      "properties": {
        "id": "649c174562d3da000911615d",
        "name": "Râul Geoagiu Superior",
        "judet": "Alba",
        "subtype": "rau",
        "asociatie": "APS AQUA CRISIUS"
      }
    },
    {
      "type": "Feature",
      "geometry": {
        "type": "Point",
        "coordinates": [
          23.364820394538437,
          45.40702733468441
        ]
      },
      "properties": {
        "id": "649c18aadf71450009ac59c8",
        "name": "Râul Jiul de est Inferior",
        "judet": "Hunedoara",
        "subtype": "rau",
        "asociatie": "Pro Pescar"
      }
    },
    {
      "type": "Feature",
      "geometry": {
        "type": "Point",
        "coordinates": [
          25.2006159,
          47.520981
        ]
      },
      "properties": {
        "id": "649d61a1df71450009ac59c9",
        "name": "Râul Bistrița Aurie II",
        "judet": "Suceava",
        "subtype": "rau",
        "asociatie": "APS AQUA CRISIUS"
      }
    },
    {
      "type": "Feature",
      "geometry": {
        "type": "Point",
        "coordinates": [
          25.1129504,
          47.6506116
        ]
      },
      "properties": {
        "id": "649d61f0df71450009ac59ca",
        "name": "Valea Cârlibabei ",
        "judet": "Suceava",
        "subtype": "rau",
        "asociatie": "APS AQUA CRISIUS"
      }
    },
    {
      "type": "Feature",
      "geometry": {
        "type": "Point",
        "coordinates": [
          25.0235,
          45.45291
        ]
      },
      "properties": {
        "id": "64a2b4c7df71450009ac59cc",
        "name": "Râul Târgului superior",
        "judet": "Argeș",
        "subtype": "rau",
        "asociatie": "APS AQUA CRISIUS"
      }
    },
    {
      "type": "Feature",
      "geometry": {
        "type": "Point",
        "coordinates": [
          25.1385731,
          45.509418
        ]
      },
      "properties": {
        "id": "64a2b5abdf71450009ac59cd",
        "name": "Râul Dâmbovița Superioară",
        "judet": "Argeș",
        "subtype": "rau",
        "asociatie": "APS AQUA CRISIUS"
      }
    },
    {
      "type": "Feature",
      "geometry": {
        "type": "Point",
        "coordinates": [
          25.1028244,
          45.3962301
        ]
      },
      "properties": {
        "id": "64a2b610df71450009ac59ce",
        "name": "Râul Argeșel Superior",
        "judet": "Argeș",
        "subtype": "rau",
        "asociatie": "APS AQUA CRISIUS"
      }
    },
    {
      "type": "Feature",
      "geometry": {
        "type": "Point",
        "coordinates": [
          24.814847974683698,
          45.53005876354637
        ]
      },
      "properties": {
        "id": "64a2b660df71450009ac59cf",
        "name": "Râul Doamnei Superior",
        "judet": "Argeș",
        "subtype": "rau",
        "asociatie": "APS AQUA CRISIUS"
      }
    },
    {
      "type": "Feature",
      "geometry": {
        "type": "Point",
        "coordinates": [
          25.0012205,
          45.2567798
        ]
      },
      "properties": {
        "id": "64a2b6a4df71450009ac59d0",
        "name": "Râul Bughea",
        "judet": "Argeș",
        "subtype": "rau",
        "asociatie": "APS AQUA CRISIUS"
      }
    },
    {
      "type": "Feature",
      "geometry": {
        "type": "Point",
        "coordinates": [
          25.0710184,
          47.6117026
        ]
      },
      "properties": {
        "id": "64b7abb984336740ca1e1313",
        "name": "Valea Țibăului",
        "judet": "Suceava",
        "subtype": "rau",
        "asociatie": "APS AQUA CRISIUS"
      }
    },
    {
      "type": "Feature",
      "geometry": {
        "type": "Point",
        "coordinates": [
          25.0005175,
          47.5759574
        ]
      },
      "properties": {
        "id": "64b7ac3c84336740ca1e1330",
        "name": "Bistra Aurie II",
        "judet": "Suceava",
        "subtype": "rau",
        "asociatie": "APS AQUA CRISIUS"
      }
    },
    {
      "type": "Feature",
      "geometry": {
        "type": "Point",
        "coordinates": [
          25.070759,
          45.569838
        ]
      },
      "properties": {
        "id": "64b7b07c84336740ca1e13d4",
        "name": "Lac acumulare Pecineagu",
        "judet": "Argeș",
        "subtype": "lac",
        "asociatie": "APS AQUA CRISIUS"
      }
    },
    {
      "type": "Feature",
      "geometry": {
        "type": "Point",
        "coordinates": [
          21.83677238000231,
          46.408907306291596
        ]
      },
      "properties": {
        "id": "64e320d484336740ca235dec",
        "name": "Lac Copilul",
        "judet": "Arad",
        "subtype": "lac",
        "asociatie": "AJVPS ARAD"
      }
    },
    {
      "type": "Feature",
      "geometry": {
        "type": "Point",
        "coordinates": [
          24.669612008125426,
          45.148215655284666
        ]
      },
      "properties": {
        "id": "64e321b384336740ca235e12",
        "name": "Lac acumulare Curtea de Argeș",
        "judet": "Argeș",
        "subtype": "lac",
        "asociatie": "AJVPS ARGEȘ"
      }
    },
    {
      "type": "Feature",
      "geometry": {
        "type": "Point",
        "coordinates": [
          24.661090093686898,
          45.09208410305466
        ]
      },
      "properties": {
        "id": "64e321f584336740ca235e21",
        "name": "Lac acumulare Zigoneni ",
        "judet": "Argeș",
        "subtype": "lac",
        "asociatie": "AJVPS ARGEȘ"
      }
    },
    {
      "type": "Feature",
      "geometry": {
        "type": "Point",
        "coordinates": [
          24.72740294299715,
          44.99292623729676
        ]
      },
      "properties": {
        "id": "64e3224684336740ca235e34",
        "name": "Lac acumulare Vâlcele",
        "judet": "Argeș",
        "subtype": "lac",
        "asociatie": "AJVPS ARGEȘ"
      }
    },
    {
      "type": "Feature",
      "geometry": {
        "type": "Point",
        "coordinates": [
          24.897089303530386,
          44.848273193368975
        ]
      },
      "properties": {
        "id": "64e322a984336740ca235e45",
        "name": "Lac acumulare Pitești",
        "judet": "Argeș",
        "subtype": "lac",
        "asociatie": "AJVPS ARGEȘ"
      }
    },
    {
      "type": "Feature",
      "geometry": {
        "type": "Point",
        "coordinates": [
          24.969260717839198,
          44.81864041724917
        ]
      },
      "properties": {
        "id": "64e323de84336740ca235e6e",
        "name": "Lac acumulare Golești",
        "judet": "Argeș",
        "subtype": "lac",
        "asociatie": "AJVPS ARGEȘ"
      }
    },
    {
      "type": "Feature",
      "geometry": {
        "type": "Point",
        "coordinates": [
          25.053212862691034,
          45.40972824086533
        ]
      },
      "properties": {
        "id": "64e3240c84336740ca235e78",
        "name": "Lac acumulare Râușor",
        "judet": "Argeș",
        "subtype": "lac",
        "asociatie": "AJVPS ARGEȘ"
      }
    },
    {
      "type": "Feature",
      "geometry": {
        "type": "Point",
        "coordinates": [
          26.367295952506236,
          46.328706176305325
        ]
      },
      "properties": {
        "id": "64e33f5384336740ca2361e7",
        "name": "Lac Poiana Uzului",
        "judet": "Bacău",
        "subtype": "lac",
        "asociatie": "AJVPS BACĂU"
      }
    },
    {
      "type": "Feature",
      "geometry": {
        "type": "Point",
        "coordinates": [
          26.421103371267556,
          46.59313651743772
        ]
      },
      "properties": {
        "id": "64e3401184336740ca236213",
        "name": "Lacul Toplița",
        "judet": "Bihor",
        "subtype": "lac",
        "asociatie": "AV VIDA SURDUCEL DOBREȘTI"
      }
    },
    {
      "type": "Feature",
      "geometry": {
        "type": "Point",
        "coordinates": [
          24.754229348299102,
          47.37611028452101
        ]
      },
      "properties": {
        "id": "64e340ec84336740ca23623f",
        "name": "Lacul Izvorul (Măgurii)",
        "judet": "Bistrița-Năsăud",
        "subtype": "lac",
        "asociatie": "AJVPS BISTRIŢA NĂSĂUD"
      }
    },
    {
      "type": "Feature",
      "geometry": {
        "type": "Point",
        "coordinates": [
          24.99350893825125,
          47.11863431833449
        ]
      },
      "properties": {
        "id": "64e3413b84336740ca23624d",
        "name": "Lacul Tăul Zânelor ",
        "judet": "Bistrița-Năsăud",
        "subtype": "lac",
        "asociatie": "AJVPS BISTRIŢA NĂSĂUD"
      }
    },
    {
      "type": "Feature",
      "geometry": {
        "type": "Point",
        "coordinates": [
          24.903908758507235,
          47.1697640712156
        ]
      },
      "properties": {
        "id": "64e3416584336740ca236257",
        "name": "Lacul Colibița",
        "judet": "Bistrița-Năsăud",
        "subtype": "lac",
        "asociatie": "AJVPS BISTRIŢA NĂSĂUD"
      }
    },
    {
      "type": "Feature",
      "geometry": {
        "type": "Point",
        "coordinates": [
          27.18394597543046,
          47.94325821190822
        ]
      },
      "properties": {
        "id": "64e3434c84336740ca2362a8",
        "name": "Lac de acumulare Stânca - Costești",
        "judet": "Botoșani",
        "subtype": "lac",
        "asociatie": "AJVPS BOTOȘANI "
      }
    },
    {
      "type": "Feature",
      "geometry": {
        "type": "Point",
        "coordinates": [
          24.896266242524252,
          45.842399634068286
        ]
      },
      "properties": {
        "id": "64e3461a84336740ca236304",
        "name": "Lac acumulare Voila",
        "judet": "Brașov",
        "subtype": "lac",
        "asociatie": "AVPS FĂGĂRAȘ"
      }
    },
    {
      "type": "Feature",
      "geometry": {
        "type": "Point",
        "coordinates": [
          24.76611938642259,
          45.81265547679061
        ]
      },
      "properties": {
        "id": "64e3465c84336740ca236316",
        "name": "Lac acumulare Olteț",
        "judet": "Brașov",
        "subtype": "lac",
        "asociatie": "AVPS FĂGĂRAȘ"
      }
    },
    {
      "type": "Feature",
      "geometry": {
        "type": "Point",
        "coordinates": [
          26.22441324649321,
          45.5054726651428
        ]
      },
      "properties": {
        "id": "64e34e7084336740ca236425",
        "name": "Lac acumulare Siriu",
        "judet": "Buzău",
        "subtype": "lac",
        "asociatie": "AJVPS BUZĂU "
      }
    },
    {
      "type": "Feature",
      "geometry": {
        "type": "Point",
        "coordinates": [
          21.986189225306063,
          45.30408809595328
        ]
      },
      "properties": {
        "id": "64e34fe184336740ca23645a",
        "name": "Lac Secu",
        "judet": "Caraș-Severin",
        "subtype": "lac",
        "asociatie": "AP BANATUL"
      }
    },
    {
      "type": "Feature",
      "geometry": {
        "type": "Point",
        "coordinates": [
          21.756447374261,
          45.28589979362703
        ]
      },
      "properties": {
        "id": "64e3502084336740ca23647e",
        "name": "Lac Dognecea Mare",
        "judet": "Caraș-Severin",
        "subtype": "lac",
        "asociatie": "AP BANATUL"
      }
    },
    {
      "type": "Feature",
      "geometry": {
        "type": "Point",
        "coordinates": [
          21.7578020847446,
          45.29199660302445
        ]
      },
      "properties": {
        "id": "64e3504a84336740ca236488",
        "name": "Lac Dognecea Mică",
        "judet": "Caraș-Severin",
        "subtype": "lac",
        "asociatie": "AP BANATUL"
      }
    },
    {
      "type": "Feature",
      "geometry": {
        "type": "Point",
        "coordinates": [
          21.77824769169273,
          45.39139782482173
        ]
      },
      "properties": {
        "id": "64e3508b84336740ca236495",
        "name": "Lac Medreș ",
        "judet": "Caraș-Severin",
        "subtype": "lac",
        "asociatie": "AP BANATUL"
      }
    },
    {
      "type": "Feature",
      "geometry": {
        "type": "Point",
        "coordinates": [
          21.914705592889366,
          45.01416534636728
        ]
      },
      "properties": {
        "id": "64e35b1784336740ca2365eb",
        "name": "Lacul Gura Golumbului",
        "judet": "Caraș-Severin",
        "subtype": "lac",
        "asociatie": "AJVPS CARAȘ-SEVERIN "
      }
    },
    {
      "type": "Feature",
      "geometry": {
        "type": "Point",
        "coordinates": [
          25.426949093706607,
          45.0884714669686
        ]
      },
      "properties": {
        "id": "64e35c0084336740ca236612",
        "name": "Lac Pucioasa",
        "judet": "Dâmbovița",
        "subtype": "lac",
        "asociatie": "AJVPS DÂMBOVIȚA"
      }
    },
    {
      "type": "Feature",
      "geometry": {
        "type": "Point",
        "coordinates": [
          25.376221072622187,
          44.66271176550292
        ]
      },
      "properties": {
        "id": "64e35c6184336740ca236626",
        "name": "Lac Zăvoiul Orbului",
        "judet": "Dâmbovița",
        "subtype": "lac",
        "asociatie": "AJVPS DÂMBOVIȚA"
      }
    },
    {
      "type": "Feature",
      "geometry": {
        "type": "Point",
        "coordinates": [
          25.481160534315723,
          44.83017386537971
        ]
      },
      "properties": {
        "id": "64e35d1a84336740ca236644",
        "name": "Lac Văcărești (Perșinari )",
        "judet": "Dâmbovița",
        "subtype": "lac",
        "asociatie": "AJVPS DÂMBOVIȚA"
      }
    },
    {
      "type": "Feature",
      "geometry": {
        "type": "Point",
        "coordinates": [
          23.293595809463014,
          44.04129445923146
        ]
      },
      "properties": {
        "id": "64e493ba84336740ca238c8b",
        "name": "Lac Cilieni I,II,III",
        "judet": "Dolj",
        "subtype": "lac",
        "asociatie": "AJVPS DOLJ"
      }
    },
    {
      "type": "Feature",
      "geometry": {
        "type": "Point",
        "coordinates": [
          25.410107693184578,
          46.47572871707127
        ]
      },
      "properties": {
        "id": "64e4948684336740ca238cb2",
        "name": "Lac baraj Zetea",
        "judet": "Harghita",
        "subtype": "lac",
        "asociatie": "AVPS TÂRNAVA MARE "
      }
    },
    {
      "type": "Feature",
      "geometry": {
        "type": "Point",
        "coordinates": [
          25.88721470474079,
          46.444974106995744
        ]
      },
      "properties": {
        "id": "64e4953e84336740ca238cd5",
        "name": "Lac Frumoasa ",
        "judet": "Harghita",
        "subtype": "lac",
        "asociatie": "AVPS MIERCUREA-CIUC"
      }
    },
    {
      "type": "Feature",
      "geometry": {
        "type": "Point",
        "coordinates": [
          22.825418,
          45.873204
        ]
      },
      "properties": {
        "id": "64e4968684336740ca238d15",
        "name": "Lac Cozia",
        "judet": "Hunedoara",
        "subtype": "lac",
        "asociatie": "AJVPS HUNEDOARA"
      }
    },
    {
      "type": "Feature",
      "geometry": {
        "type": "Point",
        "coordinates": [
          22.951104560659395,
          45.995503878628504
        ]
      },
      "properties": {
        "id": "64e4972484336740ca238d35",
        "name": "Lac Făerag",
        "judet": "Hunedoara",
        "subtype": "lac",
        "asociatie": "APS DEVA"
      }
    },
    {
      "type": "Feature",
      "geometry": {
        "type": "Point",
        "coordinates": [
          22.886472026936477,
          45.721812041245414
        ]
      },
      "properties": {
        "id": "64e4997584336740ca238d84",
        "name": "Lac Tăul Teliucului",
        "judet": "Hunedoara",
        "subtype": "lac",
        "asociatie": "APS DEVA"
      }
    },
    {
      "type": "Feature",
      "geometry": {
        "type": "Point",
        "coordinates": [
          27.9163908186849,
          44.49332060000006
        ]
      },
      "properties": {
        "id": "64e49a2984336740ca238da3",
        "name": "Lacul Bentu Mic Bordușani",
        "judet": "Ialomița",
        "subtype": "lac",
        "asociatie": "AVPS IALOMIȚA"
      }
    },
    {
      "type": "Feature",
      "geometry": {
        "type": "Point",
        "coordinates": [
          27.922533942762275,
          44.51056984582094
        ]
      },
      "properties": {
        "id": "64e49a4e84336740ca238db0",
        "name": "Lacul Bentu Mare Bordușani ",
        "judet": "Ialomița",
        "subtype": "lac",
        "asociatie": "AVPS IALOMIȚA"
      }
    },
    {
      "type": "Feature",
      "geometry": {
        "type": "Point",
        "coordinates": [
          27.908808774386575,
          44.502423582693446
        ]
      },
      "properties": {
        "id": "64e49a7e84336740ca238dc1",
        "name": "Lacul Bentu lui Cotoi",
        "judet": "Ialomița",
        "subtype": "lac",
        "asociatie": "AVPS IALOMIȚA"
      }
    },
    {
      "type": "Feature",
      "geometry": {
        "type": "Point",
        "coordinates": [
          23.876357287836147,
          47.44007146881409
        ]
      },
      "properties": {
        "id": "64e5c65d84336740ca23b2ed",
        "name": "Lacul Lighet",
        "judet": "Maramureș",
        "subtype": "lac",
        "asociatie": "APS CHEILE LĂPUȘULUI"
      }
    },
    {
      "type": "Feature",
      "geometry": {
        "type": "Point",
        "coordinates": [
          24.888198882512906,
          46.419399561595064
        ]
      },
      "properties": {
        "id": "64e5c74384336740ca23b316",
        "name": "Lac acumulare Bezid",
        "judet": "Mureș",
        "subtype": "lac",
        "asociatie": "AJVPS MUREȘ"
      }
    },
    {
      "type": "Feature",
      "geometry": {
        "type": "Point",
        "coordinates": [
          26.323395944016642,
          46.93365902381367
        ]
      },
      "properties": {
        "id": "64e5d75384336740ca23b50f",
        "name": "Lac Bâtca Doamnei",
        "judet": "Neamț",
        "subtype": "lac",
        "asociatie": "AJVPS NEAMȚ"
      }
    },
    {
      "type": "Feature",
      "geometry": {
        "type": "Point",
        "coordinates": [
          26.323395944016642,
          46.93365902381367
        ]
      },
      "properties": {
        "id": "64e5d78a84336740ca23b51c",
        "name": "Lac Pangrati",
        "judet": "Neamț",
        "subtype": "lac",
        "asociatie": "AJVPS NEAMȚ"
      }
    },
    {
      "type": "Feature",
      "geometry": {
        "type": "Point",
        "coordinates": [
          26.01692922550145,
          47.02746332107398
        ]
      },
      "properties": {
        "id": "64e5d7e684336740ca23b534",
        "name": "Lac Bicaz",
        "judet": "Neamț",
        "subtype": "lac",
        "asociatie": "AJVPS NEAMȚ"
      }
    },
    {
      "type": "Feature",
      "geometry": {
        "type": "Point",
        "coordinates": [
          26.359636489778467,
          46.924930828232704
        ]
      },
      "properties": {
        "id": "64e5d81684336740ca23b540",
        "name": "Lac Reconstrucția",
        "judet": "Neamț",
        "subtype": "lac",
        "asociatie": "AJVPS NEAMȚ"
      }
    },
    {
      "type": "Feature",
      "geometry": {
        "type": "Point",
        "coordinates": [
          26.243298787729646,
          46.93693590790025
        ]
      },
      "properties": {
        "id": "64e5d84984336740ca23b54e",
        "name": "Lac Vaduri",
        "judet": "Neamț",
        "subtype": "lac",
        "asociatie": "AJVPS NEAMȚ"
      }
    },
    {
      "type": "Feature",
      "geometry": {
        "type": "Point",
        "coordinates": [
          24.655742424315687,
          43.86450650168711
        ]
      },
      "properties": {
        "id": "64e5df7884336740ca23b6a9",
        "name": "Lac acumulare Izbiceni",
        "judet": "Olt",
        "subtype": "lac",
        "asociatie": "AJVPS OLT"
      }
    },
    {
      "type": "Feature",
      "geometry": {
        "type": "Point",
        "coordinates": [
          24.597114715396316,
          43.97808204626669
        ]
      },
      "properties": {
        "id": "64e5dfb084336740ca23b6b7",
        "name": "Lac acumulare Rusănești cu bălțile adiacente",
        "judet": "Olt",
        "subtype": "lac",
        "asociatie": "AJVPS OLT"
      }
    },
    {
      "type": "Feature",
      "geometry": {
        "type": "Point",
        "coordinates": [
          24.516056170834993,
          44.10901573180959
        ]
      },
      "properties": {
        "id": "64e5dfef84336740ca23b6d3",
        "name": "Lac acumulare Frunzaru",
        "judet": "Olt",
        "subtype": "lac",
        "asociatie": "AJVPS OLT"
      }
    },
    {
      "type": "Feature",
      "geometry": {
        "type": "Point",
        "coordinates": [
          24.44159503540199,
          44.21563984902236
        ]
      },
      "properties": {
        "id": "64e5e04084336740ca23b6ed",
        "name": "Lac acumulare Drăgănești cu bălțile adiacente",
        "judet": "Olt",
        "subtype": "lac",
        "asociatie": "AJVPS OLT"
      }
    },
    {
      "type": "Feature",
      "geometry": {
        "type": "Point",
        "coordinates": [
          24.37483016620388,
          44.31997512703171
        ]
      },
      "properties": {
        "id": "64e5e07084336740ca23b6fb",
        "name": "Lac acumulare Ipotești cu bălțile adiacente",
        "judet": "Olt",
        "subtype": "lac",
        "asociatie": "AJVPS OLT"
      }
    },
    {
      "type": "Feature",
      "geometry": {
        "type": "Point",
        "coordinates": [
          24.338046426386427,
          44.42019457190825
        ]
      },
      "properties": {
        "id": "64e5e09f84336740ca23b708",
        "name": "Lac acumulare Slatina cu bălțile adiacente",
        "judet": "Olt",
        "subtype": "lac",
        "asociatie": "AJVPS OLT"
      }
    },
    {
      "type": "Feature",
      "geometry": {
        "type": "Point",
        "coordinates": [
          24.315972417641053,
          44.49264898734175
        ]
      },
      "properties": {
        "id": "64e5e0d284336740ca23b715",
        "name": "Lac acumulare Arcești cu  bălțile adiacente",
        "judet": "Olt",
        "subtype": "lac",
        "asociatie": "AJVPS OLT"
      }
    },
    {
      "type": "Feature",
      "geometry": {
        "type": "Point",
        "coordinates": [
          24.316906884052713,
          44.601860788709466
        ]
      },
      "properties": {
        "id": "64e5e10c84336740ca23b725",
        "name": "Lac acumulare Strejești ",
        "judet": "Olt",
        "subtype": "lac",
        "asociatie": "AJVPS OLT"
      }
    },
    {
      "type": "Feature",
      "geometry": {
        "type": "Point",
        "coordinates": [
          25.986455,
          45.331153
        ]
      },
      "properties": {
        "id": "64e70fbe84336740ca23dcd5",
        "name": "Lac Măneciu",
        "judet": "Prahova",
        "subtype": "lac",
        "asociatie": "AJVPS PRAHOVA"
      }
    },
    {
      "type": "Feature",
      "geometry": {
        "type": "Point",
        "coordinates": [
          25.735302889081964,
          45.25886159775888
        ]
      },
      "properties": {
        "id": "64e7109e84336740ca23dcf6",
        "name": "Lac Paltinu",
        "judet": "Prahova",
        "subtype": "lac",
        "asociatie": "A.PENEȘ CURCANUL"
      }
    },
    {
      "type": "Feature",
      "geometry": {
        "type": "Point",
        "coordinates": [
          22.91696353545755,
          47.18199972594738
        ]
      },
      "properties": {
        "id": "64ec4f8584336740ca248920",
        "name": "Lac acumulare Vârșolț",
        "judet": "Sălaj",
        "subtype": "lac",
        "asociatie": "AJVPS SĂLAJ"
      }
    },
    {
      "type": "Feature",
      "geometry": {
        "type": "Point",
        "coordinates": [
          23.124829673515304,
          47.36567887997043
        ]
      },
      "properties": {
        "id": "64ec4fcf84336740ca248934",
        "name": "Lac acumulare Sălățig",
        "judet": "Sălaj",
        "subtype": "lac",
        "asociatie": "AJVPS SĂLAJ"
      }
    },
    {
      "type": "Feature",
      "geometry": {
        "type": "Point",
        "coordinates": [
          24.424205059341183,
          45.75922065859966
        ]
      },
      "properties": {
        "id": "64ec50ce84336740ca24895b",
        "name": "Lac acumulare Avrig",
        "judet": "Sibiu",
        "subtype": "lac",
        "asociatie": "AJVPS SIBIU"
      }
    },
    {
      "type": "Feature",
      "geometry": {
        "type": "Point",
        "coordinates": [
          24.530916561572315,
          45.78491652744749
        ]
      },
      "properties": {
        "id": "64ec512084336740ca24896f",
        "name": "Lac acumulare Scoreiu",
        "judet": "Sibiu",
        "subtype": "lac",
        "asociatie": "AJVPS SIBIU"
      }
    },
    {
      "type": "Feature",
      "geometry": {
        "type": "Point",
        "coordinates": [
          24.341577260554768,
          45.70716272691181
        ]
      },
      "properties": {
        "id": "64ec518884336740ca248983",
        "name": "Lac acumulare Racovița",
        "judet": "Sibiu",
        "subtype": "lac",
        "asociatie": "AJVPS SIBIU"
      }
    },
    {
      "type": "Feature",
      "geometry": {
        "type": "Point",
        "coordinates": [
          24.6570829807436,
          45.79911075067736
        ]
      },
      "properties": {
        "id": "64ec51d284336740ca248994",
        "name": "Lac acumulare Arpașu",
        "judet": "Sibiu",
        "subtype": "lac",
        "asociatie": "AJVPS SIBIU"
      }
    },
    {
      "type": "Feature",
      "geometry": {
        "type": "Point",
        "coordinates": [
          23.91192473890009,
          45.71117304751849
        ]
      },
      "properties": {
        "id": "64ec55e484336740ca248a18",
        "name": "Lac baraj Gura Râului ",
        "judet": "Sibiu",
        "subtype": "lac",
        "asociatie": "FLY FISHING CLUB SIBIU"
      }
    },
    {
      "type": "Feature",
      "geometry": {
        "type": "Point",
        "coordinates": [
          23.80070789668015,
          45.58683609777173
        ]
      },
      "properties": {
        "id": "64ec568884336740ca248a31",
        "name": "Lac montan Iezerul Mare",
        "judet": "Sibiu",
        "subtype": "lac",
        "asociatie": "FLY FISHING CLUB SIBIU"
      }
    },
    {
      "type": "Feature",
      "geometry": {
        "type": "Point",
        "coordinates": [
          24.098857456095562,
          45.642710959153725
        ]
      },
      "properties": {
        "id": "64ec56be84336740ca248a40",
        "name": "Lacul montan Sadu II",
        "judet": "Sibiu",
        "subtype": "lac",
        "asociatie": "FLY FISHING CLUB SIBIU"
      }
    },
    {
      "type": "Feature",
      "geometry": {
        "type": "Point",
        "coordinates": [
          23.778921899131458,
          45.58724217838847
        ]
      },
      "properties": {
        "id": "64ec57e984336740ca248a6a",
        "name": "Lacul montan Iezerul Mic",
        "judet": "Sibiu",
        "subtype": "lac",
        "asociatie": "FLY FISHING CLUB SIBIU"
      }
    },
    {
      "type": "Feature",
      "geometry": {
        "type": "Point",
        "coordinates": [
          25.47765361888079,
          45.76017646120965
        ]
      },
      "properties": {
        "id": "64ec5cd884336740ca248b12",
        "name": "Lacul Dumbrăvița",
        "judet": "Timiș",
        "subtype": "lac",
        "asociatie": "AJVPS TIMIȘ"
      }
    },
    {
      "type": "Feature",
      "geometry": {
        "type": "Point",
        "coordinates": [
          21.631658978311016,
          45.78637828874717
        ]
      },
      "properties": {
        "id": "64ec5d1584336740ca248b20",
        "name": "Lacul Topolovățul ",
        "judet": "Timiș",
        "subtype": "lac",
        "asociatie": "AJVPS TIMIȘ"
      }
    },
    {
      "type": "Feature",
      "geometry": {
        "type": "Point",
        "coordinates": [
          21.49617467671611,
          45.1967269153991
        ]
      },
      "properties": {
        "id": "64ec5d4f84336740ca248b2e",
        "name": "Lacul de acumulare Lățunaș",
        "judet": "Timiș",
        "subtype": "lac",
        "asociatie": "AJVPS TIMIȘ"
      }
    },
    {
      "type": "Feature",
      "geometry": {
        "type": "Point",
        "coordinates": [
          24.664206204557345,
          45.201413942520844
        ]
      },
      "properties": {
        "id": "64eddd1184336740ca24bcf1",
        "name": "Lac acumulare Cerbureni",
        "judet": "Argeș",
        "subtype": "lac",
        "asociatie": "ANPA - Ape Necontractate"
      }
    },
    {
      "type": "Feature",
      "geometry": {
        "type": "Point",
        "coordinates": [
          22.671624616890206,
          45.38637269030976
        ]
      },
      "properties": {
        "id": "64edddd884336740ca24bd1b",
        "name": "Lacul Bistra Iezer",
        "judet": "Caraș-Severin",
        "subtype": "lac",
        "asociatie": "ANPA - Ape Necontractate"
      }
    },
    {
      "type": "Feature",
      "geometry": {
        "type": "Point",
        "coordinates": [
          22.810555293978076,
          45.130134052082354
        ]
      },
      "properties": {
        "id": "64eddec384336740ca24bd3f",
        "name": "Lac Valea Mare",
        "judet": "Gorj",
        "subtype": "lac",
        "asociatie": "ANPA - Ape Necontractate"
      }
    },
    {
      "type": "Feature",
      "geometry": {
        "type": "Point",
        "coordinates": [
          22.945109154790142,
          45.04730751471992
        ]
      },
      "properties": {
        "id": "64eddfbb84336740ca24bd64",
        "name": "Lac Tismana",
        "judet": "Gorj",
        "subtype": "lac",
        "asociatie": "ANPA - Ape Necontractate"
      }
    },
    {
      "type": "Feature",
      "geometry": {
        "type": "Point",
        "coordinates": [
          25.790840223250036,
          46.68284008968706
        ]
      },
      "properties": {
        "id": "64eddffc84336740ca24bd73",
        "name": "Lac Mesteacăn",
        "judet": "Harghita",
        "subtype": "lac",
        "asociatie": "ANPA - Ape Necontractate"
      }
    },
    {
      "type": "Feature",
      "geometry": {
        "type": "Point",
        "coordinates": [
          26.73715651127179,
          48.00604109281092
        ]
      },
      "properties": {
        "id": "64ede04184336740ca24bd82",
        "name": "Acumularea Negreni",
        "judet": "Botoșani",
        "subtype": "lac",
        "asociatie": "ANPA - Ape Necontractate"
      }
    },
    {
      "type": "Feature",
      "geometry": {
        "type": "Point",
        "coordinates": [
          26.675558854488898,
          47.713018359625615
        ]
      },
      "properties": {
        "id": "64ede09f84336740ca24bd97",
        "name": "Acumularea Curtești (Rai)",
        "judet": "Botoșani",
        "subtype": "lac",
        "asociatie": "ANPA - Ape Necontractate"
      }
    },
    {
      "type": "Feature",
      "geometry": {
        "type": "Point",
        "coordinates": [
          22.1474706274668,
          45.7575997324585
        ]
      },
      "properties": {
        "id": "64ede0dd84336740ca24bda8",
        "name": "Acumularea Surduc",
        "judet": "Timiș",
        "subtype": "lac",
        "asociatie": "ANPA - Ape Necontractate"
      }
    },
    {
      "type": "Feature",
      "geometry": {
        "type": "Point",
        "coordinates": [
          21.041993671297778,
          45.969640761856766
        ]
      },
      "properties": {
        "id": "64ede12484336740ca24bdb7",
        "name": "Acumularea Satchinez",
        "judet": "Timiș",
        "subtype": "lac",
        "asociatie": "ANPA - Ape Necontractate"
      }
    },
    {
      "type": "Feature",
      "geometry": {
        "type": "Point",
        "coordinates": [
          22.24182831661789,
          45.972953597526114
        ]
      },
      "properties": {
        "id": "64ede18584336740ca24bdd2",
        "name": "Balta Căpâlnaș",
        "judet": "Arad",
        "subtype": "lac",
        "asociatie": "ANPA - Ape Necontractate"
      }
    },
    {
      "type": "Feature",
      "geometry": {
        "type": "Point",
        "coordinates": [
          24.11486381403293,
          44.341336176342125
        ]
      },
      "properties": {
        "id": "64ef135684336740ca24e3c9",
        "name": "Lac Balta Gării",
        "judet": "Olt",
        "subtype": "lac",
        "asociatie": "ANPA - Ape Necontractate"
      }
    },
    {
      "type": "Feature",
      "geometry": {
        "type": "Point",
        "coordinates": [
          25.44180478286182,
          47.54326739914114
        ]
      },
      "properties": {
        "id": "64ef145c84336740ca24e3f6",
        "name": "Lacul Pojorâta (Iezer)",
        "judet": "Suceava",
        "subtype": "lac",
        "asociatie": "ANPA - Ape Necontractate"
      }
    },
    {
      "type": "Feature",
      "geometry": {
        "type": "Point",
        "coordinates": [
          24.017049405182117,
          45.3586640871096
        ]
      },
      "properties": {
        "id": "64ef156284336740ca24e41f",
        "name": "Lacul Mălaia",
        "judet": "Vâlcea",
        "subtype": "lac",
        "asociatie": "ANPA - Ape Necontractate"
      }
    },
    {
      "type": "Feature",
      "geometry": {
        "type": "Point",
        "coordinates": [
          23.507852897917388,
          45.580832636130125
        ]
      },
      "properties": {
        "id": "64f843a684336740ca260f91",
        "name": "Iezer – Șurianu",
        "judet": "Alba",
        "subtype": "lac",
        "asociatie": "Direcția Silvică Alba"
      }
    },
    {
      "type": "Feature",
      "geometry": {
        "type": "Point",
        "coordinates": [
          23.364318,
          46.180689
        ]
      },
      "properties": {
        "id": "64f845f384336740ca260fe8",
        "name": "Iezer – Ighel",
        "judet": "Alba",
        "subtype": "lac",
        "asociatie": "Direcția Silvică Alba"
      }
    },
    {
      "type": "Feature",
      "geometry": {
        "type": "Point",
        "coordinates": [
          23.56102345673643,
          45.90208897736506
        ]
      },
      "properties": {
        "id": "64f8527284336740ca261181",
        "name": "Acumulare Petrești",
        "judet": "Alba",
        "subtype": "lac",
        "asociatie": "Direcția Silvică Alba"
      }
    },
    {
      "type": "Feature",
      "geometry": {
        "type": "Point",
        "coordinates": [
          23.61508174561434,
          45.8132772722446
        ]
      },
      "properties": {
        "id": "64f852f784336740ca26119c",
        "name": "Acumulare Căpâlna",
        "judet": "Alba",
        "subtype": "lac",
        "asociatie": "Direcția Silvică Alba"
      }
    },
    {
      "type": "Feature",
      "geometry": {
        "type": "Point",
        "coordinates": [
          23.5058574271456,
          45.66568440675325
        ]
      },
      "properties": {
        "id": "64f8539a84336740ca2611b6",
        "name": "Acumulare Canciu",
        "judet": "Alba",
        "subtype": "lac",
        "asociatie": "Direcția Silvică Alba"
      }
    },
    {
      "type": "Feature",
      "geometry": {
        "type": "Point",
        "coordinates": [
          22.01304249995638,
          44.97412807584985
        ]
      },
      "properties": {
        "id": "64f8551d84336740ca2611f5",
        "name": "Tăria Mare",
        "judet": "Caraș-Severin",
        "subtype": "lac",
        "asociatie": "Direcția Silvică Caraș-Severin"
      }
    },
    {
      "type": "Feature",
      "geometry": {
        "type": "Point",
        "coordinates": [
          21.900339,
          45.122666
        ]
      },
      "properties": {
        "id": "64f85a4c84336740ca2612b1",
        "name": "Mărghitaș",
        "judet": "Caraș-Severin",
        "subtype": "lac",
        "asociatie": "Direcția Silvică Caraș-Severin"
      }
    },
    {
      "type": "Feature",
      "geometry": {
        "type": "Point",
        "coordinates": [
          21.886591,
          45.073532
        ]
      },
      "properties": {
        "id": "64f85acc84336740ca2612c6",
        "name": "Buhui",
        "judet": "Caraș-Severin",
        "subtype": "lac",
        "asociatie": "Direcția Silvică Caraș-Severin"
      }
    },
    {
      "type": "Feature",
      "geometry": {
        "type": "Point",
        "coordinates": [
          22.04661147108727,
          45.24535149922478
        ]
      },
      "properties": {
        "id": "64f85b6284336740ca2612e3",
        "name": "Breazova",
        "judet": "Caraș-Severin",
        "subtype": "lac",
        "asociatie": "Direcția Silvică Caraș-Severin"
      }
    },
    {
      "type": "Feature",
      "geometry": {
        "type": "Point",
        "coordinates": [
          22.137010612256173,
          45.21572978610599
        ]
      },
      "properties": {
        "id": "64f85beb84336740ca2612fb",
        "name": "Trei Ape",
        "judet": "Caraș-Severin",
        "subtype": "lac",
        "asociatie": "Direcția Silvică Caraș-Severin"
      }
    },
    {
      "type": "Feature",
      "geometry": {
        "type": "Point",
        "coordinates": [
          22.018769807525768,
          45.2115790227624
        ]
      },
      "properties": {
        "id": "64f85c6484336740ca261313",
        "name": "Gozna",
        "judet": "Caraș-Severin",
        "subtype": "lac",
        "asociatie": "Direcția Silvică Caraș-Severin"
      }
    },
    {
      "type": "Feature",
      "geometry": {
        "type": "Point",
        "coordinates": [
          22.46561576025535,
          44.945152243822704
        ]
      },
      "properties": {
        "id": "64f85cbd84336740ca261324",
        "name": "Prisaca Cerna",
        "judet": "Caraș-Severin",
        "subtype": "lac",
        "asociatie": "Direcția Silvică Caraș-Severin"
      }
    },
    {
      "type": "Feature",
      "geometry": {
        "type": "Point",
        "coordinates": [
          22.50512765907092,
          45.41929253211159
        ]
      },
      "properties": {
        "id": "64f85d1f84336740ca261336",
        "name": "Mărul superior",
        "judet": "Caraș-Severin",
        "subtype": "lac",
        "asociatie": "Direcția Silvică Caraș-Severin"
      }
    },
    {
      "type": "Feature",
      "geometry": {
        "type": "Point",
        "coordinates": [
          23.328344892713336,
          46.733633179303595
        ]
      },
      "properties": {
        "id": "64f85e6a84336740ca261378",
        "name": "Lacul Someșul Cald",
        "judet": "Cluj",
        "subtype": "lac",
        "asociatie": "D.S. Cluj"
      }
    },
    {
      "type": "Feature",
      "geometry": {
        "type": "Point",
        "coordinates": [
          25.427918911957757,
          45.349543253597595
        ]
      },
      "properties": {
        "id": "64f861b884336740ca261406",
        "name": "Lac Bolboci",
        "judet": "Dâmbovița",
        "subtype": "lac",
        "asociatie": "Direcția Silvică Dâmbovița"
      }
    },
    {
      "type": "Feature",
      "geometry": {
        "type": "Point",
        "coordinates": [
          25.4198385575764,
          45.31144293867018
        ]
      },
      "properties": {
        "id": "64f8621884336740ca26141c",
        "name": "Lac Scropoasa",
        "judet": "Dâmbovița",
        "subtype": "lac",
        "asociatie": "Direcția Silvică Dâmbovița"
      }
    },
    {
      "type": "Feature",
      "geometry": {
        "type": "Point",
        "coordinates": [
          22.992278,
          45.176084
        ]
      },
      "properties": {
        "id": "64f8628a84336740ca26142f",
        "name": "Lac Vâja",
        "judet": "Gorj",
        "subtype": "lac",
        "asociatie": "Direcția Silvica Gorj"
      }
    },
    {
      "type": "Feature",
      "geometry": {
        "type": "Point",
        "coordinates": [
          25.787144,
          46.789176
        ]
      },
      "properties": {
        "id": "64f8632384336740ca261452",
        "name": "Lacul Roșu",
        "judet": "Harghita",
        "subtype": "lac",
        "asociatie": "Direcția Silvică Harghita"
      }
    },
    {
      "type": "Feature",
      "geometry": {
        "type": "Point",
        "coordinates": [
          25.26144749792085,
          47.09354102124385
        ]
      },
      "properties": {
        "id": "64f863bc84336740ca26146e",
        "name": "Iezer",
        "judet": "Harghita",
        "subtype": "lac",
        "asociatie": "Direcția Silvică Harghita"
      }
    },
    {
      "type": "Feature",
      "geometry": {
        "type": "Point",
        "coordinates": [
          22.836593027570206,
          45.26490272780355
        ]
      },
      "properties": {
        "id": "64f866c884336740ca2614d4",
        "name": "Roşiile (Tăul fără Fund)",
        "judet": "Hunedoara",
        "subtype": "lac",
        "asociatie": "Direcția Silvică Hunedoara"
      }
    },
    {
      "type": "Feature",
      "geometry": {
        "type": "Point",
        "coordinates": [
          23.526441903157497,
          45.37621291267263
        ]
      },
      "properties": {
        "id": "64f8672b84336740ca2614eb",
        "name": "Mija",
        "judet": "Hunedoara",
        "subtype": "lac",
        "asociatie": "Direcția Silvică Hunedoara"
      }
    },
    {
      "type": "Feature",
      "geometry": {
        "type": "Point",
        "coordinates": [
          23.5730702136875,
          45.3550616210441
        ]
      },
      "properties": {
        "id": "64f8678884336740ca2614fc",
        "name": "Ghereşul",
        "judet": "Hunedoara",
        "subtype": "lac",
        "asociatie": "Direcția Silvică Hunedoara"
      }
    },
    {
      "type": "Feature",
      "geometry": {
        "type": "Point",
        "coordinates": [
          23.547565769638005,
          45.3419922387432
        ]
      },
      "properties": {
        "id": "64f8681884336740ca261517",
        "name": "Oglinda Mândrii",
        "judet": "Hunedoara",
        "subtype": "lac",
        "asociatie": "Direcția Silvică Hunedoara"
      }
    },
    {
      "type": "Feature",
      "geometry": {
        "type": "Point",
        "coordinates": [
          23.53407712347012,
          45.36866216833094
        ]
      },
      "properties": {
        "id": "64f86a8384336740ca26156d",
        "name": "Tăul Înghetat (Custura)",
        "judet": "Hunedoara",
        "subtype": "lac",
        "asociatie": "Direcția Silvică Hunedoara"
      }
    },
    {
      "type": "Feature",
      "geometry": {
        "type": "Point",
        "coordinates": [
          22.92444114850087,
          45.375946477717825
        ]
      },
      "properties": {
        "id": "64f86ad684336740ca261583",
        "name": "Tăul Ţapului",
        "judet": "Hunedoara",
        "subtype": "lac",
        "asociatie": "Direcția Silvică Hunedoara"
      }
    },
    {
      "type": "Feature",
      "geometry": {
        "type": "Point",
        "coordinates": [
          22.935839202920928,
          45.35331548204097
        ]
      },
      "properties": {
        "id": "64f86b2d84336740ca261599",
        "name": "Custura Mică",
        "judet": "Hunedoara",
        "subtype": "lac",
        "asociatie": "Direcția Silvică Hunedoara"
      }
    },
    {
      "type": "Feature",
      "geometry": {
        "type": "Point",
        "coordinates": [
          22.931658488589388,
          45.3528939057943
        ]
      },
      "properties": {
        "id": "64f86ce684336740ca2615e1",
        "name": "Custura Mare",
        "judet": "Hunedoara",
        "subtype": "lac",
        "asociatie": "Direcția Silvică Hunedoara"
      }
    },
    {
      "type": "Feature",
      "geometry": {
        "type": "Point",
        "coordinates": [
          22.909206993596047,
          45.38545797410173
        ]
      },
      "properties": {
        "id": "64f86efe84336740ca261648",
        "name": "Galeşul",
        "judet": "Hunedoara",
        "subtype": "lac",
        "asociatie": "Direcția Silvică Hunedoara"
      }
    },
    {
      "type": "Feature",
      "geometry": {
        "type": "Point",
        "coordinates": [
          22.87368367991324,
          45.33904268785337
        ]
      },
      "properties": {
        "id": "64f86f5184336740ca2616a2",
        "name": "Slăvei",
        "judet": "Hunedoara",
        "subtype": "lac",
        "asociatie": "Direcția Silvică Hunedoara"
      }
    },
    {
      "type": "Feature",
      "geometry": {
        "type": "Point",
        "coordinates": [
          22.877383397944307,
          45.35244552775099
        ]
      },
      "properties": {
        "id": "64f86fc084336740ca261712",
        "name": "Lia",
        "judet": "Hunedoara",
        "subtype": "lac",
        "asociatie": "Direcția Silvică Hunedoara"
      }
    },
    {
      "type": "Feature",
      "geometry": {
        "type": "Point",
        "coordinates": [
          22.869159689639716,
          45.35657882184001
        ]
      },
      "properties": {
        "id": "64f8702984336740ca26172c",
        "name": "Ana",
        "judet": "Hunedoara",
        "subtype": "lac",
        "asociatie": "Direcția Silvică Hunedoara"
      }
    },
    {
      "type": "Feature",
      "geometry": {
        "type": "Point",
        "coordinates": [
          22.863782475686683,
          45.35811419486763
        ]
      },
      "properties": {
        "id": "64f8707a84336740ca26173c",
        "name": "Viorica",
        "judet": "Hunedoara",
        "subtype": "lac",
        "asociatie": "Direcția Silvică Hunedoara"
      }
    },
    {
      "type": "Feature",
      "geometry": {
        "type": "Point",
        "coordinates": [
          22.86139102201076,
          45.35833371263049
        ]
      },
      "properties": {
        "id": "64f870c984336740ca26174e",
        "name": "Florica",
        "judet": "Hunedoara",
        "subtype": "lac",
        "asociatie": "Direcția Silvică Hunedoara"
      }
    },
    {
      "type": "Feature",
      "geometry": {
        "type": "Point",
        "coordinates": [
          22.87475858905079,
          45.36026406474031
        ]
      },
      "properties": {
        "id": "64f8711d84336740ca26175f",
        "name": "Bucura",
        "judet": "Hunedoara",
        "subtype": "lac",
        "asociatie": "Direcția Silvică Hunedoara"
      }
    },
    {
      "type": "Feature",
      "geometry": {
        "type": "Point",
        "coordinates": [
          22.901989999322815,
          45.36487508052356
        ]
      },
      "properties": {
        "id": "64f8716784336740ca261772",
        "name": "Peleaga",
        "judet": "Hunedoara",
        "subtype": "lac",
        "asociatie": "Direcția Silvică Hunedoara"
      }
    },
    {
      "type": "Feature",
      "geometry": {
        "type": "Point",
        "coordinates": [
          22.9105620561577,
          45.357569236578
        ]
      },
      "properties": {
        "id": "64f87ba684336740ca2619a1",
        "name": "Ghimpele (Peleguţa)",
        "judet": "Hunedoara",
        "subtype": "lac",
        "asociatie": "Direcția Silvică Hunedoara"
      }
    },
    {
      "type": "Feature",
      "geometry": {
        "type": "Point",
        "coordinates": [
          22.822342342289943,
          45.346153870717735
        ]
      },
      "properties": {
        "id": "64f87bf084336740ca2619b5",
        "name": "Zănoaga",
        "judet": "Hunedoara",
        "subtype": "lac",
        "asociatie": "Direcția Silvică Hunedoara"
      }
    },
    {
      "type": "Feature",
      "geometry": {
        "type": "Point",
        "coordinates": [
          22.84518482569041,
          45.38425101648734
        ]
      },
      "properties": {
        "id": "64f87c3284336740ca2619c3",
        "name": "Ştevia",
        "judet": "Hunedoara",
        "subtype": "lac",
        "asociatie": "Direcția Silvică Hunedoara"
      }
    },
    {
      "type": "Feature",
      "geometry": {
        "type": "Point",
        "coordinates": [
          22.720826,
          45.336434
        ]
      },
      "properties": {
        "id": "64f87c8c84336740ca2619d4",
        "name": "Gura Apei",
        "judet": "Hunedoara",
        "subtype": "lac",
        "asociatie": "Direcția Silvică Hunedoara"
      }
    },
    {
      "type": "Feature",
      "geometry": {
        "type": "Point",
        "coordinates": [
          23.603941922610193,
          47.6891968698031
        ]
      },
      "properties": {
        "id": "64f87cff84336740ca2619ec",
        "name": "Lac Bodi Ferneziu",
        "judet": "Maramureș",
        "subtype": "lac",
        "asociatie": "Direcția Silvica Maramureș"
      }
    },
    {
      "type": "Feature",
      "geometry": {
        "type": "Point",
        "coordinates": [
          23.607754193924002,
          47.72985149107093
        ]
      },
      "properties": {
        "id": "64f87eb284336740ca261a35",
        "name": "Firiza",
        "judet": "Maramureș",
        "subtype": "lac",
        "asociatie": "Direcția Silvica Maramureș"
      }
    },
    {
      "type": "Feature",
      "geometry": {
        "type": "Point",
        "coordinates": [
          23.772586575317472,
          47.672748086229156
        ]
      },
      "properties": {
        "id": "64f87f0384336740ca261a4b",
        "name": "Bodi",
        "judet": "Maramureș",
        "subtype": "lac",
        "asociatie": "Direcția Silvica Maramureș"
      }
    },
    {
      "type": "Feature",
      "geometry": {
        "type": "Point",
        "coordinates": [
          24.81354088736953,
          47.572892637060605
        ]
      },
      "properties": {
        "id": "64f87f6184336740ca261aa2",
        "name": "Iezerul Bistriței",
        "judet": "Maramureș",
        "subtype": "lac",
        "asociatie": "Direcția Silvica Maramureș"
      }
    },
    {
      "type": "Feature",
      "geometry": {
        "type": "Point",
        "coordinates": [
          24.455478871728843,
          47.909703140235436
        ]
      },
      "properties": {
        "id": "64f87fad84336740ca261ab6",
        "name": "Vinderel",
        "judet": "Maramureș",
        "subtype": "lac",
        "asociatie": "Direcția Silvica Maramureș"
      }
    },
    {
      "type": "Feature",
      "geometry": {
        "type": "Point",
        "coordinates": [
          22.746809833236327,
          45.177787244415214
        ]
      },
      "properties": {
        "id": "64f8809f84336740ca261b0c",
        "name": "Lacul Ivanul",
        "judet": "Mehedinți",
        "subtype": "lac",
        "asociatie": "Direcția Silvică Mehedinți"
      }
    },
    {
      "type": "Feature",
      "geometry": {
        "type": "Point",
        "coordinates": [
          26.216649239584633,
          47.03525699083197
        ]
      },
      "properties": {
        "id": "64f880ff84336740ca261b1e",
        "name": "Cuiejdel",
        "judet": "Neamț",
        "subtype": "lac",
        "asociatie": "Direcția Silvică Neamț"
      }
    },
    {
      "type": "Feature",
      "geometry": {
        "type": "Point",
        "coordinates": [
          24.69076273936126,
          45.6092451081579
        ]
      },
      "properties": {
        "id": "64f8815084336740ca261b2f",
        "name": "Podragu Mare",
        "judet": "Sibiu",
        "subtype": "lac",
        "asociatie": "Direcția Silvică Sibiu"
      }
    },
    {
      "type": "Feature",
      "geometry": {
        "type": "Point",
        "coordinates": [
          24.617171455017466,
          45.60334465394399
        ]
      },
      "properties": {
        "id": "64f8819084336740ca261b3d",
        "name": "Bâlea",
        "judet": "Sibiu",
        "subtype": "lac",
        "asociatie": "Direcția Silvică Sibiu"
      }
    },
    {
      "type": "Feature",
      "geometry": {
        "type": "Point",
        "coordinates": [
          23.618508834084075,
          45.559913230033224
        ]
      },
      "properties": {
        "id": "64f881d284336740ca261b50",
        "name": "Oașa",
        "judet": "Sibiu",
        "subtype": "lac",
        "asociatie": "Direcția Silvică Sibiu"
      }
    },
    {
      "type": "Feature",
      "geometry": {
        "type": "Point",
        "coordinates": [
          23.730027776376108,
          45.43246400620654
        ]
      },
      "properties": {
        "id": "64f8822584336740ca261b60",
        "name": "Vidra",
        "judet": "Vâlcea",
        "subtype": "lac",
        "asociatie": "Direcția Silvică Vâlcea"
      }
    },
    {
      "type": "Feature",
      "geometry": {
        "type": "Point",
        "coordinates": [
          23.8476099052262,
          45.47541679962326
        ]
      },
      "properties": {
        "id": "64f8829384336740ca261b73",
        "name": "Balindru",
        "judet": "Vâlcea",
        "subtype": "lac",
        "asociatie": "Direcția Silvică Vâlcea"
      }
    },
    {
      "type": "Feature",
      "geometry": {
        "type": "Point",
        "coordinates": [
          23.8476099052262,
          45.47541679962326
        ]
      },
      "properties": {
        "id": "64f8829584336740ca261b7a",
        "name": "Balindru",
        "judet": "Vâlcea",
        "subtype": "lac",
        "asociatie": "Direcția Silvică Vâlcea"
      }
    },
    {
      "type": "Feature",
      "geometry": {
        "type": "Point",
        "coordinates": [
          23.733716852707627,
          45.36444042471107
        ]
      },
      "properties": {
        "id": "64f8834384336740ca261ba1",
        "name": "Galbenu",
        "judet": "Vâlcea",
        "subtype": "lac",
        "asociatie": "Direcția Silvică Vâlcea"
      }
    },
    {
      "type": "Feature",
      "geometry": {
        "type": "Point",
        "coordinates": [
          23.78325953062025,
          45.368146367327114
        ]
      },
      "properties": {
        "id": "64f8838b84336740ca261bb3",
        "name": "Petrimanu",
        "judet": "Vâlcea",
        "subtype": "lac",
        "asociatie": "Direcția Silvică Vâlcea"
      }
    },
    {
      "type": "Feature",
      "geometry": {
        "type": "Point",
        "coordinates": [
          23.886907876051584,
          45.27977689938848
        ]
      },
      "properties": {
        "id": "64f883cd84336740ca261bc5",
        "name": "Balota",
        "judet": "Vâlcea",
        "subtype": "lac",
        "asociatie": "Direcția Silvică Vâlcea"
      }
    },
    {
      "type": "Feature",
      "geometry": {
        "type": "Point",
        "coordinates": [
          24.08054902639883,
          45.3525081262478
        ]
      },
      "properties": {
        "id": "64f8841b84336740ca261bd9",
        "name": "Brădișor",
        "judet": "Vâlcea",
        "subtype": "lac",
        "asociatie": "Direcția Silvică Vâlcea"
      }
    },
    {
      "type": "Feature",
      "geometry": {
        "type": "Point",
        "coordinates": [
          23.538675452811436,
          45.3604017303538
        ]
      },
      "properties": {
        "id": "64f9790984336740ca263f9f",
        "name": "Tăul Verde (Sliveiu Mare)",
        "judet": "Hunedoara",
        "subtype": "lac",
        "asociatie": "Direcția Silvică Hunedoara"
      }
    },
    {
      "type": "Feature",
      "geometry": {
        "type": "Point",
        "coordinates": [
          25.26144749792085,
          47.09354102124385
        ]
      },
      "properties": {
        "id": "64f979ab84336740ca263fba",
        "name": "Iezerul Pietrosu",
        "judet": "Maramureș",
        "subtype": "lac",
        "asociatie": "Direcția Silvica Maramureș"
      }
    },
    {
      "type": "Feature",
      "geometry": {
        "type": "Point",
        "coordinates": [
          24.098713,
          45.641897
        ]
      },
      "properties": {
        "id": "64f97a0884336740ca263fcb",
        "name": "Sadu V",
        "judet": "Sibiu",
        "subtype": "lac",
        "asociatie": "Direcția Silvică Sibiu"
      }
    },
    {
      "type": "Feature",
      "geometry": {
        "type": "Point",
        "coordinates": [
          23.6515027,
          46.1347659
        ]
      },
      "properties": {
        "id": "65fc52ba5c83787525ce7e76",
        "name": "Râul Mureș",
        "judet": "Alba",
        "subtype": "rau",
        "asociatie": "AJVPS ALBA"
      }
    },
    {
      "type": "Feature",
      "geometry": {
        "type": "Point",
        "coordinates": [
          23.863791,
          46.1562215
        ]
      },
      "properties": {
        "id": "6687be2e1ba4b3c63c193874",
        "name": "Râul Târnava Mare",
        "judet": "Alba",
        "subtype": "rau",
        "asociatie": "AJVPS ALBA"
      }
    },
    {
      "type": "Feature",
      "geometry": {
        "type": "Point",
        "coordinates": [
          23.559533,
          45.9749801
        ]
      },
      "properties": {
        "id": "6687c23d1ba4b3c63c193a46",
        "name": "Râul Sebeș",
        "judet": "Alba",
        "subtype": "rau",
        "asociatie": "AJVPS ALBA"
      }
    },
    {
      "type": "Feature",
      "geometry": {
        "type": "Point",
        "coordinates": [
          23.4098615,
          46.0905262
        ]
      },
      "properties": {
        "id": "669e3f8f0248de8ab6aec2f7",
        "name": "Râul Ampoi",
        "judet": "Alba",
        "subtype": "rau",
        "asociatie": "AJVPS ALBA"
      }
    },
    {
      "type": "Feature",
      "geometry": {
        "type": "Point",
        "coordinates": [
          23.35686348155404,
          45.88689434350993
        ]
      },
      "properties": {
        "id": "669e3ffe0248de8ab6aec353",
        "name": "Râul Cugir",
        "judet": "Alba",
        "subtype": "rau",
        "asociatie": "AJVPS ALBA"
      }
    },
    {
      "type": "Feature",
      "geometry": {
        "type": "Point",
        "coordinates": [
          24.0190837,
          46.2233528
        ]
      },
      "properties": {
        "id": "669e415e0248de8ab6aec3a9",
        "name": "Râul Târnava Mică",
        "judet": "Alba",
        "subtype": "rau",
        "asociatie": "AJVPS ALBA"
      }
    },
    {
      "type": "Feature",
      "geometry": {
        "type": "Point",
        "coordinates": [
          23.8074482,
          46.1034222
        ]
      },
      "properties": {
        "id": "669e4a990248de8ab6aec5c8",
        "name": "Râul Secaș",
        "judet": "Alba",
        "subtype": "rau",
        "asociatie": "AJVPS ALBA"
      }
    },
    {
      "type": "Feature",
      "geometry": {
        "type": "Point",
        "coordinates": [
          23.3778591,
          46.3999982
        ]
      },
      "properties": {
        "id": "669e4b730248de8ab6aec618",
        "name": "Râul Arieș",
        "judet": "Alba",
        "subtype": "rau",
        "asociatie": "AJVPS ALBA"
      }
    },
    {
      "type": "Feature",
      "geometry": {
        "type": "Point",
        "coordinates": [
          23.4163275,
          46.4469759
        ]
      },
      "properties": {
        "id": "669e4bfe0248de8ab6aec66a",
        "name": "Râul Poșaga",
        "judet": "Alba",
        "subtype": "rau",
        "asociatie": "AJVPS ALBA"
      }
    },
    {
      "type": "Feature",
      "geometry": {
        "type": "Point",
        "coordinates": [
          23.4529638,
          46.4977462
        ]
      },
      "properties": {
        "id": "669e4c590248de8ab6aec68d",
        "name": "Râul Ocoliș",
        "judet": "Alba",
        "subtype": "rau",
        "asociatie": "AJVPS ALBA"
      }
    },
    {
      "type": "Feature",
      "geometry": {
        "type": "Point",
        "coordinates": [
          23.455128558155103,
          46.39320258553677
        ]
      },
      "properties": {
        "id": "669e4cac0248de8ab6aec6b6",
        "name": "Râul Valea Morilor",
        "judet": "Alba",
        "subtype": "rau",
        "asociatie": "AJVPS ALBA"
      }
    },
    {
      "type": "Feature",
      "geometry": {
        "type": "Point",
        "coordinates": [
          23.010722969391036,
          46.37391164767067
        ]
      },
      "properties": {
        "id": "669e4dab0248de8ab6aec778",
        "name": "Acumulare Mihoesti",
        "judet": "Alba",
        "subtype": "lac",
        "asociatie": "AJVPS ALBA"
      }
    },
    {
      "type": "Feature",
      "geometry": {
        "type": "Point",
        "coordinates": [
          21.321515514906213,
          46.227522321539446
        ]
      },
      "properties": {
        "id": "66a38bfd0248de8ab6b042d3",
        "name": "Balta Ghilin I",
        "judet": "Arad",
        "subtype": "lac",
        "asociatie": "AJVPS ARAD"
      }
    },
    {
      "type": "Feature",
      "geometry": {
        "type": "Point",
        "coordinates": [
          21.323343406492917,
          46.23980330310668
        ]
      },
      "properties": {
        "id": "66a38c530248de8ab6b04302",
        "name": "Balta Ghilin II",
        "judet": "Arad",
        "subtype": "lac",
        "asociatie": "AJVPS ARAD"
      }
    },
    {
      "type": "Feature",
      "geometry": {
        "type": "Point",
        "coordinates": [
          21.500861731123837,
          46.16627571620389
        ]
      },
      "properties": {
        "id": "66a38cf30248de8ab6b0432f",
        "name": "Balta Cicir",
        "judet": "Arad",
        "subtype": "lac",
        "asociatie": "AJVPS ARAD"
      }
    },
    {
      "type": "Feature",
      "geometry": {
        "type": "Point",
        "coordinates": [
          21.947218027633756,
          46.430827362010426
        ]
      },
      "properties": {
        "id": "66a391cf0248de8ab6b04525",
        "name": "Râul Crișul Alb",
        "judet": "Arad",
        "subtype": "rau",
        "asociatie": "AJVPS ARAD"
      }
    },
    {
      "type": "Feature",
      "geometry": {
        "type": "Point",
        "coordinates": [
          21.574547911444274,
          46.65014322804668
        ]
      },
      "properties": {
        "id": "66a394230248de8ab6b045a5",
        "name": "Râul Crișul Negru",
        "judet": "Arad",
        "subtype": "rau",
        "asociatie": "AJVPS ARAD"
      }
    },
    {
      "type": "Feature",
      "geometry": {
        "type": "Point",
        "coordinates": [
          21.570155144154096,
          46.10877946434167
        ]
      },
      "properties": {
        "id": "66a3994f0248de8ab6b04699",
        "name": "Râul Mureș",
        "judet": "Arad",
        "subtype": "rau",
        "asociatie": "AJVPS ARAD"
      }
    },
    {
      "type": "Feature",
      "geometry": {
        "type": "Point",
        "coordinates": [
          21.0093026486,
          46.10657781747
        ]
      },
      "properties": {
        "id": "66a3a1190248de8ab6b048c0",
        "name": "Râul Aranca",
        "judet": "Arad",
        "subtype": "rau",
        "asociatie": "AJVPS ARAD"
      }
    },
    {
      "type": "Feature",
      "geometry": {
        "type": "Point",
        "coordinates": [
          24.9328254,
          45.1120784
        ]
      },
      "properties": {
        "id": "66b378b7a14eb22fb542b409",
        "name": "Râul Bratia Inferior",
        "judet": "Argeș",
        "subtype": "rau",
        "asociatie": "AJVPS ARGEȘ"
      }
    },
    {
      "type": "Feature",
      "geometry": {
        "type": "Point",
        "coordinates": [
          24.8298937,
          44.9128463
        ]
      },
      "properties": {
        "id": "66b379d4a14eb22fb542b466",
        "name": "Râul Argeș",
        "judet": "Argeș",
        "subtype": "rau",
        "asociatie": "AJVPS ARGEȘ"
      }
    },
    {
      "type": "Feature",
      "geometry": {
        "type": "Point",
        "coordinates": [
          24.7906445,
          45.0929728
        ]
      },
      "properties": {
        "id": "66b37aeba14eb22fb542b51e",
        "name": "Râul Vâlsan Inferior",
        "judet": "Argeș",
        "subtype": "rau",
        "asociatie": "AJVPS ARGEȘ"
      }
    },
    {
      "type": "Feature",
      "geometry": {
        "type": "Point",
        "coordinates": [
          25.1028753,
          45.1207869
        ]
      },
      "properties": {
        "id": "66b37b5ca14eb22fb542b571",
        "name": "Râul Argeșel inferior",
        "judet": "Argeș",
        "subtype": "rau",
        "asociatie": "AJVPS ARGEȘ"
      }
    },
    {
      "type": "Feature",
      "geometry": {
        "type": "Point",
        "coordinates": [
          24.8590376,
          45.0786537
        ]
      },
      "properties": {
        "id": "66b37baaa14eb22fb542b5a6",
        "name": "Râul Doamnei inferior",
        "judet": "Argeș",
        "subtype": "rau",
        "asociatie": "AJVPS ARGEȘ"
      }
    },
    {
      "type": "Feature",
      "geometry": {
        "type": "Point",
        "coordinates": [
          24.9997733,
          45.1157732
        ]
      },
      "properties": {
        "id": "66b37be7a14eb22fb542b5d0",
        "name": "Râul Târgului inferior",
        "judet": "Argeș",
        "subtype": "rau",
        "asociatie": "AJVPS ARGEȘ"
      }
    },
    {
      "type": "Feature",
      "geometry": {
        "type": "Point",
        "coordinates": [
          25.0635544,
          45.3340966
        ]
      },
      "properties": {
        "id": "66b37c6fa14eb22fb542b5fc",
        "name": "Râul Târgului mijlociu",
        "judet": "Argeș",
        "subtype": "rau",
        "asociatie": "AJVPS ARGEȘ"
      }
    },
    {
      "type": "Feature",
      "geometry": {
        "type": "Point",
        "coordinates": [
          24.839711536987085,
          44.9058451757499
        ]
      },
      "properties": {
        "id": "66b37d5ea14eb22fb542b718",
        "name": "Lac acumulare Bascov",
        "judet": "Argeș",
        "subtype": "lac",
        "asociatie": "AJVPS ARGEȘ"
      }
    },
    {
      "type": "Feature",
      "geometry": {
        "type": "Point",
        "coordinates": [
          24.807152254981137,
          44.92683945131331
        ]
      },
      "properties": {
        "id": "66b37da2a14eb22fb542b754",
        "name": "Lac acumulare Budeasa",
        "judet": "Argeș",
        "subtype": "lac",
        "asociatie": "AJVPS ARGEȘ"
      }
    },
    {
      "type": "Feature",
      "geometry": {
        "type": "Point",
        "coordinates": [
          25.184293016672235,
          45.24017900566932
        ]
      },
      "properties": {
        "id": "66b37e08a14eb22fb542b7d5",
        "name": "Râul Dâmbovița mijlociu",
        "judet": "Argeș",
        "subtype": "rau",
        "asociatie": "AJVPS ARGEȘ"
      }
    },
    {
      "type": "Feature",
      "geometry": {
        "type": "Point",
        "coordinates": [
          24.727994799091395,
          45.35803997369251
        ]
      },
      "properties": {
        "id": "66b37e3fa14eb22fb542b806",
        "name": "Râul Vâslan mijlociu",
        "judet": "Argeș",
        "subtype": "rau",
        "asociatie": "AJVPS ARGEȘ"
      }
    },
    {
      "type": "Feature",
      "geometry": {
        "type": "Point",
        "coordinates": [
          26.962568762711204,
          46.479698035539066
        ]
      },
      "properties": {
        "id": "66b3812aa14eb22fb542b961",
        "name": "Acumulare Galbeni",
        "judet": "Bacău",
        "subtype": "lac",
        "asociatie": "Centrul Regional de Ecologie Bacău"
      }
    },
    {
      "type": "Feature",
      "geometry": {
        "type": "Point",
        "coordinates": [
          26.9214495990457,
          46.58499476993064
        ]
      },
      "properties": {
        "id": "66b38151a14eb22fb542b991",
        "name": "Acumulare Bacău II",
        "judet": "Bacău",
        "subtype": "lac",
        "asociatie": "Centrul Regional de Ecologie Bacău"
      }
    },
    {
      "type": "Feature",
      "geometry": {
        "type": "Point",
        "coordinates": [
          26.3179332,
          46.5583271
        ]
      },
      "properties": {
        "id": "66c473a0d7f570d9b1ca9d20",
        "name": "Râul Asău",
        "judet": "Bacău",
        "subtype": "rau",
        "asociatie": "AJVPS BACĂU"
      }
    },
    {
      "type": "Feature",
      "geometry": {
        "type": "Point",
        "coordinates": [
          26.6781901,
          46.4891563
        ]
      },
      "properties": {
        "id": "66c474f7d7f570d9b1ca9dcc",
        "name": "Râul Tazlău",
        "judet": "Bacău",
        "subtype": "rau",
        "asociatie": "AJVPS BACĂU"
      }
    },
    {
      "type": "Feature",
      "geometry": {
        "type": "Point",
        "coordinates": [
          26.4652635371,
          46.55385591857
        ]
      },
      "properties": {
        "id": "66c47552d7f570d9b1ca9e17",
        "name": "Râul Tazlăul Sărat",
        "judet": "Bacău",
        "subtype": "rau",
        "asociatie": "AJVPS BACĂU"
      }
    },
    {
      "type": "Feature",
      "geometry": {
        "type": "Point",
        "coordinates": [
          26.534178,
          46.3423761
        ]
      },
      "properties": {
        "id": "66c4766bd7f570d9b1ca9f00",
        "name": "Râul Trotuș",
        "judet": "Bacău",
        "subtype": "rau",
        "asociatie": "AJVPS BACĂU"
      }
    },
    {
      "type": "Feature",
      "geometry": {
        "type": "Point",
        "coordinates": [
          26.1161384,
          46.4416231
        ]
      },
      "properties": {
        "id": "66c479b5d7f570d9b1ca9f91",
        "name": "Râul Sulta",
        "judet": "Bacău",
        "subtype": "rau",
        "asociatie": "AJVPS BACĂU"
      }
    },
    {
      "type": "Feature",
      "geometry": {
        "type": "Point",
        "coordinates": [
          26.1161384,
          46.4416231
        ]
      },
      "properties": {
        "id": "66c47a37d7f570d9b1ca9fbf",
        "name": "Râul Ciobănuș",
        "judet": "Bacău",
        "subtype": "rau",
        "asociatie": "AJVPS BACĂU"
      }
    },
    {
      "type": "Feature",
      "geometry": {
        "type": "Point",
        "coordinates": [
          26.40491943143,
          46.33953340579
        ]
      },
      "properties": {
        "id": "66c47af1d7f570d9b1ca9fef",
        "name": "Râul Uzul",
        "judet": "Bacău",
        "subtype": "rau",
        "asociatie": "AJVPS BACĂU"
      }
    },
    {
      "type": "Feature",
      "geometry": {
        "type": "Point",
        "coordinates": [
          26.4829,
          46.2229768
        ]
      },
      "properties": {
        "id": "66c47b36d7f570d9b1caa012",
        "name": "Râul Slănic Moldova",
        "judet": "Bacău",
        "subtype": "rau",
        "asociatie": "AJVPS BACĂU"
      }
    },
    {
      "type": "Feature",
      "geometry": {
        "type": "Point",
        "coordinates": [
          26.7391052,
          46.1834621
        ]
      },
      "properties": {
        "id": "66c47b83d7f570d9b1caa057",
        "name": "Râul Casinul inferior",
        "judet": "Bacău",
        "subtype": "rau",
        "asociatie": "AJVPS BACĂU"
      }
    },
    {
      "type": "Feature",
      "geometry": {
        "type": "Point",
        "coordinates": [
          26.5749128,
          46.2002304
        ]
      },
      "properties": {
        "id": "66c5d250656e82d7d693c9fa",
        "name": "Râul Oituzul Moldovenesc",
        "judet": "Bacău",
        "subtype": "rau",
        "asociatie": "AJVPS BACĂU"
      }
    },
    {
      "type": "Feature",
      "geometry": {
        "type": "Point",
        "coordinates": [
          26.774461126676435,
          46.6795698173837
        ]
      },
      "properties": {
        "id": "66c5d286656e82d7d693ca27",
        "name": "Acumulare Gârleni",
        "judet": "Bacău",
        "subtype": "lac",
        "asociatie": "AJVPS BACĂU"
      }
    },
    {
      "type": "Feature",
      "geometry": {
        "type": "Point",
        "coordinates": [
          26.869353887591277,
          46.64315463167338
        ]
      },
      "properties": {
        "id": "66c5d2bc656e82d7d693ca65",
        "name": "Acumulare Lilieci",
        "judet": "Bacău",
        "subtype": "lac",
        "asociatie": "AJVPS BACĂU"
      }
    },
    {
      "type": "Feature",
      "geometry": {
        "type": "Point",
        "coordinates": [
          26.92668096762032,
          46.56464089079679
        ]
      },
      "properties": {
        "id": "66c5d368656e82d7d693cae1",
        "name": "Acumulare Agrement",
        "judet": "Bacău",
        "subtype": "lac",
        "asociatie": "AJVPS BACĂU"
      }
    },
    {
      "type": "Feature",
      "geometry": {
        "type": "Point",
        "coordinates": [
          27.011408790405035,
          46.37173413015448
        ]
      },
      "properties": {
        "id": "66c5d3cf656e82d7d693cb80",
        "name": "Acumulare Răcăciuni",
        "judet": "Bacău",
        "subtype": "lac",
        "asociatie": "AJVPS BACĂU"
      }
    },
    {
      "type": "Feature",
      "geometry": {
        "type": "Point",
        "coordinates": [
          27.13474564867682,
          46.24159593807913
        ]
      },
      "properties": {
        "id": "66c5d40c656e82d7d693cba0",
        "name": "Acumulare Berești",
        "judet": "Bacău",
        "subtype": "lac",
        "asociatie": "AJVPS BACĂU"
      }
    },
    {
      "type": "Feature",
      "geometry": {
        "type": "Point",
        "coordinates": [
          22.0901537,
          47.0650021
        ]
      },
      "properties": {
        "id": "66deedabb4f4b1320ffc273c",
        "name": "Râul Crișul Repede",
        "judet": "Bihor",
        "subtype": "rau",
        "asociatie": "AJVPS BIHOR"
      }
    },
    {
      "type": "Feature",
      "geometry": {
        "type": "Point",
        "coordinates": [
          21.8470113,
          46.7263626
        ]
      },
      "properties": {
        "id": "66deee48b4f4b1320ffc2790",
        "name": "Râul Crișul Negru",
        "judet": "Bihor",
        "subtype": "rau",
        "asociatie": "AJVPS BIHOR"
      }
    },
    {
      "type": "Feature",
      "geometry": {
        "type": "Point",
        "coordinates": [
          22.2077793,
          47.2847178
        ]
      },
      "properties": {
        "id": "66deee8fb4f4b1320ffc27d4",
        "name": "Râul Barcău",
        "judet": "Bihor",
        "subtype": "rau",
        "asociatie": "AJVPS BIHOR"
      }
    },
    {
      "type": "Feature",
      "geometry": {
        "type": "Point",
        "coordinates": [
          22.069781,
          47.3610299
        ]
      },
      "properties": {
        "id": "66deef02b4f4b1320ffc27fa",
        "name": "Valea Ierului",
        "judet": "Bihor",
        "subtype": "rau",
        "asociatie": "AJVPS BIHOR"
      }
    },
    {
      "type": "Feature",
      "geometry": {
        "type": "Point",
        "coordinates": [
          21.704730872784115,
          46.8777496005139
        ]
      },
      "properties": {
        "id": "66deef86b4f4b1320ffc289d",
        "name": "Canalul colector Criș",
        "judet": "Bihor",
        "subtype": "rau",
        "asociatie": "AJVPS BIHOR"
      }
    },
    {
      "type": "Feature",
      "geometry": {
        "type": "Point",
        "coordinates": [
          21.6240166,
          46.8088721
        ]
      },
      "properties": {
        "id": "66def0a2b4f4b1320ffc2941",
        "name": "Culișer",
        "judet": "Bihor",
        "subtype": "rau",
        "asociatie": "AJVPS BIHOR"
      }
    },
    {
      "type": "Feature",
      "geometry": {
        "type": "Point",
        "coordinates": [
          22.10859328374,
          46.76987841539
        ]
      },
      "properties": {
        "id": "66def0f0b4f4b1320ffc2970",
        "name": "Râul Holod",
        "judet": "Bihor",
        "subtype": "rau",
        "asociatie": "AJVPS BIHOR"
      }
    },
    {
      "type": "Feature",
      "geometry": {
        "type": "Point",
        "coordinates": [
          21.683848047632207,
          46.857811023594074
        ]
      },
      "properties": {
        "id": "66e6db090e880965c682d358",
        "name": "Râul Corhana",
        "judet": "Bihor",
        "subtype": "rau",
        "asociatie": "AJVPS BIHOR"
      }
    },
    {
      "type": "Feature",
      "geometry": {
        "type": "Point",
        "coordinates": [
          22.427947,
          46.5830643
        ]
      },
      "properties": {
        "id": "66e6dc270e880965c682d390",
        "name": "Râul Crișul Negru mijlociu",
        "judet": "Bihor",
        "subtype": "rau",
        "asociatie": "AJVPS BIHOR"
      }
    },
    {
      "type": "Feature",
      "geometry": {
        "type": "Point",
        "coordinates": [
          22.5486944,
          46.9425001
        ]
      },
      "properties": {
        "id": "66e6dc920e880965c682d3c1",
        "name": "Râul Crișul Repede inferior",
        "judet": "Bihor",
        "subtype": "rau",
        "asociatie": "AJVPS BIHOR"
      }
    },
    {
      "type": "Feature",
      "geometry": {
        "type": "Point",
        "coordinates": [
          22.364640505144283,
          46.640586103702795
        ]
      },
      "properties": {
        "id": "66e6dd9e0e880965c682d4ad",
        "name": "Râul Crișul Negru inferior",
        "judet": "Bihor",
        "subtype": "rau",
        "asociatie": "AJVPS BIHOR"
      }
    },
    {
      "type": "Feature",
      "geometry": {
        "type": "Point",
        "coordinates": [
          22.3134525,
          46.570767
        ]
      },
      "properties": {
        "id": "66e6dde30e880965c682d4eb",
        "name": "Râul Tărcăița",
        "judet": "Bihor",
        "subtype": "rau",
        "asociatie": "AJVPS BIHOR"
      }
    },
    {
      "type": "Feature",
      "geometry": {
        "type": "Point",
        "coordinates": [
          22.2471748,
          46.9319458
        ]
      },
      "properties": {
        "id": "66e6de3e0e880965c682d52f",
        "name": "Topa – Holod",
        "judet": "Bihor",
        "subtype": "rau",
        "asociatie": "AJVPS BIHOR"
      }
    },
    {
      "type": "Feature",
      "geometry": {
        "type": "Point",
        "coordinates": [
          22.45967544537,
          46.6970211961
        ]
      },
      "properties": {
        "id": "66e6e1b50e880965c682d5da",
        "name": "Valea Buduresei",
        "judet": "Bihor",
        "subtype": "rau",
        "asociatie": "AJVPS BIHOR"
      }
    },
    {
      "type": "Feature",
      "geometry": {
        "type": "Point",
        "coordinates": [
          22.64266132236,
          46.92926795834
        ]
      },
      "properties": {
        "id": "66e6e2560e880965c682d635",
        "name": "Râul Crișul Repede Mijlociu",
        "judet": "Bihor",
        "subtype": "rau",
        "asociatie": "AJVPS BIHOR"
      }
    },
    {
      "type": "Feature",
      "geometry": {
        "type": "Point",
        "coordinates": [
          22.4714891,
          46.9899178
        ]
      },
      "properties": {
        "id": "66e6e3cb0e880965c682d6f0",
        "name": "Valea Dobricionești",
        "judet": "Bihor",
        "subtype": "rau",
        "asociatie": "AJVPS BIHOR"
      }
    },
    {
      "type": "Feature",
      "geometry": {
        "type": "Point",
        "coordinates": [
          22.5287613,
          46.9005541
        ]
      },
      "properties": {
        "id": "66e6e4070e880965c682d716",
        "name": "Valea Mișidului",
        "judet": "Bihor",
        "subtype": "rau",
        "asociatie": "AJVPS BIHOR"
      }
    },
    {
      "type": "Feature",
      "geometry": {
        "type": "Point",
        "coordinates": [
          22.5442127,
          46.5210899
        ]
      },
      "properties": {
        "id": "66e6e44e0e880965c682d73d",
        "name": "Valea Sighiștelului",
        "judet": "Bihor",
        "subtype": "rau",
        "asociatie": "AJVPS BIHOR"
      }
    },
    {
      "type": "Feature",
      "geometry": {
        "type": "Point",
        "coordinates": [
          22.538565,
          46.5043587
        ]
      },
      "properties": {
        "id": "66e6e4880e880965c682d777",
        "name": "Râul Crișul Băița",
        "judet": "Bihor",
        "subtype": "rau",
        "asociatie": "AJVPS BIHOR"
      }
    },
    {
      "type": "Feature",
      "geometry": {
        "type": "Point",
        "coordinates": [
          22.47139155328,
          47.05906817843
        ]
      },
      "properties": {
        "id": "66e6e4c00e880965c682d79d",
        "name": "Valea Gepiș",
        "judet": "Bihor",
        "subtype": "rau",
        "asociatie": "AJVPS BIHOR"
      }
    },
    {
      "type": "Feature",
      "geometry": {
        "type": "Point",
        "coordinates": [
          22.51408854154116,
          47.051227069037985
        ]
      },
      "properties": {
        "id": "66e6e4e40e880965c682d7bd",
        "name": "Valea Omului",
        "judet": "Bihor",
        "subtype": "rau",
        "asociatie": "AJVPS BIHOR"
      }
    },
    {
      "type": "Feature",
      "geometry": {
        "type": "Point",
        "coordinates": [
          22.005744641910194,
          44.668152283337854
        ]
      },
      "properties": {
        "id": "66f43dcdbb8077245410187f",
        "name": "Râul Berzasca",
        "judet": "Caraș-Severin",
        "subtype": "rau",
        "asociatie": "AP BANATUL"
      }
    },
    {
      "type": "Feature",
      "geometry": {
        "type": "Point",
        "coordinates": [
          22.0858995,
          44.8854147
        ]
      },
      "properties": {
        "id": "66f43e58bb807724541018b0",
        "name": "Râul Rudărie",
        "judet": "Caraș-Severin",
        "subtype": "rau",
        "asociatie": "AP BANATUL"
      }
    },
    {
      "type": "Feature",
      "geometry": {
        "type": "Point",
        "coordinates": [
          21.70969391606981,
          45.380483026403795
        ]
      },
      "properties": {
        "id": "66f43f5cbb807724541018ed",
        "name": "Râul Bârzava",
        "judet": "Caraș-Severin",
        "subtype": "rau",
        "asociatie": "AP BANATUL"
      }
    },
    {
      "type": "Feature",
      "geometry": {
        "type": "Point",
        "coordinates": [
          24.7445396,
          47.4895937
        ]
      },
      "properties": {
        "id": "66f43ff0bb80772454101926",
        "name": "Râul Anieș",
        "judet": "Bistrița-Năsăud",
        "subtype": "rau",
        "asociatie": "AJVPS BISTRIŢA NĂSĂUD"
      }
    },
    {
      "type": "Feature",
      "geometry": {
        "type": "Point",
        "coordinates": [
          24.2569486,
          47.3663782
        ]
      },
      "properties": {
        "id": "66f4402abb80772454101946",
        "name": "Râul Țibleș",
        "judet": "Bistrița-Năsăud",
        "subtype": "rau",
        "asociatie": "AJVPS BISTRIŢA NĂSĂUD"
      }
    },
    {
      "type": "Feature",
      "geometry": {
        "type": "Point",
        "coordinates": [
          24.5355224,
          47.1579121
        ]
      },
      "properties": {
        "id": "66f44065bb8077245410196b",
        "name": "Râul Bistrița",
        "judet": "Bistrița-Năsăud",
        "subtype": "rau",
        "asociatie": "AJVPS BISTRIŢA NĂSĂUD"
      }
    },
    {
      "type": "Feature",
      "geometry": {
        "type": "Point",
        "coordinates": [
          24.350410553410846,
          47.17610934834155
        ]
      },
      "properties": {
        "id": "66f44095bb80772454101990",
        "name": "Pârâul Rosua",
        "judet": "Bistrița-Năsăud",
        "subtype": "rau",
        "asociatie": "AJVPS BISTRIŢA NĂSĂUD"
      }
    },
    {
      "type": "Feature",
      "geometry": {
        "type": "Point",
        "coordinates": [
          24.7456839,
          47.0767303
        ]
      },
      "properties": {
        "id": "66f440cdbb807724541019b0",
        "name": "Jelna",
        "judet": "Bistrița-Năsăud",
        "subtype": "rau",
        "asociatie": "AJVPS BISTRIŢA NĂSĂUD"
      }
    },
    {
      "type": "Feature",
      "geometry": {
        "type": "Point",
        "coordinates": [
          24.38227172911,
          47.39703913453
        ]
      },
      "properties": {
        "id": "66f4448fbb80772454101a92",
        "name": "Râul Sălăuța Inferioară",
        "judet": "Bistrița-Năsăud",
        "subtype": "rau",
        "asociatie": "AJVPS BISTRIŢA NĂSĂUD"
      }
    },
    {
      "type": "Feature",
      "geometry": {
        "type": "Point",
        "coordinates": [
          24.41218948788883,
          47.532201822577676
        ]
      },
      "properties": {
        "id": "66f444b7bb80772454101af5",
        "name": "Izvoare – conf. pârâul Bumbului",
        "judet": "Bistrița-Năsăud",
        "subtype": "rau",
        "asociatie": "AJVPS BISTRIŢA NĂSĂUD"
      }
    },
    {
      "type": "Feature",
      "geometry": {
        "type": "Point",
        "coordinates": [
          24.46088253915,
          47.34148727667
        ]
      },
      "properties": {
        "id": "66fd8ae9a8eedacafdb06bed",
        "name": "Râul Gersa",
        "judet": "Bistrița-Năsăud",
        "subtype": "rau",
        "asociatie": "AJVPS BISTRIŢA NĂSĂUD"
      }
    },
    {
      "type": "Feature",
      "geometry": {
        "type": "Point",
        "coordinates": [
          24.6401959,
          47.470555
        ]
      },
      "properties": {
        "id": "66fd8b25a8eedacafdb06c15",
        "name": "Râul Cormaia",
        "judet": "Bistrița-Năsăud",
        "subtype": "rau",
        "asociatie": "AJVPS BISTRIŢA NĂSĂUD"
      }
    },
    {
      "type": "Feature",
      "geometry": {
        "type": "Point",
        "coordinates": [
          24.80398046573,
          47.41468385836
        ]
      },
      "properties": {
        "id": "66fd8b84a8eedacafdb06c36",
        "name": "Râul Someșul Mare inferior",
        "judet": "Bistrița-Năsăud",
        "subtype": "rau",
        "asociatie": "AJVPS BISTRIŢA NĂSĂUD"
      }
    },
    {
      "type": "Feature",
      "geometry": {
        "type": "Point",
        "coordinates": [
          24.86059276859,
          47.36677571735
        ]
      },
      "properties": {
        "id": "66fd8baba8eedacafdb06c61",
        "name": "Râul Valea Ilvei",
        "judet": "Bistrița-Năsăud",
        "subtype": "rau",
        "asociatie": "AJVPS BISTRIŢA NĂSĂUD"
      }
    },
    {
      "type": "Feature",
      "geometry": {
        "type": "Point",
        "coordinates": [
          24.808344,
          47.313448
        ]
      },
      "properties": {
        "id": "66fd8bd3a8eedacafdb06c81",
        "name": "Pârâul Valea Leșului",
        "judet": "Bistrița-Năsăud",
        "subtype": "rau",
        "asociatie": "AJVPS BISTRIŢA NĂSĂUD"
      }
    },
    {
      "type": "Feature",
      "geometry": {
        "type": "Point",
        "coordinates": [
          26.62648757164,
          47.50210222356
        ]
      },
      "properties": {
        "id": "66fe6593a8eedacafdb1316b",
        "name": "Râul Pleșu",
        "judet": "Botoșani",
        "subtype": "rau",
        "asociatie": "AJVPS BOTOȘANI "
      }
    },
    {
      "type": "Feature",
      "geometry": {
        "type": "Point",
        "coordinates": [
          26.1656794,
          47.9424578
        ]
      },
      "properties": {
        "id": "66fe65baa8eedacafdb1318b",
        "name": "Râul Molnița",
        "judet": "Botoșani",
        "subtype": "rau",
        "asociatie": "AJVPS BOTOȘANI "
      }
    },
    {
      "type": "Feature",
      "geometry": {
        "type": "Point",
        "coordinates": [
          24.4600435,
          47.0477662
        ]
      },
      "properties": {
        "id": "66fe6636a8eedacafdb131b8",
        "name": "Râul Șieu",
        "judet": "Bistrița-Năsăud",
        "subtype": "rau",
        "asociatie": "AJVPS BISTRIŢA NĂSĂUD"
      }
    },
    {
      "type": "Feature",
      "geometry": {
        "type": "Point",
        "coordinates": [
          24.61845612357,
          47.07425977796
        ]
      },
      "properties": {
        "id": "66fe6677a8eedacafdb131d8",
        "name": "Râul Budacul inferior",
        "judet": "Bistrița-Năsăud",
        "subtype": "rau",
        "asociatie": "AJVPS BISTRIŢA NĂSĂUD"
      }
    },
    {
      "type": "Feature",
      "geometry": {
        "type": "Point",
        "coordinates": [
          24.7456839,
          47.0767303
        ]
      },
      "properties": {
        "id": "66fe669da8eedacafdb131f8",
        "name": "Râul Budacul superior",
        "judet": "Bistrița-Năsăud",
        "subtype": "rau",
        "asociatie": "AJVPS BISTRIŢA NĂSĂUD"
      }
    },
    {
      "type": "Feature",
      "geometry": {
        "type": "Point",
        "coordinates": [
          24.6657274,
          47.1180526
        ]
      },
      "properties": {
        "id": "66fe66c8a8eedacafdb13228",
        "name": "Râul Bordușelu",
        "judet": "Bistrița-Năsăud",
        "subtype": "rau",
        "asociatie": "AJVPS BISTRIŢA NĂSĂUD"
      }
    },
    {
      "type": "Feature",
      "geometry": {
        "type": "Point",
        "coordinates": [
          27.08392882262,
          48.03476112115
        ]
      },
      "properties": {
        "id": "66ffe5c5949c22222bc73944",
        "name": "Prut– fără lacul Stânca",
        "judet": "Botoșani",
        "subtype": "rau",
        "asociatie": "AJVPS BOTOȘANI "
      }
    },
    {
      "type": "Feature",
      "geometry": {
        "type": "Point",
        "coordinates": [
          26.611991725789213,
          47.56154034801949
        ]
      },
      "properties": {
        "id": "66ffe605949c22222bc73964",
        "name": "Râul Vorona",
        "judet": "Botoșani",
        "subtype": "rau",
        "asociatie": "AJVPS BOTOȘANI "
      }
    },
    {
      "type": "Feature",
      "geometry": {
        "type": "Point",
        "coordinates": [
          26.25455616832,
          47.94355859747
        ]
      },
      "properties": {
        "id": "66ffe681949c22222bc73991",
        "name": "Râul Bahna",
        "judet": "Botoșani",
        "subtype": "rau",
        "asociatie": "AJVPS BOTOȘANI "
      }
    },
    {
      "type": "Feature",
      "geometry": {
        "type": "Point",
        "coordinates": [
          26.50655768508659,
          47.6815269135774
        ]
      },
      "properties": {
        "id": "66ffe6a8949c22222bc739b9",
        "name": "Gârla Huțani",
        "judet": "Botoșani",
        "subtype": "rau",
        "asociatie": "AJVPS BOTOȘANI "
      }
    },
    {
      "type": "Feature",
      "geometry": {
        "type": "Point",
        "coordinates": [
          26.3903176,
          47.7444584
        ]
      },
      "properties": {
        "id": "66ffe710949c22222bc739d9",
        "name": "Râul Siret",
        "judet": "Botoșani",
        "subtype": "rau",
        "asociatie": "AJVPS BOTOȘANI "
      }
    },
    {
      "type": "Feature",
      "geometry": {
        "type": "Point",
        "coordinates": [
          26.91192805231,
          48.05904048111
        ]
      },
      "properties": {
        "id": "670e6bd21f325809cc3e9cfa",
        "name": "Râul Volovăț",
        "judet": "Botoșani",
        "subtype": "rau",
        "asociatie": "AJVPS BOTOȘANI "
      }
    },
    {
      "type": "Feature",
      "geometry": {
        "type": "Point",
        "coordinates": [
          26.854191056564527,
          47.948594070657414
        ]
      },
      "properties": {
        "id": "670e6c231f325809cc3e9d1d",
        "name": "Râul Bașeu",
        "judet": "Botoșani",
        "subtype": "rau",
        "asociatie": "AJVPS BOTOȘANI "
      }
    },
    {
      "type": "Feature",
      "geometry": {
        "type": "Point",
        "coordinates": [
          27.4551623,
          45.268916
        ]
      },
      "properties": {
        "id": "670e6cef1f325809cc3e9dbe",
        "name": "Râul Buzău",
        "judet": "Brăila",
        "subtype": "rau",
        "asociatie": "AJVPS Brăila"
      }
    },
    {
      "type": "Feature",
      "geometry": {
        "type": "Point",
        "coordinates": [
          27.7816342,
          45.4226112
        ]
      },
      "properties": {
        "id": "670e6d341f325809cc3e9dde",
        "name": "Râul Siret",
        "judet": "Brăila",
        "subtype": "rau",
        "asociatie": "AJVPS Brăila"
      }
    },
    {
      "type": "Feature",
      "geometry": {
        "type": "Point",
        "coordinates": [
          27.53407930823,
          44.97334510803
        ]
      },
      "properties": {
        "id": "670e6d621f325809cc3e9dfe",
        "name": "Râul Călmățui",
        "judet": "Brăila",
        "subtype": "rau",
        "asociatie": "AJVPS Brăila"
      }
    },
    {
      "type": "Feature",
      "geometry": {
        "type": "Point",
        "coordinates": [
          24.45139706959,
          44.4074148781
        ]
      },
      "properties": {
        "id": "6714f2c3496548bfd84e8722",
        "name": "Râul Dârjov",
        "judet": "Olt",
        "subtype": "rau",
        "asociatie": "AJVPS OLT"
      }
    },
    {
      "type": "Feature",
      "geometry": {
        "type": "Point",
        "coordinates": [
          24.01044517887805,
          44.41547276808389
        ]
      },
      "properties": {
        "id": "6714f301496548bfd84e8745",
        "name": "Râul Geamărtălui ",
        "judet": "Olt",
        "subtype": "rau",
        "asociatie": "AJVPS OLT"
      }
    },
    {
      "type": "Feature",
      "geometry": {
        "type": "Point",
        "coordinates": [
          24.1140864,
          44.3865123
        ]
      },
      "properties": {
        "id": "6714f33b496548bfd84e8777",
        "name": "Râul Olteț",
        "judet": "Olt",
        "subtype": "rau",
        "asociatie": "AJVPS OLT"
      }
    },
    {
      "type": "Feature",
      "geometry": {
        "type": "Point",
        "coordinates": [
          24.721235172742595,
          43.80617909479083
        ]
      },
      "properties": {
        "id": "6714f3ad496548bfd84e879a",
        "name": "Râul Olt",
        "judet": "Olt",
        "subtype": "rau",
        "asociatie": "AJVPS OLT"
      }
    },
    {
      "type": "Feature",
      "geometry": {
        "type": "Point",
        "coordinates": [
          25.4737074,
          44.8417553
        ]
      },
      "properties": {
        "id": "6714f40e496548bfd84e87f0",
        "name": "Râul Dâmbovița",
        "judet": "Dâmbovița",
        "subtype": "rau",
        "asociatie": "AJVPS DÂMBOVIȚA"
      }
    },
    {
      "type": "Feature",
      "geometry": {
        "type": "Point",
        "coordinates": [
          25.648611,
          44.8489075
        ]
      },
      "properties": {
        "id": "6714f44d496548bfd84e8817",
        "name": "Râul Ialomița",
        "judet": "Dâmbovița",
        "subtype": "rau",
        "asociatie": "AJVPS DÂMBOVIȚA"
      }
    },
    {
      "type": "Feature",
      "geometry": {
        "type": "Point",
        "coordinates": [
          25.3973416,
          44.6456298
        ]
      },
      "properties": {
        "id": "6717dc295f53c6fb54a19f43",
        "name": "Râul Argeș",
        "judet": "Dâmbovița",
        "subtype": "rau",
        "asociatie": "AJVPS DÂMBOVIȚA"
      }
    },
    {
      "type": "Feature",
      "geometry": {
        "type": "Point",
        "coordinates": [
          25.75905188626,
          44.6669427241
        ]
      },
      "properties": {
        "id": "6717dc935f53c6fb54a19f6e",
        "name": "Râul Colentina",
        "judet": "Dâmbovița",
        "subtype": "rau",
        "asociatie": "AJVPS DÂMBOVIȚA"
      }
    },
    {
      "type": "Feature",
      "geometry": {
        "type": "Point",
        "coordinates": [
          25.6147994,
          44.7267833
        ]
      },
      "properties": {
        "id": "6717de465f53c6fb54a1a014",
        "name": "Râul Ilfov",
        "judet": "Dâmbovița",
        "subtype": "rau",
        "asociatie": "AJVPS DÂMBOVIȚA"
      }
    },
    {
      "type": "Feature",
      "geometry": {
        "type": "Point",
        "coordinates": [
          25.36608984511,
          44.60386410309
        ]
      },
      "properties": {
        "id": "6717dfd85f53c6fb54a1a03b",
        "name": "Râul Neajlov",
        "judet": "Dâmbovița",
        "subtype": "rau",
        "asociatie": "AJVPS DÂMBOVIȚA"
      }
    },
    {
      "type": "Feature",
      "geometry": {
        "type": "Point",
        "coordinates": [
          25.22644903218,
          44.89217521686
        ]
      },
      "properties": {
        "id": "6717e0585f53c6fb54a1a076",
        "name": "Râul Potop",
        "judet": "Dâmbovița",
        "subtype": "rau",
        "asociatie": "AJVPS DÂMBOVIȚA"
      }
    },
    {
      "type": "Feature",
      "geometry": {
        "type": "Point",
        "coordinates": [
          25.64373218859,
          44.98290574048
        ]
      },
      "properties": {
        "id": "6717e08e5f53c6fb54a1a0b4",
        "name": "Râul Cricov",
        "judet": "Dâmbovița",
        "subtype": "rau",
        "asociatie": "AJVPS DÂMBOVIȚA"
      }
    },
    {
      "type": "Feature",
      "geometry": {
        "type": "Point",
        "coordinates": [
          25.45919536471,
          44.67580954566
        ]
      },
      "properties": {
        "id": "6717e0d55f53c6fb54a1a0dd",
        "name": "Râul Sabar",
        "judet": "Dâmbovița",
        "subtype": "rau",
        "asociatie": "AJVPS DÂMBOVIȚA"
      }
    },
    {
      "type": "Feature",
      "geometry": {
        "type": "Point",
        "coordinates": [
          24.01315825044,
          45.10031872766
        ]
      },
      "properties": {
        "id": "671a6c6e5f53c6fb54a335a5",
        "name": "Râul Luncavăț",
        "judet": "Vâlcea",
        "subtype": "rau",
        "asociatie": "AJVPS VÂLCEA"
      }
    },
    {
      "type": "Feature",
      "geometry": {
        "type": "Point",
        "coordinates": [
          24.3858919,
          44.9637839
        ]
      },
      "properties": {
        "id": "671a6cb45f53c6fb54a335c5",
        "name": "Râul Topolog ",
        "judet": "Vâlcea",
        "subtype": "rau",
        "asociatie": "AJVPS VÂLCEA"
      }
    },
    {
      "type": "Feature",
      "geometry": {
        "type": "Point",
        "coordinates": [
          24.297474985947755,
          45.429010474290976
        ]
      },
      "properties": {
        "id": "671a6cf45f53c6fb54a335e5",
        "name": "Râul Olt",
        "judet": "Vâlcea",
        "subtype": "rau",
        "asociatie": "AJVPS VÂLCEA"
      }
    },
    {
      "type": "Feature",
      "geometry": {
        "type": "Point",
        "coordinates": [
          23.8563347,
          44.7825176
        ]
      },
      "properties": {
        "id": "671a7a1f5f53c6fb54a33870",
        "name": "Râul Olteț",
        "judet": "Vâlcea",
        "subtype": "rau",
        "asociatie": "AJVPS VÂLCEA"
      }
    },
    {
      "type": "Feature",
      "geometry": {
        "type": "Point",
        "coordinates": [
          24.0418843,
          44.8615757
        ]
      },
      "properties": {
        "id": "671a7a825f53c6fb54a33890",
        "name": "Râul Cerna",
        "judet": "Vâlcea",
        "subtype": "rau",
        "asociatie": "AJVPS VÂLCEA"
      }
    },
    {
      "type": "Feature",
      "geometry": {
        "type": "Point",
        "coordinates": [
          23.8478983,
          45.0528831
        ]
      },
      "properties": {
        "id": "671a7ac45f53c6fb54a338b8",
        "name": "Râul Tărâia",
        "judet": "Vâlcea",
        "subtype": "rau",
        "asociatie": "AJVPS VÂLCEA"
      }
    },
    {
      "type": "Feature",
      "geometry": {
        "type": "Point",
        "coordinates": [
          24.235178861527068,
          45.20602647132071
        ]
      },
      "properties": {
        "id": "671a7b265f53c6fb54a338d8",
        "name": "Râul Olănești ",
        "judet": "Vâlcea",
        "subtype": "rau",
        "asociatie": "AJVPS VÂLCEA"
      }
    },
    {
      "type": "Feature",
      "geometry": {
        "type": "Point",
        "coordinates": [
          24.151959748917086,
          45.224588016135534
        ]
      },
      "properties": {
        "id": "671a7b545f53c6fb54a338ff",
        "name": "Râul Cheia",
        "judet": "Vâlcea",
        "subtype": "rau",
        "asociatie": "AJVPS VÂLCEA"
      }
    },
    {
      "type": "Feature",
      "geometry": {
        "type": "Point",
        "coordinates": [
          24.3375982,
          45.4840088
        ]
      },
      "properties": {
        "id": "671a7b7b5f53c6fb54a3393d",
        "name": "Râul Boia",
        "judet": "Vâlcea",
        "subtype": "rau",
        "asociatie": "AJVPS VÂLCEA"
      }
    },
    {
      "type": "Feature",
      "geometry": {
        "type": "Point",
        "coordinates": [
          24.3996068,
          45.5482876
        ]
      },
      "properties": {
        "id": "671a7b9f5f53c6fb54a33960",
        "name": "Râul Boia Mică",
        "judet": "Vâlcea",
        "subtype": "rau",
        "asociatie": "AJVPS VÂLCEA"
      }
    },
    {
      "type": "Feature",
      "geometry": {
        "type": "Point",
        "coordinates": [
          24.4255825,
          45.5071921
        ]
      },
      "properties": {
        "id": "671a7bd35f53c6fb54a339a1",
        "name": "Pâraiele Boia Mare",
        "judet": "Vâlcea",
        "subtype": "rau",
        "asociatie": "AJVPS VÂLCEA"
      }
    },
    {
      "type": "Feature",
      "geometry": {
        "type": "Point",
        "coordinates": [
          24.250382738110808,
          45.45584544189662
        ]
      },
      "properties": {
        "id": "671a7c0e5f53c6fb54a339c4",
        "name": "Valea Robești",
        "judet": "Vâlcea",
        "subtype": "rau",
        "asociatie": "AJVPS VÂLCEA"
      }
    },
    {
      "type": "Feature",
      "geometry": {
        "type": "Point",
        "coordinates": [
          24.308172239353233,
          45.023739553844365
        ]
      },
      "properties": {
        "id": "671a7d075f53c6fb54a33a1a",
        "name": "Acumularea Govora ",
        "judet": "Vâlcea",
        "subtype": "lac",
        "asociatie": "AJVPS VÂLCEA"
      }
    },
    {
      "type": "Feature",
      "geometry": {
        "type": "Point",
        "coordinates": [
          24.263478052768896,
          44.946868523132636
        ]
      },
      "properties": {
        "id": "671a7d4a5f53c6fb54a33a3a",
        "name": "Acumularea Băbeni ",
        "judet": "Vâlcea",
        "subtype": "lac",
        "asociatie": "AJVPS VÂLCEA"
      }
    },
    {
      "type": "Feature",
      "geometry": {
        "type": "Point",
        "coordinates": [
          24.249021442335653,
          44.88420452893479
        ]
      },
      "properties": {
        "id": "671a7d935f53c6fb54a33a61",
        "name": "Acumularea Ionești ",
        "judet": "Vâlcea",
        "subtype": "lac",
        "asociatie": "AJVPS VÂLCEA"
      }
    },
    {
      "type": "Feature",
      "geometry": {
        "type": "Point",
        "coordinates": [
          24.28172318678542,
          44.72566186498826
        ]
      },
      "properties": {
        "id": "671a7df85f53c6fb54a33a8c",
        "name": "Acumularea Drăgășani",
        "judet": "Vâlcea",
        "subtype": "lac",
        "asociatie": "AJVPS VÂLCEA"
      }
    },
    {
      "type": "Feature",
      "geometry": {
        "type": "Point",
        "coordinates": [
          24.375748871199974,
          45.09328690644475
        ]
      },
      "properties": {
        "id": "671a7e5a5f53c6fb54a33aac",
        "name": "Acumularea Râureni ",
        "judet": "Vâlcea",
        "subtype": "lac",
        "asociatie": "AJVPS VÂLCEA"
      }
    },
    {
      "type": "Feature",
      "geometry": {
        "type": "Point",
        "coordinates": [
          24.38706550194715,
          45.1331191499372
        ]
      },
      "properties": {
        "id": "671a7f5d5f53c6fb54a33b4f",
        "name": "Acumularea Râmnicu Vâlcea",
        "judet": "Vâlcea",
        "subtype": "lac",
        "asociatie": "AJVPS VÂLCEA"
      }
    },
    {
      "type": "Feature",
      "geometry": {
        "type": "Point",
        "coordinates": [
          24.30181920296551,
          45.4879526004982
        ]
      },
      "properties": {
        "id": "671a80585f53c6fb54a33b70",
        "name": "Acumularea Câineni",
        "judet": "Vâlcea",
        "subtype": "lac",
        "asociatie": "AJVPS VÂLCEA"
      }
    },
    {
      "type": "Feature",
      "geometry": {
        "type": "Point",
        "coordinates": [
          24.295907806301706,
          45.459925119503936
        ]
      },
      "properties": {
        "id": "671a80b25f53c6fb54a33b90",
        "name": "Acumularea Robești ",
        "judet": "Vâlcea",
        "subtype": "lac",
        "asociatie": "AJVPS VÂLCEA"
      }
    },
    {
      "type": "Feature",
      "geometry": {
        "type": "Point",
        "coordinates": [
          24.2693605,
          45.4538701
        ]
      },
      "properties": {
        "id": "671a80e65f53c6fb54a33bd7",
        "name": "Valea Robești",
        "judet": "Vâlcea",
        "subtype": "rau",
        "asociatie": "AJVPS VÂLCEA"
      }
    },
    {
      "type": "Feature",
      "geometry": {
        "type": "Point",
        "coordinates": [
          24.301669893449414,
          45.40428950531638
        ]
      },
      "properties": {
        "id": "671a81415f53c6fb54a33bf7",
        "name": "Acumularea Cornetu ",
        "judet": "Vâlcea",
        "subtype": "lac",
        "asociatie": "AJVPS VÂLCEA"
      }
    },
    {
      "type": "Feature",
      "geometry": {
        "type": "Point",
        "coordinates": [
          24.27619840272781,
          45.35057152641049
        ]
      },
      "properties": {
        "id": "671a81de5f53c6fb54a33c20",
        "name": "Acumularea Gura Lotrului cu balta adiacenta Proieni ",
        "judet": "Vâlcea",
        "subtype": "lac",
        "asociatie": "AJVPS VÂLCEA"
      }
    },
    {
      "type": "Feature",
      "geometry": {
        "type": "Point",
        "coordinates": [
          24.30328481675034,
          45.28498767675537
        ]
      },
      "properties": {
        "id": "671a825b5f53c6fb54a33c52",
        "name": "Acumularea Turnu",
        "judet": "Vâlcea",
        "subtype": "lac",
        "asociatie": "AJVPS VÂLCEA"
      }
    },
    {
      "type": "Feature",
      "geometry": {
        "type": "Point",
        "coordinates": [
          24.343125252819807,
          45.24557442287623
        ]
      },
      "properties": {
        "id": "671a82af5f53c6fb54a33c72",
        "name": "Acumularea Călimănești cu bălțile adiacente",
        "judet": "Vâlcea",
        "subtype": "lac",
        "asociatie": "AJVPS VÂLCEA"
      }
    },
    {
      "type": "Feature",
      "geometry": {
        "type": "Point",
        "coordinates": [
          24.37474907283855,
          45.192149780041305
        ]
      },
      "properties": {
        "id": "671a83485f53c6fb54a33ca5",
        "name": "Acumularea Dăești cu bălțile adiacente",
        "judet": "Vâlcea",
        "subtype": "lac",
        "asociatie": "AJVPS VÂLCEA"
      }
    },
    {
      "type": "Feature",
      "geometry": {
        "type": "Point",
        "coordinates": [
          24.20321184445,
          45.47543243741
        ]
      },
      "properties": {
        "id": "671a85845f53c6fb54a33cd8",
        "name": "Pârâul Murgoci",
        "judet": "Vâlcea",
        "subtype": "rau",
        "asociatie": "AJVPS VÂLCEA"
      }
    },
    {
      "type": "Feature",
      "geometry": {
        "type": "Point",
        "coordinates": [
          24.2091250205,
          45.48924590217
        ]
      },
      "properties": {
        "id": "671a85a85f53c6fb54a33cf8",
        "name": "Pârâul Uria",
        "judet": "Vâlcea",
        "subtype": "rau",
        "asociatie": "AJVPS VÂLCEA"
      }
    },
    {
      "type": "Feature",
      "geometry": {
        "type": "Point",
        "coordinates": [
          24.21803894573,
          45.41877023559
        ]
      },
      "properties": {
        "id": "671a87065f53c6fb54a33d31",
        "name": "Valea Călinești cu pâraiele Călinești, Sulița, Soci",
        "judet": "Vâlcea",
        "subtype": "rau",
        "asociatie": "AJVPS VÂLCEA"
      }
    },
    {
      "type": "Feature",
      "geometry": {
        "type": "Point",
        "coordinates": [
          24.32187428038568,
          45.35371435085534
        ]
      },
      "properties": {
        "id": "671a88415f53c6fb54a33d9a",
        "name": "Pârâul Lotrișor",
        "judet": "Vâlcea",
        "subtype": "rau",
        "asociatie": "AJVPS VÂLCEA"
      }
    },
    {
      "type": "Feature",
      "geometry": {
        "type": "Point",
        "coordinates": [
          24.19020031729,
          45.34982916975
        ]
      },
      "properties": {
        "id": "671a88d95f53c6fb54a33dc2",
        "name": "Râul Lotrul Inferior",
        "judet": "Vâlcea",
        "subtype": "rau",
        "asociatie": "AJVPS VÂLCEA"
      }
    },
    {
      "type": "Feature",
      "geometry": {
        "type": "Point",
        "coordinates": [
          24.29971917309769,
          45.116800093107585
        ]
      },
      "properties": {
        "id": "671bf79d4e81da6986b0fb56",
        "name": "Lacul Vlădești ",
        "judet": "Vâlcea",
        "subtype": "lac",
        "asociatie": "AJVPS VÂLCEA"
      }
    },
    {
      "type": "Feature",
      "geometry": {
        "type": "Point",
        "coordinates": [
          24.01702255864232,
          45.35866779031974
        ]
      },
      "properties": {
        "id": "671bf7b74e81da6986b0fb82",
        "name": "Lacul Malaia",
        "judet": "Vâlcea",
        "subtype": "lac",
        "asociatie": "AJVPS VÂLCEA"
      }
    },
    {
      "type": "Feature",
      "geometry": {
        "type": "Point",
        "coordinates": [
          23.966295674704877,
          45.20589211980723
        ]
      },
      "properties": {
        "id": "671bf7e84e81da6986b0fba2",
        "name": "Râul Râmești",
        "judet": "Vâlcea",
        "subtype": "rau",
        "asociatie": "AJVPS VÂLCEA"
      }
    },
    {
      "type": "Feature",
      "geometry": {
        "type": "Point",
        "coordinates": [
          23.9706188,
          45.1600272
        ]
      },
      "properties": {
        "id": "671bf80d4e81da6986b0fbc5",
        "name": "Râul Urșani ",
        "judet": "Vâlcea",
        "subtype": "rau",
        "asociatie": "AJVPS VÂLCEA"
      }
    },
    {
      "type": "Feature",
      "geometry": {
        "type": "Point",
        "coordinates": [
          23.9965463,
          45.2098932
        ]
      },
      "properties": {
        "id": "671bf8314e81da6986b0fbe5",
        "name": "Râul Bistricioara",
        "judet": "Vâlcea",
        "subtype": "rau",
        "asociatie": "AJVPS VÂLCEA"
      }
    },
    {
      "type": "Feature",
      "geometry": {
        "type": "Point",
        "coordinates": [
          23.9982772,
          45.3970121
        ]
      },
      "properties": {
        "id": "671bf84a4e81da6986b0fc05",
        "name": "Râul Lotru mijlociu",
        "judet": "Vâlcea",
        "subtype": "rau",
        "asociatie": "AJVPS VÂLCEA"
      }
    },
    {
      "type": "Feature",
      "geometry": {
        "type": "Point",
        "coordinates": [
          23.97979741471,
          45.34111148745
        ]
      },
      "properties": {
        "id": "671bf8704e81da6986b0fc25",
        "name": "Râul Malaia ",
        "judet": "Vâlcea",
        "subtype": "rau",
        "asociatie": "AJVPS VÂLCEA"
      }
    },
    {
      "type": "Feature",
      "geometry": {
        "type": "Point",
        "coordinates": [
          24.017334921165435,
          45.346578084750455
        ]
      },
      "properties": {
        "id": "671bf88a4e81da6986b0fc45",
        "name": "Râul Bucureasa",
        "judet": "Vâlcea",
        "subtype": "rau",
        "asociatie": "AJVPS VÂLCEA"
      }
    },
    {
      "type": "Feature",
      "geometry": {
        "type": "Point",
        "coordinates": [
          23.9196747,
          45.3536004
        ]
      },
      "properties": {
        "id": "671bf8ba4e81da6986b0fc65",
        "name": "Râul Repedea",
        "judet": "Vâlcea",
        "subtype": "rau",
        "asociatie": "AJVPS VÂLCEA"
      }
    },
    {
      "type": "Feature",
      "geometry": {
        "type": "Point",
        "coordinates": [
          24.268179935084955,
          44.816116787195035
        ]
      },
      "properties": {
        "id": "671bf8eb4e81da6986b0fc85",
        "name": "Acumularea Zăvideni",
        "judet": "Vâlcea",
        "subtype": "lac",
        "asociatie": "AJVPS VÂLCEA"
      }
    },
    {
      "type": "Feature",
      "geometry": {
        "type": "Point",
        "coordinates": [
          23.87781209301,
          45.41170265441
        ]
      },
      "properties": {
        "id": "671bf9204e81da6986b0fca8",
        "name": "Râul Rudăreasa",
        "judet": "Vâlcea",
        "subtype": "rau",
        "asociatie": "AJVPS VÂLCEA"
      }
    },
    {
      "type": "Feature",
      "geometry": {
        "type": "Point",
        "coordinates": [
          24.043974640187372,
          45.33144272272917
        ]
      },
      "properties": {
        "id": "671bf9384e81da6986b0fcc8",
        "name": "Râul Grotului ",
        "judet": "Vâlcea",
        "subtype": "rau",
        "asociatie": "AJVPS VÂLCEA"
      }
    },
    {
      "type": "Feature",
      "geometry": {
        "type": "Point",
        "coordinates": [
          24.075617635828696,
          45.3331486362614
        ]
      },
      "properties": {
        "id": "671bf95c4e81da6986b0fceb",
        "name": "Râul Plescioara",
        "judet": "Vâlcea",
        "subtype": "rau",
        "asociatie": "AJVPS VÂLCEA"
      }
    },
    {
      "type": "Feature",
      "geometry": {
        "type": "Point",
        "coordinates": [
          24.129643254212645,
          45.34048766180473
        ]
      },
      "properties": {
        "id": "671bf9864e81da6986b0fd0c",
        "name": "Râul Sașa",
        "judet": "Vâlcea",
        "subtype": "rau",
        "asociatie": "AJVPS VÂLCEA"
      }
    },
    {
      "type": "Feature",
      "geometry": {
        "type": "Point",
        "coordinates": [
          23.70120829583101,
          45.36708220223297
        ]
      },
      "properties": {
        "id": "671bf99c4e81da6986b0fd2c",
        "name": "Lacul Muntinu",
        "judet": "Vâlcea",
        "subtype": "lac",
        "asociatie": "AJVPS VÂLCEA"
      }
    },
    {
      "type": "Feature",
      "geometry": {
        "type": "Point",
        "coordinates": [
          23.134838684215755,
          45.171997507183825
        ]
      },
      "properties": {
        "id": "671cc1434e81da6986b1c025",
        "name": "Râul Sohodol I ",
        "judet": "Gorj",
        "subtype": "rau",
        "asociatie": "A.CERBUL CARPATIN"
      }
    },
    {
      "type": "Feature",
      "geometry": {
        "type": "Point",
        "coordinates": [
          23.264932,
          44.861934
        ]
      },
      "properties": {
        "id": "671cc1954e81da6986b1c079",
        "name": "Râul Jiu ",
        "judet": "Gorj",
        "subtype": "rau",
        "asociatie": "A.CERBUL CARPATIN"
      }
    },
    {
      "type": "Feature",
      "geometry": {
        "type": "Point",
        "coordinates": [
          22.910179,
          44.856177
        ]
      },
      "properties": {
        "id": "671cc2064e81da6986b1c0bb",
        "name": "Râul Motru ",
        "judet": "Gorj",
        "subtype": "rau",
        "asociatie": "AJVPS GORJ"
      }
    },
    {
      "type": "Feature",
      "geometry": {
        "type": "Point",
        "coordinates": [
          23.0092557,
          44.9608261
        ]
      },
      "properties": {
        "id": "671cc24f4e81da6986b1c0db",
        "name": "Râul Tismana",
        "judet": "Gorj",
        "subtype": "rau",
        "asociatie": "AJVPS GORJ"
      }
    },
    {
      "type": "Feature",
      "geometry": {
        "type": "Point",
        "coordinates": [
          23.0832413,
          45.0187891
        ]
      },
      "properties": {
        "id": "671cc29d4e81da6986b1c17b",
        "name": "Râul Bistrița",
        "judet": "Gorj",
        "subtype": "rau",
        "asociatie": "AJVPS GORJ"
      }
    },
    {
      "type": "Feature",
      "geometry": {
        "type": "Point",
        "coordinates": [
          23.147407273673622,
          45.062232155898805
        ]
      },
      "properties": {
        "id": "671cc2e64e81da6986b1c1a4",
        "name": "Râul Sohodol II ",
        "judet": "Gorj",
        "subtype": "rau",
        "asociatie": "AJVPS GORJ"
      }
    },
    {
      "type": "Feature",
      "geometry": {
        "type": "Point",
        "coordinates": [
          23.2333103,
          45.0688442
        ]
      },
      "properties": {
        "id": "671cc3084e81da6986b1c1c4",
        "name": "Râul Șușița",
        "judet": "Gorj",
        "subtype": "rau",
        "asociatie": "AJVPS GORJ"
      }
    },
    {
      "type": "Feature",
      "geometry": {
        "type": "Point",
        "coordinates": [
          22.932243959338773,
          44.99976161086887
        ]
      },
      "properties": {
        "id": "671cc3364e81da6986b1c1ff",
        "name": "Râul Orlea ",
        "judet": "Gorj",
        "subtype": "rau",
        "asociatie": "AJVPS GORJ"
      }
    },
    {
      "type": "Feature",
      "geometry": {
        "type": "Point",
        "coordinates": [
          23.5412589,
          45.0661634
        ]
      },
      "properties": {
        "id": "671cc35c4e81da6986b1c229",
        "name": "Râul Blahnița ",
        "judet": "Gorj",
        "subtype": "rau",
        "asociatie": "AJVPS GORJ"
      }
    },
    {
      "type": "Feature",
      "geometry": {
        "type": "Point",
        "coordinates": [
          23.6597839,
          44.8128128
        ]
      },
      "properties": {
        "id": "671cc38b4e81da6986b1c249",
        "name": "Râul Amaradia",
        "judet": "Gorj",
        "subtype": "rau",
        "asociatie": "AJVPS GORJ"
      }
    },
    {
      "type": "Feature",
      "geometry": {
        "type": "Point",
        "coordinates": [
          23.31737636447,
          44.70194904104
        ]
      },
      "properties": {
        "id": "671cc4854e81da6986b1c2a6",
        "name": "Râul Jilț ",
        "judet": "Gorj",
        "subtype": "rau",
        "asociatie": "AJVPS GORJ"
      }
    },
    {
      "type": "Feature",
      "geometry": {
        "type": "Point",
        "coordinates": [
          23.5267001,
          44.8709598
        ]
      },
      "properties": {
        "id": "671cc4a44e81da6986b1c2cd",
        "name": "Râul Gilort ",
        "judet": "Gorj",
        "subtype": "rau",
        "asociatie": "AJVPS GORJ"
      }
    },
    {
      "type": "Feature",
      "geometry": {
        "type": "Point",
        "coordinates": [
          26.0634106,
          44.4992489
        ]
      },
      "properties": {
        "id": "671ccaa14e81da6986b1c39b",
        "name": "Râul Colentina",
        "judet": "Ilfov",
        "subtype": "rau",
        "asociatie": "AVPS ACVILA"
      }
    },
    {
      "type": "Feature",
      "geometry": {
        "type": "Point",
        "coordinates": [
          26.088544255037938,
          44.43339483719398
        ]
      },
      "properties": {
        "id": "671ccacd4e81da6986b1c3bb",
        "name": "Râul Dâmbovița",
        "judet": "Ilfov",
        "subtype": "rau",
        "asociatie": "AVPS ACVILA"
      }
    },
    {
      "type": "Feature",
      "geometry": {
        "type": "Point",
        "coordinates": [
          25.94463731247,
          45.41144943443
        ]
      },
      "properties": {
        "id": "671e966d0732c482a8043ca0",
        "name": "Râul Teleajen superior",
        "judet": "Prahova",
        "subtype": "rau",
        "asociatie": "AJVPS PRAHOVA"
      }
    },
    {
      "type": "Feature",
      "geometry": {
        "type": "Point",
        "coordinates": [
          26.0517825,
          45.2014331
        ]
      },
      "properties": {
        "id": "671e96950732c482a8043cc3",
        "name": "Râul Teleajen inferior",
        "judet": "Prahova",
        "subtype": "rau",
        "asociatie": "AJVPS PRAHOVA"
      }
    },
    {
      "type": "Feature",
      "geometry": {
        "type": "Point",
        "coordinates": [
          26.1520808,
          44.8814936
        ]
      },
      "properties": {
        "id": "671e96bd0732c482a8043cf3",
        "name": "Râul Teleajen inferior - Bucov",
        "judet": "Prahova",
        "subtype": "rau",
        "asociatie": "AJVPS PRAHOVA"
      }
    },
    {
      "type": "Feature",
      "geometry": {
        "type": "Point",
        "coordinates": [
          26.37796970266676,
          45.16023290480432
        ]
      },
      "properties": {
        "id": "671e97130732c482a8043d13",
        "name": "Râul Cricovul Sărat",
        "judet": "Prahova",
        "subtype": "rau",
        "asociatie": "AJVPS PRAHOVA"
      }
    },
    {
      "type": "Feature",
      "geometry": {
        "type": "Point",
        "coordinates": [
          26.19100176369,
          45.18540337208
        ]
      },
      "properties": {
        "id": "671e98350732c482a8043d57",
        "name": "Râul Lopatna",
        "judet": "Prahova",
        "subtype": "rau",
        "asociatie": "AJVPS PRAHOVA"
      }
    },
    {
      "type": "Feature",
      "geometry": {
        "type": "Point",
        "coordinates": [
          26.0833508,
          44.8021243
        ]
      },
      "properties": {
        "id": "671e98750732c482a8043da2",
        "name": "Râul Prahova inferioară",
        "judet": "Prahova",
        "subtype": "rau",
        "asociatie": "AJVPS PRAHOVA"
      }
    },
    {
      "type": "Feature",
      "geometry": {
        "type": "Point",
        "coordinates": [
          26.00522102432,
          45.01125570915
        ]
      },
      "properties": {
        "id": "671e98c00732c482a8043dc9",
        "name": "Râul Teleajenul inferior",
        "judet": "Prahova",
        "subtype": "rau",
        "asociatie": "AJVPS PRAHOVA"
      }
    },
    {
      "type": "Feature",
      "geometry": {
        "type": "Point",
        "coordinates": [
          25.8920703,
          44.8014518
        ]
      },
      "properties": {
        "id": "671e98e10732c482a8043dec",
        "name": "Râul Cricovul Dulce",
        "judet": "Prahova",
        "subtype": "rau",
        "asociatie": "AJVPS PRAHOVA"
      }
    },
    {
      "type": "Feature",
      "geometry": {
        "type": "Point",
        "coordinates": [
          25.91327672713,
          45.18735171894
        ]
      },
      "properties": {
        "id": "671e99640732c482a8043e49",
        "name": "Râul Vărbilău ",
        "judet": "Prahova",
        "subtype": "rau",
        "asociatie": "AJVPS PRAHOVA"
      }
    },
    {
      "type": "Feature",
      "geometry": {
        "type": "Point",
        "coordinates": [
          25.561339,
          45.4512886
        ]
      },
      "properties": {
        "id": "671e9a900732c482a8043ef4",
        "name": "Râul Prahova superioară",
        "judet": "Prahova",
        "subtype": "rau",
        "asociatie": "AVPS Câmpina"
      }
    },
    {
      "type": "Feature",
      "geometry": {
        "type": "Point",
        "coordinates": [
          25.67031283967919,
          45.19456074846481
        ]
      },
      "properties": {
        "id": "671e9ae40732c482a8043f6a",
        "name": "Râul Prahova mijlocie ",
        "judet": "Prahova",
        "subtype": "rau",
        "asociatie": "AVPS Câmpina"
      }
    },
    {
      "type": "Feature",
      "geometry": {
        "type": "Point",
        "coordinates": [
          25.3653341,
          45.978754
        ]
      },
      "properties": {
        "id": "67339679ec60f6c3757763d4",
        "name": "Râul Olt și afluenții săi",
        "judet": "Brașov",
        "subtype": "rau",
        "asociatie": "AVPS RUPEA"
      }
    },
    {
      "type": "Feature",
      "geometry": {
        "type": "Point",
        "coordinates": [
          25.5633503,
          45.9140692
        ]
      },
      "properties": {
        "id": "67339703ec60f6c375776441",
        "name": "Râul Olt",
        "judet": "Brașov",
        "subtype": "rau",
        "asociatie": "AJPS Brașov"
      }
    },
    {
      "type": "Feature",
      "geometry": {
        "type": "Point",
        "coordinates": [
          25.455827566527592,
          45.76337058981548
        ]
      },
      "properties": {
        "id": "6733971fec60f6c375776461",
        "name": "Valea Homorod",
        "judet": "Brașov",
        "subtype": "rau",
        "asociatie": "AJPS Brașov"
      }
    },
    {
      "type": "Feature",
      "geometry": {
        "type": "Point",
        "coordinates": [
          25.471725259520497,
          45.904240185071885
        ]
      },
      "properties": {
        "id": "6733973dec60f6c375776481",
        "name": "Râul Măieruș",
        "judet": "Brașov",
        "subtype": "rau",
        "asociatie": "AJPS Brașov"
      }
    },
    {
      "type": "Feature",
      "geometry": {
        "type": "Point",
        "coordinates": [
          25.395073426054605,
          45.969149061139625
        ]
      },
      "properties": {
        "id": "6733975cec60f6c3757764a1",
        "name": "Dopca",
        "judet": "Brașov",
        "subtype": "rau",
        "asociatie": "AJPS Brașov"
      }
    },
    {
      "type": "Feature",
      "geometry": {
        "type": "Point",
        "coordinates": [
          25.1944386,
          45.703562
        ]
      },
      "properties": {
        "id": "67339780ec60f6c3757764c1",
        "name": "Râul Strâmba",
        "judet": "Brașov",
        "subtype": "rau",
        "asociatie": "AJPS Brașov"
      }
    },
    {
      "type": "Feature",
      "geometry": {
        "type": "Point",
        "coordinates": [
          25.49140333056,
          45.78076830457
        ]
      },
      "properties": {
        "id": "673397a1ec60f6c3757764e1",
        "name": "Râul Geamăna",
        "judet": "Brașov",
        "subtype": "rau",
        "asociatie": "AJPS Brașov"
      }
    },
    {
      "type": "Feature",
      "geometry": {
        "type": "Point",
        "coordinates": [
          23.80883472169,
          45.79793482765
        ]
      },
      "properties": {
        "id": "67a0c480c8aa1a2cd4c8ec66",
        "name": "Râul Săliște",
        "judet": "Sibiu",
        "subtype": "rau",
        "asociatie": "FLY FISHING CLUB SIBIU"
      }
    },
    {
      "type": "Feature",
      "geometry": {
        "type": "Point",
        "coordinates": [
          23.855940389010218,
          45.69181463764766
        ]
      },
      "properties": {
        "id": "67a0c4c7c8aa1a2cd4c8ec95",
        "name": "Râul Cibinul Mic ",
        "judet": "Sibiu",
        "subtype": "rau",
        "asociatie": "FLY FISHING CLUB SIBIU"
      }
    },
    {
      "type": "Feature",
      "geometry": {
        "type": "Point",
        "coordinates": [
          23.85945930378,
          45.67005016846
        ]
      },
      "properties": {
        "id": "67a0c50ec8aa1a2cd4c8ecd9",
        "name": "Râul Cibinul Mare ",
        "judet": "Sibiu",
        "subtype": "rau",
        "asociatie": "FLY FISHING CLUB SIBIU"
      }
    },
    {
      "type": "Feature",
      "geometry": {
        "type": "Point",
        "coordinates": [
          24.45356869943,
          45.65118245069
        ]
      },
      "properties": {
        "id": "67a0c70dc8aa1a2cd4c8ed71",
        "name": "Râul Avrigul Mare ",
        "judet": "Sibiu",
        "subtype": "rau",
        "asociatie": "FLY FISHING CLUB SIBIU"
      }
    },
    {
      "type": "Feature",
      "geometry": {
        "type": "Point",
        "coordinates": [
          23.97851313670854,
          45.74964908740376
        ]
      },
      "properties": {
        "id": "67a0c75cc8aa1a2cd4c8edaf",
        "name": "Râul Cibinul Inferior",
        "judet": "Sibiu",
        "subtype": "rau",
        "asociatie": "FLY FISHING CLUB SIBIU"
      }
    },
    {
      "type": "Feature",
      "geometry": {
        "type": "Point",
        "coordinates": [
          24.5870161,
          45.8155317
        ]
      },
      "properties": {
        "id": "67a0c7acc8aa1a2cd4c8edd4",
        "name": "Pârâul Nou Roman",
        "judet": "Sibiu",
        "subtype": "rau",
        "asociatie": "FLY FISHING CLUB SIBIU"
      }
    },
    {
      "type": "Feature",
      "geometry": {
        "type": "Point",
        "coordinates": [
          24.13927858434728,
          45.570779036201614
        ]
      },
      "properties": {
        "id": "67a0c7d7c8aa1a2cd4c8edf7",
        "name": "Râul Lotrioara",
        "judet": "Sibiu",
        "subtype": "rau",
        "asociatie": "FLY FISHING CLUB SIBIU"
      }
    },
    {
      "type": "Feature",
      "geometry": {
        "type": "Point",
        "coordinates": [
          24.347652727234415,
          45.62638797955187
        ]
      },
      "properties": {
        "id": "67a215c2c8aa1a2cd4c9c105",
        "name": "Râul Sebeșul de Jos",
        "judet": "Sibiu",
        "subtype": "rau",
        "asociatie": "FLY FISHING CLUB SIBIU"
      }
    },
    {
      "type": "Feature",
      "geometry": {
        "type": "Point",
        "coordinates": [
          24.36724078108,
          45.63232825001
        ]
      },
      "properties": {
        "id": "67a215edc8aa1a2cd4c9c128",
        "name": "Râul Sebeșul de Sus",
        "judet": "Sibiu",
        "subtype": "rau",
        "asociatie": "FLY FISHING CLUB SIBIU"
      }
    },
    {
      "type": "Feature",
      "geometry": {
        "type": "Point",
        "coordinates": [
          24.310936967706272,
          45.60560188566047
        ]
      },
      "properties": {
        "id": "67a21624c8aa1a2cd4c9c159",
        "name": "Pârâul Valea Strâmbii",
        "judet": "Sibiu",
        "subtype": "rau",
        "asociatie": "FLY FISHING CLUB SIBIU"
      }
    },
    {
      "type": "Feature",
      "geometry": {
        "type": "Point",
        "coordinates": [
          24.28085334032,
          45.58449309393
        ]
      },
      "properties": {
        "id": "67a2165fc8aa1a2cd4c9c1b0",
        "name": "Pârâul Valea Rîndiboului",
        "judet": "Sibiu",
        "subtype": "rau",
        "asociatie": "FLY FISHING CLUB SIBIU"
      }
    },
    {
      "type": "Feature",
      "geometry": {
        "type": "Point",
        "coordinates": [
          24.19652936697,
          45.54903916234
        ]
      },
      "properties": {
        "id": "67a2177fc8aa1a2cd4c9c1ef",
        "name": "Pârâul Râul Vadului",
        "judet": "Sibiu",
        "subtype": "rau",
        "asociatie": "FLY FISHING CLUB SIBIU"
      }
    },
    {
      "type": "Feature",
      "geometry": {
        "type": "Point",
        "coordinates": [
          24.230803167243675,
          45.648446945452136
        ]
      },
      "properties": {
        "id": "67a217a2c8aa1a2cd4c9c219",
        "name": "Pârâul Tălmăcuț",
        "judet": "Sibiu",
        "subtype": "rau",
        "asociatie": "FLY FISHING CLUB SIBIU"
      }
    },
    {
      "type": "Feature",
      "geometry": {
        "type": "Point",
        "coordinates": [
          24.05605241781,
          45.61899537615
        ]
      },
      "properties": {
        "id": "67a217c9c8aa1a2cd4c9c247",
        "name": "Râul Sadu Inferior",
        "judet": "Sibiu",
        "subtype": "rau",
        "asociatie": "FLY FISHING CLUB SIBIU"
      }
    },
    {
      "type": "Feature",
      "geometry": {
        "type": "Point",
        "coordinates": [
          23.71972428550946,
          45.73190797050733
        ]
      },
      "properties": {
        "id": "67a21825c8aa1a2cd4c9c2a7",
        "name": "Râul Dobra",
        "judet": "Sibiu",
        "subtype": "rau",
        "asociatie": "FLY FISHING CLUB SIBIU"
      }
    },
    {
      "type": "Feature",
      "geometry": {
        "type": "Point",
        "coordinates": [
          24.15323008803,
          45.71715387284
        ]
      },
      "properties": {
        "id": "67a21842c8aa1a2cd4c9c2d4",
        "name": "Râul Măgura Cisnădiei",
        "judet": "Sibiu",
        "subtype": "rau",
        "asociatie": "FLY FISHING CLUB SIBIU"
      }
    },
    {
      "type": "Feature",
      "geometry": {
        "type": "Point",
        "coordinates": [
          23.04553985327,
          46.42934795549
        ]
      },
      "properties": {
        "id": "67b34b22598835da4ae2954d",
        "name": "Valea Bistrei",
        "judet": "Alba",
        "subtype": "rau",
        "asociatie": "AJVPS ALBA"
      }
    },
    {
      "type": "Feature",
      "geometry": {
        "type": "Point",
        "coordinates": [
          23.036412549112782,
          46.38260623400026
        ]
      },
      "properties": {
        "id": "67b34b57598835da4ae2956d",
        "name": "Valea Caselor",
        "judet": "Alba",
        "subtype": "rau",
        "asociatie": "AJVPS ALBA"
      }
    },
    {
      "type": "Feature",
      "geometry": {
        "type": "Point",
        "coordinates": [
          23.27585577428,
          46.40905460417
        ]
      },
      "properties": {
        "id": "67b34b76598835da4ae2958d",
        "name": "Valea Şartăşului",
        "judet": "Alba",
        "subtype": "rau",
        "asociatie": "AJVPS ALBA"
      }
    },
    {
      "type": "Feature",
      "geometry": {
        "type": "Point",
        "coordinates": [
          23.5956414,
          46.248859
        ]
      },
      "properties": {
        "id": "67b38160598835da4ae29b2e",
        "name": "Råul Geoagiu Inferior",
        "judet": "Alba",
        "subtype": "rau",
        "asociatie": "AJVPS ALBA"
      }
    },
    {
      "type": "Feature",
      "geometry": {
        "type": "Point",
        "coordinates": [
          23.08730721205,
          46.41211156952
        ]
      },
      "properties": {
        "id": "67b3825d598835da4ae29b7d",
        "name": "Valea Bistrei",
        "judet": "Alba",
        "subtype": "rau",
        "asociatie": "AJVPS ALBA"
      }
    },
    {
      "type": "Feature",
      "geometry": {
        "type": "Point",
        "coordinates": [
          21.8030384862,
          46.4009246959
        ]
      },
      "properties": {
        "id": "67b458eb598835da4ae3470d",
        "name": "Canalul Morilor",
        "judet": "Arad",
        "subtype": "rau",
        "asociatie": "AJVPS ARAD"
      }
    },
    {
      "type": "Feature",
      "geometry": {
        "type": "Point",
        "coordinates": [
          21.605450522872598,
          46.6091651292528
        ]
      },
      "properties": {
        "id": "67b45909598835da4ae3472d",
        "name": "Lac Mișca",
        "judet": "Arad",
        "subtype": "lac",
        "asociatie": "AJVPS ARAD"
      }
    },
    {
      "type": "Feature",
      "geometry": {
        "type": "Point",
        "coordinates": [
          21.46990275735636,
          46.519218136088874
        ]
      },
      "properties": {
        "id": "67b45923598835da4ae3474d",
        "name": "Lac Chișineu-Criș",
        "judet": "Arad",
        "subtype": "lac",
        "asociatie": "AJVPS ARAD"
      }
    },
    {
      "type": "Feature",
      "geometry": {
        "type": "Point",
        "coordinates": [
          21.678322530862378,
          46.32673784147556
        ]
      },
      "properties": {
        "id": "67b4593b598835da4ae34785",
        "name": "Lac Pâncota",
        "judet": "Arad",
        "subtype": "lac",
        "asociatie": "AJVPS ARAD"
      }
    },
    {
      "type": "Feature",
      "geometry": {
        "type": "Point",
        "coordinates": [
          21.232523228622643,
          46.140002491495366
        ]
      },
      "properties": {
        "id": "67b45956598835da4ae347b6",
        "name": "Lac Zădăreni",
        "judet": "Arad",
        "subtype": "lac",
        "asociatie": "AJVPS ARAD"
      }
    },
    {
      "type": "Feature",
      "geometry": {
        "type": "Point",
        "coordinates": [
          26.58089039949,
          46.18034614801
        ]
      },
      "properties": {
        "id": "67b62682598835da4ae41262",
        "name": "Pârâul Lesuntu",
        "judet": "Bacău",
        "subtype": "rau",
        "asociatie": "AJVPS BACĂU"
      }
    },
    {
      "type": "Feature",
      "geometry": {
        "type": "Point",
        "coordinates": [
          21.652421601754146,
          46.92955000349597
        ]
      },
      "properties": {
        "id": "68d0437c3869c943bf8f1ebb",
        "name": "Canalul Cefa IV",
        "judet": "Bihor",
        "subtype": "rau",
        "asociatie": "AJVPS BIHOR"
      }
    },
    {
      "type": "Feature",
      "geometry": {
        "type": "Point",
        "coordinates": [
          22.357805365920004,
          46.954195012750006
        ]
      },
      "properties": {
        "id": "68d043b03869c943bf8f1f0a",
        "name": "Râul Poiana",
        "judet": "Bihor",
        "subtype": "rau",
        "asociatie": "AJVPS BIHOR"
      }
    },
    {
      "type": "Feature",
      "geometry": {
        "type": "Point",
        "coordinates": [
          22.175028914810003,
          46.77802912973999
        ]
      },
      "properties": {
        "id": "68d043f03869c943bf8f1f53",
        "name": "Valea Vida",
        "judet": "Bihor",
        "subtype": "rau",
        "asociatie": "AJVPS BIHOR"
      }
    },
    {
      "type": "Feature",
      "geometry": {
        "type": "Point",
        "coordinates": [
          22.4180622,
          47.23283889999999
        ]
      },
      "properties": {
        "id": "68d044173869c943bf8f1f95",
        "name": "Valea Bistrei",
        "judet": "Bihor",
        "subtype": "rau",
        "asociatie": "AJVPS BIHOR"
      }
    },
    {
      "type": "Feature",
      "geometry": {
        "type": "Point",
        "coordinates": [
          22.4092962,
          47.0694081
        ]
      },
      "properties": {
        "id": "68d0446d3869c943bf8f1fe7",
        "name": "Valea Șoimului",
        "judet": "Bihor",
        "subtype": "rau",
        "asociatie": "AJVPS BIHOR"
      }
    },
    {
      "type": "Feature",
      "geometry": {
        "type": "Point",
        "coordinates": [
          22.247174799999996,
          46.93194579999999
        ]
      },
      "properties": {
        "id": "68d044b73869c943bf8f2035",
        "name": "Topa - Holod",
        "judet": "Bihor",
        "subtype": "rau",
        "asociatie": "AJVPS BIHOR"
      }
    },
    {
      "type": "Feature",
      "geometry": {
        "type": "Point",
        "coordinates": [
          22.353728899999997,
          46.7510114
        ]
      },
      "properties": {
        "id": "68d044ee3869c943bf8f207b",
        "name": "Râul Roșia",
        "judet": "Bihor",
        "subtype": "rau",
        "asociatie": "AJVPS BIHOR"
      }
    },
    {
      "type": "Feature",
      "geometry": {
        "type": "Point",
        "coordinates": [
          21.918983862843533,
          47.04637446290918
        ]
      },
      "properties": {
        "id": "68d046e03869c943bf8f2165",
        "name": "Râul Peța",
        "judet": "Bihor",
        "subtype": "rau",
        "asociatie": "AJVPS BIHOR"
      }
    }
  ]
}
