{"type": "FeatureCollection", "metadata": {"pipeline": "private_lakes", "pipeline_version": "1.0", "generated_at": "2026-08-11T12:56:03.751816+00:00", "input": 201, "geometry_ok": 3, "geometry_missing": 198}, "features": [{"type": "Feature", "id": "private-55", "geometry": {"type": "Polygon", "coordinates": [[[26.0237233, 44.9935911], [26.0310205, 44.9935911], [26.0310205, 44.9979992], [26.0237233, 44.9979992], [26.0237233, 44.9935911]]]}, "properties": {"name": "Lacul Pleasa", "name_ro": "Lacul Pleasa", "type": "lake", "source": "bbox", "source_detail": "bbox rectangle fallback (OSM geometry unavailable)", "osm_type": "relation", "osm_id": "relation/13004279", "importance": null, "arebaltapeste_slug": "55", "judet": "Prahova", "asociatie": null, "dimensiune": "15.4 Ha", "geocode_tier": "tier3_bbox", "confidence": "low"}}, {"type": "Feature", "id": "private-140", "geometry": {"type": "Polygon", "coordinates": [[[23.5870858, 47.550526], [23.5866942, 47.5495955], [23.5867478, 47.549505], [23.5868551, 47.5494615], [23.5887219, 47.549266], [23.5897787, 47.5488858], [23.5903807, 47.5493988], [23.5908153, 47.5497877], [23.5908899, 47.5499244], [23.587177, 47.5505694], [23.5870858, 47.550526]]]}, "properties": {"name": "Fish Zone Coaș", "name_ro": "Fish Zone Coaș", "type": "lake", "source": "overpass", "source_detail": "Overpass direct OSM lookup via osmid (private lakes pipeline)", "osm_type": "way", "osm_id": "way/177167861", "importance": null, "arebaltapeste_slug": "140", "judet": "Maramureș", "asociatie": null, "dimensiune": "3.4 Ha", "geocode_tier": "tier3_overpass", "confidence": "high"}}, {"type": "Feature", "id": "private-193", "geometry": {"type": "Polygon", "coordinates": [[[23.544766, 47.51664], [23.5452431, 47.5158881], [23.5463324, 47.5161352], [23.5467459, 47.5162909], [23.5468394, 47.5165726], [23.5469294, 47.516865], [23.5466201, 47.516865], [23.5465189, 47.5167207], [23.5464739, 47.5164853], [23.5459848, 47.5162726], [23.5456699, 47.5162688], [23.5455237, 47.5164283], [23.5456868, 47.5166485], [23.5463896, 47.5167587], [23.5464458, 47.5169751], [23.5469631, 47.5169903], [23.5470587, 47.5172485], [23.5465527, 47.5171991], [23.5460129, 47.5170814], [23.5451302, 47.5168308], [23.544766, 47.51664]]]}, "properties": {"name": "Balta Mircea", "name_ro": "Balta Mircea", "type": "lake", "source": "overpass", "source_detail": "Overpass direct OSM lookup via osmid (private lakes pipeline)", "osm_type": "way", "osm_id": "way/350881268", "importance": null, "arebaltapeste_slug": "193", "judet": "Maramureș", "asociatie": null, "dimensiune": "1.2 Ha", "geocode_tier": "tier3_overpass", "confidence": "high"}}, {"type": "Feature", "id": "private-242", "geometry": {"type": "Polygon", "coordinates": [[[25.0949246, 44.7770487], [25.0956273, 44.7776732], [25.0961959, 44.7780844], [25.0963622, 44.7782329], [25.0962174, 44.7784005], [25.0968182, 44.7787812], [25.0968826, 44.7789031], [25.0967592, 44.7789716], [25.096491, 44.7791354], [25.0962067, 44.7793372], [25.0959921, 44.7795847], [25.0963408, 44.7798017], [25.0967109, 44.7795466], [25.097065, 44.7792801], [25.0974888, 44.7790021], [25.0978428, 44.7786746], [25.0982237, 44.7783928], [25.0985348, 44.7781415], [25.0989264, 44.7779054], [25.0992805, 44.7776313], [25.0994521, 44.7774828], [25.0991625, 44.7772733], [25.098964, 44.7772276], [25.0986314, 44.7770525], [25.0983417, 44.7768735], [25.0979447, 44.7766641], [25.0976443, 44.7764851], [25.0973868, 44.7763289], [25.0971132, 44.7762033], [25.0969148, 44.776169], [25.096609, 44.7764318], [25.0963837, 44.7765879], [25.0960243, 44.7767097], [25.0954932, 44.776843], [25.0950319, 44.7769496], [25.0949246, 44.7770487]]]}, "properties": {"name": "Balta Mare Căteasca", "name_ro": "Balta Mare Căteasca", "type": "lake", "source": "overpass", "source_detail": "Overpass direct OSM lookup via osmid (private lakes pipeline)", "osm_type": "way", "osm_id": "way/934324654", "importance": null, "arebaltapeste_slug": "242", "judet": "Argeș", "asociatie": null, "dimensiune": "6.3 Ha", "geocode_tier": "tier3_overpass", "confidence": "high"}}, {"type": "Feature", "id": "private-302", "geometry": {"type": "Polygon", "coordinates": [[[24.3649157, 46.9882212], [24.3682148, 46.9882212], [24.3682148, 46.9904607], [24.3649157, 46.9904607], [24.3649157, 46.9882212]]]}, "properties": {"name": "Lacul Tonciu", "name_ro": "Lacul Tonciu", "type": "lake", "source": "bbox", "source_detail": "bbox rectangle fallback (OSM geometry unavailable)", "osm_type": "way", "osm_id": "way/242875601", "importance": null, "arebaltapeste_slug": "302", "judet": "Bistrița-Năsăud", "asociatie": null, "dimensiune": "3.6 Ha", "geocode_tier": "tier3_bbox", "confidence": "low"}}, {"type": "Feature", "id": "private-325", "geometry": {"type": "Polygon", "coordinates": [[[24.5232707, 46.5390768], [24.5249447, 46.5390768], [24.5249447, 46.5416166], [24.5232707, 46.5416166], [24.5232707, 46.5390768]]]}, "properties": {"name": "Hanul Pescarilor Garofița", "name_ro": "Hanul Pescarilor Garofița", "type": "lake", "source": "bbox", "source_detail": "bbox rectangle fallback (OSM geometry unavailable)", "osm_type": "way", "osm_id": "way/510119918", "importance": null, "arebaltapeste_slug": "325", "judet": "Mureș", "asociatie": null, "dimensiune": "1.5 Ha", "geocode_tier": "tier3_bbox", "confidence": "low"}}, {"type": "Feature", "id": "private-326", "geometry": {"type": "Polygon", "coordinates": [[[27.4848948, 45.5549669], [27.4925673, 45.5549669], [27.4925673, 45.5584226], [27.4848948, 45.5584226], [27.4848948, 45.5549669]]]}, "properties": {"name": "Carp Arena Cărpănoaia 2", "name_ro": "Carp Arena Cărpănoaia 2", "type": "lake", "source": "bbox", "source_detail": "bbox rectangle fallback (OSM geometry unavailable)", "osm_type": "way", "osm_id": "way/1201615441", "importance": null, "arebaltapeste_slug": "326", "judet": "Vrancea", "asociatie": null, "dimensiune": "7.3 Ha", "geocode_tier": "tier3_bbox", "confidence": "low"}}, {"type": "Feature", "id": "private-327", "geometry": {"type": "Polygon", "coordinates": [[[23.9710173, 45.7679635], [23.9725949, 45.7679635], [23.9725949, 45.7693636], [23.9710173, 45.7693636], [23.9710173, 45.7679635]]]}, "properties": {"name": "EVELIN Lake", "name_ro": "EVELIN Lake", "type": "lake", "source": "bbox", "source_detail": "bbox rectangle fallback (OSM geometry unavailable)", "osm_type": "way", "osm_id": "way/1146041263", "importance": null, "arebaltapeste_slug": "327", "judet": "Sibiu", "asociatie": null, "dimensiune": "0.8 Ha", "geocode_tier": "tier3_bbox", "confidence": "low"}}, {"type": "Feature", "id": "private-328", "geometry": {"type": "Polygon", "coordinates": [[[26.6689466, 44.7919387], [26.6721166, 44.7919387], [26.6721166, 44.7975055], [26.6689466, 44.7975055], [26.6689466, 44.7919387]]]}, "properties": {"name": "King Lake", "name_ro": "King Lake", "type": "lake", "source": "bbox", "source_detail": "bbox rectangle fallback (OSM geometry unavailable)", "osm_type": "way", "osm_id": "way/149697666", "importance": null, "arebaltapeste_slug": "328", "judet": "Ialomița", "asociatie": null, "dimensiune": "7.7 Ha", "geocode_tier": "tier3_bbox", "confidence": "low"}}, {"type": "Feature", "id": "private-330", "geometry": {"type": "Polygon", "coordinates": [[[21.0679324, 45.6093956], [21.0706414, 45.6093956], [21.0706414, 45.6111274], [21.0679324, 45.6111274], [21.0679324, 45.6093956]]]}, "properties": {"name": "Domeniul ValDan", "name_ro": "Domeniul ValDan", "type": "lake", "source": "bbox", "source_detail": "bbox rectangle fallback (OSM geometry unavailable)", "osm_type": "way", "osm_id": "way/1303085315", "importance": null, "arebaltapeste_slug": "330", "judet": "Timiș", "asociatie": null, "dimensiune": "2.3 Ha", "geocode_tier": "tier3_bbox", "confidence": "low"}}, {"type": "Feature", "id": "private-331", "geometry": {"type": "Polygon", "coordinates": [[[24.7352323, 46.7975605], [24.7391456, 46.7975605], [24.7391456, 46.8004891], [24.7352323, 46.8004891], [24.7352323, 46.7975605]]]}, "properties": {"name": "Cele Două Lacuri", "name_ro": "Cele Două Lacuri", "type": "lake", "source": "bbox", "source_detail": "bbox rectangle fallback (OSM geometry unavailable)", "osm_type": "relation", "osm_id": "relation/17901802", "importance": null, "arebaltapeste_slug": "331", "judet": "Mureș", "asociatie": null, "dimensiune": "1.8 Ha", "geocode_tier": "tier3_bbox", "confidence": "low"}}, {"type": "Feature", "id": "private-332", "geometry": {"type": "Polygon", "coordinates": [[[23.3721176, 47.6417277], [23.3732468, 47.6417277], [23.3732468, 47.6429042], [23.3721176, 47.6429042], [23.3721176, 47.6417277]]]}, "properties": {"name": "Resort Fishing Ardusat", "name_ro": "Resort Fishing Ardusat", "type": "lake", "source": "bbox", "source_detail": "bbox rectangle fallback (OSM geometry unavailable)", "osm_type": "way", "osm_id": "way/1305235440", "importance": null, "arebaltapeste_slug": "332", "judet": "Maramureș", "asociatie": null, "dimensiune": "1 Ha", "geocode_tier": "tier3_bbox", "confidence": "low"}}, {"type": "Feature", "id": "private-333", "geometry": {"type": "Polygon", "coordinates": [[[25.885393, 44.2302849], [25.8899622, 44.2302849], [25.8899622, 44.2328074], [25.885393, 44.2328074], [25.885393, 44.2302849]]]}, "properties": {"name": "Addams Fishing & Camping", "name_ro": "Addams Fishing & Camping", "type": "lake", "source": "bbox", "source_detail": "bbox rectangle fallback (OSM geometry unavailable)", "osm_type": "way", "osm_id": "way/1305237237", "importance": null, "arebaltapeste_slug": "333", "judet": "Giurgiu", "asociatie": null, "dimensiune": "3.6 Ha", "geocode_tier": "tier3_bbox", "confidence": "low"}}, {"type": "Feature", "id": "private-335", "geometry": {"type": "Polygon", "coordinates": [[[27.4063396, 47.3638019], [27.4084532, 47.3638019], [27.4084532, 47.3687342], [27.4063396, 47.3687342], [27.4063396, 47.3638019]]]}, "properties": {"name": "Iazul Botez", "name_ro": "Iazul Botez", "type": "lake", "source": "bbox", "source_detail": "bbox rectangle fallback (OSM geometry unavailable)", "osm_type": "way", "osm_id": "way/1305239076", "importance": null, "arebaltapeste_slug": "335", "judet": "Iași", "asociatie": null, "dimensiune": "5.5 Ha", "geocode_tier": "tier3_bbox", "confidence": "low"}}, {"type": "Feature", "id": "private-79", "geometry": {"type": "Polygon", "coordinates": [[[27.3225809, 46.937869], [27.3506087, 46.937869], [27.3506087, 46.9646884], [27.3225809, 46.9646884], [27.3225809, 46.937869]]]}, "properties": {"name": "Lacul Tungujei", "name_ro": "Lacul Tungujei", "type": "lake", "source": "bbox", "source_detail": "bbox rectangle fallback (OSM geometry unavailable)", "osm_type": "way", "osm_id": "way/33784549", "importance": null, "arebaltapeste_slug": "79", "judet": "Iași", "asociatie": null, "dimensiune": "260.4 Ha", "geocode_tier": "tier3_bbox", "confidence": "low"}}, {"type": "Feature", "id": "private-336", "geometry": {"type": "Polygon", "coordinates": [[[21.8918743, 46.2130974], [21.8932784, 46.2130974], [21.8932784, 46.2136235], [21.8918743, 46.2136235], [21.8918743, 46.2130974]]]}, "properties": {"name": "Balta Nadăș", "name_ro": "Balta Nadăș", "type": "lake", "source": "bbox", "source_detail": "bbox rectangle fallback (OSM geometry unavailable)", "osm_type": "way", "osm_id": "way/482838434", "importance": null, "arebaltapeste_slug": "336", "judet": "Arad", "asociatie": null, "dimensiune": "0.5 Ha", "geocode_tier": "tier3_bbox", "confidence": "low"}}, {"type": "Feature", "id": "private-13", "geometry": {"type": "Polygon", "coordinates": [[[24.2519997, 46.4335044], [24.2696801, 46.4335044], [24.2696801, 46.4455656], [24.2519997, 46.4455656], [24.2519997, 46.4335044]]]}, "properties": {"name": "SMV Lake", "name_ro": "SMV Lake", "type": "lake", "source": "bbox", "source_detail": "bbox rectangle fallback (OSM geometry unavailable)", "osm_type": "relation", "osm_id": "relation/12801377", "importance": null, "arebaltapeste_slug": "13", "judet": "Mureș", "asociatie": null, "dimensiune": "69.6 Ha", "geocode_tier": "tier3_bbox", "confidence": "low"}}, {"type": "Feature", "id": "private-18", "geometry": {"type": "Polygon", "coordinates": [[[23.5228077, 46.1169678], [23.5254107, 46.1169678], [23.5254107, 46.1178165], [23.5228077, 46.1178165], [23.5228077, 46.1169678]]]}, "properties": {"name": "PlayGround Club", "name_ro": "PlayGround Club", "type": "lake", "source": "bbox", "source_detail": "bbox rectangle fallback (OSM geometry unavailable)", "osm_type": "relation", "osm_id": "relation/12818510", "importance": null, "arebaltapeste_slug": "18", "judet": "Alba", "asociatie": null, "dimensiune": "1.1 Ha", "geocode_tier": "tier3_bbox", "confidence": "low"}}, {"type": "Feature", "id": "private-130", "geometry": {"type": "Polygon", "coordinates": [[[26.451948, 44.4923454], [26.4537825, 44.4923454], [26.4537825, 44.4958602], [26.451948, 44.4958602], [26.451948, 44.4923454]]]}, "properties": {"name": "Cândeasca Lakes Bazinul 1", "name_ro": "Cândeasca Lakes Bazinul 1", "type": "lake", "source": "bbox", "source_detail": "bbox rectangle fallback (OSM geometry unavailable)", "osm_type": "way", "osm_id": "way/148016737", "importance": null, "arebaltapeste_slug": "130", "judet": "Călărași", "asociatie": null, "dimensiune": "2.6 Ha", "geocode_tier": "tier3_bbox", "confidence": "low"}}, {"type": "Feature", "id": "private-150", "geometry": {"type": "Polygon", "coordinates": [[[23.956236, 46.4114696], [23.9645825, 46.4114696], [23.9645825, 46.4218876], [23.956236, 46.4218876], [23.956236, 46.4114696]]]}, "properties": {"name": "Pescăria La Micuțu", "name_ro": "Pescăria La Micuțu", "type": "lake", "source": "bbox", "source_detail": "bbox rectangle fallback (OSM geometry unavailable)", "osm_type": "way", "osm_id": "way/212707752", "importance": null, "arebaltapeste_slug": "150", "judet": "Alba", "asociatie": null, "dimensiune": "10.1 Ha", "geocode_tier": "tier3_bbox", "confidence": "low"}}, {"type": "Feature", "id": "private-179", "geometry": {"type": "Polygon", "coordinates": [[[24.026673, 46.4351833], [24.0288646, 46.4351833], [24.0288646, 46.4363684], [24.026673, 46.4363684], [24.026673, 46.4351833]]]}, "properties": {"name": "La Timbuș", "name_ro": "La Timbuș", "type": "lake", "source": "bbox", "source_detail": "bbox rectangle fallback (OSM geometry unavailable)", "osm_type": "way", "osm_id": "way/281273640", "importance": null, "arebaltapeste_slug": "179", "judet": "Alba", "asociatie": null, "dimensiune": "1.4 Ha", "geocode_tier": "tier3_bbox", "confidence": "low"}}, {"type": "Feature", "id": "private-225", "geometry": {"type": "Polygon", "coordinates": [[[23.5259262, 47.0979632], [23.5283026, 47.0979632], [23.5283026, 47.0991226], [23.5259262, 47.0991226], [23.5259262, 47.0979632]]]}, "properties": {"name": "Lac Căprioara", "name_ro": "Lac Căprioara", "type": "lake", "source": "bbox", "source_detail": "bbox rectangle fallback (OSM geometry unavailable)", "osm_type": "way", "osm_id": "way/910486581", "importance": null, "arebaltapeste_slug": "225", "judet": "Cluj", "asociatie": null, "dimensiune": "1.2 Ha", "geocode_tier": "tier3_bbox", "confidence": "low"}}, {"type": "Feature", "id": "private-231", "geometry": {"type": "Polygon", "coordinates": [[[23.448911, 46.9029851], [23.4515364, 46.9029851], [23.4515364, 46.905435], [23.448911, 46.905435], [23.448911, 46.9029851]]]}, "properties": {"name": "Lac Săliștea Veche", "name_ro": "Lac Săliștea Veche", "type": "lake", "source": "bbox", "source_detail": "bbox rectangle fallback (OSM geometry unavailable)", "osm_type": "way", "osm_id": "way/910921827", "importance": null, "arebaltapeste_slug": "231", "judet": "Cluj", "asociatie": null, "dimensiune": "1.6 Ha", "geocode_tier": "tier3_bbox", "confidence": "low"}}, {"type": "Feature", "id": "private-240", "geometry": {"type": "Polygon", "coordinates": [[[23.7152767, 46.2649131], [23.7202978, 46.2649131], [23.7202978, 46.2686735], [23.7152767, 46.2686735], [23.7152767, 46.2649131]]]}, "properties": {"name": "Balta 2- Pescaria Radesti", "name_ro": "Balta 2- Pescaria Radesti", "type": "lake", "source": "bbox", "source_detail": "bbox rectangle fallback (OSM geometry unavailable)", "osm_type": "way", "osm_id": "way/934294674", "importance": null, "arebaltapeste_slug": "240", "judet": "Alba", "asociatie": null, "dimensiune": "2.3 Ha", "geocode_tier": "tier3_bbox", "confidence": "low"}}, {"type": "Feature", "id": "private-241", "geometry": {"type": "Polygon", "coordinates": [[[23.7138283, 46.268464], [23.7203246, 46.268464], [23.7203246, 46.2713527], [23.7138283, 46.2713527], [23.7138283, 46.268464]]]}, "properties": {"name": "Balta 1 - Pescaria Radesti", "name_ro": "Balta 1 - Pescaria Radesti", "type": "lake", "source": "bbox", "source_detail": "bbox rectangle fallback (OSM geometry unavailable)", "osm_type": "way", "osm_id": "way/934294675", "importance": null, "arebaltapeste_slug": "241", "judet": "Alba", "asociatie": null, "dimensiune": "3.6 Ha", "geocode_tier": "tier3_bbox", "confidence": "low"}}, {"type": "Feature", "id": "private-246", "geometry": {"type": "Polygon", "coordinates": [[[23.3955681, 45.9359173], [23.3982718, 45.9359173], [23.3982718, 45.9387582], [23.3955681, 45.9387582], [23.3955681, 45.9359173]]]}, "properties": {"name": "Balta Valea Ciorii", "name_ro": "Balta Valea Ciorii", "type": "lake", "source": "bbox", "source_detail": "bbox rectangle fallback (OSM geometry unavailable)", "osm_type": "way", "osm_id": "way/935436217", "importance": null, "arebaltapeste_slug": "246", "judet": "Alba", "asociatie": null, "dimensiune": "4.2 Ha", "geocode_tier": "tier3_bbox", "confidence": "low"}}, {"type": "Feature", "id": "private-305", "geometry": {"type": "Polygon", "coordinates": [[[23.4361339, 45.9495818], [23.4399523, 45.9495818], [23.4399523, 45.9528299], [23.4361339, 45.9528299], [23.4361339, 45.9495818]]]}, "properties": {"name": "Ecotam Lake", "name_ro": "Ecotam Lake", "type": "lake", "source": "bbox", "source_detail": "bbox rectangle fallback (OSM geometry unavailable)", "osm_type": "relation", "osm_id": "relation/14158166", "importance": null, "arebaltapeste_slug": "305", "judet": "Alba", "asociatie": null, "dimensiune": "1.5 Ha", "geocode_tier": "tier3_bbox", "confidence": "low"}}, {"type": "Feature", "id": "private-317", "geometry": {"type": "Polygon", "coordinates": [[[23.3860784, 45.4319744], [23.3906703, 45.4319744], [23.3906703, 45.4346019], [23.3860784, 45.4346019], [23.3860784, 45.4319744]]]}, "properties": {"name": "La Lac Maleia", "name_ro": "La Lac Maleia", "type": "lake", "source": "bbox", "source_detail": "bbox rectangle fallback (OSM geometry unavailable)", "osm_type": "way", "osm_id": "way/256759753", "importance": null, "arebaltapeste_slug": "317", "judet": "Hunedoara", "asociatie": null, "dimensiune": "4.9 Ha", "geocode_tier": "tier3_bbox", "confidence": "low"}}, {"type": "Feature", "id": "private-324", "geometry": {"type": "Polygon", "coordinates": [[[24.5512032, 46.7120606], [24.5564631, 46.7120606], [24.5564631, 46.7159189], [24.5512032, 46.7159189], [24.5512032, 46.7120606]]]}, "properties": {"name": "Carpodrom Transilvania", "name_ro": "Carpodrom Transilvania", "type": "lake", "source": "bbox", "source_detail": "bbox rectangle fallback (OSM geometry unavailable)", "osm_type": "way", "osm_id": "way/1236547077", "importance": null, "arebaltapeste_slug": "324", "judet": "Mureș", "asociatie": null, "dimensiune": "7.7 Ha", "geocode_tier": "tier3_bbox", "confidence": "low"}}, {"type": "Feature", "id": "private-329", "geometry": {"type": "Polygon", "coordinates": [[[23.9811588, 45.7742427], [23.9871873, 45.7742427], [23.9871873, 45.7776834], [23.9811588, 45.7776834], [23.9811588, 45.7742427]]]}, "properties": {"name": "Orlat Lake", "name_ro": "Orlat Lake", "type": "lake", "source": "bbox", "source_detail": "bbox rectangle fallback (OSM geometry unavailable)", "osm_type": "way", "osm_id": "way/1146041256", "importance": null, "arebaltapeste_slug": "329", "judet": "Sibiu", "asociatie": null, "dimensiune": "10 Ha", "geocode_tier": "tier3_bbox", "confidence": "low"}}, {"type": "Feature", "id": "private-334", "geometry": {"type": "Polygon", "coordinates": [[[22.8399324, 47.7477212], [22.841472, 47.7477212], [22.841472, 47.7509421], [22.8399324, 47.7509421], [22.8399324, 47.7477212]]]}, "properties": {"name": "LIN Lake", "name_ro": "LIN Lake", "type": "lake", "source": "bbox", "source_detail": "bbox rectangle fallback (OSM geometry unavailable)", "osm_type": "way", "osm_id": "way/1305219018", "importance": null, "arebaltapeste_slug": "334", "judet": "Satu Mare", "asociatie": null, "dimensiune": "3.1 Ha", "geocode_tier": "tier3_bbox", "confidence": "low"}}, {"type": "Feature", "id": "private-337", "geometry": {"type": "Polygon", "coordinates": [[[26.4085273, 44.2237317], [26.4157697, 44.2237317], [26.4157697, 44.2280217], [26.4085273, 44.2280217], [26.4085273, 44.2237317]]]}, "properties": {"name": "Delta Gruiului", "name_ro": "Delta Gruiului", "type": "lake", "source": "bbox", "source_detail": "bbox rectangle fallback (OSM geometry unavailable)", "osm_type": "relation", "osm_id": "relation/12875899", "importance": null, "arebaltapeste_slug": "337", "judet": "Călărași", "asociatie": null, "dimensiune": "13.7 Ha", "geocode_tier": "tier3_bbox", "confidence": "low"}}, {"type": "Feature", "id": "private-2", "geometry": {"type": "Polygon", "coordinates": [[[23.0401809, 47.9813787], [23.0444496, 47.9813787], [23.0444496, 47.9837644], [23.0401809, 47.9837644], [23.0401809, 47.9813787]]]}, "properties": {"name": "Pescăria Eteni", "name_ro": "Pescăria Eteni", "type": "lake", "source": "bbox", "source_detail": "bbox rectangle fallback (OSM geometry unavailable)", "osm_type": "relation", "osm_id": "relation/2361706", "importance": null, "arebaltapeste_slug": "2", "judet": "Satu Mare", "asociatie": null, "dimensiune": "4 Ha", "geocode_tier": "tier3_bbox", "confidence": "low"}}, {"type": "Feature", "id": "private-4", "geometry": {"type": "Polygon", "coordinates": [[[24.0008515, 46.998871], [24.004848, 46.998871], [24.004848, 47.0011099], [24.0008515, 47.0011099], [24.0008515, 46.998871]]]}, "properties": {"name": "Lac Pescuit Fizeșu Gherlii", "name_ro": "Lac Pescuit Fizeșu Gherlii", "type": "lake", "source": "bbox", "source_detail": "bbox rectangle fallback (OSM geometry unavailable)", "osm_type": "relation", "osm_id": "relation/14172408", "importance": null, "arebaltapeste_slug": "4", "judet": "Cluj", "asociatie": null, "dimensiune": "2.5 Ha", "geocode_tier": "tier3_bbox", "confidence": "low"}}, {"type": "Feature", "id": "private-5", "geometry": {"type": "Polygon", "coordinates": [[[26.6478559, 44.9203882], [26.6593707, 44.9203882], [26.6593707, 44.929797], [26.6478559, 44.929797], [26.6478559, 44.9203882]]]}, "properties": {"name": "Balta Lunca Mihăilești", "name_ro": "Balta Lunca Mihăilești", "type": "lake", "source": "bbox", "source_detail": "bbox rectangle fallback (OSM geometry unavailable)", "osm_type": "relation", "osm_id": "relation/5478058", "importance": null, "arebaltapeste_slug": "5", "judet": "Buzău", "asociatie": null, "dimensiune": "58 Ha", "geocode_tier": "tier3_bbox", "confidence": "low"}}, {"type": "Feature", "id": "private-7", "geometry": {"type": "Polygon", "coordinates": [[[22.531294, 47.6252798], [22.5337449, 47.6252798], [22.5337449, 47.6263392], [22.531294, 47.6263392], [22.531294, 47.6252798]]]}, "properties": {"name": "Balta Ghenci", "name_ro": "Balta Ghenci", "type": "lake", "source": "bbox", "source_detail": "bbox rectangle fallback (OSM geometry unavailable)", "osm_type": "relation", "osm_id": "relation/7567162", "importance": null, "arebaltapeste_slug": "7", "judet": "Satu Mare", "asociatie": null, "dimensiune": "3 Ha", "geocode_tier": "tier3_bbox", "confidence": "low"}}, {"type": "Feature", "id": "private-10", "geometry": {"type": "Polygon", "coordinates": [[[26.0799014, 44.2519774], [26.0896647, 44.2519774], [26.0896647, 44.2569339], [26.0799014, 44.2569339], [26.0799014, 44.2519774]]]}, "properties": {"name": "Varlaam - Sector B", "name_ro": "Varlaam - Sector B", "type": "lake", "source": "bbox", "source_detail": "bbox rectangle fallback (OSM geometry unavailable)", "osm_type": "relation", "osm_id": "relation/12620106", "importance": null, "arebaltapeste_slug": "10", "judet": "Giurgiu", "asociatie": null, "dimensiune": "22.2 Ha", "geocode_tier": "tier3_bbox", "confidence": "low"}}, {"type": "Feature", "id": "private-11", "geometry": {"type": "Polygon", "coordinates": [[[25.3364628, 44.6769673], [25.3445685, 44.6769673], [25.3445685, 44.6812375], [25.3364628, 44.6812375], [25.3364628, 44.6769673]]]}, "properties": {"name": "Farlow Pike Arena", "name_ro": "Farlow Pike Arena", "type": "lake", "source": "bbox", "source_detail": "bbox rectangle fallback (OSM geometry unavailable)", "osm_type": "relation", "osm_id": "relation/12635332", "importance": null, "arebaltapeste_slug": "11", "judet": "Dâmbovița", "asociatie": null, "dimensiune": "9.6 Ha", "geocode_tier": "tier3_bbox", "confidence": "low"}}, {"type": "Feature", "id": "private-12", "geometry": {"type": "Polygon", "coordinates": [[[22.8930779, 47.8787743], [22.8970388, 47.8787743], [22.8970388, 47.8803832], [22.8930779, 47.8803832], [22.8930779, 47.8787743]]]}, "properties": {"name": "Laguna Verde Noroieni", "name_ro": "Laguna Verde Noroieni", "type": "lake", "source": "bbox", "source_detail": "bbox rectangle fallback (OSM geometry unavailable)", "osm_type": "relation", "osm_id": "relation/12669141", "importance": null, "arebaltapeste_slug": "12", "judet": "Satu Mare", "asociatie": null, "dimensiune": "3.3 Ha", "geocode_tier": "tier3_bbox", "confidence": "low"}}, {"type": "Feature", "id": "private-15", "geometry": {"type": "Polygon", "coordinates": [[[23.9088785, 46.5259788], [23.9193284, 46.5259788], [23.9193284, 46.5314262], [23.9088785, 46.5314262], [23.9088785, 46.5259788]]]}, "properties": {"name": "La 3 lacuri", "name_ro": "La 3 lacuri", "type": "lake", "source": "bbox", "source_detail": "bbox rectangle fallback (OSM geometry unavailable)", "osm_type": "relation", "osm_id": "relation/12802304", "importance": null, "arebaltapeste_slug": "15", "judet": "Cluj", "asociatie": null, "dimensiune": "19.6 Ha", "geocode_tier": "tier3_bbox", "confidence": "low"}}, {"type": "Feature", "id": "private-20", "geometry": {"type": "Polygon", "coordinates": [[[24.8944482, 44.5601916], [24.9024868, 44.5601916], [24.9024868, 44.5678432], [24.8944482, 44.5678432], [24.8944482, 44.5601916]]]}, "properties": {"name": "Balta Buzoești", "name_ro": "Balta Buzoești", "type": "lake", "source": "bbox", "source_detail": "bbox rectangle fallback (OSM geometry unavailable)", "osm_type": "relation", "osm_id": "relation/12819072", "importance": null, "arebaltapeste_slug": "20", "judet": "Argeș", "asociatie": null, "dimensiune": "8.7 Ha", "geocode_tier": "tier3_bbox", "confidence": "low"}}, {"type": "Feature", "id": "private-25", "geometry": {"type": "Polygon", "coordinates": [[[22.3547584, 44.922462], [22.3556167, 44.922462], [22.3556167, 44.9236471], [22.3547584, 44.9236471], [22.3547584, 44.922462]]]}, "properties": {"name": "Conacul Lacurilor", "name_ro": "Conacul Lacurilor", "type": "lake", "source": "bbox", "source_detail": "bbox rectangle fallback (OSM geometry unavailable)", "osm_type": "relation", "osm_id": "relation/12832569", "importance": null, "arebaltapeste_slug": "25", "judet": "Caraș-Severin", "asociatie": null, "dimensiune": "0.6 Ha", "geocode_tier": "tier3_bbox", "confidence": "low"}}, {"type": "Feature", "id": "private-30", "geometry": {"type": "Polygon", "coordinates": [[[27.7992511, 45.8576973], [27.8025663, 45.8576973], [27.8025663, 45.8635065], [27.7992511, 45.8635065], [27.7992511, 45.8576973]]]}, "properties": {"name": "Balta Corni", "name_ro": "Balta Corni", "type": "lake", "source": "bbox", "source_detail": "bbox rectangle fallback (OSM geometry unavailable)", "osm_type": "relation", "osm_id": "relation/12854637", "importance": null, "arebaltapeste_slug": "30", "judet": "Galați", "asociatie": null, "dimensiune": "9.4 Ha", "geocode_tier": "tier3_bbox", "confidence": "low"}}, {"type": "Feature", "id": "private-32", "geometry": {"type": "Polygon", "coordinates": [[[23.2960734, 44.8126115], [23.3073597, 44.8126115], [23.3073597, 44.8228219], [23.2960734, 44.8228219], [23.2960734, 44.8126115]]]}, "properties": {"name": "Balta Cocorenilor", "name_ro": "Balta Cocorenilor", "type": "lake", "source": "bbox", "source_detail": "bbox rectangle fallback (OSM geometry unavailable)", "osm_type": "relation", "osm_id": "relation/12854799", "importance": null, "arebaltapeste_slug": "32", "judet": "Gorj", "asociatie": null, "dimensiune": "18.2 Ha", "geocode_tier": "tier3_bbox", "confidence": "low"}}, {"type": "Feature", "id": "private-33", "geometry": {"type": "Polygon", "coordinates": [[[25.7757711, 44.4709785], [25.7846861, 44.4709785], [25.7846861, 44.4793451], [25.7757711, 44.4793451], [25.7757711, 44.4709785]]]}, "properties": {"name": "Complex LFG Poenari", "name_ro": "Complex LFG Poenari", "type": "lake", "source": "bbox", "source_detail": "bbox rectangle fallback (OSM geometry unavailable)", "osm_type": "relation", "osm_id": "relation/12855481", "importance": null, "arebaltapeste_slug": "33", "judet": "Giurgiu", "asociatie": null, "dimensiune": "31.1 Ha", "geocode_tier": "tier3_bbox", "confidence": "low"}}, {"type": "Feature", "id": "private-38", "geometry": {"type": "Polygon", "coordinates": [[[26.1952842, 44.6394443], [26.2197998, 44.6394443], [26.2197998, 44.646984], [26.1952842, 44.646984], [26.1952842, 44.6394443]]]}, "properties": {"name": "Balta Moara Vlăsiei 2", "name_ro": "Balta Moara Vlăsiei 2", "type": "lake", "source": "bbox", "source_detail": "bbox rectangle fallback (OSM geometry unavailable)", "osm_type": "relation", "osm_id": "relation/12875718", "importance": null, "arebaltapeste_slug": "38", "judet": "Ilfov", "asociatie": null, "dimensiune": "29.1 Ha", "geocode_tier": "tier3_bbox", "confidence": "low"}}, {"type": "Feature", "id": "private-41", "geometry": {"type": "Polygon", "coordinates": [[[21.6953051, 47.0299998], [21.7029065, 47.0299998], [21.7029065, 47.0315557], [21.6953051, 47.0315557], [21.6953051, 47.0299998]]]}, "properties": {"name": "Balta Cheresig", "name_ro": "Balta Cheresig", "type": "lake", "source": "bbox", "source_detail": "bbox rectangle fallback (OSM geometry unavailable)", "osm_type": "relation", "osm_id": "relation/12894927", "importance": null, "arebaltapeste_slug": "41", "judet": "Bihor", "asociatie": null, "dimensiune": "3.5 Ha", "geocode_tier": "tier3_bbox", "confidence": "low"}}, {"type": "Feature", "id": "private-42", "geometry": {"type": "Polygon", "coordinates": [[[26.9155115, 47.5295572], [26.9215947, 47.5295572], [26.9215947, 47.5407555], [26.9155115, 47.5407555], [26.9155115, 47.5295572]]]}, "properties": {"name": "Iazul Ivascoaia", "name_ro": "Iazul Ivascoaia", "type": "lake", "source": "bbox", "source_detail": "bbox rectangle fallback (OSM geometry unavailable)", "osm_type": "relation", "osm_id": "relation/12894991", "importance": null, "arebaltapeste_slug": "42", "judet": "Botoșani", "asociatie": null, "dimensiune": "17.4 Ha", "geocode_tier": "tier3_bbox", "confidence": "low"}}, {"type": "Feature", "id": "private-47", "geometry": {"type": "Polygon", "coordinates": [[[27.4242776, 47.2776865], [27.428262, 47.2776865], [27.428262, 47.2809666], [27.4242776, 47.2809666], [27.4242776, 47.2776865]]]}, "properties": {"name": "Balta Paradisul Verde", "name_ro": "Balta Paradisul Verde", "type": "lake", "source": "bbox", "source_detail": "bbox rectangle fallback (OSM geometry unavailable)", "osm_type": "relation", "osm_id": "relation/12899670", "importance": null, "arebaltapeste_slug": "47", "judet": "Iași", "asociatie": null, "dimensiune": "2.4 Ha", "geocode_tier": "tier3_bbox", "confidence": "low"}}, {"type": "Feature", "id": "private-59", "geometry": {"type": "Polygon", "coordinates": [[[27.4721155, 47.2250585], [27.4773049, 47.2250585], [27.4773049, 47.2317124], [27.4721155, 47.2317124], [27.4721155, 47.2250585]]]}, "properties": {"name": "Iazul Tăutești", "name_ro": "Iazul Tăutești", "type": "lake", "source": "bbox", "source_detail": "bbox rectangle fallback (OSM geometry unavailable)", "osm_type": "way", "osm_id": "way/24178932", "importance": null, "arebaltapeste_slug": "59", "judet": "Iași", "asociatie": null, "dimensiune": "12.1 Ha", "geocode_tier": "tier3_bbox", "confidence": "low"}}, {"type": "Feature", "id": "private-60", "geometry": {"type": "Polygon", "coordinates": [[[27.5800019, 47.082244], [27.5837109, 47.082244], [27.5837109, 47.083964], [27.5800019, 47.083964], [27.5800019, 47.082244]]]}, "properties": {"name": "Poalele Codrului - Balta Ciurea", "name_ro": "Poalele Codrului - Balta Ciurea", "type": "lake", "source": "bbox", "source_detail": "bbox rectangle fallback (OSM geometry unavailable)", "osm_type": "way", "osm_id": "way/24855745", "importance": null, "arebaltapeste_slug": "60", "judet": "Iași", "asociatie": null, "dimensiune": "3.3 Ha", "geocode_tier": "tier3_bbox", "confidence": "low"}}, {"type": "Feature", "id": "private-61", "geometry": {"type": "Polygon", "coordinates": [[[27.5903557, 47.1936238], [27.5978436, 47.1936238], [27.5978436, 47.2092121], [27.5903557, 47.2092121], [27.5903557, 47.1936238]]]}, "properties": {"name": "Lacul Aroneanu", "name_ro": "Lacul Aroneanu", "type": "lake", "source": "bbox", "source_detail": "bbox rectangle fallback (OSM geometry unavailable)", "osm_type": "way", "osm_id": "way/26613306", "importance": null, "arebaltapeste_slug": "61", "judet": "Iași", "asociatie": null, "dimensiune": "28.8 Ha", "geocode_tier": "tier3_bbox", "confidence": "low"}}, {"type": "Feature", "id": "private-65", "geometry": {"type": "Polygon", "coordinates": [[[26.2961758, 44.586094], [26.3062442, 44.586094], [26.3062442, 44.5888719], [26.2961758, 44.5888719], [26.2961758, 44.586094]]]}, "properties": {"name": "Bazinul Piscicol Creata 3", "name_ro": "Bazinul Piscicol Creata 3", "type": "lake", "source": "bbox", "source_detail": "bbox rectangle fallback (OSM geometry unavailable)", "osm_type": "way", "osm_id": "way/27623184", "importance": null, "arebaltapeste_slug": "65", "judet": "Ilfov", "asociatie": null, "dimensiune": "9.8 Ha", "geocode_tier": "tier3_bbox", "confidence": "low"}}, {"type": "Feature", "id": "private-66", "geometry": {"type": "Polygon", "coordinates": [[[26.1814109, 44.6351021], [26.1963429, 44.6351021], [26.1963429, 44.6394544], [26.1814109, 44.6394544], [26.1814109, 44.6351021]]]}, "properties": {"name": "Balta Moara Vlăsiei 1", "name_ro": "Balta Moara Vlăsiei 1", "type": "lake", "source": "bbox", "source_detail": "bbox rectangle fallback (OSM geometry unavailable)", "osm_type": "way", "osm_id": "way/27633708", "importance": null, "arebaltapeste_slug": "66", "judet": "Ilfov", "asociatie": null, "dimensiune": "14.5 Ha", "geocode_tier": "tier3_bbox", "confidence": "low"}}, {"type": "Feature", "id": "private-67", "geometry": {"type": "Polygon", "coordinates": [[[26.0615595, 44.6691854], [26.0742857, 44.6691854], [26.0742857, 44.6756452], [26.0615595, 44.6756452], [26.0615595, 44.6691854]]]}, "properties": {"name": "Lacul Tâncăbești 2", "name_ro": "Lacul Tâncăbești 2", "type": "lake", "source": "bbox", "source_detail": "bbox rectangle fallback (OSM geometry unavailable)", "osm_type": "way", "osm_id": "way/27667319", "importance": null, "arebaltapeste_slug": "67", "judet": "Ilfov", "asociatie": null, "dimensiune": "25.3 Ha", "geocode_tier": "tier3_bbox", "confidence": "low"}}, {"type": "Feature", "id": "private-71", "geometry": {"type": "Polygon", "coordinates": [[[26.3125099, 44.4810141], [26.3248095, 44.4810141], [26.3248095, 44.4926789], [26.3125099, 44.4926789], [26.3125099, 44.4810141]]]}, "properties": {"name": "Balta Piteasca 3", "name_ro": "Balta Piteasca 3", "type": "lake", "source": "bbox", "source_detail": "bbox rectangle fallback (OSM geometry unavailable)", "osm_type": "way", "osm_id": "way/28089007", "importance": null, "arebaltapeste_slug": "71", "judet": "Ilfov", "asociatie": null, "dimensiune": "19.3 Ha", "geocode_tier": "tier3_bbox", "confidence": "low"}}, {"type": "Feature", "id": "private-72", "geometry": {"type": "Polygon", "coordinates": [[[26.319548, 44.5065451], [26.321668, 44.5065451], [26.321668, 44.5093914], [26.319548, 44.5093914], [26.319548, 44.5065451]]]}, "properties": {"name": "Iazul Aladdin", "name_ro": "Iazul Aladdin", "type": "lake", "source": "bbox", "source_detail": "bbox rectangle fallback (OSM geometry unavailable)", "osm_type": "way", "osm_id": "way/28089098", "importance": null, "arebaltapeste_slug": "72", "judet": "Ilfov", "asociatie": null, "dimensiune": "1.8 Ha", "geocode_tier": "tier3_bbox", "confidence": "low"}}, {"type": "Feature", "id": "private-73", "geometry": {"type": "Polygon", "coordinates": [[[27.7829213, 46.7881341], [27.8024907, 46.7881341], [27.8024907, 46.8222088], [27.7829213, 46.8222088], [27.7829213, 46.7881341]]]}, "properties": {"name": "Balta Baraj Solești", "name_ro": "Balta Baraj Solești", "type": "lake", "source": "bbox", "source_detail": "bbox rectangle fallback (OSM geometry unavailable)", "osm_type": "way", "osm_id": "way/32534885", "importance": null, "arebaltapeste_slug": "73", "judet": "Vaslui", "asociatie": null, "dimensiune": "348.3 Ha", "geocode_tier": "tier3_bbox", "confidence": "low"}}, {"type": "Feature", "id": "private-74", "geometry": {"type": "Polygon", "coordinates": [[[27.2406896, 46.3309931], [27.2466526, 46.3309931], [27.2466526, 46.3370027], [27.2406896, 46.3370027], [27.2406896, 46.3309931]]]}, "properties": {"name": "Lacul Găiceana", "name_ro": "Lacul Găiceana", "type": "lake", "source": "bbox", "source_detail": "bbox rectangle fallback (OSM geometry unavailable)", "osm_type": "way", "osm_id": "way/33126083", "importance": null, "arebaltapeste_slug": "74", "judet": "Bacău", "asociatie": null, "dimensiune": "17.1 Ha", "geocode_tier": "tier3_bbox", "confidence": "low"}}, {"type": "Feature", "id": "private-75", "geometry": {"type": "Polygon", "coordinates": [[[22.9844392, 47.9466171], [22.9899441, 47.9466171], [22.9899441, 47.9521444], [22.9844392, 47.9521444], [22.9844392, 47.9466171]]]}, "properties": {"name": "Balta Porumbeşti", "name_ro": "Balta Porumbeşti", "type": "lake", "source": "bbox", "source_detail": "bbox rectangle fallback (OSM geometry unavailable)", "osm_type": "way", "osm_id": "way/33235430", "importance": null, "arebaltapeste_slug": "75", "judet": "Satu Mare", "asociatie": null, "dimensiune": "11.5 Ha", "geocode_tier": "tier3_bbox", "confidence": "low"}}, {"type": "Feature", "id": "private-78", "geometry": {"type": "Polygon", "coordinates": [[[21.9526676, 47.3490584], [21.9608062, 47.3490584], [21.9608062, 47.3624667], [21.9526676, 47.3624667], [21.9526676, 47.3490584]]]}, "properties": {"name": "Ferma de Crap", "name_ro": "Ferma de Crap", "type": "lake", "source": "bbox", "source_detail": "bbox rectangle fallback (OSM geometry unavailable)", "osm_type": "way", "osm_id": "way/33236055", "importance": null, "arebaltapeste_slug": "78", "judet": "Bihor", "asociatie": null, "dimensiune": "20.6 Ha", "geocode_tier": "tier3_bbox", "confidence": "low"}}, {"type": "Feature", "id": "private-80", "geometry": {"type": "Polygon", "coordinates": [[[26.2029907, 45.0974807], [26.2075881, 45.0974807], [26.2075881, 45.1012888], [26.2029907, 45.1012888], [26.2029907, 45.0974807]]]}, "properties": {"name": "Balta Green Paradise 1", "name_ro": "Balta Green Paradise 1", "type": "lake", "source": "bbox", "source_detail": "bbox rectangle fallback (OSM geometry unavailable)", "osm_type": "way", "osm_id": "way/35269929", "importance": null, "arebaltapeste_slug": "80", "judet": "Prahova", "asociatie": null, "dimensiune": "6.2 Ha", "geocode_tier": "tier3_bbox", "confidence": "low"}}, {"type": "Feature", "id": "private-81", "geometry": {"type": "Polygon", "coordinates": [[[25.5092748, 44.8482134], [25.5225555, 44.8482134], [25.5225555, 44.8581793], [25.5092748, 44.8581793], [25.5092748, 44.8482134]]]}, "properties": {"name": "Balta Bunget 2", "name_ro": "Balta Bunget 2", "type": "lake", "source": "bbox", "source_detail": "bbox rectangle fallback (OSM geometry unavailable)", "osm_type": "way", "osm_id": "way/35763322", "importance": null, "arebaltapeste_slug": "81", "judet": "Dâmbovița", "asociatie": null, "dimensiune": "67.2 Ha", "geocode_tier": "tier3_bbox", "confidence": "low"}}, {"type": "Feature", "id": "private-82", "geometry": {"type": "Polygon", "coordinates": [[[25.5009964, 44.8607378], [25.510514, 44.8607378], [25.510514, 44.8690075], [25.5009964, 44.8690075], [25.5009964, 44.8607378]]]}, "properties": {"name": "Balta Bunget 1", "name_ro": "Balta Bunget 1", "type": "lake", "source": "bbox", "source_detail": "bbox rectangle fallback (OSM geometry unavailable)", "osm_type": "way", "osm_id": "way/35763328", "importance": null, "arebaltapeste_slug": "82", "judet": "Dâmbovița", "asociatie": null, "dimensiune": "38.1 Ha", "geocode_tier": "tier3_bbox", "confidence": "low"}}, {"type": "Feature", "id": "private-83", "geometry": {"type": "Polygon", "coordinates": [[[27.6058638, 47.1282263], [27.6089641, 47.1282263], [27.6089641, 47.1304199], [27.6058638, 47.1304199], [27.6058638, 47.1282263]]]}, "properties": {"name": "Iazul La Doi Peri", "name_ro": "Iazul La Doi Peri", "type": "lake", "source": "bbox", "source_detail": "bbox rectangle fallback (OSM geometry unavailable)", "osm_type": "way", "osm_id": "way/43889825", "importance": null, "arebaltapeste_slug": "83", "judet": "Iași", "asociatie": null, "dimensiune": "1.5 Ha", "geocode_tier": "tier3_bbox", "confidence": "low"}}, {"type": "Feature", "id": "private-84", "geometry": {"type": "Polygon", "coordinates": [[[23.5527008, 46.6228423], [23.5574071, 46.6228423], [23.5574071, 46.6262786], [23.5527008, 46.6262786], [23.5527008, 46.6228423]]]}, "properties": {"name": "Lac La Sote", "name_ro": "Lac La Sote", "type": "lake", "source": "bbox", "source_detail": "bbox rectangle fallback (OSM geometry unavailable)", "osm_type": "relation", "osm_id": "relation/15763124", "importance": null, "arebaltapeste_slug": "84", "judet": "Cluj", "asociatie": null, "dimensiune": "7.8 Ha", "geocode_tier": "tier3_bbox", "confidence": "low"}}, {"type": "Feature", "id": "private-86", "geometry": {"type": "Polygon", "coordinates": [[[23.5320422, 46.6277191], [23.5379425, 46.6277191], [23.5379425, 46.6325238], [23.5320422, 46.6325238], [23.5320422, 46.6277191]]]}, "properties": {"name": "Lac Filea Mare", "name_ro": "Lac Filea Mare", "type": "lake", "source": "bbox", "source_detail": "bbox rectangle fallback (OSM geometry unavailable)", "osm_type": "way", "osm_id": "way/46122264", "importance": null, "arebaltapeste_slug": "86", "judet": "Cluj", "asociatie": null, "dimensiune": "12.2 Ha", "geocode_tier": "tier3_bbox", "confidence": "low"}}, {"type": "Feature", "id": "private-87", "geometry": {"type": "Polygon", "coordinates": [[[23.7007813, 46.8434408], [23.7068887, 46.8434408], [23.7068887, 46.8485958], [23.7007813, 46.8485958], [23.7007813, 46.8434408]]]}, "properties": {"name": "Lac Câmpenești 2", "name_ro": "Lac Câmpenești 2", "type": "lake", "source": "bbox", "source_detail": "bbox rectangle fallback (OSM geometry unavailable)", "osm_type": "way", "osm_id": "way/49119112", "importance": null, "arebaltapeste_slug": "87", "judet": "Cluj", "asociatie": null, "dimensiune": "13.2 Ha", "geocode_tier": "tier3_bbox", "confidence": "low"}}, {"type": "Feature", "id": "private-88", "geometry": {"type": "Polygon", "coordinates": [[[23.7044044, 46.8382823], [23.7145105, 46.8382823], [23.7145105, 46.8445346], [23.7044044, 46.8445346], [23.7044044, 46.8382823]]]}, "properties": {"name": "Lac Câmpenești 1", "name_ro": "Lac Câmpenești 1", "type": "lake", "source": "bbox", "source_detail": "bbox rectangle fallback (OSM geometry unavailable)", "osm_type": "way", "osm_id": "way/49119114", "importance": null, "arebaltapeste_slug": "88", "judet": "Cluj", "asociatie": null, "dimensiune": "20.8 Ha", "geocode_tier": "tier3_bbox", "confidence": "low"}}, {"type": "Feature", "id": "private-89", "geometry": {"type": "Polygon", "coordinates": [[[23.6939961, 46.8542424], [23.6983734, 46.8542424], [23.6983734, 46.8601397], [23.6939961, 46.8601397], [23.6939961, 46.8542424]]]}, "properties": {"name": "Lac Câmpenești 4", "name_ro": "Lac Câmpenești 4", "type": "lake", "source": "bbox", "source_detail": "bbox rectangle fallback (OSM geometry unavailable)", "osm_type": "way", "osm_id": "way/49119115", "importance": null, "arebaltapeste_slug": "89", "judet": "Cluj", "asociatie": null, "dimensiune": "11.2 Ha", "geocode_tier": "tier3_bbox", "confidence": "low"}}, {"type": "Feature", "id": "private-90", "geometry": {"type": "Polygon", "coordinates": [[[23.6983416, 46.8482749], [23.7051753, 46.8482749], [23.7051753, 46.853451], [23.6983416, 46.853451], [23.6983416, 46.8482749]]]}, "properties": {"name": "Lac Câmpenești 3", "name_ro": "Lac Câmpenești 3", "type": "lake", "source": "bbox", "source_detail": "bbox rectangle fallback (OSM geometry unavailable)", "osm_type": "way", "osm_id": "way/49119119", "importance": null, "arebaltapeste_slug": "90", "judet": "Cluj", "asociatie": null, "dimensiune": "15.9 Ha", "geocode_tier": "tier3_bbox", "confidence": "low"}}, {"type": "Feature", "id": "private-93", "geometry": {"type": "Polygon", "coordinates": [[[26.9439708, 47.0898976], [26.9520888, 47.0898976], [26.9520888, 47.0938495], [26.9439708, 47.0938495], [26.9439708, 47.0898976]]]}, "properties": {"name": "Iaz Butea", "name_ro": "Iaz Butea", "type": "lake", "source": "bbox", "source_detail": "bbox rectangle fallback (OSM geometry unavailable)", "osm_type": "way", "osm_id": "way/69905446", "importance": null, "arebaltapeste_slug": "93", "judet": "Iași", "asociatie": null, "dimensiune": "9.8 Ha", "geocode_tier": "tier3_bbox", "confidence": "low"}}, {"type": "Feature", "id": "private-96", "geometry": {"type": "Polygon", "coordinates": [[[24.8141757, 44.0087299], [24.8211806, 44.0087299], [24.8211806, 44.0139492], [24.8141757, 44.0139492], [24.8141757, 44.0087299]]]}, "properties": {"name": "Balta Sărată", "name_ro": "Balta Sărată", "type": "lake", "source": "bbox", "source_detail": "bbox rectangle fallback (OSM geometry unavailable)", "osm_type": "way", "osm_id": "way/88359060", "importance": null, "arebaltapeste_slug": "96", "judet": "Teleorman", "asociatie": null, "dimensiune": "20.7 Ha", "geocode_tier": "tier3_bbox", "confidence": "low"}}, {"type": "Feature", "id": "private-97", "geometry": {"type": "Polygon", "coordinates": [[[24.504486, 44.6346828], [24.5113809, 44.6346828], [24.5113809, 44.6461635], [24.504486, 44.6461635], [24.504486, 44.6346828]]]}, "properties": {"name": "Complex Turistic Rusciori", "name_ro": "Complex Turistic Rusciori", "type": "lake", "source": "bbox", "source_detail": "bbox rectangle fallback (OSM geometry unavailable)", "osm_type": "way", "osm_id": "way/88360286", "importance": null, "arebaltapeste_slug": "97", "judet": "Olt", "asociatie": null, "dimensiune": "28.9 Ha", "geocode_tier": "tier3_bbox", "confidence": "low"}}, {"type": "Feature", "id": "private-98", "geometry": {"type": "Polygon", "coordinates": [[[26.74337, 44.4804877], [26.7618408, 44.4804877], [26.7618408, 44.4925946], [26.74337, 44.4925946], [26.74337, 44.4804877]]]}, "properties": {"name": "Balta Nicula", "name_ro": "Balta Nicula", "type": "lake", "source": "bbox", "source_detail": "bbox rectangle fallback (OSM geometry unavailable)", "osm_type": "way", "osm_id": "way/88361430", "importance": null, "arebaltapeste_slug": "98", "judet": "Călărași", "asociatie": null, "dimensiune": "26.5 Ha", "geocode_tier": "tier3_bbox", "confidence": "low"}}, {"type": "Feature", "id": "private-100", "geometry": {"type": "Polygon", "coordinates": [[[25.8955058, 44.706857], [25.9098, 44.706857], [25.9098, 44.713076], [25.8955058, 44.713076], [25.8955058, 44.706857]]]}, "properties": {"name": "Balta Bărbuceanu Șerifu", "name_ro": "Balta Bărbuceanu Șerifu", "type": "lake", "source": "bbox", "source_detail": "bbox rectangle fallback (OSM geometry unavailable)", "osm_type": "way", "osm_id": "way/88362103", "importance": null, "arebaltapeste_slug": "100", "judet": "Dâmbovița", "asociatie": null, "dimensiune": "27.7 Ha", "geocode_tier": "tier3_bbox", "confidence": "low"}}, {"type": "Feature", "id": "private-104", "geometry": {"type": "Polygon", "coordinates": [[[28.1710141, 45.4234999], [28.1760218, 45.4234999], [28.1760218, 45.4387698], [28.1710141, 45.4387698], [28.1710141, 45.4234999]]]}, "properties": {"name": "Balta Zătun", "name_ro": "Balta Zătun", "type": "lake", "source": "bbox", "source_detail": "bbox rectangle fallback (OSM geometry unavailable)", "osm_type": "way", "osm_id": "way/88369645", "importance": null, "arebaltapeste_slug": "104", "judet": "Galați", "asociatie": null, "dimensiune": "30.1 Ha", "geocode_tier": "tier3_bbox", "confidence": "low"}}, {"type": "Feature", "id": "private-106", "geometry": {"type": "Polygon", "coordinates": [[[28.0935513, 45.9377584], [28.11601, 45.9377584], [28.11601, 45.9583028], [28.0935513, 45.9583028], [28.0935513, 45.9377584]]]}, "properties": {"name": "Ferma Piscicolă Sovârca", "name_ro": "Ferma Piscicolă Sovârca", "type": "lake", "source": "bbox", "source_detail": "bbox rectangle fallback (OSM geometry unavailable)", "osm_type": "way", "osm_id": "way/88371024", "importance": null, "arebaltapeste_slug": "106", "judet": "Galați", "asociatie": null, "dimensiune": "168.7 Ha", "geocode_tier": "tier3_bbox", "confidence": "low"}}, {"type": "Feature", "id": "private-110", "geometry": {"type": "Polygon", "coordinates": [[[27.0775469, 46.4442003], [27.083501, 46.4442003], [27.083501, 46.4548796], [27.0775469, 46.4548796], [27.0775469, 46.4442003]]]}, "properties": {"name": "Lacul Horgești", "name_ro": "Lacul Horgești", "type": "lake", "source": "bbox", "source_detail": "bbox rectangle fallback (OSM geometry unavailable)", "osm_type": "way", "osm_id": "way/88372036", "importance": null, "arebaltapeste_slug": "110", "judet": "Bacău", "asociatie": null, "dimensiune": "37.5 Ha", "geocode_tier": "tier3_bbox", "confidence": "low"}}, {"type": "Feature", "id": "private-111", "geometry": {"type": "Polygon", "coordinates": [[[24.0717135, 46.8832622], [24.0862028, 46.8832622], [24.0862028, 46.8893774], [24.0717135, 46.8893774], [24.0717135, 46.8832622]]]}, "properties": {"name": "Lac Sucutard-Chiriș", "name_ro": "Lac Sucutard-Chiriș", "type": "lake", "source": "bbox", "source_detail": "bbox rectangle fallback (OSM geometry unavailable)", "osm_type": "way", "osm_id": "way/88372042", "importance": null, "arebaltapeste_slug": "111", "judet": "Cluj", "asociatie": null, "dimensiune": "29.8 Ha", "geocode_tier": "tier3_bbox", "confidence": "low"}}, {"type": "Feature", "id": "private-112", "geometry": {"type": "Polygon", "coordinates": [[[24.0685113, 46.914287], [24.0852418, 46.914287], [24.0852418, 46.9381705], [24.0685113, 46.9381705], [24.0685113, 46.914287]]]}, "properties": {"name": "Lac Țaga Mare", "name_ro": "Lac Țaga Mare", "type": "lake", "source": "bbox", "source_detail": "bbox rectangle fallback (OSM geometry unavailable)", "osm_type": "way", "osm_id": "way/88372085", "importance": null, "arebaltapeste_slug": "112", "judet": "Cluj", "asociatie": null, "dimensiune": "96.2 Ha", "geocode_tier": "tier3_bbox", "confidence": "low"}}, {"type": "Feature", "id": "private-115", "geometry": {"type": "Polygon", "coordinates": [[[27.610343, 46.6260003], [27.6405709, 46.6260003], [27.6405709, 46.635226], [27.610343, 46.635226], [27.610343, 46.6260003]]]}, "properties": {"name": "Baraj Pușcași", "name_ro": "Baraj Pușcași", "type": "lake", "source": "bbox", "source_detail": "bbox rectangle fallback (OSM geometry unavailable)", "osm_type": "way", "osm_id": "way/88372957", "importance": null, "arebaltapeste_slug": "115", "judet": "Vaslui", "asociatie": null, "dimensiune": "169 Ha", "geocode_tier": "tier3_bbox", "confidence": "low"}}, {"type": "Feature", "id": "private-118", "geometry": {"type": "Polygon", "coordinates": [[[27.519866, 47.073241], [27.5590597, 47.073241], [27.5590597, 47.08966], [27.519866, 47.08966], [27.519866, 47.073241]]]}, "properties": {"name": "Lacul Ciurbești", "name_ro": "Lacul Ciurbești", "type": "lake", "source": "bbox", "source_detail": "bbox rectangle fallback (OSM geometry unavailable)", "osm_type": "way", "osm_id": "way/88373634", "importance": null, "arebaltapeste_slug": "118", "judet": "Iași", "asociatie": null, "dimensiune": "123.1 Ha", "geocode_tier": "tier3_bbox", "confidence": "low"}}, {"type": "Feature", "id": "private-120", "geometry": {"type": "Polygon", "coordinates": [[[27.3915838, 47.3916802], [27.4003181, 47.3916802], [27.4003181, 47.4114659], [27.3915838, 47.4114659], [27.3915838, 47.3916802]]]}, "properties": {"name": "Iazul lui Dumnezeu - Mihaila", "name_ro": "Iazul lui Dumnezeu - Mihaila", "type": "lake", "source": "bbox", "source_detail": "bbox rectangle fallback (OSM geometry unavailable)", "osm_type": "way", "osm_id": "way/88374501", "importance": null, "arebaltapeste_slug": "120", "judet": "Iași", "asociatie": null, "dimensiune": "39.4 Ha", "geocode_tier": "tier3_bbox", "confidence": "low"}}, {"type": "Feature", "id": "private-122", "geometry": {"type": "Polygon", "coordinates": [[[26.4394632, 48.1147918], [26.4501455, 48.1147918], [26.4501455, 48.1243277], [26.4394632, 48.1243277], [26.4394632, 48.1147918]]]}, "properties": {"name": "Iazul Suharău", "name_ro": "Iazul Suharău", "type": "lake", "source": "bbox", "source_detail": "bbox rectangle fallback (OSM geometry unavailable)", "osm_type": "way", "osm_id": "way/88375265", "importance": null, "arebaltapeste_slug": "122", "judet": "Botoșani", "asociatie": null, "dimensiune": "31.5 Ha", "geocode_tier": "tier3_bbox", "confidence": "low"}}, {"type": "Feature", "id": "private-125", "geometry": {"type": "Polygon", "coordinates": [[[23.5879227, 46.6705914], [23.5920453, 46.6705914], [23.5920453, 46.672108], [23.5879227, 46.672108], [23.5879227, 46.6705914]]]}, "properties": {"name": "Lacul Micești", "name_ro": "Lacul Micești", "type": "lake", "source": "bbox", "source_detail": "bbox rectangle fallback (OSM geometry unavailable)", "osm_type": "way", "osm_id": "way/116591363", "importance": null, "arebaltapeste_slug": "125", "judet": "Cluj", "asociatie": null, "dimensiune": "2.4 Ha", "geocode_tier": "tier3_bbox", "confidence": "low"}}, {"type": "Feature", "id": "private-127", "geometry": {"type": "Polygon", "coordinates": [[[26.5169046, 44.4683694], [26.5455437, 44.4683694], [26.5455437, 44.4850762], [26.5169046, 44.4850762], [26.5169046, 44.4683694]]]}, "properties": {"name": "Lacul Darvari", "name_ro": "Lacul Darvari", "type": "lake", "source": "bbox", "source_detail": "bbox rectangle fallback (OSM geometry unavailable)", "osm_type": "way", "osm_id": "way/147941073", "importance": null, "arebaltapeste_slug": "127", "judet": "Călărași", "asociatie": null, "dimensiune": "59.9 Ha", "geocode_tier": "tier3_bbox", "confidence": "low"}}, {"type": "Feature", "id": "private-128", "geometry": {"type": "Polygon", "coordinates": [[[26.4520339, 44.4863472], [26.453967, 44.4863472], [26.453967, 44.4896065], [26.4520339, 44.4896065], [26.4520339, 44.4863472]]]}, "properties": {"name": "Cândeasca Lakes Bazinul 3", "name_ro": "Cândeasca Lakes Bazinul 3", "type": "lake", "source": "bbox", "source_detail": "bbox rectangle fallback (OSM geometry unavailable)", "osm_type": "way", "osm_id": "way/148010313", "importance": null, "arebaltapeste_slug": "128", "judet": "Călărași", "asociatie": null, "dimensiune": "2.6 Ha", "geocode_tier": "tier3_bbox", "confidence": "low"}}, {"type": "Feature", "id": "private-131", "geometry": {"type": "Polygon", "coordinates": [[[26.4208292, 44.4897495], [26.4353478, 44.4897495], [26.4353478, 44.4974446], [26.4208292, 44.4974446], [26.4208292, 44.4897495]]]}, "properties": {"name": "Balta Maioru", "name_ro": "Balta Maioru", "type": "lake", "source": "bbox", "source_detail": "bbox rectangle fallback (OSM geometry unavailable)", "osm_type": "way", "osm_id": "way/148016738", "importance": null, "arebaltapeste_slug": "131", "judet": "Călărași", "asociatie": null, "dimensiune": "14.4 Ha", "geocode_tier": "tier3_bbox", "confidence": "low"}}, {"type": "Feature", "id": "private-132", "geometry": {"type": "Polygon", "coordinates": [[[26.6637334, 44.7847292], [26.6704926, 44.7847292], [26.6704926, 44.7919324], [26.6637334, 44.7919324], [26.6637334, 44.7847292]]]}, "properties": {"name": "Balta Ciocarlia 4", "name_ro": "Balta Ciocarlia 4", "type": "lake", "source": "bbox", "source_detail": "bbox rectangle fallback (OSM geometry unavailable)", "osm_type": "way", "osm_id": "way/149697696", "importance": null, "arebaltapeste_slug": "132", "judet": "Ialomița", "asociatie": null, "dimensiune": "10.6 Ha", "geocode_tier": "tier3_bbox", "confidence": "low"}}, {"type": "Feature", "id": "private-133", "geometry": {"type": "Polygon", "coordinates": [[[26.6725827, 44.5186634], [26.6840099, 44.5186634], [26.6840099, 44.526348], [26.6725827, 44.526348], [26.6725827, 44.5186634]]]}, "properties": {"name": "Balta Ileana Razoare", "name_ro": "Balta Ileana Razoare", "type": "lake", "source": "bbox", "source_detail": "bbox rectangle fallback (OSM geometry unavailable)", "osm_type": "way", "osm_id": "way/150282245", "importance": null, "arebaltapeste_slug": "133", "judet": "Călărași", "asociatie": null, "dimensiune": "12.7 Ha", "geocode_tier": "tier3_bbox", "confidence": "low"}}, {"type": "Feature", "id": "private-134", "geometry": {"type": "Polygon", "coordinates": [[[26.5639003, 44.5847445], [26.5721481, 44.5847445], [26.5721481, 44.5899402], [26.5639003, 44.5899402], [26.5639003, 44.5847445]]]}, "properties": {"name": "Balta Sărături", "name_ro": "Balta Sărături", "type": "lake", "source": "bbox", "source_detail": "bbox rectangle fallback (OSM geometry unavailable)", "osm_type": "way", "osm_id": "way/150394423", "importance": null, "arebaltapeste_slug": "134", "judet": "Ialomița", "asociatie": null, "dimensiune": "7.8 Ha", "geocode_tier": "tier3_bbox", "confidence": "low"}}, {"type": "Feature", "id": "private-135", "geometry": {"type": "Polygon", "coordinates": [[[26.5735181, 44.8614117], [26.5935918, 44.8614117], [26.5935918, 44.8800359], [26.5735181, 44.8800359], [26.5735181, 44.8614117]]]}, "properties": {"name": "Balta Boldești Grădiștea", "name_ro": "Balta Boldești Grădiștea", "type": "lake", "source": "bbox", "source_detail": "bbox rectangle fallback (OSM geometry unavailable)", "osm_type": "way", "osm_id": "way/160805751", "importance": null, "arebaltapeste_slug": "135", "judet": "Prahova", "asociatie": null, "dimensiune": "115.8 Ha", "geocode_tier": "tier3_bbox", "confidence": "low"}}, {"type": "Feature", "id": "private-136", "geometry": {"type": "Polygon", "coordinates": [[[23.6694754, 46.6538255], [23.6750257, 46.6538255], [23.6750257, 46.6574681], [23.6694754, 46.6574681], [23.6694754, 46.6538255]]]}, "properties": {"name": "Lacurile SunFish Mărtinești", "name_ro": "Lacurile SunFish Mărtinești", "type": "lake", "source": "bbox", "source_detail": "bbox rectangle fallback (OSM geometry unavailable)", "osm_type": "way", "osm_id": "way/168991043", "importance": null, "arebaltapeste_slug": "136", "judet": "Cluj", "asociatie": null, "dimensiune": "9.9 Ha", "geocode_tier": "tier3_bbox", "confidence": "low"}}, {"type": "Feature", "id": "private-137", "geometry": {"type": "Polygon", "coordinates": [[[23.6758894, 46.6575996], [23.6785145, 46.6575996], [23.6785145, 46.6618005], [23.6758894, 46.6618005], [23.6758894, 46.6575996]]]}, "properties": {"name": "Lacul Sub Pădure Mărtinești", "name_ro": "Lacul Sub Pădure Mărtinești", "type": "lake", "source": "bbox", "source_detail": "bbox rectangle fallback (OSM geometry unavailable)", "osm_type": "way", "osm_id": "way/168991089", "importance": null, "arebaltapeste_slug": "137", "judet": "Cluj", "asociatie": null, "dimensiune": "6.1 Ha", "geocode_tier": "tier3_bbox", "confidence": "low"}}, {"type": "Feature", "id": "private-138", "geometry": {"type": "Polygon", "coordinates": [[[23.8396429, 46.7177421], [23.8413702, 46.7177421], [23.8413702, 46.7210521], [23.8396429, 46.7210521], [23.8396429, 46.7177421]]]}, "properties": {"name": "Dărvăstău", "name_ro": "Dărvăstău", "type": "lake", "source": "bbox", "source_detail": "bbox rectangle fallback (OSM geometry unavailable)", "osm_type": "way", "osm_id": "way/169761922", "importance": null, "arebaltapeste_slug": "138", "judet": "Cluj", "asociatie": null, "dimensiune": "2.8 Ha", "geocode_tier": "tier3_bbox", "confidence": "low"}}, {"type": "Feature", "id": "private-147", "geometry": {"type": "Polygon", "coordinates": [[[26.4317045, 44.1320592], [26.4411059, 44.1320592], [26.4411059, 44.1391598], [26.4317045, 44.1391598], [26.4317045, 44.1320592]]]}, "properties": {"name": "Balta Măgura 9", "name_ro": "Balta Măgura 9", "type": "lake", "source": "bbox", "source_detail": "bbox rectangle fallback (OSM geometry unavailable)", "osm_type": "way", "osm_id": "way/198330785", "importance": null, "arebaltapeste_slug": "147", "judet": "Călărași", "asociatie": null, "dimensiune": "13.2 Ha", "geocode_tier": "tier3_bbox", "confidence": "low"}}, {"type": "Feature", "id": "private-148", "geometry": {"type": "Polygon", "coordinates": [[[24.8171242, 46.0679337], [24.8285812, 46.0679337], [24.8285812, 46.0751007], [24.8171242, 46.0751007], [24.8171242, 46.0679337]]]}, "properties": {"name": "Lacul Brădeni", "name_ro": "Lacul Brădeni", "type": "lake", "source": "bbox", "source_detail": "bbox rectangle fallback (OSM geometry unavailable)", "osm_type": "way", "osm_id": "way/202924457", "importance": null, "arebaltapeste_slug": "148", "judet": "Sibiu", "asociatie": null, "dimensiune": "35.4 Ha", "geocode_tier": "tier3_bbox", "confidence": "low"}}, {"type": "Feature", "id": "private-151", "geometry": {"type": "Polygon", "coordinates": [[[26.363765, 44.2679366], [26.3859656, 44.2679366], [26.3859656, 44.2773088], [26.363765, 44.2773088], [26.363765, 44.2679366]]]}, "properties": {"name": "Dyno Lake", "name_ro": "Dyno Lake", "type": "lake", "source": "bbox", "source_detail": "bbox rectangle fallback (OSM geometry unavailable)", "osm_type": "way", "osm_id": "way/214684205", "importance": null, "arebaltapeste_slug": "151", "judet": "Călărași", "asociatie": null, "dimensiune": "42.7 Ha", "geocode_tier": "tier3_bbox", "confidence": "low"}}, {"type": "Feature", "id": "private-152", "geometry": {"type": "Polygon", "coordinates": [[[25.9611342, 44.3748516], [25.9656618, 44.3748516], [25.9656618, 44.3783332], [25.9611342, 44.3783332], [25.9611342, 44.3748516]]]}, "properties": {"name": "Balta Clinceni", "name_ro": "Balta Clinceni", "type": "lake", "source": "bbox", "source_detail": "bbox rectangle fallback (OSM geometry unavailable)", "osm_type": "way", "osm_id": "way/215355999", "importance": null, "arebaltapeste_slug": "152", "judet": "Ilfov", "asociatie": null, "dimensiune": "7.2 Ha", "geocode_tier": "tier3_bbox", "confidence": "low"}}, {"type": "Feature", "id": "private-153", "geometry": {"type": "Polygon", "coordinates": [[[27.2930017, 47.2517546], [27.3016784, 47.2517546], [27.3016784, 47.2651342], [27.2930017, 47.2651342], [27.2930017, 47.2517546]]]}, "properties": {"name": "Iaz Totoești", "name_ro": "Iaz Totoești", "type": "lake", "source": "bbox", "source_detail": "bbox rectangle fallback (OSM geometry unavailable)", "osm_type": "way", "osm_id": "way/216996926", "importance": null, "arebaltapeste_slug": "153", "judet": "Iași", "asociatie": null, "dimensiune": "32.8 Ha", "geocode_tier": "tier3_bbox", "confidence": "low"}}, {"type": "Feature", "id": "private-154", "geometry": {"type": "Polygon", "coordinates": [[[28.110645, 46.1466968], [28.1182411, 46.1466968], [28.1182411, 46.152708], [28.110645, 46.152708], [28.110645, 46.1466968]]]}, "properties": {"name": "Cârja Conac", "name_ro": "Cârja Conac", "type": "lake", "source": "bbox", "source_detail": "bbox rectangle fallback (OSM geometry unavailable)", "osm_type": "way", "osm_id": "way/220186004", "importance": null, "arebaltapeste_slug": "154", "judet": "Vaslui", "asociatie": null, "dimensiune": "30.9 Ha", "geocode_tier": "tier3_bbox", "confidence": "low"}}, {"type": "Feature", "id": "private-155", "geometry": {"type": "Polygon", "coordinates": [[[27.4803123, 47.3859385], [27.4933065, 47.3859385], [27.4933065, 47.3975104], [27.4803123, 47.3975104], [27.4803123, 47.3859385]]]}, "properties": {"name": "Iazul Frasin", "name_ro": "Iazul Frasin", "type": "lake", "source": "bbox", "source_detail": "bbox rectangle fallback (OSM geometry unavailable)", "osm_type": "way", "osm_id": "way/220247755", "importance": null, "arebaltapeste_slug": "155", "judet": "Iași", "asociatie": null, "dimensiune": "17.1 Ha", "geocode_tier": "tier3_bbox", "confidence": "low"}}, {"type": "Feature", "id": "private-161", "geometry": {"type": "Polygon", "coordinates": [[[26.189829, 44.3840826], [26.1907222, 44.3840826], [26.1907222, 44.3854091], [26.189829, 44.3854091], [26.189829, 44.3840826]]]}, "properties": {"name": "Balta Vitan 3", "name_ro": "Balta Vitan 3", "type": "lake", "source": "bbox", "source_detail": "bbox rectangle fallback (OSM geometry unavailable)", "osm_type": "way", "osm_id": "way/226389353", "importance": null, "arebaltapeste_slug": "161", "judet": "Ilfov", "asociatie": null, "dimensiune": "0.7 Ha", "geocode_tier": "tier3_bbox", "confidence": "low"}}, {"type": "Feature", "id": "private-162", "geometry": {"type": "Polygon", "coordinates": [[[27.3271286, 47.163363], [27.3321899, 47.163363], [27.3321899, 47.1695055], [27.3271286, 47.1695055], [27.3271286, 47.163363]]]}, "properties": {"name": "Iazul Dumești", "name_ro": "Iazul Dumești", "type": "lake", "source": "bbox", "source_detail": "bbox rectangle fallback (OSM geometry unavailable)", "osm_type": "way", "osm_id": "way/226831848", "importance": null, "arebaltapeste_slug": "162", "judet": "Iași", "asociatie": null, "dimensiune": "11.4 Ha", "geocode_tier": "tier3_bbox", "confidence": "low"}}, {"type": "Feature", "id": "private-163", "geometry": {"type": "Polygon", "coordinates": [[[25.4915721, 44.1976553], [25.4997635, 44.1976553], [25.4997635, 44.2023664], [25.4915721, 44.2023664], [25.4915721, 44.1976553]]]}, "properties": {"name": "Balta Balc Teleorman", "name_ro": "Balta Balc Teleorman", "type": "lake", "source": "bbox", "source_detail": "bbox rectangle fallback (OSM geometry unavailable)", "osm_type": "way", "osm_id": "way/227299336", "importance": null, "arebaltapeste_slug": "163", "judet": "Teleorman", "asociatie": null, "dimensiune": "7 Ha", "geocode_tier": "tier3_bbox", "confidence": "low"}}, {"type": "Feature", "id": "private-164", "geometry": {"type": "Polygon", "coordinates": [[[21.7900346, 47.1119013], [21.7948705, 47.1119013], [21.7948705, 47.1155865], [21.7900346, 47.1155865], [21.7900346, 47.1119013]]]}, "properties": {"name": "Lac Frontiera Borș Horgásztó", "name_ro": "Lac Frontiera Borș Horgásztó", "type": "lake", "source": "bbox", "source_detail": "bbox rectangle fallback (OSM geometry unavailable)", "osm_type": "way", "osm_id": "way/228387330", "importance": null, "arebaltapeste_slug": "164", "judet": "Bihor", "asociatie": null, "dimensiune": "7.4 Ha", "geocode_tier": "tier3_bbox", "confidence": "low"}}, {"type": "Feature", "id": "private-165", "geometry": {"type": "Polygon", "coordinates": [[[26.2875586, 44.511046], [26.3007349, 44.511046], [26.3007349, 44.516592], [26.2875586, 44.516592], [26.2875586, 44.511046]]]}, "properties": {"name": "Balta Pescuit Șindrilița", "name_ro": "Balta Pescuit Șindrilița", "type": "lake", "source": "bbox", "source_detail": "bbox rectangle fallback (OSM geometry unavailable)", "osm_type": "way", "osm_id": "way/231954588", "importance": null, "arebaltapeste_slug": "165", "judet": "Ilfov", "asociatie": null, "dimensiune": "7.9 Ha", "geocode_tier": "tier3_bbox", "confidence": "low"}}, {"type": "Feature", "id": "private-166", "geometry": {"type": "Polygon", "coordinates": [[[27.3162306, 47.1635355], [27.3241031, 47.1635355], [27.3241031, 47.1678992], [27.3162306, 47.1678992], [27.3162306, 47.1635355]]]}, "properties": {"name": "Balta Trofee Păușești", "name_ro": "Balta Trofee Păușești", "type": "lake", "source": "bbox", "source_detail": "bbox rectangle fallback (OSM geometry unavailable)", "osm_type": "way", "osm_id": "way/232543861", "importance": null, "arebaltapeste_slug": "166", "judet": "Iași", "asociatie": null, "dimensiune": "11.6 Ha", "geocode_tier": "tier3_bbox", "confidence": "low"}}, {"type": "Feature", "id": "private-170", "geometry": {"type": "Polygon", "coordinates": [[[26.4694941, 44.6232168], [26.4765863, 44.6232168], [26.4765863, 44.6294059], [26.4694941, 44.6294059], [26.4694941, 44.6232168]]]}, "properties": {"name": "Balta Vie - Movilita", "name_ro": "Balta Vie - Movilita", "type": "lake", "source": "bbox", "source_detail": "bbox rectangle fallback (OSM geometry unavailable)", "osm_type": "way", "osm_id": "way/243868702", "importance": null, "arebaltapeste_slug": "170", "judet": "Ialomița", "asociatie": null, "dimensiune": "10.2 Ha", "geocode_tier": "tier3_bbox", "confidence": "low"}}, {"type": "Feature", "id": "private-171", "geometry": {"type": "Polygon", "coordinates": [[[26.4797451, 44.6023245], [26.4903612, 44.6023245], [26.4903612, 44.6057769], [26.4797451, 44.6057769], [26.4797451, 44.6023245]]]}, "properties": {"name": "Balta Bitina", "name_ro": "Balta Bitina", "type": "lake", "source": "bbox", "source_detail": "bbox rectangle fallback (OSM geometry unavailable)", "osm_type": "way", "osm_id": "way/243870009", "importance": null, "arebaltapeste_slug": "171", "judet": "Ialomița", "asociatie": null, "dimensiune": "9 Ha", "geocode_tier": "tier3_bbox", "confidence": "low"}}, {"type": "Feature", "id": "private-175", "geometry": {"type": "Polygon", "coordinates": [[[26.7898281, 48.0812889], [26.7993401, 48.0812889], [26.7993401, 48.0844837], [26.7898281, 48.0844837], [26.7898281, 48.0812889]]]}, "properties": {"name": "Iazul Codreni", "name_ro": "Iazul Codreni", "type": "lake", "source": "bbox", "source_detail": "bbox rectangle fallback (OSM geometry unavailable)", "osm_type": "way", "osm_id": "way/256406257", "importance": null, "arebaltapeste_slug": "175", "judet": "Botoșani", "asociatie": null, "dimensiune": "10.8 Ha", "geocode_tier": "tier3_bbox", "confidence": "low"}}, {"type": "Feature", "id": "private-176", "geometry": {"type": "Polygon", "coordinates": [[[26.5209597, 47.6817973], [26.5260479, 47.6817973], [26.5260479, 47.6875427], [26.5209597, 47.6875427], [26.5209597, 47.6817973]]]}, "properties": {"name": "Iazul Brehuiești", "name_ro": "Iazul Brehuiești", "type": "lake", "source": "bbox", "source_detail": "bbox rectangle fallback (OSM geometry unavailable)", "osm_type": "way", "osm_id": "way/257213968", "importance": null, "arebaltapeste_slug": "176", "judet": "Botoșani", "asociatie": null, "dimensiune": "12.8 Ha", "geocode_tier": "tier3_bbox", "confidence": "low"}}, {"type": "Feature", "id": "private-177", "geometry": {"type": "Polygon", "coordinates": [[[24.0063243, 46.989256], [24.0101506, 46.989256], [24.0101506, 46.9924567], [24.0063243, 46.9924567], [24.0063243, 46.989256]]]}, "properties": {"name": "Lacul lui Jack", "name_ro": "Lacul lui Jack", "type": "lake", "source": "bbox", "source_detail": "bbox rectangle fallback (OSM geometry unavailable)", "osm_type": "relation", "osm_id": "relation/5240023", "importance": null, "arebaltapeste_slug": "177", "judet": "Cluj", "asociatie": null, "dimensiune": "5 Ha", "geocode_tier": "tier3_bbox", "confidence": "low"}}, {"type": "Feature", "id": "private-178", "geometry": {"type": "Polygon", "coordinates": [[[24.018538, 46.9601616], [24.0205641, 46.9601616], [24.0205641, 46.9627263], [24.018538, 46.9627263], [24.018538, 46.9601616]]]}, "properties": {"name": "Lac Sântioana - La Costică", "name_ro": "Lac Sântioana - La Costică", "type": "lake", "source": "bbox", "source_detail": "bbox rectangle fallback (OSM geometry unavailable)", "osm_type": "relation", "osm_id": "relation/15806499", "importance": null, "arebaltapeste_slug": "178", "judet": "Cluj", "asociatie": null, "dimensiune": "0.7 Ha", "geocode_tier": "tier3_bbox", "confidence": "low"}}, {"type": "Feature", "id": "private-184", "geometry": {"type": "Polygon", "coordinates": [[[27.0460389, 47.249173], [27.0615302, 47.249173], [27.0615302, 47.2557797], [27.0460389, 47.2557797], [27.0460389, 47.249173]]]}, "properties": {"name": "Ferma Piscicola Podisului", "name_ro": "Ferma Piscicola Podisului", "type": "lake", "source": "bbox", "source_detail": "bbox rectangle fallback (OSM geometry unavailable)", "osm_type": "way", "osm_id": "way/294921514", "importance": null, "arebaltapeste_slug": "184", "judet": "Iași", "asociatie": null, "dimensiune": "33.6 Ha", "geocode_tier": "tier3_bbox", "confidence": "low"}}, {"type": "Feature", "id": "private-185", "geometry": {"type": "Polygon", "coordinates": [[[26.9518661, 47.1460664], [26.9546769, 47.1460664], [26.9546769, 47.1479904], [26.9518661, 47.1479904], [26.9518661, 47.1460664]]]}, "properties": {"name": "Iazul Poseidon", "name_ro": "Iazul Poseidon", "type": "lake", "source": "bbox", "source_detail": "bbox rectangle fallback (OSM geometry unavailable)", "osm_type": "way", "osm_id": "way/301521686", "importance": null, "arebaltapeste_slug": "185", "judet": "Iași", "asociatie": null, "dimensiune": "2.4 Ha", "geocode_tier": "tier3_bbox", "confidence": "low"}}, {"type": "Feature", "id": "private-186", "geometry": {"type": "Polygon", "coordinates": [[[26.606316, 47.7847099], [26.6330472, 47.7847099], [26.6330472, 47.798933], [26.606316, 47.798933], [26.606316, 47.7847099]]]}, "properties": {"name": "Acumularea Cătămărăști- Baraj Sitna", "name_ro": "Acumularea Cătămărăști- Baraj Sitna", "type": "lake", "source": "bbox", "source_detail": "bbox rectangle fallback (OSM geometry unavailable)", "osm_type": "way", "osm_id": "way/308379759", "importance": null, "arebaltapeste_slug": "186", "judet": "Botoșani", "asociatie": null, "dimensiune": "98 Ha", "geocode_tier": "tier3_bbox", "confidence": "low"}}, {"type": "Feature", "id": "private-190", "geometry": {"type": "Polygon", "coordinates": [[[26.7316541, 47.7747446], [26.7386192, 47.7747446], [26.7386192, 47.7785215], [26.7316541, 47.7785215], [26.7316541, 47.7747446]]]}, "properties": {"name": "Clubul de pescuit sportiv Năvodul Star", "name_ro": "Clubul de pescuit sportiv Năvodul Star", "type": "lake", "source": "bbox", "source_detail": "bbox rectangle fallback (OSM geometry unavailable)", "osm_type": "way", "osm_id": "way/319767314", "importance": null, "arebaltapeste_slug": "190", "judet": "Botoșani", "asociatie": null, "dimensiune": "10.8 Ha", "geocode_tier": "tier3_bbox", "confidence": "low"}}, {"type": "Feature", "id": "private-192", "geometry": {"type": "Polygon", "coordinates": [[[22.9678565, 46.8469452], [22.9736031, 46.8469452], [22.9736031, 46.8484424], [22.9678565, 46.8484424], [22.9678565, 46.8469452]]]}, "properties": {"name": "Balta Sâncraiu", "name_ro": "Balta Sâncraiu", "type": "lake", "source": "bbox", "source_detail": "bbox rectangle fallback (OSM geometry unavailable)", "osm_type": "way", "osm_id": "way/342160995", "importance": null, "arebaltapeste_slug": "192", "judet": "Cluj", "asociatie": null, "dimensiune": "4.2 Ha", "geocode_tier": "tier3_bbox", "confidence": "low"}}, {"type": "Feature", "id": "private-196", "geometry": {"type": "Polygon", "coordinates": [[[21.0975711, 45.7526129], [21.1007766, 45.7526129], [21.1007766, 45.7548917], [21.0975711, 45.7548917], [21.0975711, 45.7526129]]]}, "properties": {"name": "Balta Carol", "name_ro": "Balta Carol", "type": "lake", "source": "bbox", "source_detail": "bbox rectangle fallback (OSM geometry unavailable)", "osm_type": "way", "osm_id": "way/363864545", "importance": null, "arebaltapeste_slug": "196", "judet": "Timiș", "asociatie": null, "dimensiune": "4.3 Ha", "geocode_tier": "tier3_bbox", "confidence": "low"}}, {"type": "Feature", "id": "private-198", "geometry": {"type": "Polygon", "coordinates": [[[25.568097, 44.8889089], [25.5706357, 44.8889089], [25.5706357, 44.8907141], [25.568097, 44.8907141], [25.568097, 44.8889089]]]}, "properties": {"name": "Lacul Lazuri 5", "name_ro": "Lacul Lazuri 5", "type": "lake", "source": "bbox", "source_detail": "bbox rectangle fallback (OSM geometry unavailable)", "osm_type": "way", "osm_id": "way/370276905", "importance": null, "arebaltapeste_slug": "198", "judet": "Dâmbovița", "asociatie": null, "dimensiune": "2.9 Ha", "geocode_tier": "tier3_bbox", "confidence": "low"}}, {"type": "Feature", "id": "private-203", "geometry": {"type": "Polygon", "coordinates": [[[26.1777677, 44.3823828], [26.1821236, 44.3823828], [26.1821236, 44.384522], [26.1777677, 44.384522], [26.1777677, 44.3823828]]]}, "properties": {"name": "Balta Floarea Popeștiului", "name_ro": "Balta Floarea Popeștiului", "type": "lake", "source": "bbox", "source_detail": "bbox rectangle fallback (OSM geometry unavailable)", "osm_type": "way", "osm_id": "way/406543012", "importance": null, "arebaltapeste_slug": "203", "judet": "Ilfov", "asociatie": null, "dimensiune": "5 Ha", "geocode_tier": "tier3_bbox", "confidence": "low"}}, {"type": "Feature", "id": "private-205", "geometry": {"type": "Polygon", "coordinates": [[[24.5577248, 44.6300618], [24.5724662, 44.6300618], [24.5724662, 44.6383608], [24.5577248, 44.6383608], [24.5577248, 44.6300618]]]}, "properties": {"name": "Lacul Șuica", "name_ro": "Lacul Șuica", "type": "lake", "source": "bbox", "source_detail": "bbox rectangle fallback (OSM geometry unavailable)", "osm_type": "way", "osm_id": "way/481674002", "importance": null, "arebaltapeste_slug": "205", "judet": "Olt", "asociatie": null, "dimensiune": "23.5 Ha", "geocode_tier": "tier3_bbox", "confidence": "low"}}, {"type": "Feature", "id": "private-206", "geometry": {"type": "Polygon", "coordinates": [[[22.8260953, 47.7485723], [22.8287137, 47.7485723], [22.8287137, 47.7501883], [22.8260953, 47.7501883], [22.8260953, 47.7485723]]]}, "properties": {"name": "Pescăria Balta Blondă", "name_ro": "Pescăria Balta Blondă", "type": "lake", "source": "bbox", "source_detail": "bbox rectangle fallback (OSM geometry unavailable)", "osm_type": "way", "osm_id": "way/519435068", "importance": null, "arebaltapeste_slug": "206", "judet": "Satu Mare", "asociatie": null, "dimensiune": "2.1 Ha", "geocode_tier": "tier3_bbox", "confidence": "low"}}, {"type": "Feature", "id": "private-207", "geometry": {"type": "Polygon", "coordinates": [[[22.6630055, 47.7617512], [22.6667279, 47.7617512], [22.6667279, 47.7628064], [22.6630055, 47.7628064], [22.6630055, 47.7617512]]]}, "properties": {"name": "Pescăria Boghiș La Stuf", "name_ro": "Pescăria Boghiș La Stuf", "type": "lake", "source": "bbox", "source_detail": "bbox rectangle fallback (OSM geometry unavailable)", "osm_type": "way", "osm_id": "way/519435320", "importance": null, "arebaltapeste_slug": "207", "judet": "Satu Mare", "asociatie": null, "dimensiune": "1.7 Ha", "geocode_tier": "tier3_bbox", "confidence": "low"}}, {"type": "Feature", "id": "private-208", "geometry": {"type": "Polygon", "coordinates": [[[22.7740402, 47.8383705], [22.7794368, 47.8383705], [22.7794368, 47.839844], [22.7740402, 47.839844], [22.7740402, 47.8383705]]]}, "properties": {"name": "Lac Moby Dick", "name_ro": "Lac Moby Dick", "type": "lake", "source": "bbox", "source_detail": "bbox rectangle fallback (OSM geometry unavailable)", "osm_type": "way", "osm_id": "way/527281180", "importance": null, "arebaltapeste_slug": "208", "judet": "Satu Mare", "asociatie": null, "dimensiune": "4.5 Ha", "geocode_tier": "tier3_bbox", "confidence": "low"}}, {"type": "Feature", "id": "private-209", "geometry": {"type": "Polygon", "coordinates": [[[23.8952181, 44.5667975], [23.8986527, 44.5667975], [23.8986527, 44.5721202], [23.8952181, 44.5721202], [23.8952181, 44.5667975]]]}, "properties": {"name": "Un Colţ de Rai", "name_ro": "Un Colţ de Rai", "type": "lake", "source": "bbox", "source_detail": "bbox rectangle fallback (OSM geometry unavailable)", "osm_type": "way", "osm_id": "way/549504225", "importance": null, "arebaltapeste_slug": "209", "judet": "Dolj", "asociatie": null, "dimensiune": "7.1 Ha", "geocode_tier": "tier3_bbox", "confidence": "low"}}, {"type": "Feature", "id": "private-210", "geometry": {"type": "Polygon", "coordinates": [[[23.9225498, 47.1491498], [23.9265946, 47.1491498], [23.9265946, 47.1506255], [23.9225498, 47.1506255], [23.9225498, 47.1491498]]]}, "properties": {"name": "Lac Mica", "name_ro": "Lac Mica", "type": "lake", "source": "bbox", "source_detail": "bbox rectangle fallback (OSM geometry unavailable)", "osm_type": "way", "osm_id": "way/571560305", "importance": null, "arebaltapeste_slug": "210", "judet": "Cluj", "asociatie": null, "dimensiune": "1.6 Ha", "geocode_tier": "tier3_bbox", "confidence": "low"}}, {"type": "Feature", "id": "private-211", "geometry": {"type": "Polygon", "coordinates": [[[24.412739, 43.9018462], [24.4144395, 43.9018462], [24.4144395, 43.9032067], [24.412739, 43.9032067], [24.412739, 43.9018462]]]}, "properties": {"name": "La Fântâna cu Cumpănă", "name_ro": "La Fântâna cu Cumpănă", "type": "lake", "source": "bbox", "source_detail": "bbox rectangle fallback (OSM geometry unavailable)", "osm_type": "way", "osm_id": "way/646567501", "importance": null, "arebaltapeste_slug": "211", "judet": "Olt", "asociatie": null, "dimensiune": "1.2 Ha", "geocode_tier": "tier3_bbox", "confidence": "low"}}, {"type": "Feature", "id": "private-212", "geometry": {"type": "Polygon", "coordinates": [[[25.3906949, 46.9197885], [25.3927702, 46.9197885], [25.3927702, 46.9213345], [25.3906949, 46.9213345], [25.3906949, 46.9197885]]]}, "properties": {"name": "Liberty Fishing & Recreation", "name_ro": "Liberty Fishing & Recreation", "type": "lake", "source": "bbox", "source_detail": "bbox rectangle fallback (OSM geometry unavailable)", "osm_type": "way", "osm_id": "way/670761260", "importance": null, "arebaltapeste_slug": "212", "judet": "Harghita", "asociatie": null, "dimensiune": "1 Ha", "geocode_tier": "tier3_bbox", "confidence": "low"}}, {"type": "Feature", "id": "private-213", "geometry": {"type": "Polygon", "coordinates": [[[24.3075014, 44.1558673], [24.3139923, 44.1558673], [24.3139923, 44.1628331], [24.3075014, 44.1628331], [24.3075014, 44.1558673]]]}, "properties": {"name": "Balta Frăsinet", "name_ro": "Balta Frăsinet", "type": "lake", "source": "bbox", "source_detail": "bbox rectangle fallback (OSM geometry unavailable)", "osm_type": "way", "osm_id": "way/685364479", "importance": null, "arebaltapeste_slug": "213", "judet": "Olt", "asociatie": null, "dimensiune": "13.4 Ha", "geocode_tier": "tier3_bbox", "confidence": "low"}}, {"type": "Feature", "id": "private-214", "geometry": {"type": "Polygon", "coordinates": [[[23.76002, 46.5952734], [23.7649004, 46.5952734], [23.7649004, 46.6034745], [23.76002, 46.6034745], [23.76002, 46.5952734]]]}, "properties": {"name": "Lacul Căprioarelor", "name_ro": "Lacul Căprioarelor", "type": "lake", "source": "bbox", "source_detail": "bbox rectangle fallback (OSM geometry unavailable)", "osm_type": "way", "osm_id": "way/693498868", "importance": null, "arebaltapeste_slug": "214", "judet": "Cluj", "asociatie": null, "dimensiune": "12.6 Ha", "geocode_tier": "tier3_bbox", "confidence": "low"}}, {"type": "Feature", "id": "private-215", "geometry": {"type": "Polygon", "coordinates": [[[26.5587861, 44.3836533], [26.564786, 44.3836533], [26.564786, 44.3907575], [26.5587861, 44.3907575], [26.5587861, 44.3836533]]]}, "properties": {"name": "Balta Solacolu", "name_ro": "Balta Solacolu", "type": "lake", "source": "bbox", "source_detail": "bbox rectangle fallback (OSM geometry unavailable)", "osm_type": "way", "osm_id": "way/708727119", "importance": null, "arebaltapeste_slug": "215", "judet": "Călărași", "asociatie": null, "dimensiune": "6.8 Ha", "geocode_tier": "tier3_bbox", "confidence": "low"}}, {"type": "Feature", "id": "private-216", "geometry": {"type": "Polygon", "coordinates": [[[26.4023718, 44.2379279], [26.4107278, 44.2379279], [26.4107278, 44.2398964], [26.4023718, 44.2398964], [26.4023718, 44.2379279]]]}, "properties": {"name": "Balta Gruiu", "name_ro": "Balta Gruiu", "type": "lake", "source": "bbox", "source_detail": "bbox rectangle fallback (OSM geometry unavailable)", "osm_type": "way", "osm_id": "way/710068977", "importance": null, "arebaltapeste_slug": "216", "judet": "Călărași", "asociatie": null, "dimensiune": "3.8 Ha", "geocode_tier": "tier3_bbox", "confidence": "low"}}, {"type": "Feature", "id": "private-217", "geometry": {"type": "Polygon", "coordinates": [[[27.2911251, 47.1579188], [27.2975789, 47.1579188], [27.2975789, 47.1610141], [27.2911251, 47.1610141], [27.2911251, 47.1579188]]]}, "properties": {"name": "Iaz Căbănuțele Pescarilor", "name_ro": "Iaz Căbănuțele Pescarilor", "type": "lake", "source": "bbox", "source_detail": "bbox rectangle fallback (OSM geometry unavailable)", "osm_type": "way", "osm_id": "way/849333608", "importance": null, "arebaltapeste_slug": "217", "judet": "Iași", "asociatie": null, "dimensiune": "11.6 Ha", "geocode_tier": "tier3_bbox", "confidence": "low"}}, {"type": "Feature", "id": "private-218", "geometry": {"type": "Polygon", "coordinates": [[[26.6373116, 44.4525184], [26.6512227, 44.4525184], [26.6512227, 44.4560243], [26.6373116, 44.4560243], [26.6373116, 44.4525184]]]}, "properties": {"name": "Balta Călăreți ", "name_ro": "Balta Călăreți ", "type": "lake", "source": "bbox", "source_detail": "bbox rectangle fallback (OSM geometry unavailable)", "osm_type": "way", "osm_id": "way/873437047", "importance": null, "arebaltapeste_slug": "218", "judet": "Călărași", "asociatie": null, "dimensiune": "13.8 Ha", "geocode_tier": "tier3_bbox", "confidence": "low"}}, {"type": "Feature", "id": "private-219", "geometry": {"type": "Polygon", "coordinates": [[[27.9387691, 45.436014], [27.9463637, 45.436014], [27.9463637, 45.4561887], [27.9387691, 45.4561887], [27.9387691, 45.436014]]]}, "properties": {"name": "Balta Mălina", "name_ro": "Balta Mălina", "type": "lake", "source": "bbox", "source_detail": "bbox rectangle fallback (OSM geometry unavailable)", "osm_type": "way", "osm_id": "way/886370925", "importance": null, "arebaltapeste_slug": "219", "judet": "Galați", "asociatie": null, "dimensiune": "89.2 Ha", "geocode_tier": "tier3_bbox", "confidence": "low"}}, {"type": "Feature", "id": "private-220", "geometry": {"type": "Polygon", "coordinates": [[[23.9826138, 47.1541887], [23.9835379, 47.1541887], [23.9835379, 47.1555503], [23.9826138, 47.1555503], [23.9826138, 47.1541887]]]}, "properties": {"name": "Lac Sânmărghita", "name_ro": "Lac Sânmărghita", "type": "lake", "source": "bbox", "source_detail": "bbox rectangle fallback (OSM geometry unavailable)", "osm_type": "way", "osm_id": "way/908097779", "importance": null, "arebaltapeste_slug": "220", "judet": "Cluj", "asociatie": null, "dimensiune": "0.7 Ha", "geocode_tier": "tier3_bbox", "confidence": "low"}}, {"type": "Feature", "id": "private-221", "geometry": {"type": "Polygon", "coordinates": [[[23.5237965, 46.9802954], [23.5248144, 46.9802954], [23.5248144, 46.9812167], [23.5237965, 46.9812167], [23.5237965, 46.9802954]]]}, "properties": {"name": "Lac Fodora", "name_ro": "Lac Fodora", "type": "lake", "source": "bbox", "source_detail": "bbox rectangle fallback (OSM geometry unavailable)", "osm_type": "way", "osm_id": "way/908100080", "importance": null, "arebaltapeste_slug": "221", "judet": "Cluj", "asociatie": null, "dimensiune": "0.4 Ha", "geocode_tier": "tier3_bbox", "confidence": "low"}}, {"type": "Feature", "id": "private-222", "geometry": {"type": "Polygon", "coordinates": [[[23.5270607, 46.6287147], [23.5316446, 46.6287147], [23.5316446, 46.6331665], [23.5270607, 46.6331665], [23.5270607, 46.6287147]]]}, "properties": {"name": "Lac Filea 2", "name_ro": "Lac Filea 2", "type": "lake", "source": "bbox", "source_detail": "bbox rectangle fallback (OSM geometry unavailable)", "osm_type": "way", "osm_id": "way/908100481", "importance": null, "arebaltapeste_slug": "222", "judet": "Cluj", "asociatie": null, "dimensiune": "10.2 Ha", "geocode_tier": "tier3_bbox", "confidence": "low"}}, {"type": "Feature", "id": "private-223", "geometry": {"type": "Polygon", "coordinates": [[[23.524856, 46.6302867], [23.5291582, 46.6302867], [23.5291582, 46.6338847], [23.524856, 46.6338847], [23.524856, 46.6302867]]]}, "properties": {"name": "Lac Filea 1", "name_ro": "Lac Filea 1", "type": "lake", "source": "bbox", "source_detail": "bbox rectangle fallback (OSM geometry unavailable)", "osm_type": "way", "osm_id": "way/908100482", "importance": null, "arebaltapeste_slug": "223", "judet": "Cluj", "asociatie": null, "dimensiune": "5.9 Ha", "geocode_tier": "tier3_bbox", "confidence": "low"}}, {"type": "Feature", "id": "private-224", "geometry": {"type": "Polygon", "coordinates": [[[24.0564913, 46.9371326], [24.0650958, 46.9371326], [24.0650958, 46.9401031], [24.0564913, 46.9401031], [24.0564913, 46.9371326]]]}, "properties": {"name": "Lac Țaga Mică", "name_ro": "Lac Țaga Mică", "type": "lake", "source": "bbox", "source_detail": "bbox rectangle fallback (OSM geometry unavailable)", "osm_type": "way", "osm_id": "way/909533389", "importance": null, "arebaltapeste_slug": "224", "judet": "Cluj", "asociatie": null, "dimensiune": "13.3 Ha", "geocode_tier": "tier3_bbox", "confidence": "low"}}, {"type": "Feature", "id": "private-226", "geometry": {"type": "Polygon", "coordinates": [[[23.9507675, 46.9357165], [23.957767, 46.9357165], [23.957767, 46.9401597], [23.9507675, 46.9401597], [23.9507675, 46.9357165]]]}, "properties": {"name": "Lacul lui Tibi", "name_ro": "Lacul lui Tibi", "type": "lake", "source": "bbox", "source_detail": "bbox rectangle fallback (OSM geometry unavailable)", "osm_type": "way", "osm_id": "way/910489178", "importance": null, "arebaltapeste_slug": "226", "judet": "Cluj", "asociatie": null, "dimensiune": "9.7 Ha", "geocode_tier": "tier3_bbox", "confidence": "low"}}, {"type": "Feature", "id": "private-227", "geometry": {"type": "Polygon", "coordinates": [[[23.8929623, 46.8221083], [23.8963231, 46.8221083], [23.8963231, 46.8232076], [23.8929623, 46.8232076], [23.8929623, 46.8221083]]]}, "properties": {"name": "Lac Bărăi", "name_ro": "Lac Bărăi", "type": "lake", "source": "bbox", "source_detail": "bbox rectangle fallback (OSM geometry unavailable)", "osm_type": "way", "osm_id": "way/910490085", "importance": null, "arebaltapeste_slug": "227", "judet": "Cluj", "asociatie": null, "dimensiune": "1.5 Ha", "geocode_tier": "tier3_bbox", "confidence": "low"}}, {"type": "Feature", "id": "private-228", "geometry": {"type": "Polygon", "coordinates": [[[24.0820164, 46.8751629], [24.087711, 46.8751629], [24.087711, 46.883067], [24.0820164, 46.883067], [24.0820164, 46.8751629]]]}, "properties": {"name": "Lacul Geaca 3", "name_ro": "Lacul Geaca 3", "type": "lake", "source": "bbox", "source_detail": "bbox rectangle fallback (OSM geometry unavailable)", "osm_type": "way", "osm_id": "way/910555118", "importance": null, "arebaltapeste_slug": "228", "judet": "Cluj", "asociatie": null, "dimensiune": "11.4 Ha", "geocode_tier": "tier3_bbox", "confidence": "low"}}, {"type": "Feature", "id": "private-229", "geometry": {"type": "Polygon", "coordinates": [[[23.5506481, 46.6240286], [23.5521743, 46.6240286], [23.5521743, 46.6250307], [23.5506481, 46.6250307], [23.5506481, 46.6240286]]]}, "properties": {"name": "Lac Șutu", "name_ro": "Lac Șutu", "type": "lake", "source": "bbox", "source_detail": "bbox rectangle fallback (OSM geometry unavailable)", "osm_type": "relation", "osm_id": "relation/15806555", "importance": null, "arebaltapeste_slug": "229", "judet": "Cluj", "asociatie": null, "dimensiune": "0.7 Ha", "geocode_tier": "tier3_bbox", "confidence": "low"}}, {"type": "Feature", "id": "private-232", "geometry": {"type": "Polygon", "coordinates": [[[23.0202426, 46.6812359], [23.0209266, 46.6812359], [23.0209266, 46.6816959], [23.0202426, 46.6816959], [23.0202426, 46.6812359]]]}, "properties": {"name": "La Găvrila", "name_ro": "La Găvrila", "type": "lake", "source": "bbox", "source_detail": "bbox rectangle fallback (OSM geometry unavailable)", "osm_type": "way", "osm_id": "way/931023370", "importance": null, "arebaltapeste_slug": "232", "judet": "Cluj", "asociatie": null, "dimensiune": "0.2 Ha", "geocode_tier": "tier3_bbox", "confidence": "low"}}, {"type": "Feature", "id": "private-235", "geometry": {"type": "Polygon", "coordinates": [[[21.4378881, 46.2635354], [21.4438695, 46.2635354], [21.4438695, 46.2676129], [21.4378881, 46.2676129], [21.4378881, 46.2635354]]]}, "properties": {"name": "Monster Carp Lake", "name_ro": "Monster Carp Lake", "type": "lake", "source": "bbox", "source_detail": "bbox rectangle fallback (OSM geometry unavailable)", "osm_type": "way", "osm_id": "way/932907177", "importance": null, "arebaltapeste_slug": "235", "judet": "Arad", "asociatie": null, "dimensiune": "8.7 Ha", "geocode_tier": "tier3_bbox", "confidence": "low"}}, {"type": "Feature", "id": "private-236", "geometry": {"type": "Polygon", "coordinates": [[[23.8204317, 44.2063407], [23.8233146, 44.2063407], [23.8233146, 44.209413], [23.8204317, 44.209413], [23.8204317, 44.2063407]]]}, "properties": {"name": "Lacul Tuglui", "name_ro": "Lacul Tuglui", "type": "lake", "source": "bbox", "source_detail": "bbox rectangle fallback (OSM geometry unavailable)", "osm_type": "way", "osm_id": "way/933289012", "importance": null, "arebaltapeste_slug": "236", "judet": "Dolj", "asociatie": null, "dimensiune": "3.4 Ha", "geocode_tier": "tier3_bbox", "confidence": "low"}}, {"type": "Feature", "id": "private-238", "geometry": {"type": "Polygon", "coordinates": [[[26.0867679, 44.2508247], [26.0916388, 44.2508247], [26.0916388, 44.2543981], [26.0867679, 44.2543981], [26.0867679, 44.2508247]]]}, "properties": {"name": "Varlaam - Sector A", "name_ro": "Varlaam - Sector A", "type": "lake", "source": "bbox", "source_detail": "bbox rectangle fallback (OSM geometry unavailable)", "osm_type": "way", "osm_id": "way/934283005", "importance": null, "arebaltapeste_slug": "238", "judet": "Giurgiu", "asociatie": null, "dimensiune": "7.4 Ha", "geocode_tier": "tier3_bbox", "confidence": "low"}}, {"type": "Feature", "id": "private-239", "geometry": {"type": "Polygon", "coordinates": [[[25.3471059, 44.3367011], [25.3499302, 44.3367011], [25.3499302, 44.3454907], [25.3471059, 44.3454907], [25.3471059, 44.3367011]]]}, "properties": {"name": "Balta Valea Liliecilor", "name_ro": "Balta Valea Liliecilor", "type": "lake", "source": "bbox", "source_detail": "bbox rectangle fallback (OSM geometry unavailable)", "osm_type": "way", "osm_id": "way/934286237", "importance": null, "arebaltapeste_slug": "239", "judet": "Teleorman", "asociatie": null, "dimensiune": "6 Ha", "geocode_tier": "tier3_bbox", "confidence": "low"}}, {"type": "Feature", "id": "private-247", "geometry": {"type": "Polygon", "coordinates": [[[25.2106082, 44.5423162], [25.2118099, 44.5423162], [25.2118099, 44.5452716], [25.2106082, 44.5452716], [25.2106082, 44.5423162]]]}, "properties": {"name": "Balta Babaroaga", "name_ro": "Balta Babaroaga", "type": "lake", "source": "bbox", "source_detail": "bbox rectangle fallback (OSM geometry unavailable)", "osm_type": "way", "osm_id": "way/935454777", "importance": null, "arebaltapeste_slug": "247", "judet": "Argeș", "asociatie": null, "dimensiune": "1.3 Ha", "geocode_tier": "tier3_bbox", "confidence": "low"}}, {"type": "Feature", "id": "private-248", "geometry": {"type": "Polygon", "coordinates": [[[25.7792044, 44.0531665], [25.7857704, 44.0531665], [25.7857704, 44.0589339], [25.7792044, 44.0589339], [25.7792044, 44.0531665]]]}, "properties": {"name": "Balta Valea Dragnei", "name_ro": "Balta Valea Dragnei", "type": "lake", "source": "bbox", "source_detail": "bbox rectangle fallback (OSM geometry unavailable)", "osm_type": "way", "osm_id": "way/935455711", "importance": null, "arebaltapeste_slug": "248", "judet": "Giurgiu", "asociatie": null, "dimensiune": "5 Ha", "geocode_tier": "tier3_bbox", "confidence": "low"}}, {"type": "Feature", "id": "private-249", "geometry": {"type": "Polygon", "coordinates": [[[26.7355406, 46.9597897], [26.7377025, 46.9597897], [26.7377025, 46.9615911], [26.7355406, 46.9615911], [26.7355406, 46.9597897]]]}, "properties": {"name": "Iaz Ruginoasa", "name_ro": "Iaz Ruginoasa", "type": "lake", "source": "bbox", "source_detail": "bbox rectangle fallback (OSM geometry unavailable)", "osm_type": "way", "osm_id": "way/936652288", "importance": null, "arebaltapeste_slug": "249", "judet": "Neamț", "asociatie": null, "dimensiune": "1.4 Ha", "geocode_tier": "tier3_bbox", "confidence": "low"}}, {"type": "Feature", "id": "private-250", "geometry": {"type": "Polygon", "coordinates": [[[27.1879434, 46.1456184], [27.1925783, 46.1456184], [27.1925783, 46.1491863], [27.1879434, 46.1491863], [27.1879434, 46.1456184]]]}, "properties": {"name": "Balta Adjudu Vechi", "name_ro": "Balta Adjudu Vechi", "type": "lake", "source": "bbox", "source_detail": "bbox rectangle fallback (OSM geometry unavailable)", "osm_type": "way", "osm_id": "way/936660221", "importance": null, "arebaltapeste_slug": "250", "judet": "Vrancea", "asociatie": null, "dimensiune": "8.5 Ha", "geocode_tier": "tier3_bbox", "confidence": "low"}}, {"type": "Feature", "id": "private-251", "geometry": {"type": "Polygon", "coordinates": [[[25.6777632, 44.7030248], [25.6853485, 44.7030248], [25.6853485, 44.7096887], [25.6777632, 44.7096887], [25.6777632, 44.7030248]]]}, "properties": {"name": "Balta Contesti", "name_ro": "Balta Contesti", "type": "lake", "source": "bbox", "source_detail": "bbox rectangle fallback (OSM geometry unavailable)", "osm_type": "way", "osm_id": "way/936682229", "importance": null, "arebaltapeste_slug": "251", "judet": "Dâmbovița", "asociatie": null, "dimensiune": "11 Ha", "geocode_tier": "tier3_bbox", "confidence": "low"}}, {"type": "Feature", "id": "private-252", "geometry": {"type": "Polygon", "coordinates": [[[24.9416766, 44.6715809], [24.9541515, 44.6715809], [24.9541515, 44.6775585], [24.9416766, 44.6775585], [24.9416766, 44.6715809]]]}, "properties": {"name": "Balta La Firel", "name_ro": "Balta La Firel", "type": "lake", "source": "bbox", "source_detail": "bbox rectangle fallback (OSM geometry unavailable)", "osm_type": "way", "osm_id": "way/952275745", "importance": null, "arebaltapeste_slug": "252", "judet": "Argeș", "asociatie": null, "dimensiune": "13.9 Ha", "geocode_tier": "tier3_bbox", "confidence": "low"}}, {"type": "Feature", "id": "private-253", "geometry": {"type": "Polygon", "coordinates": [[[24.7352484, 44.6743657], [24.7425064, 44.6743657], [24.7425064, 44.6823207], [24.7352484, 44.6823207], [24.7352484, 44.6743657]]]}, "properties": {"name": "Lunca Corbului", "name_ro": "Lunca Corbului", "type": "lake", "source": "bbox", "source_detail": "bbox rectangle fallback (OSM geometry unavailable)", "osm_type": "way", "osm_id": "way/952277996", "importance": null, "arebaltapeste_slug": "253", "judet": "Argeș", "asociatie": null, "dimensiune": "11 Ha", "geocode_tier": "tier3_bbox", "confidence": "low"}}, {"type": "Feature", "id": "private-254", "geometry": {"type": "Polygon", "coordinates": [[[24.6734315, 44.6327074], [24.6759796, 44.6327074], [24.6759796, 44.6349501], [24.6734315, 44.6349501], [24.6734315, 44.6327074]]]}, "properties": {"name": "Balta Colonești", "name_ro": "Balta Colonești", "type": "lake", "source": "bbox", "source_detail": "bbox rectangle fallback (OSM geometry unavailable)", "osm_type": "way", "osm_id": "way/952279333", "importance": null, "arebaltapeste_slug": "254", "judet": "Olt", "asociatie": null, "dimensiune": "3.7 Ha", "geocode_tier": "tier3_bbox", "confidence": "low"}}, {"type": "Feature", "id": "private-255", "geometry": {"type": "Polygon", "coordinates": [[[24.8933324, 44.9622511], [24.8949444, 44.9622511], [24.8949444, 44.9641812], [24.8933324, 44.9641812], [24.8933324, 44.9622511]]]}, "properties": {"name": "Ozone Lake", "name_ro": "Ozone Lake", "type": "lake", "source": "bbox", "source_detail": "bbox rectangle fallback (OSM geometry unavailable)", "osm_type": "way", "osm_id": "way/952337726", "importance": null, "arebaltapeste_slug": "255", "judet": "Argeș", "asociatie": null, "dimensiune": "2.1 Ha", "geocode_tier": "tier3_bbox", "confidence": "low"}}, {"type": "Feature", "id": "private-256", "geometry": {"type": "Polygon", "coordinates": [[[25.3286254, 44.6918554], [25.3301543, 44.6918554], [25.3301543, 44.6954401], [25.3286254, 44.6954401], [25.3286254, 44.6918554]]]}, "properties": {"name": "Balta EYA", "name_ro": "Balta EYA", "type": "lake", "source": "bbox", "source_detail": "bbox rectangle fallback (OSM geometry unavailable)", "osm_type": "way", "osm_id": "way/952339009", "importance": null, "arebaltapeste_slug": "256", "judet": "Dâmbovița", "asociatie": null, "dimensiune": "4 Ha", "geocode_tier": "tier3_bbox", "confidence": "low"}}, {"type": "Feature", "id": "private-257", "geometry": {"type": "Polygon", "coordinates": [[[21.9257337, 47.1571189], [21.92763, 47.1571189], [21.92763, 47.1579724], [21.9257337, 47.1579724], [21.9257337, 47.1571189]]]}, "properties": {"name": "Lac Biharia", "name_ro": "Lac Biharia", "type": "lake", "source": "bbox", "source_detail": "bbox rectangle fallback (OSM geometry unavailable)", "osm_type": "way", "osm_id": "way/952592523", "importance": null, "arebaltapeste_slug": "257", "judet": "Bihor", "asociatie": null, "dimensiune": "0.6 Ha", "geocode_tier": "tier3_bbox", "confidence": "low"}}, {"type": "Feature", "id": "private-259", "geometry": {"type": "Polygon", "coordinates": [[[26.637817, 47.7606065], [26.6421112, 47.7606065], [26.6421112, 47.7623636], [26.637817, 47.7623636], [26.637817, 47.7606065]]]}, "properties": {"name": "Iazul Luizoaia", "name_ro": "Iazul Luizoaia", "type": "lake", "source": "bbox", "source_detail": "bbox rectangle fallback (OSM geometry unavailable)", "osm_type": "way", "osm_id": "way/952598869", "importance": null, "arebaltapeste_slug": "259", "judet": "Botoșani", "asociatie": null, "dimensiune": "3.8 Ha", "geocode_tier": "tier3_bbox", "confidence": "low"}}, {"type": "Feature", "id": "private-260", "geometry": {"type": "Polygon", "coordinates": [[[26.5438592, 47.7813061], [26.5507096, 47.7813061], [26.5507096, 47.7853972], [26.5438592, 47.7853972], [26.5438592, 47.7813061]]]}, "properties": {"name": "Iazul Loești", "name_ro": "Iazul Loești", "type": "lake", "source": "bbox", "source_detail": "bbox rectangle fallback (OSM geometry unavailable)", "osm_type": "way", "osm_id": "way/952641012", "importance": null, "arebaltapeste_slug": "260", "judet": "Botoșani", "asociatie": null, "dimensiune": "10.9 Ha", "geocode_tier": "tier3_bbox", "confidence": "low"}}, {"type": "Feature", "id": "private-263", "geometry": {"type": "Polygon", "coordinates": [[[25.5127055, 45.6305164], [25.5141523, 45.6305164], [25.5141523, 45.6316554], [25.5127055, 45.6316554], [25.5127055, 45.6305164]]]}, "properties": {"name": "Balta Cristian", "name_ro": "Balta Cristian", "type": "lake", "source": "bbox", "source_detail": "bbox rectangle fallback (OSM geometry unavailable)", "osm_type": "way", "osm_id": "way/952672961", "importance": null, "arebaltapeste_slug": "263", "judet": "Brașov", "asociatie": null, "dimensiune": "0.5 Ha", "geocode_tier": "tier3_bbox", "confidence": "low"}}, {"type": "Feature", "id": "private-265", "geometry": {"type": "Polygon", "coordinates": [[[26.4238467, 44.6209842], [26.4370779, 44.6209842], [26.4370779, 44.6277747], [26.4238467, 44.6277747], [26.4238467, 44.6209842]]]}, "properties": {"name": "Balta Plină", "name_ro": "Balta Plină", "type": "lake", "source": "bbox", "source_detail": "bbox rectangle fallback (OSM geometry unavailable)", "osm_type": "way", "osm_id": "way/952699027", "importance": null, "arebaltapeste_slug": "265", "judet": "Ialomița", "asociatie": null, "dimensiune": "15.8 Ha", "geocode_tier": "tier3_bbox", "confidence": "low"}}, {"type": "Feature", "id": "private-267", "geometry": {"type": "Polygon", "coordinates": [[[22.3134631, 45.0043149], [22.3137796, 45.0043149], [22.3137796, 45.0047947], [22.3134631, 45.0047947], [22.3134631, 45.0043149]]]}, "properties": {"name": "Cabana Pescarului JIM", "name_ro": "Cabana Pescarului JIM", "type": "lake", "source": "bbox", "source_detail": "bbox rectangle fallback (OSM geometry unavailable)", "osm_type": "way", "osm_id": "way/952985652", "importance": null, "arebaltapeste_slug": "267", "judet": "Caraș-Severin", "asociatie": null, "dimensiune": "0.1 Ha", "geocode_tier": "tier3_bbox", "confidence": "low"}}, {"type": "Feature", "id": "private-273", "geometry": {"type": "Polygon", "coordinates": [[[21.6752929, 46.8668991], [21.6856706, 46.8668991], [21.6856706, 46.8709425], [21.6752929, 46.8709425], [21.6752929, 46.8668991]]]}, "properties": {"name": "Lacul Iannis", "name_ro": "Lacul Iannis", "type": "lake", "source": "bbox", "source_detail": "bbox rectangle fallback (OSM geometry unavailable)", "osm_type": "way", "osm_id": "way/957429693", "importance": null, "arebaltapeste_slug": "273", "judet": "Bihor", "asociatie": null, "dimensiune": "26.4 Ha", "geocode_tier": "tier3_bbox", "confidence": "low"}}, {"type": "Feature", "id": "private-274", "geometry": {"type": "Polygon", "coordinates": [[[24.0500886, 47.1892433], [24.0523484, 47.1892433], [24.0523484, 47.1909717], [24.0500886, 47.1909717], [24.0500886, 47.1892433]]]}, "properties": {"name": "Balta lui Otto", "name_ro": "Balta lui Otto", "type": "lake", "source": "bbox", "source_detail": "bbox rectangle fallback (OSM geometry unavailable)", "osm_type": "way", "osm_id": "way/957430207", "importance": null, "arebaltapeste_slug": "274", "judet": "Bistrița-Năsăud", "asociatie": null, "dimensiune": "2.3 Ha", "geocode_tier": "tier3_bbox", "confidence": "low"}}, {"type": "Feature", "id": "private-275", "geometry": {"type": "Polygon", "coordinates": [[[26.0348591, 45.7432796], [26.0393945, 45.7432796], [26.0393945, 45.7456842], [26.0348591, 45.7456842], [26.0348591, 45.7432796]]]}, "properties": {"name": "Balta Valea Mare", "name_ro": "Balta Valea Mare", "type": "lake", "source": "bbox", "source_detail": "bbox rectangle fallback (OSM geometry unavailable)", "osm_type": "way", "osm_id": "way/957445086", "importance": null, "arebaltapeste_slug": "275", "judet": "Covasna", "asociatie": null, "dimensiune": "5 Ha", "geocode_tier": "tier3_bbox", "confidence": "low"}}, {"type": "Feature", "id": "private-276", "geometry": {"type": "Polygon", "coordinates": [[[21.3935488, 45.6749704], [21.4038217, 45.6749704], [21.4038217, 45.6798434], [21.3935488, 45.6798434], [21.3935488, 45.6749704]]]}, "properties": {"name": "Balta Sacoșu Turcesc - Balta 2", "name_ro": "Balta Sacoșu Turcesc - Balta 2", "type": "lake", "source": "bbox", "source_detail": "bbox rectangle fallback (OSM geometry unavailable)", "osm_type": "way", "osm_id": "way/957450629", "importance": null, "arebaltapeste_slug": "276", "judet": "Timiș", "asociatie": null, "dimensiune": "23.4 Ha", "geocode_tier": "tier3_bbox", "confidence": "low"}}, {"type": "Feature", "id": "private-278", "geometry": {"type": "Polygon", "coordinates": [[[24.1572469, 44.1968485], [24.1617461, 44.1968485], [24.1617461, 44.1999593], [24.1572469, 44.1999593], [24.1572469, 44.1968485]]]}, "properties": {"name": "Balta Teslui", "name_ro": "Balta Teslui", "type": "lake", "source": "bbox", "source_detail": "bbox rectangle fallback (OSM geometry unavailable)", "osm_type": "way", "osm_id": "way/957452511", "importance": null, "arebaltapeste_slug": "278", "judet": "Dolj", "asociatie": null, "dimensiune": "3.5 Ha", "geocode_tier": "tier3_bbox", "confidence": "low"}}, {"type": "Feature", "id": "private-279", "geometry": {"type": "Polygon", "coordinates": [[[26.1995462, 45.0977257], [26.2030587, 45.0977257], [26.2030587, 45.0990732], [26.1995462, 45.0990732], [26.1995462, 45.0977257]]]}, "properties": {"name": "Balta Green Paradise 2", "name_ro": "Balta Green Paradise 2", "type": "lake", "source": "bbox", "source_detail": "bbox rectangle fallback (OSM geometry unavailable)", "osm_type": "way", "osm_id": "way/957454772", "importance": null, "arebaltapeste_slug": "279", "judet": "Prahova", "asociatie": null, "dimensiune": "2.7 Ha", "geocode_tier": "tier3_bbox", "confidence": "low"}}, {"type": "Feature", "id": "private-281", "geometry": {"type": "Polygon", "coordinates": [[[25.4062995, 44.2967917], [25.4143167, 44.2967917], [25.4143167, 44.3059496], [25.4062995, 44.3059496], [25.4062995, 44.2967917]]]}, "properties": {"name": "Balta Cosmești", "name_ro": "Balta Cosmești", "type": "lake", "source": "bbox", "source_detail": "bbox rectangle fallback (OSM geometry unavailable)", "osm_type": "way", "osm_id": "way/958787492", "importance": null, "arebaltapeste_slug": "281", "judet": "Teleorman", "asociatie": null, "dimensiune": "13 Ha", "geocode_tier": "tier3_bbox", "confidence": "low"}}, {"type": "Feature", "id": "private-283", "geometry": {"type": "Polygon", "coordinates": [[[27.070574, 45.2835305], [27.0717944, 45.2835305], [27.0717944, 45.2856922], [27.070574, 45.2856922], [27.070574, 45.2835305]]]}, "properties": {"name": "Balta Ziduri", "name_ro": "Balta Ziduri", "type": "lake", "source": "bbox", "source_detail": "bbox rectangle fallback (OSM geometry unavailable)", "osm_type": "way", "osm_id": "way/958802285", "importance": null, "arebaltapeste_slug": "283", "judet": "Buzău", "asociatie": null, "dimensiune": "0.9 Ha", "geocode_tier": "tier3_bbox", "confidence": "low"}}, {"type": "Feature", "id": "private-286", "geometry": {"type": "Polygon", "coordinates": [[[25.5585766, 44.1553999], [25.56687, 44.1553999], [25.56687, 44.1614998], [25.5585766, 44.1614998], [25.5585766, 44.1553999]]]}, "properties": {"name": "Balta Valea Cireșului", "name_ro": "Balta Valea Cireșului", "type": "lake", "source": "bbox", "source_detail": "bbox rectangle fallback (OSM geometry unavailable)", "osm_type": "way", "osm_id": "way/958914293", "importance": null, "arebaltapeste_slug": "286", "judet": "Teleorman", "asociatie": null, "dimensiune": "10.3 Ha", "geocode_tier": "tier3_bbox", "confidence": "low"}}, {"type": "Feature", "id": "private-288", "geometry": {"type": "Polygon", "coordinates": [[[26.8650565, 47.656895], [26.8675402, 47.656895], [26.8675402, 47.6586402], [26.8650565, 47.6586402], [26.8650565, 47.656895]]]}, "properties": {"name": "Poienita Agrotur", "name_ro": "Poienita Agrotur", "type": "lake", "source": "bbox", "source_detail": "bbox rectangle fallback (OSM geometry unavailable)", "osm_type": "way", "osm_id": "way/959106449", "importance": null, "arebaltapeste_slug": "288", "judet": "Botoșani", "asociatie": null, "dimensiune": "2 Ha", "geocode_tier": "tier3_bbox", "confidence": "low"}}, {"type": "Feature", "id": "private-289", "geometry": {"type": "Polygon", "coordinates": [[[25.4420896, 44.2793723], [25.4598807, 44.2793723], [25.4598807, 44.2843399], [25.4420896, 44.2843399], [25.4420896, 44.2793723]]]}, "properties": {"name": "Blejesti-Sericu", "name_ro": "Blejesti-Sericu", "type": "lake", "source": "bbox", "source_detail": "bbox rectangle fallback (OSM geometry unavailable)", "osm_type": "way", "osm_id": "way/962260389", "importance": null, "arebaltapeste_slug": "289", "judet": "Teleorman", "asociatie": null, "dimensiune": "18.2 Ha", "geocode_tier": "tier3_bbox", "confidence": "low"}}, {"type": "Feature", "id": "private-292", "geometry": {"type": "Polygon", "coordinates": [[[26.4527392, 44.4954378], [26.4555126, 44.4954378], [26.4555126, 44.4975365], [26.4527392, 44.4975365], [26.4527392, 44.4954378]]]}, "properties": {"name": "Cândeasca Lakes Bazinul 0", "name_ro": "Cândeasca Lakes Bazinul 0", "type": "lake", "source": "bbox", "source_detail": "bbox rectangle fallback (OSM geometry unavailable)", "osm_type": "way", "osm_id": "way/966100657", "importance": null, "arebaltapeste_slug": "292", "judet": "Călărași", "asociatie": null, "dimensiune": "1.5 Ha", "geocode_tier": "tier3_bbox", "confidence": "low"}}, {"type": "Feature", "id": "private-296", "geometry": {"type": "Polygon", "coordinates": [[[25.090692, 44.6626333], [25.1006511, 44.6626333], [25.1006511, 44.6754414], [25.090692, 44.6754414], [25.090692, 44.6626333]]]}, "properties": {"name": "Lac Teiu Mavexim", "name_ro": "Lac Teiu Mavexim", "type": "lake", "source": "bbox", "source_detail": "bbox rectangle fallback (OSM geometry unavailable)", "osm_type": "way", "osm_id": "way/966122372", "importance": null, "arebaltapeste_slug": "296", "judet": "Argeș", "asociatie": null, "dimensiune": "20.9 Ha", "geocode_tier": "tier3_bbox", "confidence": "low"}}, {"type": "Feature", "id": "private-297", "geometry": {"type": "Polygon", "coordinates": [[[25.6681703, 44.0787279], [25.6709437, 44.0787279], [25.6709437, 44.086957], [25.6681703, 44.086957], [25.6681703, 44.0787279]]]}, "properties": {"name": "Chita Lake", "name_ro": "Chita Lake", "type": "lake", "source": "bbox", "source_detail": "bbox rectangle fallback (OSM geometry unavailable)", "osm_type": "way", "osm_id": "way/966181423", "importance": null, "arebaltapeste_slug": "297", "judet": "Giurgiu", "asociatie": null, "dimensiune": "8.7 Ha", "geocode_tier": "tier3_bbox", "confidence": "low"}}, {"type": "Feature", "id": "private-298", "geometry": {"type": "Polygon", "coordinates": [[[25.6653956, 44.0741476], [25.6694967, 44.0741476], [25.6694967, 44.0787472], [25.6653956, 44.0787472], [25.6653956, 44.0741476]]]}, "properties": {"name": "Balta Chita 3", "name_ro": "Balta Chita 3", "type": "lake", "source": "bbox", "source_detail": "bbox rectangle fallback (OSM geometry unavailable)", "osm_type": "way", "osm_id": "way/966181424", "importance": null, "arebaltapeste_slug": "298", "judet": "Giurgiu", "asociatie": null, "dimensiune": "4.8 Ha", "geocode_tier": "tier3_bbox", "confidence": "low"}}, {"type": "Feature", "id": "private-299", "geometry": {"type": "Polygon", "coordinates": [[[27.2343189, 45.9299508], [27.239513, 45.9299508], [27.239513, 45.945261], [27.2343189, 45.945261], [27.2343189, 45.9299508]]]}, "properties": {"name": "Balta Pădureni Sud", "name_ro": "Balta Pădureni Sud", "type": "lake", "source": "bbox", "source_detail": "bbox rectangle fallback (OSM geometry unavailable)", "osm_type": "way", "osm_id": "way/88370679", "importance": null, "arebaltapeste_slug": "299", "judet": "Vrancea", "asociatie": null, "dimensiune": "21.6 Ha", "geocode_tier": "tier3_bbox", "confidence": "low"}}, {"type": "Feature", "id": "private-300", "geometry": {"type": "Polygon", "coordinates": [[[24.3882408, 46.9023106], [24.395969, 46.9023106], [24.395969, 46.911524], [24.3882408, 46.911524], [24.3882408, 46.9023106]]]}, "properties": {"name": "Lacul Brăteni", "name_ro": "Lacul Brăteni", "type": "lake", "source": "bbox", "source_detail": "bbox rectangle fallback (OSM geometry unavailable)", "osm_type": "way", "osm_id": "way/88372234", "importance": null, "arebaltapeste_slug": "300", "judet": "Bistrița-Năsăud", "asociatie": null, "dimensiune": "21.2 Ha", "geocode_tier": "tier3_bbox", "confidence": "low"}}, {"type": "Feature", "id": "private-301", "geometry": {"type": "Polygon", "coordinates": [[[26.2258477, 47.7517231], [26.2277333, 47.7517231], [26.2277333, 47.7548356], [26.2258477, 47.7548356], [26.2258477, 47.7517231]]]}, "properties": {"name": "Lac Dragomirna", "name_ro": "Lac Dragomirna", "type": "lake", "source": "bbox", "source_detail": "bbox rectangle fallback (OSM geometry unavailable)", "osm_type": "way", "osm_id": "way/180006766", "importance": null, "arebaltapeste_slug": "301", "judet": "Suceava", "asociatie": null, "dimensiune": "3 Ha", "geocode_tier": "tier3_bbox", "confidence": "low"}}, {"type": "Feature", "id": "private-303", "geometry": {"type": "Polygon", "coordinates": [[[24.4815731, 46.9625649], [24.4836706, 46.9625649], [24.4836706, 46.9641099], [24.4815731, 46.9641099], [24.4815731, 46.9625649]]]}, "properties": {"name": "Lacul Paradisul Verde", "name_ro": "Lacul Paradisul Verde", "type": "lake", "source": "bbox", "source_detail": "bbox rectangle fallback (OSM geometry unavailable)", "osm_type": "way", "osm_id": "way/975621235", "importance": null, "arebaltapeste_slug": "303", "judet": "Bistrița-Năsăud", "asociatie": null, "dimensiune": "1.3 Ha", "geocode_tier": "tier3_bbox", "confidence": "low"}}, {"type": "Feature", "id": "private-304", "geometry": {"type": "Polygon", "coordinates": [[[24.5944163, 47.1715821], [24.6039087, 47.1715821], [24.6039087, 47.173668], [24.5944163, 47.173668], [24.5944163, 47.1715821]]]}, "properties": {"name": "Lac Poiana Corbilor - Dorolea", "name_ro": "Lac Poiana Corbilor - Dorolea", "type": "lake", "source": "bbox", "source_detail": "bbox rectangle fallback (OSM geometry unavailable)", "osm_type": "relation", "osm_id": "relation/16023539", "importance": null, "arebaltapeste_slug": "304", "judet": "Bistrița-Năsăud", "asociatie": null, "dimensiune": "8 Ha", "geocode_tier": "tier3_bbox", "confidence": "low"}}, {"type": "Feature", "id": "private-309", "geometry": {"type": "Polygon", "coordinates": [[[23.925987, 47.1765168], [23.9268138, 47.1765168], [23.9268138, 47.1772087], [23.925987, 47.1772087], [23.925987, 47.1765168]]]}, "properties": {"name": "Gold Fish", "name_ro": "Gold Fish", "type": "lake", "source": "bbox", "source_detail": "bbox rectangle fallback (OSM geometry unavailable)", "osm_type": "way", "osm_id": "way/1122307744", "importance": null, "arebaltapeste_slug": "309", "judet": "Cluj", "asociatie": null, "dimensiune": "0.3 Ha", "geocode_tier": "tier3_bbox", "confidence": "low"}}, {"type": "Feature", "id": "private-310", "geometry": {"type": "Polygon", "coordinates": [[[24.0834099, 46.8414383], [24.0873796, 46.8414383], [24.0873796, 46.8488215], [24.0834099, 46.8488215], [24.0834099, 46.8414383]]]}, "properties": {"name": "Lac Roșieni", "name_ro": "Lac Roșieni", "type": "lake", "source": "bbox", "source_detail": "bbox rectangle fallback (OSM geometry unavailable)", "osm_type": "way", "osm_id": "way/1160416946", "importance": null, "arebaltapeste_slug": "310", "judet": "Cluj", "asociatie": null, "dimensiune": "15.9 Ha", "geocode_tier": "tier3_bbox", "confidence": "low"}}, {"type": "Feature", "id": "private-312", "geometry": {"type": "Polygon", "coordinates": [[[23.7165964, 46.8355256], [23.7223256, 46.8355256], [23.7223256, 46.8389816], [23.7165964, 46.8389816], [23.7165964, 46.8355256]]]}, "properties": {"name": "Lac Pescuit Sportiv Câmpenești - EC 5", "name_ro": "Lac Pescuit Sportiv Câmpenești - EC 5", "type": "lake", "source": "bbox", "source_detail": "bbox rectangle fallback (OSM geometry unavailable)", "osm_type": "way", "osm_id": "way/168911342", "importance": null, "arebaltapeste_slug": "312", "judet": "Cluj", "asociatie": null, "dimensiune": "12.6 Ha", "geocode_tier": "tier3_bbox", "confidence": "low"}}, {"type": "Feature", "id": "private-313", "geometry": {"type": "Polygon", "coordinates": [[[23.7221316, 46.8351358], [23.7268075, 46.8351358], [23.7268075, 46.837865], [23.7221316, 46.837865], [23.7221316, 46.8351358]]]}, "properties": {"name": "Lac Alcatraz Câmpenești - EC 6", "name_ro": "Lac Alcatraz Câmpenești - EC 6", "type": "lake", "source": "bbox", "source_detail": "bbox rectangle fallback (OSM geometry unavailable)", "osm_type": "way", "osm_id": "way/168911265", "importance": null, "arebaltapeste_slug": "313", "judet": "Cluj", "asociatie": null, "dimensiune": "6.7 Ha", "geocode_tier": "tier3_bbox", "confidence": "low"}}, {"type": "Feature", "id": "private-314", "geometry": {"type": "Polygon", "coordinates": [[[23.6718894, 46.6496203], [23.6787021, 46.6496203], [23.6787021, 46.6540427], [23.6718894, 46.6540427], [23.6718894, 46.6496203]]]}, "properties": {"name": "Mărtinești Iaz", "name_ro": "Mărtinești Iaz", "type": "lake", "source": "bbox", "source_detail": "bbox rectangle fallback (OSM geometry unavailable)", "osm_type": "way", "osm_id": "way/168991070", "importance": null, "arebaltapeste_slug": "314", "judet": "Cluj", "asociatie": null, "dimensiune": "14.6 Ha", "geocode_tier": "tier3_bbox", "confidence": "low"}}, {"type": "Feature", "id": "private-315", "geometry": {"type": "Polygon", "coordinates": [[[24.1310875, 46.6191933], [24.1617709, 46.6191933], [24.1617709, 46.6505909], [24.1310875, 46.6505909], [24.1310875, 46.6191933]]]}, "properties": {"name": "Balta Zau", "name_ro": "Balta Zau", "type": "lake", "source": "bbox", "source_detail": "bbox rectangle fallback (OSM geometry unavailable)", "osm_type": "way", "osm_id": "way/30053055", "importance": null, "arebaltapeste_slug": "315", "judet": "Mureș", "asociatie": null, "dimensiune": "170.6 Ha", "geocode_tier": "tier3_bbox", "confidence": "low"}}, {"type": "Feature", "id": "private-316", "geometry": {"type": "Polygon", "coordinates": [[[24.584261, 47.0026241], [24.5865646, 47.0026241], [24.5865646, 47.0033229], [24.584261, 47.0033229], [24.584261, 47.0026241]]]}, "properties": {"name": "Lac Șieu", "name_ro": "Lac Șieu", "type": "lake", "source": "bbox", "source_detail": "bbox rectangle fallback (OSM geometry unavailable)", "osm_type": "relation", "osm_id": "relation/16023493", "importance": null, "arebaltapeste_slug": "316", "judet": "Bistrița-Năsăud", "asociatie": null, "dimensiune": "0.7 Ha", "geocode_tier": "tier3_bbox", "confidence": "low"}}, {"type": "Feature", "id": "private-318", "geometry": {"type": "Polygon", "coordinates": [[[25.9525585, 44.3830531], [25.957204, 44.3830531], [25.957204, 44.3861967], [25.9525585, 44.3861967], [25.9525585, 44.3830531]]]}, "properties": {"name": "Lacul Nicmar Clinceni", "name_ro": "Lacul Nicmar Clinceni", "type": "lake", "source": "bbox", "source_detail": "bbox rectangle fallback (OSM geometry unavailable)", "osm_type": "way", "osm_id": "way/258768872", "importance": null, "arebaltapeste_slug": "318", "judet": "Ilfov", "asociatie": null, "dimensiune": "7.4 Ha", "geocode_tier": "tier3_bbox", "confidence": "low"}}, {"type": "Feature", "id": "private-319", "geometry": {"type": "Polygon", "coordinates": [[[26.3606751, 44.5631784], [26.3763193, 44.5631784], [26.3763193, 44.5683787], [26.3606751, 44.5683787], [26.3606751, 44.5631784]]]}, "properties": {"name": "Balta Sinești 1", "name_ro": "Balta Sinești 1", "type": "lake", "source": "bbox", "source_detail": "bbox rectangle fallback (OSM geometry unavailable)", "osm_type": "way", "osm_id": "way/1206072538", "importance": null, "arebaltapeste_slug": "319", "judet": "Ialomița", "asociatie": null, "dimensiune": "15.6 Ha", "geocode_tier": "tier3_bbox", "confidence": "low"}}, {"type": "Feature", "id": "private-320", "geometry": {"type": "Polygon", "coordinates": [[[26.458937, 44.6259366], [26.4659319, 44.6259366], [26.4659319, 44.6295575], [26.458937, 44.6295575], [26.458937, 44.6259366]]]}, "properties": {"name": "Balta Colceag 2", "name_ro": "Balta Colceag 2", "type": "lake", "source": "bbox", "source_detail": "bbox rectangle fallback (OSM geometry unavailable)", "osm_type": "way", "osm_id": "way/147741097", "importance": null, "arebaltapeste_slug": "320", "judet": "Ialomița", "asociatie": null, "dimensiune": "10.2 Ha", "geocode_tier": "tier3_bbox", "confidence": "low"}}, {"type": "Feature", "id": "private-321", "geometry": {"type": "Polygon", "coordinates": [[[26.4440152, 44.6281735], [26.4563046, 44.6281735], [26.4563046, 44.630921], [26.4440152, 44.630921], [26.4440152, 44.6281735]]]}, "properties": {"name": "Balta Colceag 3", "name_ro": "Balta Colceag 3", "type": "lake", "source": "bbox", "source_detail": "bbox rectangle fallback (OSM geometry unavailable)", "osm_type": "way", "osm_id": "way/952699025", "importance": null, "arebaltapeste_slug": "321", "judet": "Ialomița", "asociatie": null, "dimensiune": "11.5 Ha", "geocode_tier": "tier3_bbox", "confidence": "low"}}, {"type": "Feature", "id": "private-322", "geometry": {"type": "Polygon", "coordinates": [[[26.3322561, 44.9065655], [26.3484545, 44.9065655], [26.3484545, 44.9119964], [26.3322561, 44.9119964], [26.3322561, 44.9065655]]]}, "properties": {"name": "Balta Parepa 1", "name_ro": "Balta Parepa 1", "type": "lake", "source": "bbox", "source_detail": "bbox rectangle fallback (OSM geometry unavailable)", "osm_type": "way", "osm_id": "way/672401729", "importance": null, "arebaltapeste_slug": "322", "judet": "Prahova", "asociatie": null, "dimensiune": "15.1 Ha", "geocode_tier": "tier3_bbox", "confidence": "low"}}, {"type": "Feature", "id": "private-323", "geometry": {"type": "Polygon", "coordinates": [[[26.0748438, 44.4713468], [26.0891981, 44.4713468], [26.0891981, 44.4904153], [26.0748438, 44.4904153], [26.0748438, 44.4713468]]]}, "properties": {"name": "Lacul Herăstrău", "name_ro": "Lacul Herăstrău", "type": "lake", "source": "bbox", "source_detail": "bbox rectangle fallback (OSM geometry unavailable)", "osm_type": "relation", "osm_id": "relation/1130828", "importance": null, "arebaltapeste_slug": "323", "judet": "București", "asociatie": null, "dimensiune": "73.8 Ha", "geocode_tier": "tier3_bbox", "confidence": "low"}}]}