{"type": "FeatureCollection", "metadata": {"pipeline": "tier2_tier3_batch", "pipeline_version": "1.0", "generated_at": "2026-08-11T14:07:56.029990+00:00", "processed": 119, "counts": {"tier2_hit": 19, "tier2_miss": 0, "t3_overpass": 5, "t3_ne": 0, "t3_bbox": 95, "failed": 307}}, "features": [{"type": "Feature", "id": "lnkyd19e", "properties": {"arebaltapeste_slug": "lnkyd19e", "name": "Lac Paclisa", "name_ro": "Lac Paclisa", "type": "ape", "source": "bbox", "source_detail": "geocode cache (tier=tier3_bbox)", "osm_id": null, "geocode_tier": "tier3_bbox", "confidence": "low", "judet": "Hunedoara"}, "geometry": {"type": "Polygon", "coordinates": [[[22.8808224, 45.549225], [22.8998539, 45.549225], [22.8998539, 45.5631044], [22.8808224, 45.5631044], [22.8808224, 45.549225]]]}}, {"type": "Feature", "id": "ovhr6lkr", "properties": {"arebaltapeste_slug": "ovhr6lkr", "name": "Lac montan Podragu mic", "name_ro": "Lac montan Podragu mic", "type": "ape", "source": "bbox", "source_detail": "geocode cache (tier=tier3_bbox)", "osm_id": null, "geocode_tier": "tier3_bbox", "confidence": "low", "judet": "Sibiu"}, "geometry": {"type": "Polygon", "coordinates": [[[24.68937992781, 45.6102356859], [24.69088598952, 45.6102356859], [24.69088598952, 45.61086283645], [24.68937992781, 45.61086283645], [24.68937992781, 45.6102356859]]]}}, {"type": "Feature", "id": "jfwp7w1y", "properties": {"arebaltapeste_slug": "jfwp7w1y", "name": "Bistra Aurie II", "name_ro": "Bistra Aurie II", "type": "ape", "source": "bbox", "source_detail": "geocode cache (tier=tier3_bbox)", "osm_id": null, "geocode_tier": "tier3_bbox", "confidence": "low", "judet": "Suceava"}, "geometry": {"type": "Polygon", "coordinates": [[[24.95912463247, 47.56008263545], [25.04350674474, 47.56008263545], [25.04350674474, 47.596946], [24.95912463247, 47.596946], [24.95912463247, 47.56008263545]]]}}, {"type": "Feature", "id": "d1pqus6a", "properties": {"arebaltapeste_slug": "d1pqus6a", "name": "Lac acumulare Pecineagu", "name_ro": "Lac acumulare Pecineagu", "type": "ape", "source": "bbox", "source_detail": "geocode cache (tier=tier3_bbox)", "osm_id": null, "geocode_tier": "tier3_bbox", "confidence": "low", "judet": "Argeș"}, "geometry": {"type": "Polygon", "coordinates": [[[25.0372305, 45.5498844], [25.0965098, 45.5498844], [25.0965098, 45.575189], [25.0372305, 45.575189], [25.0372305, 45.5498844]]]}}, {"type": "Feature", "id": "8pel9fyb", "properties": {"arebaltapeste_slug": "8pel9fyb", "name": "Lac Copilul", "name_ro": "Lac Copilul", "type": "ape", "source": "bbox", "source_detail": "geocode cache (tier=tier3_bbox)", "osm_id": null, "geocode_tier": "tier3_bbox", "confidence": "low", "judet": "Arad"}, "geometry": {"type": "Polygon", "coordinates": [[[21.8270016, 46.4033976], [21.8485896, 46.4033976], [21.8485896, 46.4138146], [21.8270016, 46.4138146], [21.8270016, 46.4033976]]]}}, {"type": "Feature", "id": "7bs2dlc0", "properties": {"arebaltapeste_slug": "7bs2dlc0", "name": "Lac acumulare Curtea de Argeș", "name_ro": "Lac acumulare Curtea de Argeș", "type": "ape", "source": "bbox", "source_detail": "geocode cache (tier=tier3_bbox)", "osm_id": null, "geocode_tier": "tier3_bbox", "confidence": "low", "judet": "Argeș"}, "geometry": {"type": "Polygon", "coordinates": [[[24.66655968547, 45.1447092], [24.6721952, 45.1447092], [24.6721952, 45.15342968494], [24.66655968547, 45.15342968494], [24.66655968547, 45.1447092]]]}}, {"type": "Feature", "id": "i5wd80if", "properties": {"arebaltapeste_slug": "i5wd80if", "name": "Lac acumulare Zigoneni ", "name_ro": "Lac acumulare Zigoneni ", "type": "ape", "source": "bbox", "source_detail": "geocode cache (tier=tier3_bbox)", "osm_id": null, "geocode_tier": "tier3_bbox", "confidence": "low", "judet": "Argeș"}, "geometry": {"type": "Polygon", "coordinates": [[[24.656149, 45.0790778], [24.6659263, 45.0790778], [24.6659263, 45.1055052], [24.656149, 45.1055052], [24.656149, 45.0790778]]]}}, {"type": "Feature", "id": "vstc3oof", "properties": {"arebaltapeste_slug": "vstc3oof", "name": "Lac acumulare Vâlcele", "name_ro": "Lac acumulare Vâlcele", "type": "ape", "source": "bbox", "source_detail": "geocode cache (tier=tier3_bbox)", "osm_id": null, "geocode_tier": "tier3_bbox", "confidence": "low", "judet": "Argeș"}, "geometry": {"type": "Polygon", "coordinates": [[[24.705707, 44.9739453], [24.746685, 44.9739453], [24.746685, 45.0109703], [24.705707, 45.0109703], [24.705707, 44.9739453]]]}}, {"type": "Feature", "id": "w3jwqryr", "properties": {"arebaltapeste_slug": "w3jwqryr", "name": "Lac acumulare Pitești", "name_ro": "Lac acumulare Pitești", "type": "ape", "source": "bbox", "source_detail": "geocode cache (tier=tier3_bbox)", "osm_id": null, "geocode_tier": "tier3_bbox", "confidence": "low", "judet": "Argeș"}, "geometry": {"type": "Polygon", "coordinates": [[[24.8903578, 44.8435514], [24.90461647242, 44.8435514], [24.90461647242, 44.8536106613], [24.8903578, 44.8536106613], [24.8903578, 44.8435514]]]}}, {"type": "Feature", "id": "k7ysz8b8", "properties": {"arebaltapeste_slug": "k7ysz8b8", "name": "Lac acumulare Golești", "name_ro": "Lac acumulare Golești", "type": "ape", "source": "bbox", "source_detail": "geocode cache (tier=tier3_bbox)", "osm_id": null, "geocode_tier": "tier3_bbox", "confidence": "low", "judet": "Argeș"}, "geometry": {"type": "Polygon", "coordinates": [[[24.9347361, 44.8063719], [24.9980836, 44.8063719], [24.9980836, 44.8293107], [24.9347361, 44.8293107], [24.9347361, 44.8063719]]]}}, {"type": "Feature", "id": "hngl982a", "properties": {"arebaltapeste_slug": "hngl982a", "name": "Lac acumulare Râușor", "name_ro": "Lac acumulare Râușor", "type": "ape", "source": "bbox", "source_detail": "geocode cache (tier=tier3_bbox)", "osm_id": null, "geocode_tier": "tier3_bbox", "confidence": "low", "judet": "Argeș"}, "geometry": {"type": "Polygon", "coordinates": [[[25.0331792, 45.3936896], [25.0675831, 45.3936896], [25.0675831, 45.4304101], [25.0331792, 45.4304101], [25.0331792, 45.3936896]]]}}, {"type": "Feature", "id": "xfqyv3zg", "properties": {"arebaltapeste_slug": "xfqyv3zg", "name": "Lac de acumulare Stânca - Costești", "name_ro": "Lac de acumulare Stânca - Costești", "type": "ape", "source": "bbox", "source_detail": "geocode cache (tier=tier3_bbox)", "osm_id": null, "geocode_tier": "tier3_bbox", "confidence": "low", "judet": "Botoșani"}, "geometry": {"type": "Polygon", "coordinates": [[[27.087632, 47.8342375], [27.2783999, 47.8342375], [27.2783999, 48.0541328], [27.087632, 48.0541328], [27.087632, 47.8342375]]]}}, {"type": "Feature", "id": "ghex0mqa", "properties": {"arebaltapeste_slug": "ghex0mqa", "name": "Lac acumulare Voila", "name_ro": "Lac acumulare Voila", "type": "ape", "source": "bbox", "source_detail": "geocode cache (tier=tier3_bbox)", "osm_id": null, "geocode_tier": "tier3_bbox", "confidence": "low", "judet": "Brașov"}, "geometry": {"type": "Polygon", "coordinates": [[[24.8590664, 45.8312114], [24.9355951, 45.8312114], [24.9355951, 45.8517057], [24.8590664, 45.8517057], [24.8590664, 45.8312114]]]}}, {"type": "Feature", "id": "5l9byf37", "properties": {"arebaltapeste_slug": "5l9byf37", "name": "Lac acumulare Olteț", "name_ro": "Lac acumulare Olteț", "type": "ape", "source": "bbox", "source_detail": "geocode cache (tier=tier3_bbox)", "osm_id": null, "geocode_tier": "tier3_bbox", "confidence": "low", "judet": "Brașov"}, "geometry": {"type": "Polygon", "coordinates": [[[24.7490752, 45.8056595], [24.7853709, 45.8056595], [24.7853709, 45.819528], [24.7490752, 45.819528], [24.7490752, 45.8056595]]]}}, {"type": "Feature", "id": "0spoqep8", "properties": {"arebaltapeste_slug": "0spoqep8", "name": "Lac acumulare Siriu", "name_ro": "Lac acumulare Siriu", "type": "ape", "source": "bbox", "source_detail": "geocode cache (tier=tier3_bbox)", "osm_id": null, "geocode_tier": "tier3_bbox", "confidence": "low", "judet": "Buzău"}, "geometry": {"type": "Polygon", "coordinates": [[[26.1981709, 45.491368], [26.254928, 45.491368], [26.254928, 45.5301105], [26.1981709, 45.5301105], [26.1981709, 45.491368]]]}}, {"type": "Feature", "id": "hitnp6gk", "properties": {"arebaltapeste_slug": "hitnp6gk", "name": "Lac Dognecea Mare", "name_ro": "Lac Dognecea Mare", "type": "ape", "source": "bbox", "source_detail": "geocode cache (tier=tier3_bbox)", "osm_id": null, "geocode_tier": "tier3_bbox", "confidence": "low", "judet": "Caraș-Severin"}, "geometry": {"type": "Polygon", "coordinates": [[[21.7530796, 45.2843313], [21.7596652, 45.2843313], [21.7596652, 45.2881012], [21.7530796, 45.2881012], [21.7530796, 45.2843313]]]}}, {"type": "Feature", "id": "w82r43l5", "properties": {"arebaltapeste_slug": "w82r43l5", "name": "Lac Dognecea Mică", "name_ro": "Lac Dognecea Mică", "type": "ape", "source": "bbox", "source_detail": "geocode cache (tier=tier3_bbox)", "osm_id": null, "geocode_tier": "tier3_bbox", "confidence": "low", "judet": "Caraș-Severin"}, "geometry": {"type": "Polygon", "coordinates": [[[21.75544, 45.2908203], [21.7597713, 45.2908203], [21.7597713, 45.2929735], [21.75544, 45.2929735], [21.75544, 45.2908203]]]}}, {"type": "Feature", "id": "5zkwseu8", "properties": {"arebaltapeste_slug": "5zkwseu8", "name": "Lac Medreș ", "name_ro": "Lac Medreș ", "type": "ape", "source": "bbox", "source_detail": "geocode cache (tier=tier3_bbox)", "osm_id": null, "geocode_tier": "tier3_bbox", "confidence": "low", "judet": "Caraș-Severin"}, "geometry": {"type": "Polygon", "coordinates": [[[21.7777775, 45.390451], [21.7785896, 45.390451], [21.7785896, 45.3926789], [21.7777775, 45.3926789], [21.7777775, 45.390451]]]}}, {"type": "Feature", "id": "aersxf9e", "properties": {"arebaltapeste_slug": "aersxf9e", "name": "Lac Cilieni I,II,III", "name_ro": "Lac Cilieni I,II,III", "type": "ape", "source": "bbox", "source_detail": "geocode cache (tier=tier3_bbox)", "osm_id": null, "geocode_tier": "tier3_bbox", "confidence": "low", "judet": "Dolj"}, "geometry": {"type": "Polygon", "coordinates": [[[23.25346, 44.0272973], [23.3289903, 44.0272973], [23.3289903, 44.0552477], [23.25346, 44.0552477], [23.25346, 44.0272973]]]}}, {"type": "Feature", "id": "k3tny7t9", "properties": {"arebaltapeste_slug": "k3tny7t9", "name": "Lac baraj Zetea", "name_ro": "Lac baraj Zetea", "type": "ape", "source": "bbox", "source_detail": "geocode cache (tier=tier3_bbox)", "osm_id": null, "geocode_tier": "tier3_bbox", "confidence": "low", "judet": "Harghita"}, "geometry": {"type": "Polygon", "coordinates": [[[25.3983001, 46.4633098], [25.42374522402, 46.4633098], [25.42374522402, 46.4880258], [25.3983001, 46.4880258], [25.3983001, 46.4633098]]]}}, {"type": "Feature", "id": "ipbk2mfa", "properties": {"arebaltapeste_slug": "ipbk2mfa", "name": "Lac Frumoasa ", "name_ro": "Lac Frumoasa ", "type": "ape", "source": "nominatim", "source_detail": "geocode cache (tier=tier2)", "osm_id": "way/24937723", "geocode_tier": "tier2", "confidence": "medium", "judet": "Harghita"}, "geometry": {"type": "Polygon", "coordinates": [[[27.5630292, 47.125169], [27.5637303, 47.1243681], [27.5644182, 47.1233955], [27.5650058, 47.1224696], [27.5654915, 47.122079], [27.566234, 47.1232294], [27.5655481, 47.1235568], [27.5654215, 47.123636], [27.5640388, 47.1251527], [27.563493, 47.1251289], [27.5636031, 47.1252813], [27.5634411, 47.1253437], [27.5630292, 47.125169]]]}}, {"type": "Feature", "id": "i3qujds4", "properties": {"arebaltapeste_slug": "i3qujds4", "name": "Lac Cozia", "name_ro": "Lac Cozia", "type": "ape", "source": "overpass", "source_detail": "geocode cache (tier=tier3_overpass)", "osm_id": "way/328224785", "geocode_tier": "tier3_overpass", "confidence": "medium", "judet": "Hunedoara"}, "geometry": {"type": "Polygon", "coordinates": [[[22.8252744, 45.873785], [22.82523, 45.8737183], [22.8251444, 45.8736004], [22.8249729, 45.8734031], [22.8248147, 45.8732227], [22.8248079, 45.8731446], [22.8247992, 45.8730446], [22.8247215, 45.8721519], [22.8248138, 45.8721569], [22.8249103, 45.8720449], [22.8250498, 45.8712979], [22.8250176, 45.8712568], [22.8251947, 45.8710812], [22.8253717, 45.8709804], [22.8256184, 45.8706592], [22.825597, 45.8701512], [22.8256721, 45.8701101], [22.8256399, 45.8700354], [22.8257687, 45.8700317], [22.8260744, 45.8698038], [22.8261151, 45.8697186], [22.8261763, 45.8697328], [22.8262193, 45.8696992], [22.8262729, 45.8696283], [22.8262729, 45.869576], [22.8264875, 45.869576], [22.8264875, 45.8694788], [22.8265626, 45.869505], [22.8266699, 45.8694863], [22.8269649, 45.8692622], [22.8270186, 45.8691091], [22.827099, 45.8690306], [22.8271688, 45.8690194], [22.8272968, 45.8689429], [22.8273404, 45.8689783], [22.8274155, 45.8689671], [22.8274746, 45.868926], [22.8275496, 45.8689783], [22.8279091, 45.8689596], [22.8280056, 45.8688961], [22.8282631, 45.8688513], [22.8283489, 45.8688775], [22.8284455, 45.8688252], [22.8288586, 45.8688177], [22.828939, 45.8687841], [22.828998, 45.868814], [22.8290892, 45.8687804], [22.8290892, 45.8687243], [22.8291536, 45.8686982], [22.8293234, 45.8687078], [22.8293145, 45.8687841], [22.8292004, 45.8688666], [22.8289203, 45.8690037], [22.8276033, 45.8693668], [22.8266001, 45.8704761], [22.8264017, 45.8715182], [22.8264768, 45.871578], [22.8264595, 45.8716306], [22.8263641, 45.8716154], [22.8262622, 45.8716452], [22.8261442, 45.8717274], [22.8258545, 45.8723922], [22.8260701, 45.8731654], [22.8261515, 45.8732618], [22.8261498, 45.873483], [22.825984, 45.8737882], [22.825919, 45.8738252], [22.8258791, 45.8738307], [22.8257897, 45.8738744], [22.8257059, 45.8738912], [22.8256163, 45.8739138], [22.8255378, 45.8738872], [22.8253345, 45.8738193], [22.8252744, 45.873785]]]}}, {"type": "Feature", "id": "hiex82px", "properties": {"arebaltapeste_slug": "hiex82px", "name": "Lac Făerag", "name_ro": "Lac Făerag", "type": "ape", "source": "bbox", "source_detail": "geocode cache (tier=tier3_bbox)", "osm_id": null, "geocode_tier": "tier3_bbox", "confidence": "low", "judet": "Hunedoara"}, "geometry": {"type": "Polygon", "coordinates": [[[22.948834, 45.9944571], [22.9536606, 45.9944571], [22.9536606, 45.9962644], [22.948834, 45.9962644], [22.948834, 45.9944571]]]}}, {"type": "Feature", "id": "g2hdwmfx", "properties": {"arebaltapeste_slug": "g2hdwmfx", "name": "Lac acumulare Bezid", "name_ro": "Lac acumulare Bezid", "type": "ape", "source": "bbox", "source_detail": "geocode cache (tier=tier3_bbox)", "osm_id": null, "geocode_tier": "tier3_bbox", "confidence": "low", "judet": "Mureș"}, "geometry": {"type": "Polygon", "coordinates": [[[24.8663925, 46.4094066], [24.913306, 46.4094066], [24.913306, 46.4255239], [24.8663925, 46.4255239], [24.8663925, 46.4094066]]]}}, {"type": "Feature", "id": "qyyvoezx", "properties": {"arebaltapeste_slug": "qyyvoezx", "name": "Lac Bâtca Doamnei", "name_ro": "Lac Bâtca Doamnei", "type": "ape", "source": "bbox", "source_detail": "geocode cache (tier=tier3_bbox)", "osm_id": null, "geocode_tier": "tier3_bbox", "confidence": "low", "judet": "Neamț"}, "geometry": {"type": "Polygon", "coordinates": [[[26.3040544, 46.92917], [26.3430563, 46.92917], [26.3430563, 46.9391817], [26.3040544, 46.9391817], [26.3040544, 46.92917]]]}}, {"type": "Feature", "id": "dvuloxj7", "properties": {"arebaltapeste_slug": "dvuloxj7", "name": "Lac Bicaz", "name_ro": "Lac Bicaz", "type": "ape", "source": "bbox", "source_detail": "geocode cache (tier=tier3_bbox)", "osm_id": null, "geocode_tier": "tier3_bbox", "confidence": "low", "judet": "Neamț"}, "geometry": {"type": "Polygon", "coordinates": [[[25.9154135, 46.9375736], [26.1265633, 46.9375736], [26.1265633, 47.1153974], [25.9154135, 47.1153974], [25.9154135, 46.9375736]]]}}, {"type": "Feature", "id": "y34uodjj", "properties": {"arebaltapeste_slug": "y34uodjj", "name": "Lac acumulare Izbiceni", "name_ro": "Lac acumulare Izbiceni", "type": "ape", "source": "bbox", "source_detail": "geocode cache (tier=tier3_bbox)", "osm_id": null, "geocode_tier": "tier3_bbox", "confidence": "low", "judet": "Olt"}, "geometry": {"type": "Polygon", "coordinates": [[[24.6219475, 43.8111194], [24.6979702, 43.8111194], [24.6979702, 43.9178], [24.6219475, 43.9178], [24.6219475, 43.8111194]]]}}, {"type": "Feature", "id": "b0niobr0", "properties": {"arebaltapeste_slug": "b0niobr0", "name": "Lac acumulare Rusănești cu bălțile adiacente", "name_ro": "Lac acumulare Rusănești cu bălțile adiacente", "type": "ape", "source": "bbox", "source_detail": "geocode cache (tier=tier3_bbox)", "osm_id": null, "geocode_tier": "tier3_bbox", "confidence": "low", "judet": "Olt"}, "geometry": {"type": "Polygon", "coordinates": [[[24.5638234, 43.9165978], [24.6310734, 43.9165978], [24.6310734, 44.0417758], [24.5638234, 44.0417758], [24.5638234, 43.9165978]]]}}, {"type": "Feature", "id": "jw34gyf2", "properties": {"arebaltapeste_slug": "jw34gyf2", "name": "Lac acumulare Frunzaru", "name_ro": "Lac acumulare Frunzaru", "type": "ape", "source": "bbox", "source_detail": "geocode cache (tier=tier3_bbox)", "osm_id": null, "geocode_tier": "tier3_bbox", "confidence": "low", "judet": "Olt"}, "geometry": {"type": "Polygon", "coordinates": [[[24.4635274, 44.041337], [24.5759285, 44.041337], [24.5759285, 44.163812], [24.4635274, 44.163812], [24.4635274, 44.041337]]]}}, {"type": "Feature", "id": "dp9lbuy0", "properties": {"arebaltapeste_slug": "dp9lbuy0", "name": "Lac acumulare Drăgănești cu bălțile adiacente", "name_ro": "Lac acumulare Drăgănești cu bălțile adiacente", "type": "ape", "source": "bbox", "source_detail": "geocode cache (tier=tier3_bbox)", "osm_id": null, "geocode_tier": "tier3_bbox", "confidence": "low", "judet": "Olt"}, "geometry": {"type": "Polygon", "coordinates": [[[24.3917942, 44.1632522], [24.4863992, 44.1632522], [24.4863992, 44.2641537], [24.3917942, 44.2641537], [24.3917942, 44.1632522]]]}}, {"type": "Feature", "id": "o90pkf03", "properties": {"arebaltapeste_slug": "o90pkf03", "name": "Lac acumulare Ipotești cu bălțile adiacente", "name_ro": "Lac acumulare Ipotești cu bălțile adiacente", "type": "ape", "source": "bbox", "source_detail": "geocode cache (tier=tier3_bbox)", "osm_id": null, "geocode_tier": "tier3_bbox", "confidence": "low", "judet": "Olt"}, "geometry": {"type": "Polygon", "coordinates": [[[24.3455617, 44.2623978], [24.4043971, 44.2623978], [24.4043971, 44.3938057], [24.3455617, 44.3938057], [24.3455617, 44.2623978]]]}}, {"type": "Feature", "id": "pdf2udss", "properties": {"arebaltapeste_slug": "pdf2udss", "name": "Lac acumulare Slatina cu bălțile adiacente", "name_ro": "Lac acumulare Slatina cu bălțile adiacente", "type": "ape", "source": "bbox", "source_detail": "geocode cache (tier=tier3_bbox)", "osm_id": null, "geocode_tier": "tier3_bbox", "confidence": "low", "judet": "Olt"}, "geometry": {"type": "Polygon", "coordinates": [[[24.3131121, 44.3935511], [24.3570081, 44.3935511], [24.3570081, 44.4487164], [24.3131121, 44.4487164], [24.3131121, 44.3935511]]]}}, {"type": "Feature", "id": "urjxx6ca", "properties": {"arebaltapeste_slug": "urjxx6ca", "name": "Lac acumulare Arcești cu  bălțile adiacente", "name_ro": "Lac acumulare Arcești cu  bălțile adiacente", "type": "ape", "source": "bbox", "source_detail": "geocode cache (tier=tier3_bbox)", "osm_id": null, "geocode_tier": "tier3_bbox", "confidence": "low", "judet": "Olt"}, "geometry": {"type": "Polygon", "coordinates": [[[24.3030846, 44.4468221], [24.330497, 44.4468221], [24.330497, 44.5359018], [24.3030846, 44.5359018], [24.3030846, 44.4468221]]]}}, {"type": "Feature", "id": "yz3u32kx", "properties": {"arebaltapeste_slug": "yz3u32kx", "name": "Lac acumulare Strejești ", "name_ro": "Lac acumulare Strejești ", "type": "ape", "source": "bbox", "source_detail": "geocode cache (tier=tier3_bbox)", "osm_id": null, "geocode_tier": "tier3_bbox", "confidence": "low", "judet": "Olt"}, "geometry": {"type": "Polygon", "coordinates": [[[24.2933958, 44.5355148], [24.3402466, 44.5355148], [24.3402466, 44.6823801], [24.2933958, 44.6823801], [24.2933958, 44.5355148]]]}}, {"type": "Feature", "id": "yqxcj68v", "properties": {"arebaltapeste_slug": "yqxcj68v", "name": "Lac Măneciu", "name_ro": "Lac Măneciu", "type": "ape", "source": "bbox", "source_detail": "geocode cache (tier=tier3_bbox)", "osm_id": null, "geocode_tier": "tier3_bbox", "confidence": "low", "judet": "Prahova"}, "geometry": {"type": "Polygon", "coordinates": [[[25.9607961, 45.3282617], [26.0006908, 45.3282617], [26.0006908, 45.3523493], [25.9607961, 45.3523493], [25.9607961, 45.3282617]]]}}, {"type": "Feature", "id": "lzjrvci3", "properties": {"arebaltapeste_slug": "lzjrvci3", "name": "Lac Paltinu", "name_ro": "Lac Paltinu", "type": "ape", "source": "bbox", "source_detail": "geocode cache (tier=tier3_bbox)", "osm_id": null, "geocode_tier": "tier3_bbox", "confidence": "low", "judet": "Prahova"}, "geometry": {"type": "Polygon", "coordinates": [[[25.720693, 45.2444237], [25.7538163, 45.2444237], [25.7538163, 45.2751445], [25.720693, 45.2751445], [25.720693, 45.2444237]]]}}, {"type": "Feature", "id": "tirlg0os", "properties": {"arebaltapeste_slug": "tirlg0os", "name": "Lac acumulare Vârșolț", "name_ro": "Lac acumulare Vârșolț", "type": "ape", "source": "bbox", "source_detail": "geocode cache (tier=tier3_bbox)", "osm_id": null, "geocode_tier": "tier3_bbox", "confidence": "low", "judet": "Sălaj"}, "geometry": {"type": "Polygon", "coordinates": [[[22.8957039, 47.1688159], [22.9342748, 47.1688159], [22.9342748, 47.1931157], [22.8957039, 47.1931157], [22.8957039, 47.1688159]]]}}, {"type": "Feature", "id": "sk57b228", "properties": {"arebaltapeste_slug": "sk57b228", "name": "Lac acumulare Sălățig", "name_ro": "Lac acumulare Sălățig", "type": "ape", "source": "bbox", "source_detail": "geocode cache (tier=tier3_bbox)", "osm_id": null, "geocode_tier": "tier3_bbox", "confidence": "low", "judet": "Sălaj"}, "geometry": {"type": "Polygon", "coordinates": [[[23.11998191214, 47.36440604661], [23.12892833275, 47.36440604661], [23.12892833275, 47.36722826186], [23.11998191214, 47.36722826186], [23.11998191214, 47.36440604661]]]}}, {"type": "Feature", "id": "q08c739g", "properties": {"arebaltapeste_slug": "q08c739g", "name": "Lac acumulare Avrig", "name_ro": "Lac acumulare Avrig", "type": "ape", "source": "bbox", "source_detail": "geocode cache (tier=tier3_bbox)", "osm_id": null, "geocode_tier": "tier3_bbox", "confidence": "low", "judet": "Sibiu"}, "geometry": {"type": "Polygon", "coordinates": [[[24.3895392, 45.7422868], [24.4553226, 45.7422868], [24.4553226, 45.7715598], [24.3895392, 45.7715598], [24.3895392, 45.7422868]]]}}, {"type": "Feature", "id": "l3pxudn1", "properties": {"arebaltapeste_slug": "l3pxudn1", "name": "Lac acumulare Scoreiu", "name_ro": "Lac acumulare Scoreiu", "type": "ape", "source": "bbox", "source_detail": "geocode cache (tier=tier3_bbox)", "osm_id": null, "geocode_tier": "tier3_bbox", "confidence": "low", "judet": "Sibiu"}, "geometry": {"type": "Polygon", "coordinates": [[[24.5119668, 45.7747187], [24.5524759, 45.7747187], [24.5524759, 45.7959358], [24.5119668, 45.7959358], [24.5119668, 45.7747187]]]}}, {"type": "Feature", "id": "ni9qd25a", "properties": {"arebaltapeste_slug": "ni9qd25a", "name": "Lac acumulare Racovița", "name_ro": "Lac acumulare Racovița", "type": "ape", "source": "bbox", "source_detail": "geocode cache (tier=tier3_bbox)", "osm_id": null, "geocode_tier": "tier3_bbox", "confidence": "low", "judet": "Sibiu"}, "geometry": {"type": "Polygon", "coordinates": [[[24.3181527, 45.6840687], [24.3647504, 45.6840687], [24.3647504, 45.7258914], [24.3181527, 45.7258914], [24.3181527, 45.6840687]]]}}, {"type": "Feature", "id": "rxrtjatn", "properties": {"arebaltapeste_slug": "rxrtjatn", "name": "Lac acumulare Arpașu", "name_ro": "Lac acumulare Arpașu", "type": "ape", "source": "bbox", "source_detail": "geocode cache (tier=tier3_bbox)", "osm_id": null, "geocode_tier": "tier3_bbox", "confidence": "low", "judet": "Sibiu"}, "geometry": {"type": "Polygon", "coordinates": [[[24.6422371, 45.7934571], [24.6747373, 45.7934571], [24.6747373, 45.8028843], [24.6422371, 45.8028843], [24.6422371, 45.7934571]]]}}, {"type": "Feature", "id": "9cf8xl0c", "properties": {"arebaltapeste_slug": "9cf8xl0c", "name": "Lac baraj Gura Râului ", "name_ro": "Lac baraj Gura Râului ", "type": "ape", "source": "bbox", "source_detail": "geocode cache (tier=tier3_bbox)", "osm_id": null, "geocode_tier": "tier3_bbox", "confidence": "low", "judet": "Sibiu"}, "geometry": {"type": "Polygon", "coordinates": [[[23.8926063, 45.7064694], [23.927267, 45.7064694], [23.927267, 45.7153781], [23.8926063, 45.7153781], [23.8926063, 45.7064694]]]}}, {"type": "Feature", "id": "m2771k04", "properties": {"arebaltapeste_slug": "m2771k04", "name": "Lac montan Iezerul Mare", "name_ro": "Lac montan Iezerul Mare", "type": "ape", "source": "bbox", "source_detail": "geocode cache (tier=tier3_bbox)", "osm_id": null, "geocode_tier": "tier3_bbox", "confidence": "low", "judet": "Sibiu"}, "geometry": {"type": "Polygon", "coordinates": [[[23.7992116, 45.5859557], [23.8023083, 45.5859557], [23.8023083, 45.5877662], [23.7992116, 45.5877662], [23.7992116, 45.5859557]]]}}, {"type": "Feature", "id": "kmxvcyrc", "properties": {"arebaltapeste_slug": "kmxvcyrc", "name": "Lac acumulare Cerbureni", "name_ro": "Lac acumulare Cerbureni", "type": "ape", "source": "bbox", "source_detail": "geocode cache (tier=tier3_bbox)", "osm_id": null, "geocode_tier": "tier3_bbox", "confidence": "low", "judet": "Argeș"}, "geometry": {"type": "Polygon", "coordinates": [[[24.66224431144, 45.197661884], [24.66684807716, 45.197661884], [24.66684807716, 45.2061248726], [24.66224431144, 45.2061248726], [24.66224431144, 45.197661884]]]}}, {"type": "Feature", "id": "0a5yq94z", "properties": {"arebaltapeste_slug": "0a5yq94z", "name": "Lac Mesteacăn", "name_ro": "Lac Mesteacăn", "type": "ape", "source": "bbox", "source_detail": "geocode cache (tier=tier3_bbox)", "osm_id": null, "geocode_tier": "tier3_bbox", "confidence": "low", "judet": "Harghita"}, "geometry": {"type": "Polygon", "coordinates": [[[25.7875442, 46.6790539], [25.7932096, 46.6790539], [25.7932096, 46.6864518], [25.7875442, 46.6864518], [25.7875442, 46.6790539]]]}}, {"type": "Feature", "id": "mkp5r52j", "properties": {"arebaltapeste_slug": "mkp5r52j", "name": "Acumularea Negreni", "name_ro": "Acumularea Negreni", "type": "ape", "source": "bbox", "source_detail": "geocode cache (tier=tier3_bbox)", "osm_id": null, "geocode_tier": "tier3_bbox", "confidence": "low", "judet": "Botoșani"}, "geometry": {"type": "Polygon", "coordinates": [[[26.7134869878, 47.98665296771], [26.76096755122, 47.98665296771], [26.76096755122, 48.02649263057], [26.7134869878, 48.02649263057], [26.7134869878, 47.98665296771]]]}}, {"type": "Feature", "id": "zyvryyuz", "properties": {"arebaltapeste_slug": "zyvryyuz", "name": "Acumularea Curtești (Rai)", "name_ro": "Acumularea Curtești (Rai)", "type": "ape", "source": "nominatim", "source_detail": "geocode cache (tier=tier2)", "osm_id": "way/88140394", "geocode_tier": "tier2", "confidence": "medium", "judet": "Botoșani"}, "geometry": {"type": "Polygon", "coordinates": [[[26.666611, 47.718337], [26.666691, 47.718252], [26.667195, 47.717705], [26.668266, 47.716862], [26.669946, 47.715738], [26.671693, 47.714416], [26.673406, 47.71327], [26.67357, 47.712704], [26.673318, 47.712506], [26.67296, 47.712226], [26.674259, 47.711231], [26.675226, 47.711059], [26.676513, 47.710977], [26.678518, 47.709979], [26.679883, 47.708949], [26.6801787, 47.7089814], [26.6806883, 47.7087337], [26.6823446, 47.7077811], [26.6842275, 47.7091719], [26.6838453, 47.7093624], [26.6835938, 47.7101023], [26.6828484, 47.7105515], [26.6824137, 47.7104993], [26.681482, 47.7103426], [26.680826, 47.710575], [26.67983, 47.711094], [26.67844, 47.71176], [26.676696, 47.712582], [26.675985, 47.713277], [26.675763, 47.713564], [26.675105, 47.714426], [26.673652, 47.71551], [26.6721859, 47.7163092], [26.672067, 47.716374], [26.670802, 47.717283], [26.669351, 47.718017], [26.668253, 47.718971], [26.667671, 47.71923], [26.6675433, 47.7191224], [26.666611, 47.718337]]]}}, {"type": "Feature", "id": "h6qpjeu1", "properties": {"arebaltapeste_slug": "h6qpjeu1", "name": "Acumularea Surduc", "name_ro": "Acumularea Surduc", "type": "ape", "source": "bbox", "source_detail": "geocode cache (tier=tier3_bbox)", "osm_id": null, "geocode_tier": "tier3_bbox", "confidence": "low", "judet": "Timiș"}, "geometry": {"type": "Polygon", "coordinates": [[[22.124999, 45.750625], [22.1674919, 45.750625], [22.1674919, 45.7656332], [22.124999, 45.7656332], [22.124999, 45.750625]]]}}, {"type": "Feature", "id": "soxnke0k", "properties": {"arebaltapeste_slug": "soxnke0k", "name": "Acumularea Satchinez", "name_ro": "Acumularea Satchinez", "type": "ape", "source": "bbox", "source_detail": "geocode cache (tier=tier3_bbox)", "osm_id": null, "geocode_tier": "tier3_bbox", "confidence": "low", "judet": "Timiș"}, "geometry": {"type": "Polygon", "coordinates": [[[21.0326619093, 45.95882218102], [21.04959826956, 45.95882218102], [21.04959826956, 45.98198951678], [21.0326619093, 45.98198951678], [21.0326619093, 45.95882218102]]]}}, {"type": "Feature", "id": "6btfaim0", "properties": {"arebaltapeste_slug": "6btfaim0", "name": "Balta Căpâlnaș", "name_ro": "Balta Căpâlnaș", "type": "ape", "source": "bbox", "source_detail": "geocode cache (tier=tier3_bbox)", "osm_id": null, "geocode_tier": "tier3_bbox", "confidence": "low", "judet": "Arad"}, "geometry": {"type": "Polygon", "coordinates": [[[22.2408991, 45.972414], [22.2435974, 45.972414], [22.2435974, 45.9737263], [22.2408991, 45.9737263], [22.2408991, 45.972414]]]}}, {"type": "Feature", "id": "snphdrgr", "properties": {"arebaltapeste_slug": "snphdrgr", "name": "Lac Balta Gării", "name_ro": "Lac Balta Gării", "type": "ape", "source": "bbox", "source_detail": "geocode cache (tier=tier3_bbox)", "osm_id": null, "geocode_tier": "tier3_bbox", "confidence": "low", "judet": "Olt"}, "geometry": {"type": "Polygon", "coordinates": [[[24.1134434, 44.3402968], [24.1161076, 44.3402968], [24.1161076, 44.3424494], [24.1134434, 44.3424494], [24.1134434, 44.3402968]]]}}, {"type": "Feature", "id": "dkyhyd7w", "properties": {"arebaltapeste_slug": "dkyhyd7w", "name": "Iezer – Șurianu", "name_ro": "Iezer – Șurianu", "type": "ape", "source": "bbox", "source_detail": "geocode cache (tier=tier3_bbox)", "osm_id": null, "geocode_tier": "tier3_bbox", "confidence": "low", "judet": "Alba"}, "geometry": {"type": "Polygon", "coordinates": [[[23.50728410133, 45.58051267449], [23.50840530818, 45.58051267449], [23.50840530818, 45.58117811493], [23.50728410133, 45.58117811493], [23.50728410133, 45.58051267449]]]}}, {"type": "Feature", "id": "3cffswnd", "properties": {"arebaltapeste_slug": "3cffswnd", "name": "Iezer – Ighel", "name_ro": "Iezer – Ighel", "type": "ape", "source": "bbox", "source_detail": "geocode cache (tier=tier3_bbox)", "osm_id": null, "geocode_tier": "tier3_bbox", "confidence": "low", "judet": "Alba"}, "geometry": {"type": "Polygon", "coordinates": [[[23.3618629, 46.1793619], [23.3663807, 46.1793619], [23.3663807, 46.1825091], [23.3618629, 46.1825091], [23.3618629, 46.1793619]]]}}, {"type": "Feature", "id": "hvdfyvij", "properties": {"arebaltapeste_slug": "hvdfyvij", "name": "Acumulare Petrești", "name_ro": "Acumulare Petrești", "type": "ape", "source": "bbox", "source_detail": "geocode cache (tier=tier3_bbox)", "osm_id": null, "geocode_tier": "tier3_bbox", "confidence": "low", "judet": "Alba"}, "geometry": {"type": "Polygon", "coordinates": [[[23.55770919774, 45.89891168911], [23.56498852207, 45.89891168911], [23.56498852207, 45.90608842735], [23.55770919774, 45.90608842735], [23.55770919774, 45.89891168911]]]}}, {"type": "Feature", "id": "lpfud98o", "properties": {"arebaltapeste_slug": "lpfud98o", "name": "Acumulare Căpâlna", "name_ro": "Acumulare Căpâlna", "type": "ape", "source": "bbox", "source_detail": "geocode cache (tier=tier3_bbox)", "osm_id": null, "geocode_tier": "tier3_bbox", "confidence": "low", "judet": "Alba"}, "geometry": {"type": "Polygon", "coordinates": [[[23.60727264613, 45.8061232628], [23.62474491177, 45.8061232628], [23.62474491177, 45.82188347624], [23.60727264613, 45.82188347624], [23.60727264613, 45.8061232628]]]}}, {"type": "Feature", "id": "hdqe290r", "properties": {"arebaltapeste_slug": "hdqe290r", "name": "Acumulare Canciu", "name_ro": "Acumulare Canciu", "type": "ape", "source": "bbox", "source_detail": "geocode cache (tier=tier3_bbox)", "osm_id": null, "geocode_tier": "tier3_bbox", "confidence": "low", "judet": "Alba"}, "geometry": {"type": "Polygon", "coordinates": [[[23.50122418386, 45.66320929933], [23.50990229248, 45.66320929933], [23.50990229248, 45.66814609694], [23.50122418386, 45.66814609694], [23.50122418386, 45.66320929933]]]}}, {"type": "Feature", "id": "nnccdfv6", "properties": {"arebaltapeste_slug": "nnccdfv6", "name": "Buhui", "name_ro": "Buhui", "type": "ape", "source": "nominatim", "source_detail": "geocode cache (tier=tier2)", "osm_id": "way/278931102", "geocode_tier": "tier2", "confidence": "medium", "judet": "Caraș-Severin"}, "geometry": {"type": "Polygon", "coordinates": [[[21.8853651, 45.0692203], [21.8854027, 45.0689134], [21.8854563, 45.0685346], [21.88551, 45.06833], [21.8856012, 45.0682504], [21.8857353, 45.0682959], [21.8857245, 45.0684929], [21.8857406, 45.0687316], [21.8857514, 45.0690991], [21.8857782, 45.0693567], [21.8858533, 45.0696143], [21.8859284, 45.0698341], [21.8860571, 45.0700197], [21.8861376, 45.0703986], [21.8861698, 45.0705122], [21.8861322, 45.0706903], [21.8861591, 45.0708987], [21.8862288, 45.0710426], [21.8862824, 45.0712434], [21.8863146, 45.0715351], [21.8862985, 45.0718041], [21.8862771, 45.0720769], [21.8863468, 45.0722284], [21.8864756, 45.0723837], [21.8867116, 45.0724898], [21.8869476, 45.0725239], [21.8873017, 45.0724481], [21.887645, 45.0723496], [21.8881224, 45.0722777], [21.8885301, 45.0722246], [21.8887501, 45.072289], [21.8886643, 45.072414], [21.8882029, 45.0725769], [21.8878757, 45.0726641], [21.8875002, 45.0727436], [21.8871461, 45.0727929], [21.8868135, 45.0728497], [21.8865721, 45.0729255], [21.8864702, 45.073024], [21.886497, 45.0731566], [21.8866204, 45.0732929], [21.8868082, 45.0734028], [21.8869155, 45.0736263], [21.8871086, 45.0737324], [21.8873714, 45.0738044], [21.8875538, 45.0738726], [21.8876182, 45.0740468], [21.8877094, 45.0743537], [21.8878006, 45.074581], [21.888042, 45.0747136], [21.8883209, 45.0746795], [21.8885999, 45.0745658], [21.8888842, 45.0744522], [21.8889915, 45.0743082], [21.8890773, 45.074115], [21.8892382, 45.0739824], [21.8894957, 45.0738726], [21.8895601, 45.0739862], [21.8894528, 45.0741074], [21.8892597, 45.0742476], [21.8890988, 45.0744219], [21.889088, 45.0745999], [21.8890773, 45.0747666], [21.8891202, 45.0749598], [21.8891846, 45.075153], [21.8892973, 45.0752894], [21.8894528, 45.0753386], [21.8897157, 45.0753462], [21.8900697, 45.0752818], [21.8903916, 45.0752288], [21.8906866, 45.0751075], [21.89103, 45.0751075], [21.8913196, 45.0750962], [21.8916415, 45.0751], [21.8918829, 45.0751492], [21.8921565, 45.0752401], [21.8920009, 45.0753614], [21.8917702, 45.0754636], [21.8914806, 45.0755015], [21.8912392, 45.075547], [21.8910675, 45.0756303], [21.8909119, 45.0757326], [21.8906759, 45.0757856], [21.8906062, 45.0758387], [21.890633, 45.0759182], [21.8906545, 45.0760432], [21.8905967, 45.0761664], [21.8902628, 45.0762147], [21.8901488, 45.0760357], [21.8900389, 45.0760119], [21.8899034, 45.0760196], [21.8897197, 45.076072], [21.8896969, 45.0760214], [21.8895293, 45.076049], [21.8895359, 45.0760692], [21.889495, 45.0760763], [21.8895111, 45.076117], [21.8893965, 45.0761673], [21.8889405, 45.0762848], [21.8886374, 45.0764183], [21.8885516, 45.0765471], [21.888455, 45.0767062], [21.8883451, 45.0768075], [21.8882351, 45.0769448], [21.8879519, 45.0768716], [21.8876343, 45.0767895], [21.8877214, 45.0764675], [21.8877791, 45.0762194], [21.8877938, 45.0760149], [21.8877751, 45.0758178], [21.8877241, 45.0755849], [21.8876383, 45.0754457], [21.8875123, 45.0753462], [21.8874009, 45.075279], [21.887291, 45.0750507], [21.8871837, 45.0749068], [21.8870657, 45.0747249], [21.8869745, 45.0745431], [21.8868564, 45.0743347], [21.8867062, 45.0741832], [21.8864756, 45.0741415], [21.8862342, 45.0741112], [21.8860411, 45.0740355], [21.8859391, 45.0739256], [21.885864, 45.0738157], [21.8857031, 45.073615], [21.8855851, 45.0735278], [21.8855529, 45.0733839], [21.8855904, 45.0732513], [21.8855851, 45.0730278], [21.8856065, 45.072827], [21.8856387, 45.072505], [21.8856387, 45.0722663], [21.8856441, 45.0721072], [21.8856602, 45.0719291], [21.8856548, 45.0717624], [21.8856977, 45.0715844], [21.8857353, 45.0714556], [21.8857728, 45.0712889], [21.8857889, 45.0710994], [21.8856977, 45.0707926], [21.8856387, 45.0705122], [21.8855851, 45.0703531], [21.88551, 45.0702129], [21.8854134, 45.0700462], [21.8853812, 45.0698076], [21.885392, 45.069512], [21.8853651, 45.0692203]]]}}, {"type": "Feature", "id": "io48tj8z", "properties": {"arebaltapeste_slug": "io48tj8z", "name": "Breazova", "name_ro": "Breazova", "type": "ape", "source": "bbox", "source_detail": "geocode cache (tier=tier3_bbox)", "osm_id": null, "geocode_tier": "tier3_bbox", "confidence": "low", "judet": "Caraș-Severin"}, "geometry": {"type": "Polygon", "coordinates": [[[22.0434984, 45.2428884], [22.0494491, 45.2428884], [22.0494491, 45.2475944], [22.0434984, 45.2475944], [22.0434984, 45.2428884]]]}}, {"type": "Feature", "id": "0li3pzev", "properties": {"arebaltapeste_slug": "0li3pzev", "name": "Gozna", "name_ro": "Gozna", "type": "ape", "source": "bbox", "source_detail": "geocode cache (tier=tier3_bbox)", "osm_id": null, "geocode_tier": "tier3_bbox", "confidence": "low", "judet": "Caraș-Severin"}, "geometry": {"type": "Polygon", "coordinates": [[[22.0121131, 45.2025805], [22.026933, 45.2025805], [22.026933, 45.2185646], [22.0121131, 45.2185646], [22.0121131, 45.2025805]]]}}, {"type": "Feature", "id": "g7h8e4nw", "properties": {"arebaltapeste_slug": "g7h8e4nw", "name": "Lac Bolboci", "name_ro": "Lac Bolboci", "type": "ape", "source": "bbox", "source_detail": "geocode cache (tier=tier3_bbox)", "osm_id": null, "geocode_tier": "tier3_bbox", "confidence": "low", "judet": "Dâmbovița"}, "geometry": {"type": "Polygon", "coordinates": [[[25.4185706, 45.3388733], [25.434739, 45.3388733], [25.434739, 45.3619105], [25.4185706, 45.3619105], [25.4185706, 45.3388733]]]}}, {"type": "Feature", "id": "x2f9iamz", "properties": {"arebaltapeste_slug": "x2f9iamz", "name": "Iezer", "name_ro": "Iezer", "type": "ape", "source": "nominatim", "source_detail": "geocode cache (tier=tier2)", "osm_id": "way/45898920", "geocode_tier": "tier2", "confidence": "medium", "judet": "Harghita"}, "geometry": {"type": "Polygon", "coordinates": [[[24.6454418, 47.5980589], [24.6456495, 47.5978985], [24.6457782, 47.5978623], [24.6459499, 47.5978406], [24.6461645, 47.5978261], [24.6462718, 47.5978623], [24.6464137, 47.597826], [24.6465507, 47.5978695], [24.6466044, 47.5979925], [24.6465078, 47.5980359], [24.6464756, 47.59813], [24.6464005, 47.5983687], [24.6462374, 47.5984089], [24.6460465, 47.5984917], [24.6456602, 47.5982602], [24.6455315, 47.5982457], [24.6454418, 47.5980589]]]}}, {"type": "Feature", "id": "awhxtilq", "properties": {"arebaltapeste_slug": "awhxtilq", "name": "Ghereşul", "name_ro": "Ghereşul", "type": "ape", "source": "nominatim", "source_detail": "geocode cache (tier=tier2)", "osm_id": "way/169755486", "geocode_tier": "tier2", "confidence": "medium", "judet": "Hunedoara"}, "geometry": {"type": "Polygon", "coordinates": [[[23.5726303, 45.3550121], [23.5726411, 45.354933], [23.5727966, 45.3548425], [23.5728932, 45.3547369], [23.5731239, 45.354752], [23.5733277, 45.3548199], [23.5735101, 45.3549933], [23.5735101, 45.3550913], [23.5732955, 45.3552006], [23.5731614, 45.3552308], [23.5730917, 45.3553062], [23.5730917, 45.3554833], [23.5729361, 45.355374], [23.5728181, 45.3552572], [23.5726303, 45.3550121]]]}}, {"type": "Feature", "id": "tzgar0qm", "properties": {"arebaltapeste_slug": "tzgar0qm", "name": "Custura Mică", "name_ro": "Custura Mică", "type": "ape", "source": "nominatim", "source_detail": "geocode cache (tier=tier2)", "osm_id": "way/169852646", "geocode_tier": "tier2", "confidence": "medium", "judet": "Hunedoara"}, "geometry": {"type": "Polygon", "coordinates": [[[22.9351581, 45.3531687], [22.9352632, 45.3530248], [22.9352293, 45.352957], [22.9352793, 45.3529117], [22.9353544, 45.3528438], [22.9354671, 45.3528476], [22.9357085, 45.3528777], [22.9357972, 45.3529084], [22.9359497, 45.3530113], [22.9363157, 45.3531668], [22.9364442, 45.3532648], [22.93646, 45.3533791], [22.9365235, 45.3534388], [22.936443, 45.3534916], [22.9364591, 45.3535783], [22.9363981, 45.3536909], [22.9362966, 45.3537622], [22.936201, 45.3537522], [22.9360983, 45.3537722], [22.9359817, 45.3537479], [22.935665, 45.3536877], [22.9356212, 45.3536553], [22.935612, 45.3535888], [22.9355359, 45.3535289], [22.9354842, 45.3534549], [22.9354068, 45.3534123], [22.9352772, 45.3533309], [22.9351581, 45.3531687]]]}}, {"type": "Feature", "id": "jdqq44iq", "properties": {"arebaltapeste_slug": "jdqq44iq", "name": "Custura Mare", "name_ro": "Custura Mare", "type": "ape", "source": "nominatim", "source_detail": "geocode cache (tier=tier2)", "osm_id": "way/169852652", "geocode_tier": "tier2", "confidence": "medium", "judet": "Hunedoara"}, "geometry": {"type": "Polygon", "coordinates": [[[22.9296715, 45.3531361], [22.9297554, 45.353078], [22.9298637, 45.3529804], [22.9298812, 45.3529201], [22.9299346, 45.3528939], [22.9300333, 45.3528806], [22.9301194, 45.3527922], [22.9302375, 45.3527492], [22.9302933, 45.3527348], [22.9303179, 45.3526206], [22.9303945, 45.3525438], [22.9304654, 45.3525022], [22.9306118, 45.3524881], [22.9307559, 45.3524787], [22.9308722, 45.352531], [22.9309665, 45.3525744], [22.9310556, 45.3525678], [22.9311782, 45.3524676], [22.9313047, 45.3523313], [22.9314617, 45.3522746], [22.9318546, 45.3521658], [22.931978, 45.3521384], [22.9321304, 45.3521798], [22.9322654, 45.352237], [22.9325718, 45.3522885], [22.9328047, 45.3523469], [22.9330489, 45.3525194], [22.933216, 45.3526887], [22.9333084, 45.3527279], [22.9333102, 45.3527753], [22.933231, 45.3528677], [22.9332663, 45.3529505], [22.9334112, 45.3530251], [22.9334661, 45.3531269], [22.933469, 45.3532651], [22.9333865, 45.3533439], [22.9332656, 45.3533342], [22.9331341, 45.3532761], [22.9329906, 45.3532426], [22.9328121, 45.3532303], [22.932599, 45.3532717], [22.932475, 45.3532922], [22.9322934, 45.3533046], [22.9321095, 45.3532584], [22.9322887, 45.3532032], [22.9320692, 45.3531019], [22.9319184, 45.3530134], [22.9318572, 45.3530297], [22.9317665, 45.352966], [22.9316469, 45.3529174], [22.9315207, 45.3529559], [22.9315434, 45.3530182], [22.9314084, 45.3530721], [22.9313902, 45.3531081], [22.9312863, 45.3531279], [22.931159, 45.3531425], [22.9310334, 45.3531231], [22.9309419, 45.3531414], [22.9308265, 45.353141], [22.9307354, 45.3531711], [22.9307048, 45.3532627], [22.9306342, 45.353323], [22.9305597, 45.3533832], [22.930471, 45.353416], [22.9304217, 45.3534771], [22.9302646, 45.3534593], [22.9299931, 45.353331], [22.9299088, 45.3533134], [22.9297439, 45.3532298], [22.9296741, 45.3531825], [22.9296715, 45.3531361]]]}}, {"type": "Feature", "id": "swvvpoez", "properties": {"arebaltapeste_slug": "swvvpoez", "name": "Galeşul", "name_ro": "Galeşul", "type": "ape", "source": "bbox", "source_detail": "geocode cache (tier=tier3_bbox)", "osm_id": null, "geocode_tier": "tier3_bbox", "confidence": "low", "judet": "Hunedoara"}, "geometry": {"type": "Polygon", "coordinates": [[[22.9075672, 45.3843815], [22.910861, 45.3843815], [22.910861, 45.3865632], [22.9075672, 45.3865632], [22.9075672, 45.3843815]]]}}, {"type": "Feature", "id": "kmgebt9g", "properties": {"arebaltapeste_slug": "kmgebt9g", "name": "Ana", "name_ro": "Ana", "type": "ape", "source": "nominatim", "source_detail": "geocode cache (tier=tier2)", "osm_id": "way/169861013", "geocode_tier": "tier2", "confidence": "medium", "judet": "Hunedoara"}, "geometry": {"type": "Polygon", "coordinates": [[[22.8675302, 45.3566081], [22.8676408, 45.3564534], [22.867873, 45.3563451], [22.8684466, 45.356302], [22.8688701, 45.3561208], [22.8691668, 45.3559023], [22.8693659, 45.3556187], [22.869531, 45.3554371], [22.8697775, 45.355331], [22.8699149, 45.3552958], [22.8702088, 45.3554329], [22.8704602, 45.3556681], [22.8702689, 45.3560215], [22.8703202, 45.3567978], [22.8701384, 45.3570017], [22.8699086, 45.3573569], [22.8693978, 45.3576775], [22.8689514, 45.3577219], [22.8687904, 45.3576314], [22.8683817, 45.357592], [22.8681337, 45.3573896], [22.867889, 45.3571553], [22.8676491, 45.3568327], [22.8675302, 45.3566081]]]}}, {"type": "Feature", "id": "gj5sgt6l", "properties": {"arebaltapeste_slug": "gj5sgt6l", "name": "Florica", "name_ro": "Florica", "type": "ape", "source": "nominatim", "source_detail": "geocode cache (tier=tier2)", "osm_id": "way/26955370", "geocode_tier": "tier2", "confidence": "medium", "judet": "Hunedoara"}, "geometry": {"type": "Polygon", "coordinates": [[[29.5878779, 45.1387286], [29.5879248, 45.1386655], [29.5883576, 45.138612], [29.5884469, 45.1385489], [29.5885029, 45.13828], [29.5885636, 45.1380377], [29.5884597, 45.137779], [29.5884782, 45.1376329], [29.5884213, 45.1373708], [29.5884774, 45.1371517], [29.5886843, 45.1370984], [29.5888867, 45.1371414], [29.5890421, 45.1372508], [29.5893244, 45.1372373], [29.5895834, 45.1373764], [29.5898329, 45.1374917], [29.5901437, 45.1376375], [29.5903934, 45.1378331], [29.5905397, 45.1381036], [29.5906291, 45.1381035], [29.5906856, 45.1381698], [29.5906623, 45.1382993], [29.5908179, 45.1384651], [29.5907854, 45.1387007], [29.5906916, 45.1388734], [29.5906731, 45.1390592], [29.5907393, 45.1392882], [29.5905889, 45.1393613], [29.5903962, 45.1394411], [29.59026, 45.1395939], [29.590407, 45.1402409], [29.5900405, 45.1405299], [29.5897869, 45.1407857], [29.5896694, 45.1408455], [29.5895379, 45.1410182], [29.5892605, 45.1410948], [29.5892038, 45.1409521], [29.5890813, 45.1409058], [29.5891378, 45.1408759], [29.5891658, 45.1407896], [29.5892883, 45.1408459], [29.5893682, 45.1408126], [29.5894291, 45.1406566], [29.5896406, 45.1405469], [29.5896027, 45.1403743], [29.589546, 45.1402383], [29.5895551, 45.1400911], [29.5893901, 45.1398888], [29.5891169, 45.1396734], [29.5886459, 45.1394016], [29.5884433, 45.1392193], [29.588476, 45.1390765], [29.5878779, 45.1387286]]]}}, {"type": "Feature", "id": "ule8h4ud", "properties": {"arebaltapeste_slug": "ule8h4ud", "name": "Bucura", "name_ro": "Bucura", "type": "ape", "source": "nominatim", "source_detail": "geocode cache (tier=tier2)", "osm_id": "way/169861014", "geocode_tier": "tier2", "confidence": "medium", "judet": "Hunedoara"}, "geometry": {"type": "Polygon", "coordinates": [[[22.8732094, 45.3624548], [22.8732171, 45.3623461], [22.8732916, 45.3621928], [22.8733616, 45.3621507], [22.8732773, 45.3620344], [22.8733439, 45.3619129], [22.8733749, 45.3616412], [22.8734362, 45.3612777], [22.8735757, 45.3611081], [22.8735489, 45.3609687], [22.8735437, 45.3607637], [22.8736267, 45.3605183], [22.8736025, 45.3603732], [22.8734121, 45.3598417], [22.8735125, 45.3596073], [22.8735435, 45.3594534], [22.8736294, 45.3592404], [22.8735757, 45.3590991], [22.8735355, 45.3589596], [22.8735113, 45.3587674], [22.8735248, 45.3587071], [22.8735676, 45.3586015], [22.8736615, 45.3584885], [22.8737867, 45.358398], [22.8739691, 45.3582241], [22.8741953, 45.358121], [22.8744179, 45.358006], [22.8745455, 45.3580078], [22.8746515, 45.358028], [22.8750155, 45.3580838], [22.8752948, 45.3581096], [22.8754582, 45.3581601], [22.8757646, 45.3582143], [22.8759593, 45.3582233], [22.8761595, 45.3582893], [22.8762822, 45.3583989], [22.876412, 45.3584444], [22.8765097, 45.3585249], [22.8765348, 45.3586403], [22.8765115, 45.3587651], [22.8764314, 45.3589672], [22.8764038, 45.3591532], [22.8764312, 45.3592686], [22.8764406, 45.3593082], [22.8765905, 45.3594496], [22.8766656, 45.3596645], [22.8764188, 45.3598756], [22.8764081, 45.3599887], [22.8762525, 45.3600377], [22.876136, 45.3601272], [22.8760074, 45.3601498], [22.8758824, 45.3602299], [22.8757523, 45.3604536], [22.8757632, 45.3605491], [22.8757396, 45.3606361], [22.8756124, 45.3607745], [22.8755703, 45.3609602], [22.8754289, 45.3610767], [22.8753787, 45.3612403], [22.8754135, 45.3614539], [22.8753547, 45.3615629], [22.8752288, 45.3616258], [22.8750663, 45.3617263], [22.8749475, 45.361772], [22.8749463, 45.3619776], [22.8750035, 45.3620618], [22.8750121, 45.3621174], [22.8750211, 45.3622165], [22.8750099, 45.3623409], [22.8749747, 45.3625128], [22.8748793, 45.362744], [22.8747881, 45.3628231], [22.8746057, 45.3628193], [22.8745162, 45.3628756], [22.8743837, 45.362835], [22.8742784, 45.3627989], [22.87418, 45.3627374], [22.8740438, 45.3627112], [22.8739244, 45.3627477], [22.8736803, 45.362751], [22.8734903, 45.3626987], [22.8734167, 45.362599], [22.8733344, 45.3625678], [22.8732094, 45.3624548]]]}}, {"type": "Feature", "id": "80a6de8r", "properties": {"arebaltapeste_slug": "80a6de8r", "name": "Ghimpele (Peleguţa)", "name_ro": "Ghimpele (Peleguţa)", "type": "ape", "source": "nominatim", "source_detail": "geocode cache (tier=tier2)", "osm_id": "way/169861049", "geocode_tier": "tier2", "confidence": "medium", "judet": "Hunedoara"}, "geometry": {"type": "Polygon", "coordinates": [[[22.9009482, 45.3648863], [22.9010806, 45.364661], [22.9012704, 45.3644869], [22.901368, 45.3643011], [22.9016171, 45.364171], [22.901788, 45.3640601], [22.9020946, 45.3639951], [22.9025043, 45.3640352], [22.9027721, 45.3641312], [22.903006, 45.364241], [22.9031317, 45.3645623], [22.9031793, 45.3648227], [22.9030195, 45.3650695], [22.9027972, 45.3652188], [22.9024539, 45.3654449], [22.902071, 45.3656378], [22.9020039, 45.3657086], [22.9018853, 45.365754], [22.9016869, 45.3657816], [22.9015011, 45.3656056], [22.9014373, 45.3654697], [22.9011939, 45.365397], [22.9010976, 45.3652337], [22.9009652, 45.3651026], [22.9009482, 45.3648863]]]}}, {"type": "Feature", "id": "ljvsg741", "properties": {"arebaltapeste_slug": "ljvsg741", "name": "Gura Apei", "name_ro": "Gura Apei", "type": "ape", "source": "bbox", "source_detail": "geocode cache (tier=tier3_bbox)", "osm_id": null, "geocode_tier": "tier3_bbox", "confidence": "low", "judet": "Hunedoara"}, "geometry": {"type": "Polygon", "coordinates": [[[22.6684427, 45.3116994], [22.7498319, 45.3116994], [22.7498319, 45.3405486], [22.6684427, 45.3405486], [22.6684427, 45.3116994]]]}}, {"type": "Feature", "id": "rv8zowaj", "properties": {"arebaltapeste_slug": "rv8zowaj", "name": "Lac Bodi Ferneziu", "name_ro": "Lac Bodi Ferneziu", "type": "ape", "source": "bbox", "source_detail": "geocode cache (tier=tier3_bbox)", "osm_id": null, "geocode_tier": "tier3_bbox", "confidence": "low", "judet": "Maramureș"}, "geometry": {"type": "Polygon", "coordinates": [[[23.6029861, 47.6882854], [23.6048414, 47.6882854], [23.6048414, 47.6902056], [23.6029861, 47.6902056], [23.6029861, 47.6882854]]]}}, {"type": "Feature", "id": "4qty5vzq", "properties": {"arebaltapeste_slug": "4qty5vzq", "name": "Firiza", "name_ro": "Firiza", "type": "ape", "source": "bbox", "source_detail": "geocode cache (tier=tier3_bbox)", "osm_id": null, "geocode_tier": "tier3_bbox", "confidence": "low", "judet": "Maramureș"}, "geometry": {"type": "Polygon", "coordinates": [[[23.5992517, 47.7204183], [23.6178673, 47.7204183], [23.6178673, 47.7422433], [23.5992517, 47.7422433], [23.5992517, 47.7204183]]]}}, {"type": "Feature", "id": "3idcxbvx", "properties": {"arebaltapeste_slug": "3idcxbvx", "name": "Bodi", "name_ro": "Bodi", "type": "ape", "source": "nominatim", "source_detail": "geocode cache (tier=tier2)", "osm_id": "way/259276869", "geocode_tier": "tier2", "confidence": "medium", "judet": "Maramureș"}, "geometry": {"type": "Polygon", "coordinates": [[[23.6029861, 47.6893422], [23.6030318, 47.6891887], [23.6033732, 47.6885557], [23.6034941, 47.6883799], [23.6038317, 47.6882854], [23.6041346, 47.6883085], [23.6043794, 47.6883415], [23.6045722, 47.688428], [23.6047124, 47.6885286], [23.6047388, 47.6886948], [23.604785, 47.6887769], [23.6048414, 47.6889981], [23.604798, 47.6892638], [23.6047136, 47.6894283], [23.6046866, 47.6896462], [23.6044758, 47.6897292], [23.6043543, 47.6898775], [23.6041877, 47.6899607], [23.6040706, 47.6900835], [23.6040008, 47.6901505], [23.603873, 47.6902056], [23.603683, 47.6901961], [23.603567, 47.6901491], [23.6034816, 47.6900136], [23.6033043, 47.6898717], [23.6032062, 47.6897128], [23.6032092, 47.6895714], [23.6030817, 47.6894896], [23.6030396, 47.6894153], [23.6029861, 47.6893422]]]}}, {"type": "Feature", "id": "1k8gl520", "properties": {"arebaltapeste_slug": "1k8gl520", "name": "Iezerul Bistriței", "name_ro": "Iezerul Bistriței", "type": "ape", "source": "nominatim", "source_detail": "geocode cache (tier=tier2)", "osm_id": "way/45898915", "geocode_tier": "tier2", "confidence": "medium", "judet": "Maramureș"}, "geometry": {"type": "Polygon", "coordinates": [[[24.8127342, 47.5724952], [24.8128375, 47.5723571], [24.8129324, 47.5722887], [24.8130821, 47.5722535], [24.8133777, 47.572184], [24.8138688, 47.5723541], [24.8139066, 47.5723678], [24.8142257, 47.5725195], [24.8144245, 47.5728632], [24.8145535, 47.5730472], [24.8145485, 47.5731063], [24.8144306, 47.5731682], [24.814188, 47.5732543], [24.8136305, 47.5734278], [24.8135064, 47.5735116], [24.8132228, 47.5736884], [24.8129963, 47.573519], [24.8130598, 47.5734012], [24.8132924, 47.573147], [24.8133715, 47.5730549], [24.8133358, 47.5729534], [24.8132669, 47.5729034], [24.812948, 47.5729318], [24.8127937, 47.5728632], [24.8128144, 47.5726901], [24.8127342, 47.5724952]]]}}, {"type": "Feature", "id": "0xm8hfpq", "properties": {"arebaltapeste_slug": "0xm8hfpq", "name": "Cuiejdel", "name_ro": "Cuiejdel", "type": "ape", "source": "bbox", "source_detail": "geocode cache (tier=tier3_bbox)", "osm_id": null, "geocode_tier": "tier3_bbox", "confidence": "low", "judet": "Neamț"}, "geometry": {"type": "Polygon", "coordinates": [[[26.2135933, 47.0315854], [26.2201541, 47.0315854], [26.2201541, 47.0389465], [26.2135933, 47.0389465], [26.2135933, 47.0315854]]]}}, {"type": "Feature", "id": "tu621s6s", "properties": {"arebaltapeste_slug": "tu621s6s", "name": "Bâlea", "name_ro": "Bâlea", "type": "ape", "source": "nominatim", "source_detail": "geocode cache (tier=tier2)", "osm_id": "way/336075756", "geocode_tier": "tier2", "confidence": "medium", "judet": "Sibiu"}, "geometry": {"type": "Polygon", "coordinates": [[[24.6154877, 45.6029654], [24.6154931, 45.6029091], [24.615544, 45.602851], [24.6156781, 45.6027665], [24.6157291, 45.6027477], [24.6157827, 45.6027365], [24.615823, 45.6027083], [24.6159008, 45.6026933], [24.6159356, 45.6026783], [24.6159222, 45.6026295], [24.6158981, 45.6025789], [24.6158391, 45.6025695], [24.6157988, 45.6025563], [24.6157747, 45.6025094], [24.6157827, 45.6024606], [24.6157264, 45.6024006], [24.6156942, 45.6023499], [24.6156755, 45.6023124], [24.6156701, 45.6022598], [24.6156781, 45.602211], [24.6157023, 45.6021735], [24.6157157, 45.6021247], [24.6157371, 45.6021078], [24.6157881, 45.6021078], [24.6158552, 45.6021003], [24.6158739, 45.6020834], [24.6159115, 45.6020384], [24.6159839, 45.6020103], [24.6161314, 45.601984], [24.6162709, 45.6019446], [24.6163326, 45.6019202], [24.6163997, 45.6018507], [24.6164667, 45.6018282], [24.6165257, 45.6018188], [24.6165928, 45.6018095], [24.6166196, 45.6017869], [24.6166625, 45.6017644], [24.6167188, 45.6017625], [24.6168073, 45.6017738], [24.6168664, 45.6018095], [24.6168959, 45.6018714], [24.6169066, 45.6019352], [24.6168851, 45.6019784], [24.6168637, 45.6020422], [24.6168687, 45.6021061], [24.6169334, 45.6021566], [24.6170078, 45.6021924], [24.617083, 45.6021999], [24.617134, 45.6021944], [24.6171871, 45.6021587], [24.6172387, 45.6021492], [24.6172684, 45.6021662], [24.6173089, 45.6021867], [24.6174072, 45.6021851], [24.6174484, 45.6022561], [24.6174856, 45.6023238], [24.6175733, 45.6023431], [24.617617, 45.60238], [24.6176496, 45.6024362], [24.6177193, 45.602485], [24.6178432, 45.6025217], [24.6179199, 45.6025485], [24.6179899, 45.6025857], [24.6180846, 45.6026327], [24.6182772, 45.6027477], [24.6183147, 45.6027759], [24.6183469, 45.6028003], [24.6183496, 45.6028322], [24.6183255, 45.6028547], [24.6183201, 45.6029091], [24.6183362, 45.602956], [24.6183818, 45.6029898], [24.6184381, 45.6030105], [24.6184865, 45.6030586], [24.6185214, 45.603105], [24.618557, 45.6031784], [24.6186235, 45.6033513], [24.6186384, 45.6034031], [24.6186473, 45.6034608], [24.61865, 45.6035528], [24.6186205, 45.6036372], [24.6186098, 45.6036954], [24.6186259, 45.6037461], [24.618642, 45.6037648], [24.6186581, 45.6037986], [24.6186634, 45.6038211], [24.6186768, 45.6038418], [24.6187117, 45.603853], [24.6188065, 45.6038653], [24.6189044, 45.6039171], [24.6189485, 45.6039648], [24.6189585, 45.6040557], [24.6189719, 45.6041232], [24.6189558, 45.6041664], [24.6189182, 45.6042077], [24.6188914, 45.6042302], [24.6188378, 45.6042302], [24.6187654, 45.6042077], [24.6186929, 45.604172], [24.6186608, 45.6041326], [24.618642, 45.6041064], [24.618642, 45.6040726], [24.6186125, 45.6040388], [24.6185851, 45.6040165], [24.6185138, 45.6040061], [24.6184674, 45.6039864], [24.6184287, 45.6039755], [24.6183923, 45.6039714], [24.618194, 45.6040069], [24.6181672, 45.6040013], [24.6181216, 45.6040125], [24.6181109, 45.6040369], [24.6180975, 45.6040632], [24.6180868, 45.6040838], [24.6180626, 45.6040988], [24.6180626, 45.604127], [24.6180331, 45.6041439], [24.6180358, 45.6041983], [24.6180707, 45.6042527], [24.6180921, 45.6042921], [24.6181377, 45.6043165], [24.618194, 45.6043053], [24.6182638, 45.6043034], [24.6183121, 45.6043128], [24.6183335, 45.604339], [24.6183738, 45.6043672], [24.6184006, 45.6043709], [24.6184354, 45.6043409], [24.6184703, 45.6043334], [24.6185106, 45.6043484], [24.6185266, 45.6043766], [24.6185052, 45.6044498], [24.6185052, 45.6044892], [24.6184864, 45.6045079], [24.6184489, 45.6045267], [24.6184086, 45.6045398], [24.6184033, 45.6045755], [24.6183711, 45.6046243], [24.6183657, 45.6046693], [24.6183845, 45.604705], [24.6183899, 45.6047444], [24.6183738, 45.6047706], [24.6183389, 45.6047894], [24.6182795, 45.6048071], [24.6182392, 45.6048104], [24.6181887, 45.6047988], [24.618127, 45.6047931], [24.6180573, 45.6047931], [24.6180036, 45.6048007], [24.6179285, 45.6048138], [24.6178454, 45.6048213], [24.6177676, 45.6048269], [24.6176817, 45.6048194], [24.617604, 45.6048044], [24.6175262, 45.6047988], [24.617435, 45.6047781], [24.6173894, 45.604765], [24.6173626, 45.6047481], [24.6173196, 45.6047387], [24.6172526, 45.6047256], [24.6172338, 45.6047012], [24.6172311, 45.6046637], [24.6172714, 45.6046393], [24.6173143, 45.6046205], [24.617325, 45.6046036], [24.6173572, 45.6045849], [24.617376, 45.6045492], [24.617384, 45.6044929], [24.6173813, 45.6044666], [24.6174082, 45.604446], [24.6174538, 45.6044216], [24.617502, 45.6043953], [24.6175128, 45.6043728], [24.6174967, 45.6043559], [24.6174332, 45.6043251], [24.6173259, 45.6042894], [24.617258, 45.6042602], [24.6172231, 45.6042283], [24.617176, 45.6041509], [24.6171319, 45.6040932], [24.6170487, 45.6040594], [24.6169951, 45.6040275], [24.6169522, 45.6039994], [24.6169361, 45.6039544], [24.6168905, 45.603883], [24.6168261, 45.6038155], [24.6167725, 45.6037986], [24.6166652, 45.6037723], [24.6166142, 45.6037761], [24.6165981, 45.603763], [24.6165981, 45.603731], [24.6165579, 45.6036973], [24.6165311, 45.6036916], [24.6165391, 45.603656], [24.6165177, 45.6036185], [24.6164882, 45.6035997], [24.6164184, 45.6035922], [24.6163997, 45.6036203], [24.6164318, 45.6036579], [24.616397, 45.6036823], [24.6163943, 45.6037404], [24.6163326, 45.6037949], [24.6162146, 45.6038399], [24.6161314, 45.6038399], [24.6160161, 45.6038155], [24.6159034, 45.6037667], [24.6157452, 45.6036597], [24.6156567, 45.6035809], [24.6155521, 45.6034852], [24.6155145, 45.6034195], [24.6154904, 45.6033501], [24.6154877, 45.6032788], [24.6155118, 45.6032413], [24.6155682, 45.6032188], [24.6156299, 45.6031944], [24.6157184, 45.6031568], [24.6157425, 45.6031193], [24.6157479, 45.6031005], [24.6157237, 45.6030705], [24.6156701, 45.6030593], [24.6156781, 45.6030349], [24.6156835, 45.6029992], [24.6156567, 45.6029692], [24.6155843, 45.6029804], [24.6155092, 45.6029917], [24.6154877, 45.6029654]]]}}, {"type": "Feature", "id": "mvvxwmrx", "properties": {"arebaltapeste_slug": "mvvxwmrx", "name": "Balindru", "name_ro": "Balindru", "type": "ape", "source": "nominatim", "source_detail": "geocode cache (tier=tier2)", "osm_id": "way/110673606", "geocode_tier": "tier2", "confidence": "medium", "judet": "Vâlcea"}, "geometry": {"type": "Polygon", "coordinates": [[[23.8421417, 45.4738042], [23.842158, 45.4737539], [23.8424624, 45.4736478], [23.8427598, 45.473603], [23.8431104, 45.4735873], [23.843681, 45.4736796], [23.8441657, 45.473846], [23.8450553, 45.4741875], [23.8466891, 45.4749071], [23.8473895, 45.4751644], [23.8481328, 45.4754158], [23.84867, 45.4755996], [23.8492074, 45.4757151], [23.8497539, 45.4757247], [23.8506309, 45.4757116], [23.8508966, 45.4756586], [23.8510933, 45.475603], [23.85138, 45.4754581], [23.8515773, 45.4752788], [23.8515837, 45.4753485], [23.851612, 45.4754382], [23.8516624, 45.4755124], [23.851756, 45.4755948], [23.8518528, 45.4756536], [23.8519685, 45.4756996], [23.8520943, 45.4757395], [23.8522112, 45.475757], [23.8523059, 45.4757605], [23.8524187, 45.4757604], [23.8523038, 45.4759366], [23.85215, 45.4760694], [23.8515372, 45.4762096], [23.8508971, 45.4763211], [23.8503389, 45.4763954], [23.8494529, 45.4764457], [23.8492427, 45.4764614], [23.8491759, 45.4765201], [23.849148, 45.4766301], [23.8491335, 45.4770667], [23.8491715, 45.4772679], [23.8491446, 45.4773831], [23.8490637, 45.47738], [23.8489893, 45.4773457], [23.8489111, 45.4771802], [23.8487926, 45.4769134], [23.8485188, 45.4762965], [23.8482648, 45.4761371], [23.8480375, 45.4760674], [23.8476219, 45.4759981], [23.8472779, 45.4758865], [23.8466609, 45.475575], [23.8459291, 45.4751405], [23.845477, 45.4748988], [23.8449677, 45.4746236], [23.8447441, 45.4745315], [23.8444426, 45.4744094], [23.8441678, 45.4742676], [23.8438358, 45.4740593], [23.8434311, 45.4738621], [23.8430862, 45.4737886], [23.8426412, 45.4737373], [23.8421417, 45.4738042]]]}}, {"type": "Feature", "id": "0v17ggn6", "properties": {"arebaltapeste_slug": "0v17ggn6", "name": "Galbenu", "name_ro": "Galbenu", "type": "ape", "source": "nominatim", "source_detail": "geocode cache (tier=tier2)", "osm_id": "way/120227083", "geocode_tier": "tier2", "confidence": "medium", "judet": "Vâlcea"}, "geometry": {"type": "Polygon", "coordinates": [[[23.7290644, 45.3655829], [23.7291425, 45.3655223], [23.7293103, 45.3654809], [23.7293969, 45.3654596], [23.7303999, 45.3652724], [23.7309821, 45.3651855], [23.7317268, 45.3650005], [23.7320911, 45.3647445], [23.7324228, 45.3645503], [23.7326667, 45.3644155], [23.7329659, 45.3643744], [23.7341465, 45.3640019], [23.7339806, 45.3637734], [23.7339123, 45.3634946], [23.7340001, 45.3633575], [23.7340554, 45.3631656], [23.7340814, 45.3630376], [23.73427, 45.3629257], [23.7344008, 45.3629323], [23.7344969, 45.3629372], [23.7348115, 45.36364], [23.7347966, 45.3637453], [23.7349539, 45.3637216], [23.7358155, 45.3637295], [23.7359654, 45.3636058], [23.7365236, 45.3635821], [23.737093, 45.3633689], [23.7373729, 45.3631253], [23.7371567, 45.3634531], [23.7371716, 45.3637427], [23.7372803, 45.3640006], [23.7374863, 45.3641559], [23.7377248, 45.3642842], [23.7373889, 45.3641796], [23.7372391, 45.3641849], [23.7371229, 45.3642085], [23.7369165, 45.3643075], [23.7368045, 45.3642349], [23.7367596, 45.364327], [23.7366359, 45.3644059], [23.7363213, 45.3645112], [23.7359991, 45.3645375], [23.7354189, 45.3645495], [23.7351531, 45.3646536], [23.7347088, 45.3648889], [23.7342512, 45.3652314], [23.7341414, 45.3652718], [23.7339726, 45.3653339], [23.7332398, 45.3654014], [23.7325509, 45.3656442], [23.7320813, 45.3657473], [23.731579, 45.3657427], [23.7313997, 45.3657932], [23.7311551, 45.3658711], [23.7304539, 45.3659467], [23.7298636, 45.3659948], [23.7293451, 45.3660177], [23.7291735, 45.3659708], [23.7291696, 45.3657061], [23.7290644, 45.3655829]]]}}, {"type": "Feature", "id": "59cui65n", "properties": {"arebaltapeste_slug": "59cui65n", "name": "Balota", "name_ro": "Balota", "type": "ape", "source": "nominatim", "source_detail": "geocode cache (tier=tier2)", "osm_id": "way/482389473", "geocode_tier": "tier2", "confidence": "medium", "judet": "Vâlcea"}, "geometry": {"type": "Polygon", "coordinates": [[[23.8862227, 45.2800029], [23.8862495, 45.279799], [23.8863192, 45.2797084], [23.8863943, 45.2796254], [23.8865231, 45.2795122], [23.8865553, 45.2794593], [23.8867215, 45.2794933], [23.8868396, 45.2794404], [23.8870059, 45.2793725], [23.8871116, 45.2793286], [23.887189, 45.2790852], [23.8873723, 45.2791093], [23.8874626, 45.2791211], [23.8874618, 45.2794329], [23.887494, 45.2794631], [23.8874779, 45.2797726], [23.887435, 45.2798557], [23.8874565, 45.2799613], [23.8873653, 45.2800066], [23.887258, 45.2801614], [23.8871775, 45.2801954], [23.8872043, 45.2802407], [23.88714, 45.2802822], [23.8870488, 45.2802746], [23.8869683, 45.2802407], [23.8868932, 45.2802595], [23.8868181, 45.2802671], [23.8867484, 45.2802558], [23.8867645, 45.2802897], [23.886743, 45.2803313], [23.8866625, 45.2803501], [23.8866143, 45.2803086], [23.8865713, 45.2803388], [23.8865016, 45.2803426], [23.8864211, 45.2803766], [23.8863675, 45.2802633], [23.886287, 45.2802331], [23.8862709, 45.2800821], [23.8862227, 45.2800029]]]}}, {"type": "Feature", "id": "0m48r7w8", "properties": {"arebaltapeste_slug": "0m48r7w8", "name": "Brădișor", "name_ro": "Brădișor", "type": "ape", "source": "nominatim", "source_detail": "geocode cache (tier=tier2)", "osm_id": "way/88364540", "geocode_tier": "tier2", "confidence": "medium", "judet": "Vâlcea"}, "geometry": {"type": "Polygon", "coordinates": [[[24.0487473, 45.352363], [24.0492583, 45.3520203], [24.0497447, 45.3517209], [24.0501643, 45.3515238], [24.0505896, 45.3512166], [24.0511936, 45.3506408], [24.0514587, 45.3504032], [24.0516868, 45.3501396], [24.0520198, 45.3496905], [24.052259, 45.3494469], [24.0525474, 45.349251], [24.052843, 45.3491065], [24.0533128, 45.3489469], [24.0541133, 45.3487953], [24.0545779, 45.3487497], [24.0549674, 45.3487606], [24.0551908, 45.3487524], [24.0561544, 45.3484954], [24.0564671, 45.3486749], [24.056722, 45.3488295], [24.0568969, 45.3489409], [24.0570204, 45.3490459], [24.0572178, 45.3492548], [24.0573924, 45.3494142], [24.0575613, 45.3494697], [24.0577628, 45.3494715], [24.0579251, 45.3493945], [24.0584634, 45.3491225], [24.0585528, 45.3490494], [24.0585914, 45.3489305], [24.0586415, 45.3488581], [24.058842, 45.3487759], [24.0592442, 45.3486872], [24.0596526, 45.3486374], [24.0602066, 45.3485923], [24.0606888, 45.348588], [24.0615038, 45.3486356], [24.062093, 45.3486358], [24.0628559, 45.3486099], [24.0636497, 45.3486013], [24.0641532, 45.3486375], [24.064651, 45.3487376], [24.0655275, 45.34895], [24.0664815, 45.3492272], [24.0669151, 45.3494026], [24.0673477, 45.3495955], [24.0678172, 45.349823], [24.0683754, 45.3500557], [24.0687833, 45.3501905], [24.069242, 45.3502736], [24.0703339, 45.350319], [24.071123, 45.350372], [24.0717341, 45.3504241], [24.0720687, 45.3504934], [24.072364, 45.3506154], [24.0728056, 45.3508117], [24.0731394, 45.3508614], [24.0734813, 45.3508596], [24.0741874, 45.3506186], [24.0744655, 45.3505998], [24.0748403, 45.3506419], [24.0751664, 45.3507068], [24.0754414, 45.3508278], [24.0758797, 45.3511455], [24.0761635, 45.3514232], [24.0766249, 45.3521178], [24.0768813, 45.352361], [24.0771074, 45.3524953], [24.0774322, 45.3525982], [24.0778302, 45.3526553], [24.0782993, 45.3526521], [24.0786371, 45.3525709], [24.0790562, 45.3524097], [24.0791833, 45.3523421], [24.0794161, 45.3523756], [24.0795219, 45.3525057], [24.0794982, 45.3527134], [24.0793843, 45.3528998], [24.0793998, 45.3529732], [24.0794646, 45.3530448], [24.0797333, 45.3530861], [24.0798008, 45.3531846], [24.0797824, 45.3532641], [24.0798021, 45.3533447], [24.0798548, 45.3533963], [24.079988, 45.3534592], [24.0800686, 45.3534587], [24.0804549, 45.3533263], [24.0806554, 45.3532036], [24.0809684, 45.3530494], [24.0813028, 45.3528538], [24.0816386, 45.3526321], [24.0820063, 45.3523205], [24.0822223, 45.3520516], [24.0823625, 45.3517512], [24.0824384, 45.3513303], [24.0825146, 45.3508771], [24.0826413, 45.350401], [24.0827615, 45.3501343], [24.0829143, 45.3499248], [24.083101, 45.349804], [24.083301, 45.3497667], [24.0836124, 45.3497564], [24.0844674, 45.3498312], [24.0852574, 45.349866], [24.08599, 45.3498517], [24.0874524, 45.3497507], [24.0877125, 45.3496951], [24.0877761, 45.3496111], [24.0877069, 45.3492099], [24.0876945, 45.3488073], [24.088037, 45.3490618], [24.0883456, 45.349445], [24.0884793, 45.3496172], [24.0885794, 45.3496722], [24.0887758, 45.3497226], [24.0891348, 45.3497501], [24.0894106, 45.3497954], [24.090158, 45.349955], [24.0905404, 45.3500093], [24.0908333, 45.3500122], [24.0913402, 45.3499569], [24.092091, 45.349833], [24.0931161, 45.3496606], [24.0940437, 45.3495681], [24.094976, 45.3495505], [24.0959245, 45.3495614], [24.096271, 45.349566], [24.0969922, 45.3496171], [24.0977244, 45.3497293], [24.0988428, 45.3499426], [24.1002586, 45.3502319], [24.1020068, 45.3506386], [24.102598, 45.3507257], [24.1030694, 45.350754], [24.1036311, 45.350822], [24.1040014, 45.3509017], [24.104388, 45.35105], [24.106251, 45.352173], [24.1071114, 45.3526173], [24.1073142, 45.3527651], [24.1074412, 45.3529006], [24.1075258, 45.3530951], [24.1075455, 45.3533473], [24.1074896, 45.353612], [24.1073716, 45.353863], [24.1071239, 45.3541328], [24.1064397, 45.354614], [24.1064595, 45.354789], [24.1064993, 45.3550929], [24.1063136, 45.3550213], [24.1060327, 45.3549364], [24.1057518, 45.3548881], [24.1057308, 45.3549842], [24.1059714, 45.355025], [24.1062406, 45.3551135], [24.1064637, 45.3552052], [24.1066295, 45.3552748], [24.1066108, 45.3553404], [24.1064253, 45.3554939], [24.1063835, 45.3556356], [24.1063481, 45.3556447], [24.1061871, 45.3555825], [24.1060753, 45.3556243], [24.1060089, 45.3566414], [24.1060196, 45.3568526], [24.1060522, 45.3570759], [24.1061109, 45.3572678], [24.1062256, 45.3574722], [24.1063932, 45.3575743], [24.1064237, 45.3576548], [24.1063701, 45.3577918], [24.1063019, 45.3578603], [24.1061219, 45.35799], [24.1060109, 45.3580916], [24.1058425, 45.3582057], [24.1056589, 45.3581142], [24.1054385, 45.3579464], [24.1052639, 45.3577398], [24.1051767, 45.3575785], [24.1051445, 45.3574106], [24.1051307, 45.3571428], [24.1051037, 45.3567952], [24.1051611, 45.3555139], [24.105425, 45.3551233], [24.1054288, 45.3549579], [24.1054209, 45.3548778], [24.1052078, 45.3548872], [24.1049184, 45.3549337], [24.1046463, 45.3550063], [24.1043663, 45.3551133], [24.103923, 45.3549893], [24.1034402, 45.3551673], [24.101456, 45.354993], [24.1000558, 45.3547665], [24.0993171, 45.3546976], [24.0985339, 45.3547417], [24.0972116, 45.3550153], [24.0965158, 45.3550221], [24.0959026, 45.3550018], [24.0954434, 45.3550142], [24.0951532, 45.3551062], [24.0949655, 45.3551318], [24.0949065, 45.3549618], [24.0932226, 45.35503], [24.092618, 45.3551134], [24.0922264, 45.3552046], [24.0917618, 45.3551748], [24.0913977, 45.3549836], [24.0910435, 45.3549237], [24.0904299, 45.3548977], [24.0897142, 45.3547413], [24.0890147, 45.3543959], [24.087833, 45.353117], [24.0872793, 45.3527045], [24.086492, 45.352633], [24.0860841, 45.3526785], [24.0858464, 45.3527723], [24.085765, 45.352867], [24.0855895, 45.3532398], [24.0854179, 45.3532549], [24.085192, 45.3530879], [24.0849839, 45.3531535], [24.0845124, 45.3535938], [24.0827952, 45.3547503], [24.082129, 45.3553082], [24.0816993, 45.355528], [24.0812808, 45.3556087], [24.080901, 45.35559], [24.0804784, 45.3555412], [24.0801071, 45.3554835], [24.0796082, 45.3553305], [24.0787692, 45.3551662], [24.0784839, 45.3551998], [24.0782736, 45.3551881], [24.0780595, 45.3550843], [24.0775579, 45.3548035], [24.0772565, 45.3546874], [24.0769335, 45.3546391], [24.0763267, 45.3546669], [24.075851, 45.354711], [24.0740177, 45.3550382], [24.0731071, 45.3551996], [24.0725087, 45.3552437], [24.0718995, 45.3552425], [24.0714537, 45.3551646], [24.0712145, 45.3550791], [24.0708948, 45.3548265], [24.0705842, 45.3548118], [24.070475, 45.3548313], [24.0701668, 45.3548864], [24.0698611, 45.3548766], [24.0691706, 45.3546861], [24.0686578, 45.3545505], [24.0682427, 45.354437], [24.0677226, 45.3542135], [24.0673319, 45.3539606], [24.0670699, 45.3538132], [24.0667606, 45.3537899], [24.0665942, 45.3538168], [24.0665029, 45.3539116], [24.0664442, 45.3541093], [24.0662781, 45.3542316], [24.0660824, 45.3543203], [24.0654887, 45.3544564], [24.0646651, 45.3545868], [24.0638099, 45.3546006], [24.0629409, 45.3545395], [24.0621016, 45.3544164], [24.0611643, 45.3541514], [24.0605059, 45.3539166], [24.0602552, 45.3537451], [24.0601145, 45.353428], [24.0598358, 45.3530081], [24.059748, 45.3527895], [24.0597463, 45.352657], [24.0598438, 45.3523951], [24.0598811, 45.352167], [24.0598475, 45.3520037], [24.0597559, 45.3519066], [24.0596518, 45.3518671], [24.0593708, 45.3518525], [24.0585254, 45.3517619], [24.058019, 45.3516616], [24.0577604, 45.3516061], [24.0575263, 45.3516044], [24.0573838, 45.3515911], [24.0572827, 45.3515347], [24.0573191, 45.3509599], [24.0573068, 45.3507966], [24.0572495, 45.3507213], [24.0570862, 45.3506508], [24.0562562, 45.3504934], [24.0559526, 45.3504769], [24.0556599, 45.3504982], [24.0554701, 45.3504643], [24.0551302, 45.350242], [24.0549438, 45.3501591], [24.0547427, 45.3501141], [24.0543612, 45.3501413], [24.0538938, 45.3502439], [24.0532928, 45.3504335], [24.0525956, 45.3507964], [24.0516358, 45.3514264], [24.050399, 45.352326], [24.0495798, 45.3527716], [24.049415, 45.3525912], [24.0489894, 45.3525024], [24.0487473, 45.352363]]]}}, {"type": "Feature", "id": "879hgsjs", "properties": {"arebaltapeste_slug": "879hgsjs", "name": "Iezerul Pietrosu", "name_ro": "Iezerul Pietrosu", "type": "ape", "source": "bbox", "source_detail": "geocode cache (tier=tier3_bbox)", "osm_id": null, "geocode_tier": "tier3_bbox", "confidence": "low", "judet": "Maramureș"}, "geometry": {"type": "Polygon", "coordinates": [[[25.2610693, 47.0933217], [25.2618728, 47.0933217], [25.2618728, 47.0937511], [25.2610693, 47.0937511], [25.2610693, 47.0933217]]]}}, {"type": "Feature", "id": "igheqrti", "properties": {"arebaltapeste_slug": "igheqrti", "name": "Acumulare Mihoesti", "name_ro": "Acumulare Mihoesti", "type": "ape", "source": "bbox", "source_detail": "geocode cache (tier=tier3_bbox)", "osm_id": null, "geocode_tier": "tier3_bbox", "confidence": "low", "judet": "Alba"}, "geometry": {"type": "Polygon", "coordinates": [[[23.0027768, 46.3678443], [23.0187766, 46.3678443], [23.0187766, 46.3795556], [23.0027768, 46.3795556], [23.0027768, 46.3678443]]]}}, {"type": "Feature", "id": "1srym7dd", "properties": {"arebaltapeste_slug": "1srym7dd", "name": "Balta Ghilin I", "name_ro": "Balta Ghilin I", "type": "ape", "source": "bbox", "source_detail": "geocode cache (tier=tier3_bbox)", "osm_id": null, "geocode_tier": "tier3_bbox", "confidence": "low", "judet": "Arad"}, "geometry": {"type": "Polygon", "coordinates": [[[21.3211661, 46.2255284], [21.3226244, 46.2255284], [21.3226244, 46.22918], [21.3211661, 46.22918], [21.3211661, 46.2255284]]]}}, {"type": "Feature", "id": "u9i0nipn", "properties": {"arebaltapeste_slug": "u9i0nipn", "name": "Balta Ghilin II", "name_ro": "Balta Ghilin II", "type": "ape", "source": "bbox", "source_detail": "geocode cache (tier=tier3_bbox)", "osm_id": null, "geocode_tier": "tier3_bbox", "confidence": "low", "judet": "Arad"}, "geometry": {"type": "Polygon", "coordinates": [[[21.3221671, 46.2377854], [21.3261842, 46.2377854], [21.3261842, 46.2414027], [21.3221671, 46.2414027], [21.3221671, 46.2377854]]]}}, {"type": "Feature", "id": "f2wdjbfr", "properties": {"arebaltapeste_slug": "f2wdjbfr", "name": "Balta Cicir", "name_ro": "Balta Cicir", "type": "ape", "source": "bbox", "source_detail": "geocode cache (tier=tier3_bbox)", "osm_id": null, "geocode_tier": "tier3_bbox", "confidence": "low", "judet": "Arad"}, "geometry": {"type": "Polygon", "coordinates": [[[21.49599014168, 46.16518295545], [21.50603234168, 46.16518295545], [21.50603234168, 46.16745665513], [21.49599014168, 46.16745665513], [21.49599014168, 46.16518295545]]]}}, {"type": "Feature", "id": "02fq6hrp", "properties": {"arebaltapeste_slug": "02fq6hrp", "name": "Lac acumulare Bascov", "name_ro": "Lac acumulare Bascov", "type": "ape", "source": "bbox", "source_detail": "geocode cache (tier=tier3_bbox)", "osm_id": null, "geocode_tier": "tier3_bbox", "confidence": "low", "judet": "Argeș"}, "geometry": {"type": "Polygon", "coordinates": [[[24.829237, 44.8965137], [24.8488404, 44.8965137], [24.8488404, 44.9143176], [24.829237, 44.9143176], [24.829237, 44.8965137]]]}}, {"type": "Feature", "id": "5irit0pl", "properties": {"arebaltapeste_slug": "5irit0pl", "name": "Lac acumulare Budeasa", "name_ro": "Lac acumulare Budeasa", "type": "ape", "source": "bbox", "source_detail": "geocode cache (tier=tier3_bbox)", "osm_id": null, "geocode_tier": "tier3_bbox", "confidence": "low", "judet": "Argeș"}, "geometry": {"type": "Polygon", "coordinates": [[[24.7793496, 44.9125245], [24.830935, 44.9125245], [24.830935, 44.9391277], [24.7793496, 44.9391277], [24.7793496, 44.9125245]]]}}, {"type": "Feature", "id": "eovhns40", "properties": {"arebaltapeste_slug": "eovhns40", "name": "Acumulare Galbeni", "name_ro": "Acumulare Galbeni", "type": "ape", "source": "bbox", "source_detail": "geocode cache (tier=tier3_bbox)", "osm_id": null, "geocode_tier": "tier3_bbox", "confidence": "low", "judet": "Bacău"}, "geometry": {"type": "Polygon", "coordinates": [[[26.9466581, 46.454334], [26.98162510689, 46.454334], [26.98162510689, 46.50542527519], [26.9466581, 46.50542527519], [26.9466581, 46.454334]]]}}, {"type": "Feature", "id": "ldcmx0lr", "properties": {"arebaltapeste_slug": "ldcmx0lr", "name": "Acumulare Bacău II", "name_ro": "Acumulare Bacău II", "type": "ape", "source": "nominatim", "source_detail": "geocode cache (tier=tier2)", "osm_id": "way/15514158", "geocode_tier": "tier2", "confidence": "medium", "judet": "Bacău"}, "geometry": {"type": "Polygon", "coordinates": [[[26.9147183, 46.5882175], [26.9150156, 46.5864952], [26.9176404, 46.5846299], [26.9191126, 46.5811481], [26.919279, 46.5807029], [26.9198478, 46.5775451], [26.9201616, 46.5750461], [26.9204578, 46.5746757], [26.9208271, 46.5744943], [26.9231416, 46.5739457], [26.9235059, 46.5740487], [26.9241192, 46.5742168], [26.9240964, 46.574278], [26.924333, 46.5745689], [26.9245949, 46.5748765], [26.9273194, 46.5769268], [26.9273242, 46.5793081], [26.9265648, 46.5817747], [26.9262567, 46.584342], [26.9261376, 46.5928409], [26.9238752, 46.593454], [26.9225864, 46.5933293], [26.9205264, 46.5934473], [26.9195479, 46.5933244], [26.9190775, 46.5932138], [26.9183372, 46.5935367], [26.9173525, 46.5939662], [26.9164387, 46.5943229], [26.9159599, 46.5945173], [26.9157167, 46.5944302], [26.9155372, 46.59428], [26.9156723, 46.5939434], [26.915704, 46.5936628], [26.9152135, 46.5934742], [26.9153306, 46.5925632], [26.9155113, 46.5920298], [26.9165423, 46.5916623], [26.9172649, 46.5894365], [26.9147183, 46.5882175]]]}}, {"type": "Feature", "id": "hvy996q6", "properties": {"arebaltapeste_slug": "hvy996q6", "name": "Acumulare Gârleni", "name_ro": "Acumulare Gârleni", "type": "ape", "source": "bbox", "source_detail": "geocode cache (tier=tier3_bbox)", "osm_id": null, "geocode_tier": "tier3_bbox", "confidence": "low", "judet": "Bacău"}, "geometry": {"type": "Polygon", "coordinates": [[[26.7605141, 46.6744738], [26.7881139, 46.6744738], [26.7881139, 46.6853272], [26.7605141, 46.6853272], [26.7605141, 46.6744738]]]}}, {"type": "Feature", "id": "ttge8n5u", "properties": {"arebaltapeste_slug": "ttge8n5u", "name": "Acumulare Lilieci", "name_ro": "Acumulare Lilieci", "type": "ape", "source": "bbox", "source_detail": "geocode cache (tier=tier3_bbox)", "osm_id": null, "geocode_tier": "tier3_bbox", "confidence": "low", "judet": "Bacău"}, "geometry": {"type": "Polygon", "coordinates": [[[26.846318, 46.6304509], [26.8884667, 46.6304509], [26.8884667, 46.6591871], [26.846318, 46.6591871], [26.846318, 46.6304509]]]}}, {"type": "Feature", "id": "jrlgyh2h", "properties": {"arebaltapeste_slug": "jrlgyh2h", "name": "Acumulare Agrement", "name_ro": "Acumulare Agrement", "type": "ape", "source": "bbox", "source_detail": "geocode cache (tier=tier3_bbox)", "osm_id": null, "geocode_tier": "tier3_bbox", "confidence": "low", "judet": "Bacău"}, "geometry": {"type": "Polygon", "coordinates": [[[26.9230138, 46.5570296], [26.9316438, 46.5570296], [26.9316438, 46.5741103], [26.9230138, 46.5741103], [26.9230138, 46.5570296]]]}}, {"type": "Feature", "id": "ltggtdmp", "properties": {"arebaltapeste_slug": "ltggtdmp", "name": "Acumulare Răcăciuni", "name_ro": "Acumulare Răcăciuni", "type": "ape", "source": "bbox", "source_detail": "geocode cache (tier=tier3_bbox)", "osm_id": null, "geocode_tier": "tier3_bbox", "confidence": "low", "judet": "Bacău"}, "geometry": {"type": "Polygon", "coordinates": [[[26.9666737, 46.333995], [27.0531656, 46.333995], [27.0531656, 46.4084715], [26.9666737, 46.4084715], [26.9666737, 46.333995]]]}}, {"type": "Feature", "id": "uqvbagnh", "properties": {"arebaltapeste_slug": "uqvbagnh", "name": "Acumulare Berești", "name_ro": "Acumulare Berești", "type": "ape", "source": "bbox", "source_detail": "geocode cache (tier=tier3_bbox)", "osm_id": null, "geocode_tier": "tier3_bbox", "confidence": "low", "judet": "Bacău"}, "geometry": {"type": "Polygon", "coordinates": [[[27.0697181, 46.1855138], [27.1965759, 46.1855138], [27.1965759, 46.2912739], [27.0697181, 46.2912739], [27.0697181, 46.1855138]]]}}, {"type": "Feature", "id": "gm4m7sjj", "properties": {"arebaltapeste_slug": "gm4m7sjj", "name": "Canalul colector Criș", "name_ro": "Canalul colector Criș", "type": "ape", "source": "bbox", "source_detail": "geocode cache (tier=tier3_bbox)", "osm_id": null, "geocode_tier": "tier3_bbox", "confidence": "low", "judet": "Bihor"}, "geometry": {"type": "Polygon", "coordinates": [[[21.57925127864, 46.65056299182], [21.7842526, 46.65056299182], [21.7842526, 47.0882749], [21.57925127864, 47.0882749], [21.57925127864, 46.65056299182]]]}}, {"type": "Feature", "id": "uerba1xr", "properties": {"arebaltapeste_slug": "uerba1xr", "name": "Culișer", "name_ro": "Culișer", "type": "ape", "source": "bbox", "source_detail": "geocode cache (tier=tier3_bbox)", "osm_id": null, "geocode_tier": "tier3_bbox", "confidence": "low", "judet": "Bihor"}, "geometry": {"type": "Polygon", "coordinates": [[[21.5203027, 46.7767544], [21.72136544645, 46.7767544], [21.72136544645, 46.8373253], [21.5203027, 46.8373253], [21.5203027, 46.7767544]]]}}, {"type": "Feature", "id": "ewp217d3", "properties": {"arebaltapeste_slug": "ewp217d3", "name": "Jelna", "name_ro": "Jelna", "type": "ape", "source": "bbox", "source_detail": "geocode cache (tier=tier3_bbox)", "osm_id": null, "geocode_tier": "tier3_bbox", "confidence": "low", "judet": "Bistrița-Năsăud"}, "geometry": {"type": "Polygon", "coordinates": [[[24.6764767, 47.063576], [24.8186234, 47.063576], [24.8186234, 47.0857686], [24.6764767, 47.0857686], [24.6764767, 47.063576]]]}}, {"type": "Feature", "id": "uv7try13", "properties": {"arebaltapeste_slug": "uv7try13", "name": "Izvoare – conf. pârâul Bumbului", "name_ro": "Izvoare – conf. pârâul Bumbului", "type": "ape", "source": "bbox", "source_detail": "geocode cache (tier=tier3_bbox)", "osm_id": null, "geocode_tier": "tier3_bbox", "confidence": "low", "judet": "Bistrița-Năsăud"}, "geometry": {"type": "Polygon", "coordinates": [[[24.3840138, 47.4872411343], [24.4371799, 47.4872411343], [24.4371799, 47.5787875], [24.3840138, 47.5787875], [24.3840138, 47.4872411343]]]}}, {"type": "Feature", "id": "0rc761a8", "properties": {"arebaltapeste_slug": "0rc761a8", "name": "Gârla Huțani", "name_ro": "Gârla Huțani", "type": "ape", "source": "bbox", "source_detail": "geocode cache (tier=tier3_bbox)", "osm_id": null, "geocode_tier": "tier3_bbox", "confidence": "low", "judet": "Botoșani"}, "geometry": {"type": "Polygon", "coordinates": [[[26.4775106, 47.6491264], [26.5325539, 47.6491264], [26.5325539, 47.7124675], [26.4775106, 47.7124675], [26.4775106, 47.6491264]]]}}, {"type": "Feature", "id": "qjz7g9se", "properties": {"arebaltapeste_slug": "qjz7g9se", "name": "Acumularea Govora ", "name_ro": "Acumularea Govora ", "type": "ape", "source": "overpass", "source_detail": "geocode cache (tier=tier3_overpass)", "osm_id": "relation/11551057", "geocode_tier": "tier3_overpass", "confidence": "medium", "judet": "Vâlcea"}, "geometry": {"type": "MultiPolygon", "coordinates": [[[[24.3384801, 45.0540081], [24.3383477, 45.0539356], [24.3382625, 45.0538325], [24.3381933, 45.0537898], [24.3381289, 45.0537811], [24.3380347, 45.0538061], [24.3378178, 45.0538517], [24.3374582, 45.0538423], [24.3370986, 45.0537834], [24.3363983, 45.053572], [24.33565, 45.0532976], [24.3352596, 45.0531536], [24.3348335, 45.052976], [24.3345489, 45.0528221], [24.3343272, 45.05266], [24.3343032, 45.0526244], [24.3343267, 45.0525998], [24.334377, 45.052583], [24.3344408, 45.052595], [24.3346398, 45.0526934], [24.3349527, 45.0528152], [24.3353879, 45.0529158], [24.335829, 45.0529786], [24.3363028, 45.0530235], [24.3368303, 45.0530558], [24.3373001, 45.0530209], [24.3378772, 45.0529327], [24.3383975, 45.052791], [24.3390688, 45.0526277], [24.339593, 45.052532], [24.339986, 45.0524911], [24.340326, 45.0524726], [24.3405251, 45.052484], [24.3407345, 45.0525097], [24.3410182, 45.0525488], [24.3410583, 45.0524111], [24.3409029, 45.0523767], [24.3406541, 45.0523026], [24.3404758, 45.0521984], [24.3403696, 45.0521668], [24.3401854, 45.05215], [24.3396468, 45.0521833], [24.3395668, 45.052198], [24.3391084, 45.052282], [24.3383312, 45.0524608], [24.337566, 45.0525596], [24.3370375, 45.0525873], [24.3364901, 45.0525481], [24.3360067, 45.0524771], [24.3354666, 45.0523259], [24.3349703, 45.0520807], [24.3345779, 45.0517737], [24.3344811, 45.0516074], [24.3345752, 45.051472], [24.3345777, 45.0513456], [24.3344471, 45.0512047], [24.334274, 45.0511358], [24.3340393, 45.0511477], [24.3338526, 45.0509968], [24.3337803, 45.0508334], [24.3336867, 45.050719], [24.3335885, 45.0505868], [24.33342, 45.0505137], [24.3332236, 45.0505291], [24.3330392, 45.0506174], [24.332696, 45.0506121], [24.3325077, 45.0505808], [24.3323839, 45.0504478], [24.3323235, 45.0500087], [24.3323231, 45.0497287], [24.3323929, 45.0494077], [24.3324428, 45.0492585], [24.3324111, 45.0491416], [24.3322727, 45.049034], [24.3320673, 45.048917], [24.3317668, 45.0487822], [24.3315485, 45.0487314], [24.3313603, 45.0487124], [24.3313209, 45.0486226], [24.3314552, 45.0485414], [24.3316555, 45.048498], [24.3316224, 45.0483774], [24.3315324, 45.0482229], [24.3314892, 45.0480731], [24.3314549, 45.0479687], [24.3315695, 45.0479083], [24.3319178, 45.0479389], [24.3323174, 45.0480178], [24.3350082, 45.0498025], [24.3361967, 45.0500005], [24.3377665, 45.0500639], [24.3383159, 45.050151], [24.339583, 45.0504917], [24.340693, 45.0509273], [24.3425207, 45.0512125], [24.3435635, 45.0514343], [24.3439615, 45.0514422], [24.3442923, 45.0514422], [24.3444934, 45.0512393], [24.3431924, 45.0509143], [24.3425185, 45.0508415], [24.3419929, 45.050752], [24.3415214, 45.0506721], [24.3411708, 45.0506021], [24.340744, 45.050485], [24.3404842, 45.050389], [24.340346, 45.0503262], [24.3400606, 45.0501862], [24.3397118, 45.0500511], [24.3389816, 45.0498444], [24.3383765, 45.0496859], [24.3378668, 45.049599], [24.3374517, 45.0495721], [24.3370357, 45.049556], [24.336734, 45.0495442], [24.3363378, 45.0495142], [24.336015, 45.0494258], [24.3357005, 45.0492838], [24.3354219, 45.0491335], [24.3350714, 45.0489156], [24.3340351, 45.048174], [24.3334043, 45.0477132], [24.3332296, 45.0476398], [24.3330142, 45.0476054], [24.3327234, 45.0475733], [24.3319171, 45.0474891], [24.3313923, 45.0473718], [24.3310946, 45.0472679], [24.3307511, 45.0471582], [24.3302468, 45.0470285], [24.3293802, 45.0468189], [24.3288352, 45.0466493], [24.3282395, 45.0464141], [24.3277409, 45.0462093], [24.3270041, 45.0459719], [24.326049, 45.0456624], [24.3245705, 45.0452006], [24.3233604, 45.0448073], [24.3223545, 45.0444709], [24.3215852, 45.0441785], [24.3211435, 45.0439004], [24.3207142, 45.0436521], [24.3200341, 45.0431931], [24.3195177, 45.0427618], [24.3189278, 45.0423603], [24.3186717, 45.0421469], [24.3177221, 45.0414942], [24.3169269, 45.0408961], [24.3161787, 45.0402388], [24.315469, 45.0395178], [24.3151988, 45.0391948], [24.3151403, 45.0390762], [24.3151498, 45.0388913], [24.3151465, 45.0387701], [24.3150913, 45.0386681], [24.314946, 45.0385297], [24.3149182, 45.03844], [24.3149042, 45.0383225], [24.314916, 45.0381594], [24.3149406, 45.0379915], [24.31493, 45.0379039], [24.3148897, 45.0377911], [24.3148328, 45.0376665], [24.3148159, 45.0375781], [24.3148264, 45.0374671], [24.314877, 45.0373142], [24.314918, 45.0371404], [24.3149536, 45.0369672], [24.3149967, 45.0368358], [24.315054, 45.0367744], [24.3152126, 45.0366624], [24.3152434, 45.0365415], [24.3153006, 45.0364178], [24.3153887, 45.0363223], [24.3154507, 45.0362619], [24.315434, 45.0361264], [24.3154614, 45.0360544], [24.3156003, 45.0358921], [24.3156936, 45.0357309], [24.315776, 45.035625], [24.3159006, 45.0355173], [24.3160193, 45.0354475], [24.3161519, 45.0353799], [24.3162749, 45.0353636], [24.316417, 45.0353924], [24.3165646, 45.0354714], [24.3166525, 45.0354998], [24.3168043, 45.0355025], [24.3169391, 45.0354786], [24.316973, 45.0354389], [24.3170311, 45.0354032], [24.3172206, 45.0353541], [24.3173928, 45.0353078], [24.3176298, 45.0352752], [24.3177713, 45.0352615], [24.317895, 45.03528], [24.318101, 45.035286], [24.3182754, 45.0353237], [24.3184092, 45.0354025], [24.3185078, 45.0354641], [24.3185809, 45.035525], [24.3186652, 45.0355647], [24.3187796, 45.0356177], [24.3188957, 45.035631], [24.3190039, 45.0356665], [24.3190781, 45.0357484], [24.3194419, 45.0358464], [24.3195404, 45.0359475], [24.3198047, 45.0359382], [24.3198703, 45.0359144], [24.3199581, 45.0359096], [24.3200727, 45.0359329], [24.3201514, 45.0359819], [24.3203315, 45.0359379], [24.3205918, 45.0361474], [24.3207379, 45.0361342], [24.3208242, 45.0361739], [24.3210921, 45.036158], [24.3212746, 45.0360807], [24.3214552, 45.0361028], [24.3215951, 45.0361603], [24.3216544, 45.036211], [24.3216698, 45.0362964], [24.3217809, 45.0363203], [24.3218577, 45.0363746], [24.3219645, 45.0364328], [24.3219776, 45.0364798], [24.3220704, 45.0364924], [24.3221332, 45.0365282], [24.322171, 45.0365544], [24.3222241, 45.0365216], [24.3222681, 45.0364812], [24.3223449, 45.0364613], [24.3224059, 45.036456], [24.3224405, 45.0364739], [24.3225314, 45.0364381], [24.3226439, 45.0364375], [24.3227309, 45.036467], [24.3227769, 45.0364904], [24.3228069, 45.0365235], [24.3227951, 45.0365719], [24.32297, 45.0366711], [24.3230946, 45.0368846], [24.3232271, 45.0369689], [24.3232699, 45.0370888], [24.3236167, 45.0371581], [24.3239215, 45.0371581], [24.3240187, 45.0370088], [24.3239979, 45.0368064], [24.3238924, 45.0367292], [24.3236886, 45.0366235], [24.3236081, 45.0365252], [24.3236, 45.0363888], [24.3236671, 45.0362562], [24.3237529, 45.0361336], [24.3238955, 45.0360797], [24.3241726, 45.0360637], [24.3243225, 45.0360546], [24.3243588, 45.0359538], [24.3244453, 45.0357679], [24.3245726, 45.0355455], [24.3246594, 45.035455], [24.3247951, 45.0353898], [24.3249548, 45.0353599], [24.3250683, 45.0354126], [24.3251054, 45.0354857], [24.325161, 45.0355119], [24.3252061, 45.035555], [24.325214, 45.0356205], [24.3251849, 45.0356767], [24.3252273, 45.0358678], [24.325275, 45.0360588], [24.3253351, 45.0361142], [24.3254261, 45.036125], [24.3255591, 45.036117], [24.3257975, 45.0360632], [24.3259625, 45.0360494], [24.326095, 45.0360355], [24.3261689, 45.0359777], [24.3261861, 45.0358683], [24.3262521, 45.0357601], [24.3263725, 45.035627], [24.3265381, 45.0355375], [24.326702, 45.0354985], [24.3269462, 45.0355077], [24.3270687, 45.0354997], [24.3272004, 45.0354607], [24.3273679, 45.0354497], [24.327653, 45.0354455], [24.3278488, 45.0354756], [24.3279717, 45.0355435], [24.3281388, 45.0357113], [24.3282953, 45.035778], [24.3284223, 45.035777], [24.328502, 45.0357306], [24.3285175, 45.0356731], [24.3284279, 45.0355583], [24.3283101, 45.0354092], [24.328308, 45.0353461], [24.3283881, 45.0352573], [24.328493, 45.0351842], [24.3285779, 45.0351247], [24.3286528, 45.0350491], [24.3287145, 45.0349425], [24.3287244, 45.0348303], [24.3286948, 45.0346436], [24.3287287, 45.0345445], [24.3287788, 45.0344512], [24.3288787, 45.0343816], [24.3290515, 45.0343235], [24.3292652, 45.0342824], [24.3294846, 45.0342869], [24.3297202, 45.034343], [24.3299317, 45.0344383], [24.3301754, 45.0346107], [24.3303149, 45.0347222], [24.3305063, 45.0347836], [24.3307951, 45.0347591], [24.331012, 45.0347151], [24.3311853, 45.0346414], [24.3313506, 45.0345163], [24.3313799, 45.0344671], [24.3313425, 45.0344395], [24.3312455, 45.0344348], [24.3310156, 45.0344084], [24.3308576, 45.0343687], [24.3307052, 45.034276], [24.3306366, 45.0341913], [24.3306199, 45.0341047], [24.3305629, 45.0340099], [24.3304452, 45.033928], [24.3301917, 45.0338012], [24.3299787, 45.0337144], [24.329764, 45.0336608], [24.3295836, 45.0336283], [24.3294844, 45.0336417], [24.3294092, 45.0336889], [24.3292904, 45.033787], [24.3291986, 45.0338074], [24.3290878, 45.0338118], [24.3288311, 45.0337819], [24.3286912, 45.0337469], [24.3286848, 45.0339427], [24.3286259, 45.0340828], [24.3285167, 45.0341649], [24.3283509, 45.0342177], [24.3282121, 45.0342429], [24.3280678, 45.0342349], [24.327976, 45.0342248], [24.3279104, 45.0342395], [24.3277829, 45.0342806], [24.3276204, 45.0343002], [24.3274443, 45.0342958], [24.3273111, 45.0342748], [24.3270147, 45.0341552], [24.3268629, 45.0340758], [24.3268046, 45.034016], [24.3267756, 45.0339583], [24.3267963, 45.033905], [24.3268816, 45.0338354], [24.3269734, 45.033789], [24.3273253, 45.0336487], [24.3274657, 45.0335424], [24.3275535, 45.0334422], [24.3276125, 45.0333542], [24.327669, 45.0332645], [24.3277415, 45.0331953], [24.3278159, 45.0331571], [24.3279002, 45.0331397], [24.328011, 45.0331367], [24.3280651, 45.0331216], [24.3281025, 45.033087], [24.3281323, 45.0330404], [24.3281662, 45.0330065], [24.3282403, 45.0329613], [24.3282919, 45.0329346], [24.328305, 45.0328994], [24.3282926, 45.032861], [24.3282647, 45.032827], [24.3282368, 45.0327839], [24.3282389, 45.032716], [24.3282608, 45.032641], [24.3282898, 45.0325373], [24.3283377, 45.0323998], [24.3284248, 45.0323029], [24.3285238, 45.0322356], [24.3286504, 45.0321766], [24.3287129, 45.0321515], [24.3287424, 45.0321011], [24.3287537, 45.032051], [24.3287882, 45.031976], [24.3289147, 45.0317261], [24.3289935, 45.0314803], [24.3290389, 45.0312591], [24.329062, 45.0302968], [24.3293135, 45.029946], [24.3293043, 45.0298121], [24.3290089, 45.0297888], [24.3285645, 45.02982], [24.3280357, 45.0298628], [24.3277305, 45.0300486], [24.3275648, 45.0301271], [24.3274475, 45.030146], [24.3272636, 45.0301401], [24.3271231, 45.0301197], [24.3269391, 45.0300969], [24.3267138, 45.0300955], [24.3264844, 45.0300688], [24.3263757, 45.0300154], [24.3262935, 45.029903], [24.3261892, 45.0298007], [24.326057, 45.0297181], [24.3259279, 45.0296652], [24.3257943, 45.0296023], [24.3256595, 45.02947], [24.3255923, 45.0293434], [24.3255767, 45.0291291], [24.3255254, 45.0290581], [24.3254467, 45.0289836], [24.3253365, 45.0289222], [24.3252144, 45.0288327], [24.3250974, 45.0286762], [24.3250007, 45.0285159], [24.3248192, 45.0283435], [24.3246252, 45.0281969], [24.3243836, 45.028081], [24.3240187, 45.0279749], [24.3239281, 45.0279137], [24.3238823, 45.0278246], [24.3238446, 45.02755], [24.3238186, 45.0269675], [24.3237847, 45.02686], [24.3237222, 45.026768], [24.3236239, 45.0267041], [24.3235038, 45.0266688], [24.3231078, 45.0266327], [24.3227425, 45.0265918], [24.3225124, 45.0265621], [24.3223259, 45.026493], [24.3219575, 45.0262834], [24.3214345, 45.0259822], [24.3213089, 45.0258959], [24.3212466, 45.0258163], [24.3212188, 45.0257011], [24.321216, 45.025575], [24.3210867, 45.025267], [24.3209533, 45.0250139], [24.320785, 45.0248156], [24.3205821, 45.0246668], [24.3201139, 45.024443], [24.3199642, 45.0243394], [24.3198701, 45.0242049], [24.3198251, 45.0239808], [24.3197645, 45.0238074], [24.3197111, 45.0236697], [24.3196771, 45.0236026], [24.3196505, 45.023464], [24.319626, 45.0233808], [24.3195561, 45.023302], [24.3194801, 45.0232534], [24.3193792, 45.0232032], [24.3192775, 45.0231218], [24.3192228, 45.0229946], [24.319207, 45.0228625], [24.319254, 45.0226702], [24.3193282, 45.0223186], [24.3193953, 45.0220435], [24.3195199, 45.0217342], [24.31963, 45.0214168], [24.3196771, 45.0211915], [24.3196681, 45.0210375], [24.3196231, 45.0208987], [24.3195185, 45.020713], [24.3193196, 45.0204998], [24.3192111, 45.0204121], [24.3191087, 45.0203393], [24.3190184, 45.0202704], [24.3188493, 45.0200878], [24.3187378, 45.0199781], [24.318596, 45.019847], [24.3184424, 45.0197415], [24.3179939, 45.0195211], [24.3169094, 45.0189757], [24.3160731, 45.0186448], [24.3157841, 45.0182884], [24.3152992, 45.0180199], [24.3153618, 45.0177853], [24.3151089, 45.0172985], [24.3149843, 45.0169434], [24.3149831, 45.0166654], [24.3148217, 45.0162268], [24.3145747, 45.0158328], [24.3144308, 45.0155547], [24.3141578, 45.0149995], [24.313831, 45.01453], [24.3137022, 45.014233], [24.3135919, 45.0139932], [24.3134347, 45.0136846], [24.3132678, 45.0134422], [24.3130283, 45.0131835], [24.3127265, 45.0131531], [24.3126262, 45.0131544], [24.3121964, 45.0131929], [24.311563, 45.0129007], [24.3114121, 45.0127633], [24.3111467, 45.0126088], [24.3108165, 45.0125048], [24.3104141, 45.0122867], [24.3090063, 45.0122485], [24.3085722, 45.0121569], [24.3073542, 45.0115714], [24.3071617, 45.0113141], [24.3070675, 45.0110521], [24.3067948, 45.0106871], [24.3063172, 45.0101452], [24.3062317, 45.009933], [24.305893, 45.0096356], [24.305807, 45.009139], [24.3057123, 45.0090404], [24.3055735, 45.0089647], [24.2982994, 45.0090833], [24.2969551, 45.0097373], [24.296894, 45.01013], [24.2956656, 45.013332], [24.295605, 45.0135897], [24.2956414, 45.0138361], [24.2957481, 45.0140936], [24.2959302, 45.0143216], [24.2961643, 45.0145184], [24.296431, 45.0146734], [24.2992838, 45.0164049], [24.3019782, 45.0184786], [24.3047148, 45.0202362], [24.3076628, 45.0232592], [24.3078149, 45.0234155], [24.3078958, 45.0235585], [24.3078706, 45.0237806], [24.3077376, 45.0239511], [24.3073214, 45.0242274], [24.3042212, 45.0262023], [24.3040053, 45.0263543], [24.3038492, 45.0265361], [24.3037435, 45.0267649], [24.3031283, 45.0313626], [24.3030659, 45.0318486], [24.3037736, 45.0320704], [24.3047206, 45.0323976], [24.3053144, 45.0325286], [24.3059181, 45.032635], [24.3064998, 45.0326434], [24.3065571, 45.0329258], [24.3065366, 45.0332606], [24.3066191, 45.0332898], [24.3065949, 45.0334272], [24.3065663, 45.0334244], [24.3064597, 45.0336634], [24.3065909, 45.0339961], [24.306699, 45.0339842], [24.3068042, 45.0342951], [24.3067536, 45.0343187], [24.3068394, 45.0346432], [24.3070522, 45.035194], [24.307186, 45.035312], [24.307311, 45.03576], [24.307552, 45.036171], [24.307751, 45.036392], [24.307926, 45.036571], [24.308169, 45.036815], [24.308407, 45.03701], [24.308621, 45.0372], [24.308902, 45.037422], [24.309216, 45.037627], [24.3096026, 45.0378767], [24.310525, 45.038257], [24.3119414, 45.0389757], [24.3122967, 45.0392486], [24.3125946, 45.0394775], [24.31269, 45.039611], [24.312813, 45.0398029], [24.3129522, 45.0399363], [24.3131046, 45.0400147], [24.3134567, 45.0401709], [24.3136383, 45.0402684], [24.3138008, 45.0403757], [24.3139373, 45.0405035], [24.3140958, 45.0407287], [24.3143216, 45.0410435], [24.3145449, 45.0412867], [24.3148564, 45.0415884], [24.3152157, 45.0419634], [24.3153221, 45.042113], [24.3155671, 45.0424977], [24.3157376, 45.0427966], [24.3158639, 45.0429366], [24.3160565, 45.0430883], [24.316329, 45.0432497], [24.3165078, 45.0433644], [24.3166573, 45.04354], [24.3169173, 45.0438949], [24.3172259, 45.0443242], [24.3172862, 45.0444503], [24.317354, 45.0445902], [24.3174066, 45.0446443], [24.317463, 45.0446899], [24.3174891, 45.0447274], [24.3175043, 45.0447727], [24.3175127, 45.0448644], [24.3175022, 45.0450342], [24.3174981, 45.0452495], [24.3175156, 45.0454482], [24.3175718, 45.045665], [24.3176509, 45.0458512], [24.3178073, 45.0460738], [24.3179626, 45.0462174], [24.3181307, 45.0463086], [24.3182842, 45.0463659], [24.3184179, 45.0464436], [24.3185741, 45.046585], [24.3187207, 45.0467729], [24.3187747, 45.046826], [24.3189401, 45.0469389], [24.3191226, 45.0471], [24.319201, 45.0471987], [24.3192955, 45.0473862], [24.3193759, 45.0474951], [24.3194725, 45.047604], [24.319568, 45.0477131], [24.3196816, 45.0478059], [24.3198305, 45.0478943], [24.3199781, 45.0479522], [24.3201643, 45.0480146], [24.3206299, 45.0481396], [24.320819, 45.0481794], [24.3210179, 45.0481675], [24.3212366, 45.0480956], [24.321687, 45.0479145], [24.3220582, 45.0478408], [24.3222769, 45.0478324], [24.322755, 45.0478216], [24.3231179, 45.0477879], [24.3234951, 45.047713], [24.3243748, 45.0476108], [24.3249584, 45.0476269], [24.3258374, 45.0476932], [24.3265662, 45.0477749], [24.3270983, 45.047838], [24.327636, 45.0478895], [24.327974, 45.047957], [24.3285403, 45.0481665], [24.3288977, 45.0483694], [24.3291795, 45.0485489], [24.3296521, 45.0489283], [24.330035, 45.0491854], [24.3304369, 45.0494326], [24.3308005, 45.0496187], [24.3314803, 45.0499837], [24.3315484, 45.0500854], [24.3315327, 45.0502393], [24.3314302, 45.0506683], [24.3314716, 45.0510156], [24.3316006, 45.0514247], [24.331798, 45.0518152], [24.332217, 45.05229], [24.3325917, 45.0525969], [24.3330801, 45.0528828], [24.3335545, 45.0531159], [24.3340989, 45.0533491], [24.3347753, 45.0535538], [24.3353111, 45.0536844], [24.3355578, 45.0537717], [24.3363263, 45.054144], [24.3384801, 45.0540081]]], [[[24.3193323, 45.0468543], [24.3192444, 45.0467546], [24.3190016, 45.0464527], [24.3186351, 45.0458489], [24.3184101, 45.0453648], [24.3183671, 45.0452006], [24.3183598, 45.0450785], [24.318381, 45.0449186], [24.3183996, 45.0447502], [24.3183763, 45.0445054], [24.3182814, 45.044227], [24.3182878, 45.0441408], [24.318324, 45.0440715], [24.3184559, 45.0440086], [24.3187317, 45.043925], [24.31889, 45.0439009], [24.3190847, 45.0439039], [24.3195689, 45.044037], [24.3199876, 45.0441996], [24.3208369, 45.0445836], [24.321261, 45.0448211], [24.3217446, 45.0450333], [24.3219779, 45.0451317], [24.3221695, 45.0452555], [24.3223872, 45.0454794], [24.3226228, 45.0457959], [24.3226648, 45.0458731], [24.3226653, 45.0459433], [24.3226306, 45.0460079], [24.3222683, 45.0462853], [24.3218046, 45.0466343], [24.3214017, 45.0468521], [24.3211086, 45.0469593], [24.320677, 45.0470269], [24.3203109, 45.0470439], [24.3199235, 45.0470348], [24.319649, 45.0469907], [24.319452, 45.046934], [24.3193323, 45.0468543]]]]}}, {"type": "Feature", "id": "5dsa9h8a", "properties": {"arebaltapeste_slug": "5dsa9h8a", "name": "Acumularea Băbeni ", "name_ro": "Acumularea Băbeni ", "type": "ape", "source": "bbox", "source_detail": "geocode cache (tier=tier3_bbox)", "osm_id": null, "geocode_tier": "tier3_bbox", "confidence": "low", "judet": "Vâlcea"}, "geometry": {"type": "Polygon", "coordinates": [[[24.2414947, 44.9169184], [24.2821723, 44.9169184], [24.2821723, 44.9809595], [24.2414947, 44.9809595], [24.2414947, 44.9169184]]]}}, {"type": "Feature", "id": "of2qtm1a", "properties": {"arebaltapeste_slug": "of2qtm1a", "name": "Acumularea Ionești ", "name_ro": "Acumularea Ionești ", "type": "ape", "source": "bbox", "source_detail": "geocode cache (tier=tier3_bbox)", "osm_id": null, "geocode_tier": "tier3_bbox", "confidence": "low", "judet": "Vâlcea"}, "geometry": {"type": "Polygon", "coordinates": [[[24.2405355, 44.8540776], [24.2604288, 44.8540776], [24.2604288, 44.9167405], [24.2405355, 44.9167405], [24.2405355, 44.8540776]]]}}, {"type": "Feature", "id": "usposk6o", "properties": {"arebaltapeste_slug": "usposk6o", "name": "Acumularea Drăgășani", "name_ro": "Acumularea Drăgășani", "type": "ape", "source": "bbox", "source_detail": "geocode cache (tier=tier3_bbox)", "osm_id": null, "geocode_tier": "tier3_bbox", "confidence": "low", "judet": "Vâlcea"}, "geometry": {"type": "Polygon", "coordinates": [[[24.2682933, 44.6815837], [24.2973512, 44.6815837], [24.2973512, 44.7733878], [24.2682933, 44.7733878], [24.2682933, 44.6815837]]]}}, {"type": "Feature", "id": "ec2faven", "properties": {"arebaltapeste_slug": "ec2faven", "name": "Acumularea Râureni ", "name_ro": "Acumularea Râureni ", "type": "ape", "source": "overpass", "source_detail": "geocode cache (tier=tier3_overpass)", "osm_id": "relation/11555144", "geocode_tier": "tier3_overpass", "confidence": "medium", "judet": "Vâlcea"}, "geometry": {"type": "Polygon", "coordinates": [[[24.3796786, 45.1046961], [24.3795862, 45.1044436], [24.3791399, 45.1035935], [24.3790263, 45.1033603], [24.3788873, 45.1031341], [24.3788226, 45.1029778], [24.3787148, 45.102878], [24.37853, 45.1027828], [24.3784163, 45.1020765], [24.3782346, 45.1010079], [24.3782804, 45.1007836], [24.3782371, 45.1001784], [24.3782013, 45.0997255], [24.3793581, 45.0962452], [24.3798312, 45.0945186], [24.3799107, 45.0934069], [24.37989, 45.0920747], [24.3801327, 45.0902299], [24.3799434, 45.0874846], [24.3799313, 45.0873104], [24.3799041, 45.0871063], [24.3798293, 45.086886], [24.3797082, 45.0866883], [24.3795148, 45.0864227], [24.3792965, 45.0861144], [24.3783221, 45.084867], [24.3774435, 45.0837255], [24.3770645, 45.0832641], [24.3765949, 45.0827798], [24.3761005, 45.0823827], [24.3740367, 45.0810563], [24.3730057, 45.0804111], [24.3729288, 45.080363], [24.3719172, 45.0797299], [24.3699893, 45.0785082], [24.3667471, 45.0764882], [24.3619696, 45.0734784], [24.3618208, 45.0733193], [24.3617081, 45.0731304], [24.3616525, 45.0729903], [24.3616195, 45.0728641], [24.361624, 45.0726656], [24.3616644, 45.0724409], [24.3617498, 45.0721677], [24.3618673, 45.0718728], [24.361785, 45.0717157], [24.3617218, 45.0716758], [24.3635932, 45.0702484], [24.3638887, 45.070263], [24.3644218, 45.0701322], [24.3650531, 45.0700239], [24.3653845, 45.0700462], [24.365689, 45.0701126], [24.3661244, 45.0702762], [24.3739909, 45.0746419], [24.3770572, 45.0763327], [24.3787652, 45.0772812], [24.3795809, 45.0777231], [24.3802178, 45.078122], [24.3806018, 45.0784387], [24.3810175, 45.0788415], [24.3812766, 45.0791644], [24.3820688, 45.0803159], [24.3835145, 45.0825264], [24.3837386, 45.0830072], [24.3839389, 45.0835749], [24.3839928, 45.0837577], [24.3840512, 45.0840933], [24.3840816, 45.0844124], [24.3840889, 45.0848501], [24.3840666, 45.0851415], [24.3839152, 45.0858644], [24.3836345, 45.0870818], [24.3832471, 45.0886018], [24.3822852, 45.0925979], [24.3814277, 45.0960378], [24.3812762, 45.0964863], [24.3802988, 45.0987219], [24.3801689, 45.0991133], [24.380129, 45.0993168], [24.3801151, 45.0994921], [24.3801041, 45.0997078], [24.3800966, 45.0999237], [24.3802326, 45.1009136], [24.380321, 45.1018079], [24.3804347, 45.1022237], [24.3805314, 45.1024471], [24.3806612, 45.1027109], [24.38162, 45.1043626], [24.3796786, 45.1046961]]]}}, {"type": "Feature", "id": "qvwbzauf", "properties": {"arebaltapeste_slug": "qvwbzauf", "name": "Acumularea Râmnicu Vâlcea", "name_ro": "Acumularea Râmnicu Vâlcea", "type": "ape", "source": "bbox", "source_detail": "geocode cache (tier=tier3_bbox)", "osm_id": null, "geocode_tier": "tier3_bbox", "confidence": "low", "judet": "Vâlcea"}, "geometry": {"type": "Polygon", "coordinates": [[[24.3729531, 45.1202628], [24.4020424, 45.1202628], [24.4020424, 45.148699], [24.3729531, 45.148699], [24.3729531, 45.1202628]]]}}, {"type": "Feature", "id": "gvxr867o", "properties": {"arebaltapeste_slug": "gvxr867o", "name": "Acumularea Câineni", "name_ro": "Acumularea Câineni", "type": "ape", "source": "bbox", "source_detail": "geocode cache (tier=tier3_bbox)", "osm_id": null, "geocode_tier": "tier3_bbox", "confidence": "low", "judet": "Vâlcea"}, "geometry": {"type": "Polygon", "coordinates": [[[24.29426906347, 45.48205500703], [24.30727241278, 45.48205500703], [24.30727241278, 45.49538301123], [24.29426906347, 45.49538301123], [24.29426906347, 45.48205500703]]]}}, {"type": "Feature", "id": "jni4xw19", "properties": {"arebaltapeste_slug": "jni4xw19", "name": "Acumularea Robești ", "name_ro": "Acumularea Robești ", "type": "ape", "source": "bbox", "source_detail": "geocode cache (tier=tier3_bbox)", "osm_id": null, "geocode_tier": "tier3_bbox", "confidence": "low", "judet": "Vâlcea"}, "geometry": {"type": "Polygon", "coordinates": [[[24.28738112926, 45.44790831537], [24.30669303417, 45.44790831537], [24.30669303417, 45.47235037175], [24.28738112926, 45.47235037175], [24.28738112926, 45.44790831537]]]}}, {"type": "Feature", "id": "8zv453rs", "properties": {"arebaltapeste_slug": "8zv453rs", "name": "Acumularea Cornetu ", "name_ro": "Acumularea Cornetu ", "type": "ape", "source": "bbox", "source_detail": "geocode cache (tier=tier3_bbox)", "osm_id": null, "geocode_tier": "tier3_bbox", "confidence": "low", "judet": "Vâlcea"}, "geometry": {"type": "Polygon", "coordinates": [[[24.29188719749, 45.3928448408], [24.30939665794, 45.3928448408], [24.30939665794, 45.41857594073], [24.29188719749, 45.41857594073], [24.29188719749, 45.3928448408]]]}}, {"type": "Feature", "id": "bc4yxt09", "properties": {"arebaltapeste_slug": "bc4yxt09", "name": "Acumularea Gura Lotrului cu balta adiacenta Proieni ", "name_ro": "Acumularea Gura Lotrului cu balta adiacenta Proieni ", "type": "ape", "source": "bbox", "source_detail": "geocode cache (tier=tier3_bbox)", "osm_id": null, "geocode_tier": "tier3_bbox", "confidence": "low", "judet": "Vâlcea"}, "geometry": {"type": "Polygon", "coordinates": [[[24.26296229839, 45.34463527365], [24.29351802349, 45.34463527365], [24.29351802349, 45.35574910501], [24.26296229839, 45.35574910501], [24.26296229839, 45.34463527365]]]}}, {"type": "Feature", "id": "3fdrbnxp", "properties": {"arebaltapeste_slug": "3fdrbnxp", "name": "Acumularea Turnu", "name_ro": "Acumularea Turnu", "type": "ape", "source": "bbox", "source_detail": "geocode cache (tier=tier3_bbox)", "osm_id": null, "geocode_tier": "tier3_bbox", "confidence": "low", "judet": "Vâlcea"}, "geometry": {"type": "Polygon", "coordinates": [[[24.29471965313, 45.27681922111], [24.31055541515, 45.27681922111], [24.31055541515, 45.29348649075], [24.29471965313, 45.29348649075], [24.29471965313, 45.27681922111]]]}}, {"type": "Feature", "id": "n2cn2gu7", "properties": {"arebaltapeste_slug": "n2cn2gu7", "name": "Acumularea Călimănești cu bălțile adiacente", "name_ro": "Acumularea Călimănești cu bălțile adiacente", "type": "ape", "source": "bbox", "source_detail": "geocode cache (tier=tier3_bbox)", "osm_id": null, "geocode_tier": "tier3_bbox", "confidence": "low", "judet": "Vâlcea"}, "geometry": {"type": "Polygon", "coordinates": [[[24.33790860415, 45.24035759013], [24.34744117498, 45.24035759013], [24.34744117498, 45.25125019356], [24.33790860415, 45.25125019356], [24.33790860415, 45.24035759013]]]}}, {"type": "Feature", "id": "trcvabp1", "properties": {"arebaltapeste_slug": "trcvabp1", "name": "Acumularea Dăești cu bălțile adiacente", "name_ro": "Acumularea Dăești cu bălțile adiacente", "type": "ape", "source": "bbox", "source_detail": "geocode cache (tier=tier3_bbox)", "osm_id": null, "geocode_tier": "tier3_bbox", "confidence": "low", "judet": "Vâlcea"}, "geometry": {"type": "Polygon", "coordinates": [[[24.3664875, 45.1785399], [24.3836001, 45.1785399], [24.3836001, 45.2095023], [24.3664875, 45.2095023], [24.3664875, 45.1785399]]]}}, {"type": "Feature", "id": "zughmn94", "properties": {"arebaltapeste_slug": "zughmn94", "name": "Acumularea Zăvideni", "name_ro": "Acumularea Zăvideni", "type": "ape", "source": "overpass", "source_detail": "geocode cache (tier=tier3_overpass)", "osm_id": "relation/11551058", "geocode_tier": "tier3_overpass", "confidence": "medium", "judet": "Vâlcea"}, "geometry": {"type": "MultiPolygon", "coordinates": [[[[24.2784604, 44.8349769], [24.2782924, 44.8347303], [24.2781596, 44.8345281], [24.2781674, 44.8342316], [24.2781791, 44.8339019], [24.2780932, 44.8336526], [24.2778314, 44.8333478], [24.2776556, 44.8331483], [24.2774915, 44.8328546], [24.2776673, 44.8326745], [24.278312, 44.8324723], [24.278859, 44.8325693], [24.2791012, 44.8322839], [24.2794762, 44.832065], [24.2797693, 44.8319265], [24.2799646, 44.8319431], [24.280243, 44.831912], [24.2800677, 44.83133], [24.2800587, 44.8309943], [24.2801555, 44.8307335], [24.2807644, 44.8291102], [24.2810279, 44.8283583], [24.2812944, 44.8274248], [24.2813613, 44.8269215], [24.2813793, 44.8264598], [24.2815672, 44.81483], [24.2816691, 44.8105265], [24.2821167, 44.7944992], [24.2822019, 44.7910561], [24.2824848, 44.778389], [24.2825021, 44.7781352], [24.2824358, 44.7776607], [24.2823363, 44.777343], [24.2822148, 44.777092], [24.2820324, 44.7767468], [24.281839, 44.7764448], [24.2815186, 44.7760879], [24.2812644, 44.7758329], [24.2810358, 44.7755832], [24.2806959, 44.7753807], [24.2801919, 44.7750923], [24.279641, 44.7748038], [24.2794066, 44.7746929], [24.2792425, 44.7746125], [24.2790706, 44.774557], [24.2788323, 44.7744849], [24.2784571, 44.7743897], [24.2762155, 44.773969], [24.274319, 44.7736293], [24.2743331, 44.7735163], [24.2727358, 44.7732063], [24.2726641, 44.7733044], [24.2720184, 44.7731795], [24.2716458, 44.7731168], [24.2712568, 44.7730878], [24.2709589, 44.7731122], [24.2707345, 44.7731639], [24.2705086, 44.7732317], [24.2701499, 44.7734028], [24.2699746, 44.7735386], [24.2698308, 44.7736893], [24.2697102, 44.7739063], [24.2646789, 44.7870844], [24.2643968, 44.7878976], [24.2642989, 44.7882867], [24.2642081, 44.7887188], [24.2641647, 44.7890279], [24.2641442, 44.7893363], [24.2641315, 44.7896902], [24.2635913, 44.8165167], [24.2635768, 44.8168932], [24.2635768, 44.8172629], [24.2636026, 44.8176212], [24.2636734, 44.8183493], [24.2638831, 44.8197815], [24.2649185, 44.8270763], [24.2651443, 44.8288068], [24.2652031, 44.8290081], [24.2653534, 44.829128], [24.2654882, 44.8290657], [24.2655996, 44.8290352], [24.2658907, 44.828973], [24.2667892, 44.828698], [24.2675821, 44.8285756], [24.2679578, 44.8285902], [24.2682023, 44.8286], [24.2684716, 44.8285951], [24.268788, 44.8285599], [24.2691747, 44.8285609], [24.2696582, 44.8286324], [24.2698212, 44.8286412], [24.2700684, 44.8286343], [24.2701914, 44.8286314], [24.2703682, 44.8286334], [24.2705215, 44.8286461], [24.2706099, 44.8286686], [24.2706269, 44.8286901], [24.2706113, 44.8287323], [24.2705781, 44.8287568], [24.2705187, 44.8287685], [24.2704262, 44.8287764], [24.2702922, 44.8287676], [24.270114, 44.8287685], [24.2699579, 44.8287734], [24.2697908, 44.8287813], [24.2696637, 44.8287734], [24.2693294, 44.8287441], [24.2690477, 44.8287284], [24.2687258, 44.8287127], [24.2685587, 44.8287352], [24.2682714, 44.828745], [24.2679578, 44.8287078], [24.2676442, 44.8287019], [24.2674536, 44.8287489], [24.267455, 44.8288596], [24.2672022, 44.8290566], [24.2670379, 44.8289321], [24.2667989, 44.828845], [24.2656113, 44.8291752], [24.265455, 44.8292029], [24.2653944, 44.8292098], [24.2653495, 44.8292403], [24.2652732, 44.829426], [24.2653343, 44.8298048], [24.26527, 44.8299417], [24.265286, 44.8300946], [24.2652088, 44.8302018], [24.2652635, 44.8305555], [24.2650898, 44.8307928], [24.265014, 44.8311533], [24.2648317, 44.8314884], [24.264428, 44.8332456], [24.2643733, 44.8336244], [24.264399, 44.8337978], [24.2642721, 44.8339586], [24.2640635, 44.8349729], [24.263663, 44.8360745], [24.2643483, 44.8364621], [24.2644475, 44.8366162], [24.264405, 44.8369009], [24.2641428, 44.8372643], [24.2637956, 44.8372174], [24.2637082, 44.8372693], [24.2637791, 44.8374134], [24.2640129, 44.8375189], [24.2642939, 44.8375557], [24.2646482, 44.8373179], [24.2647498, 44.8372543], [24.2648159, 44.8372241], [24.2648702, 44.8372241], [24.2649222, 44.837261], [24.2649198, 44.8373045], [24.2648868, 44.8373581], [24.2646978, 44.8374854], [24.264353, 44.8377148], [24.2641853, 44.8378639], [24.264131, 44.8380548], [24.264268, 44.8384986], [24.2641003, 44.8385673], [24.2639279, 44.8382859], [24.2638121, 44.838229], [24.2636799, 44.8382357], [24.2636138, 44.8382809], [24.2635618, 44.8385103], [24.2631379, 44.8387031], [24.2632796, 44.8388471], [24.2630198, 44.8393094], [24.2625663, 44.839785], [24.262264, 44.8398185], [24.2620505, 44.8399672], [24.2620144, 44.8401074], [24.2619329, 44.8400789], [24.2618632, 44.8400806], [24.2618408, 44.8401041], [24.2617888, 44.8402305], [24.261738, 44.8402975], [24.2616444, 44.8403563], [24.2615146, 44.8404022], [24.2614012, 44.8404294], [24.2613078, 44.8404311], [24.2612017, 44.8404261], [24.2611054, 44.8403909], [24.2610533, 44.8403879], [24.2610098, 44.8403842], [24.2609681, 44.8403941], [24.2608746, 44.8404202], [24.2608145, 44.840432], [24.2607527, 44.8404273], [24.2606892, 44.8404297], [24.2606258, 44.8404569], [24.2605523, 44.8404652], [24.2604788, 44.8405019], [24.2604387, 44.8405493], [24.2603986, 44.8405907], [24.2603118, 44.8406203], [24.2602667, 44.840644], [24.2602338, 44.840689], [24.2601648, 44.8406843], [24.2601136, 44.840715], [24.2599733, 44.8407458], [24.2598464, 44.8407577], [24.2596059, 44.8407458], [24.2595525, 44.8407814], [24.2595391, 44.8408785], [24.2595757, 44.841069], [24.2594456, 44.8410892], [24.2594055, 44.8411484], [24.259342, 44.841274], [24.259384, 44.8414348], [24.2594756, 44.8415132], [24.2596838, 44.8415417], [24.2595439, 44.8416206], [24.2592352, 44.8416197], [24.2591851, 44.8416766], [24.2590954, 44.8416955], [24.2590214, 44.8418447], [24.2588978, 44.8419016], [24.2586807, 44.8420105], [24.2585037, 44.8420768], [24.2581429, 44.8421692], [24.2580928, 44.8422094], [24.2579057, 44.8421887], [24.2577763, 44.8419201], [24.2574883, 44.8419158], [24.2571443, 44.8419418], [24.2567213, 44.8420343], [24.2566927, 44.8423586], [24.2564569, 44.8423532], [24.256347, 44.8423323], [24.2561593, 44.8423155], [24.2560731, 44.8422862], [24.2558931, 44.8422503], [24.2557814, 44.8422544], [24.2557507, 44.84221], [24.2556905, 44.8421832], [24.2556184, 44.8421715], [24.2555204, 44.8421355], [24.2553952, 44.8421338], [24.2552523, 44.8421204], [24.2551437, 44.8421213], [24.2550492, 44.842138], [24.2549276, 44.8421615], [24.2548414, 44.8421975], [24.2547723, 44.8422461], [24.2547316, 44.8422996], [24.2547009, 44.8423046], [24.2546336, 44.8422929], [24.2545863, 44.8422963], [24.2545627, 44.8423365], [24.2545438, 44.8424135], [24.2545131, 44.8424721], [24.254391, 44.8425573], [24.2539333, 44.8427675], [24.2538205, 44.8427408], [24.253595, 44.8426591], [24.2534648, 44.8426414], [24.2533913, 44.8426662], [24.2532527, 44.8426733], [24.2531541, 44.8426911], [24.2531074, 44.8427385], [24.2530472, 44.8428415], [24.2528702, 44.8428687], [24.2527667, 44.8429102], [24.2527199, 44.8429646], [24.2526698, 44.8430712], [24.252426, 44.8431671], [24.2523809, 44.8432133], [24.2523776, 44.8432678], [24.2524069, 44.8434047], [24.2523675, 44.8434632], [24.2522974, 44.8435058], [24.252284, 44.8435899], [24.252274, 44.8436325], [24.2522824, 44.8437047], [24.2522935, 44.843741], [24.2522468, 44.8438724], [24.2520464, 44.8441294], [24.2520731, 44.8442087], [24.2521409, 44.8442929], [24.2521532, 44.8443626], [24.2519963, 44.8446646], [24.2519011, 44.8447842], [24.2518523, 44.8449548], [24.2517124, 44.8451157], [24.2516138, 44.8452483], [24.2516105, 44.845452], [24.2515938, 44.8455917], [24.2516539, 44.8456805], [24.2516539, 44.8457539], [24.2516957, 44.8457835], [24.2519377, 44.846106], [24.2520115, 44.8461541], [24.252184, 44.8462613], [24.2521674, 44.8463274], [24.2521769, 44.8463685], [24.2522005, 44.8463961], [24.2522418, 44.8464053], [24.2522666, 44.8463802], [24.2522832, 44.8463919], [24.2523729, 44.8465058], [24.2524201, 44.8466029], [24.252406, 44.846884], [24.2523446, 44.8472325], [24.2523068, 44.8474033], [24.2522926, 44.8475774], [24.2522265, 44.847765], [24.2520086, 44.8480378], [24.2518391, 44.8482271], [24.2517449, 44.8484204], [24.2517305, 44.848917], [24.2516833, 44.8490242], [24.2515415, 44.8491012], [24.2514518, 44.8492988], [24.2515085, 44.8494729], [24.2513762, 44.8497341], [24.2513646, 44.8499947], [24.2512333, 44.8501406], [24.250876, 44.8504989], [24.250067, 44.8513711], [24.2483733, 44.8526516], [24.2481094, 44.8529097], [24.247764, 44.8533104], [24.247408, 44.8536106], [24.2472744, 44.8535869], [24.2471308, 44.853613], [24.2470707, 44.8536864], [24.2469037, 44.8537692], [24.2471138, 44.853918], [24.2468768, 44.8541322], [24.2471928, 44.8543311], [24.2469824, 44.8544991], [24.2479304, 44.8550958], [24.248421, 44.8546765], [24.2486437, 44.8548153], [24.2488562, 44.8546462], [24.2488351, 44.8544726], [24.2488043, 44.8544252], [24.2489247, 44.8543365], [24.2489554, 44.8543616], [24.2493103, 44.8541494], [24.2498767, 44.8536757], [24.2503715, 44.8533173], [24.2507363, 44.85304], [24.2513178, 44.8525119], [24.251708, 44.8522321], [24.2521328, 44.8522205], [24.2521176, 44.8521524], [24.2520375, 44.8521512], [24.251984, 44.8521393], [24.2519481, 44.8521198], [24.2519448, 44.8520926], [24.2519907, 44.8520742], [24.2520625, 44.8520517], [24.2521443, 44.8520363], [24.252289, 44.8520278], [24.2525299, 44.8518436], [24.2526053, 44.8517285], [24.2528124, 44.8517285], [24.2529361, 44.8517365], [24.2530117, 44.8515423], [24.253229, 44.8513279], [24.2534652, 44.8512141], [24.2534274, 44.8509395], [24.2538053, 44.8506448], [24.2542398, 44.8504037], [24.2549389, 44.8505175], [24.2552124, 44.8506762], [24.2554991, 44.8506887], [24.2558844, 44.8501102], [24.2557726, 44.8499851], [24.2557726, 44.8498892], [24.2558804, 44.8497736], [24.2559384, 44.8496659], [24.2560229, 44.8496934], [24.2562338, 44.8495882], [24.2563667, 44.8494164], [24.2564604, 44.8492281], [24.2567095, 44.8490888], [24.2570691, 44.848938], [24.25737, 44.8487843], [24.2576829, 44.8486062], [24.2578919, 44.848519], [24.2582617, 44.8484275], [24.2584271, 44.8482282], [24.2582591, 44.8481146], [24.2583021, 44.848026], [24.2582943, 44.847954], [24.2582044, 44.8476576], [24.2582201, 44.8475662], [24.2583003, 44.8474978], [24.258292, 44.847441], [24.258198, 44.8474234], [24.258138, 44.847436], [24.2580403, 44.8474942], [24.2578721, 44.8475311], [24.2576486, 44.8476725], [24.2576293, 44.8477352], [24.2575381, 44.8477959], [24.2574442, 44.8478057], [24.2568226, 44.8482307], [24.2566306, 44.8483649], [24.2564649, 44.8484589], [24.2563032, 44.848596], [24.2561375, 44.8487174], [24.2560898, 44.8487743], [24.2560918, 44.8488505], [24.2561485, 44.8489557], [24.2562051, 44.8490153], [24.2563086, 44.8490375], [24.2562832, 44.8491718], [24.2561992, 44.8492674], [24.2560957, 44.84932], [24.2559512, 44.8494848], [24.2558535, 44.849561], [24.2557128, 44.8496565], [24.2556386, 44.8496371], [24.2555995, 44.8495845], [24.2556406, 44.849536], [24.255662, 44.8494654], [24.2558984, 44.8492507], [24.2560019, 44.8490084], [24.2559433, 44.8489059], [24.2559316, 44.8488062], [24.2559883, 44.8487632], [24.2560753, 44.8486332], [24.2562342, 44.8484413], [24.2565809, 44.8482709], [24.2567839, 44.8481347], [24.2569828, 44.8479624], [24.2572453, 44.8477136], [24.2577736, 44.8473659], [24.2583593, 44.8470695], [24.2590125, 44.8466827], [24.2591421, 44.8467324], [24.2593179, 44.8467297], [24.259531, 44.8467061], [24.2597995, 44.8467585], [24.2599098, 44.846781], [24.2600183, 44.8467696], [24.2602377, 44.8467275], [24.2604949, 44.8466892], [24.2607244, 44.8466108], [24.2609755, 44.8464759], [24.2611501, 44.846329], [24.2613349, 44.8462516], [24.261415, 44.8462876], [24.2614932, 44.8463014], [24.2616009, 44.8463028], [24.2618884, 44.8462747], [24.2623937, 44.8462419], [24.2626609, 44.8461918], [24.262859, 44.8461435], [24.2629556, 44.846108], [24.2630208, 44.8460776], [24.2630676, 44.8460494], [24.2629987, 44.8459875], [24.2629472, 44.8459198], [24.2630975, 44.8458044], [24.2634755, 44.8458896], [24.2638443, 44.8458539], [24.2642503, 44.8457742], [24.2646019, 44.8456617], [24.2649071, 44.8454952], [24.2651575, 44.8456381], [24.2652735, 44.8457165], [24.2654006, 44.8457791], [24.2656216, 44.8456303], [24.2659144, 44.8453757], [24.2661354, 44.845262], [24.2659606, 44.8447049], [24.2662073, 44.8445765], [24.266385, 44.8442095], [24.266516, 44.84502], [24.2665543, 44.845306], [24.2666456, 44.8458015], [24.266736, 44.846937], [24.2663866, 44.8477492], [24.2658999, 44.8486854], [24.2655873, 44.8488737], [24.2654076, 44.8491673], [24.2650873, 44.8494665], [24.2651185, 44.8495717], [24.2656889, 44.8494277], [24.2660874, 44.8492338], [24.2665172, 44.8489291], [24.2670563, 44.848209], [24.2674939, 44.8482477], [24.2679008, 44.8481923], [24.268013, 44.847859], [24.268337, 44.846611], [24.268635, 44.845395], [24.2689899, 44.8441416], [24.2690821, 44.8437139], [24.2691324, 44.8431279], [24.2691432, 44.8430181], [24.2692688, 44.8428705], [24.2695783, 44.8425504], [24.2696511, 44.8424698], [24.2701865, 44.8419005], [24.2702798, 44.841839], [24.2703158, 44.841778], [24.2703721, 44.8417616], [24.270429, 44.8417036], [24.2704403, 44.84166], [24.2705222, 44.8416068], [24.2706155, 44.8415616], [24.2706906, 44.8415164], [24.2707725, 44.8414584], [24.2709363, 44.841368], [24.2711505, 44.841152], [24.2712457, 44.8411067], [24.2714141, 44.8410744], [24.2715233, 44.841076], [24.2716484, 44.8411083], [24.271951, 44.8411035], [24.2720776, 44.8410746], [24.2721759, 44.8410928], [24.2723062, 44.8410996], [24.2724237, 44.8410791], [24.2725556, 44.8410734], [24.2727229, 44.8410209], [24.272813, 44.8410027], [24.2728693, 44.8410038], [24.2729418, 44.8409693], [24.2730104, 44.8409586], [24.273127, 44.8409016], [24.2732232, 44.8408681], [24.2732908, 44.8407882], [24.2733946, 44.8407202], [24.2735305, 44.8406593], [24.2736511, 44.8405658], [24.2737235, 44.8404757], [24.2738152, 44.8404095], [24.273878, 44.8403331], [24.2739842, 44.8402738], [24.2739958, 44.8401722], [24.2741424, 44.8398999], [24.2741071, 44.8398531], [24.2741435, 44.8398031], [24.2742027, 44.8397482], [24.2742903, 44.8396853], [24.2743802, 44.8396434], [24.2744655, 44.8395909], [24.2745553, 44.839578], [24.274633, 44.8395596], [24.2746964, 44.839549], [24.274736, 44.8395231], [24.2747939, 44.839441], [24.274915, 44.8394439], [24.2749998, 44.8395642], [24.275015, 44.8396895], [24.2755404, 44.839441], [24.2756047, 44.8392813], [24.2758235, 44.8391535], [24.2759638, 44.8389757], [24.2762178, 44.8389052], [24.2764554, 44.8386929], [24.2771511, 44.8382795], [24.277458, 44.8380721], [24.2775251, 44.8379112], [24.277665, 44.8377699], [24.2779154, 44.8375636], [24.2781026, 44.8373745], [24.2782581, 44.8371745], [24.2784019, 44.8369802], [24.2785436, 44.8367341], [24.2786564, 44.8364197], [24.278673, 44.836236], [24.2787032, 44.8360622], [24.278682, 44.8358753], [24.278634, 44.8356182], [24.2785971, 44.8353785], [24.2784604, 44.8349769]]], [[[24.2737248, 44.8355012], [24.2737054, 44.8352691], [24.273619, 44.8350262], [24.2735856, 44.8349186], [24.2735313, 44.8348119], [24.2734436, 44.8346974], [24.2734086, 44.8345853], [24.2733378, 44.8344792], [24.2731567, 44.8345502], [24.2730342, 44.8345265], [24.2729869, 44.8343804], [24.2732152, 44.8342362], [24.2733456, 44.8342558], [24.2732669, 44.8339569], [24.2730148, 44.8337586], [24.2726052, 44.8335938], [24.2723374, 44.8336497], [24.2723256, 44.8338592], [24.2724359, 44.8341301], [24.2725422, 44.8343787], [24.2725343, 44.8346524], [24.2728021, 44.8350517], [24.2733499, 44.8356037], [24.2736594, 44.8355802], [24.2737248, 44.8355012]]], [[[24.2739755, 44.8355199], [24.2739727, 44.835596], [24.2739476, 44.8357865], [24.2738852, 44.8360907], [24.2743027, 44.835655], [24.2744777, 44.8354421], [24.2744051, 44.83513], [24.274153, 44.8349512], [24.2739049, 44.8347222], [24.2738182, 44.8346412], [24.2737789, 44.8344932], [24.2738458, 44.8344261], [24.2739009, 44.8342725], [24.273828, 44.8341875], [24.2737277, 44.8341859], [24.2736528, 44.8343005], [24.2736646, 44.8344401], [24.2735938, 44.8345937], [24.2737207, 44.8346678], [24.273775, 44.8347004], [24.2738028, 44.8347418], [24.2738307, 44.8348771], [24.2738432, 44.8350963], [24.2739407, 44.8354557], [24.2739755, 44.8355199]]], [[[24.2725214, 44.8358397], [24.2725099, 44.8354993], [24.2723484, 44.8351794], [24.2720866, 44.8346541], [24.2720198, 44.8340695], [24.2720866, 44.8335995], [24.2718694, 44.833323], [24.2715018, 44.8331018], [24.2710674, 44.8332519], [24.2706218, 44.8335758], [24.2699868, 44.8339471], [24.2687147, 44.8343479], [24.2685331, 44.8345198], [24.2684328, 44.8346225], [24.2681321, 44.8347212], [24.2680645, 44.8348253], [24.2680015, 44.8349265], [24.2678134, 44.8350047], [24.2676224, 44.835011], [24.2675062, 44.8350347], [24.2674393, 44.8350752], [24.2673989, 44.8351318], [24.2673703, 44.8351974], [24.2673221, 44.8352568], [24.2672709, 44.8353196], [24.2672906, 44.8353643], [24.2672551, 44.8354229], [24.2672118, 44.8355884], [24.2670956, 44.8357902], [24.2671084, 44.8358279], [24.2671439, 44.835853], [24.2672413, 44.8358949], [24.2673605, 44.8358935], [24.2674353, 44.8358705], [24.2674727, 44.8358405], [24.2674905, 44.8357832], [24.2675151, 44.8356198], [24.2677179, 44.8354118], [24.2679897, 44.8350829], [24.2681186, 44.8350187], [24.2682351, 44.8348654], [24.2683549, 44.834818], [24.2685387, 44.8347923], [24.2687392, 44.8347963], [24.2689397, 44.8348871], [24.2690678, 44.8350569], [24.2690901, 44.8352821], [24.2689453, 44.8353532], [24.2690678, 44.8356336], [24.2692238, 44.8358311], [24.2695301, 44.8360878], [24.2696749, 44.8360246], [24.2698476, 44.8359733], [24.2700258, 44.8360444], [24.2701261, 44.8361787], [24.2703711, 44.8365183], [24.2704602, 44.8367909], [24.2703823, 44.8369646], [24.2701985, 44.8371147], [24.2700982, 44.8372095], [24.2701372, 44.8373952], [24.2700537, 44.8375176], [24.2698754, 44.8376242], [24.2698732, 44.8379072], [24.2696916, 44.838035], [24.2695022, 44.8380824], [24.2692572, 44.8380745], [24.2690678, 44.8381337], [24.2689564, 44.8382325], [24.2689787, 44.8383865], [24.2690288, 44.8385287], [24.269246, 44.8385761], [24.2694521, 44.8385998], [24.2695078, 44.8387814], [24.2693853, 44.8390184], [24.2694354, 44.8390816], [24.2696916, 44.8390026], [24.2700425, 44.8388091], [24.2703767, 44.8387498], [24.2707833, 44.8387419], [24.2712846, 44.8388446], [24.2721535, 44.8387577], [24.2728441, 44.8387419], [24.2732897, 44.8386116], [24.2735125, 44.8385168], [24.2735849, 44.8383746], [24.2735351, 44.8382023], [24.2736629, 44.8379441], [24.2734735, 44.8371029], [24.2731727, 44.8367751], [24.2729834, 44.836704], [24.2727439, 44.8364986], [24.2725214, 44.8358397]]]]}}, {"type": "Feature", "id": "8y7mmtyb", "properties": {"arebaltapeste_slug": "8y7mmtyb", "name": "Dopca", "name_ro": "Dopca", "type": "ape", "source": "bbox", "source_detail": "geocode cache (tier=tier3_bbox)", "osm_id": null, "geocode_tier": "tier3_bbox", "confidence": "low", "judet": "Brașov"}, "geometry": {"type": "Polygon", "coordinates": [[[25.379021, 45.9686898], [25.40827630877, 45.9686898], [25.40827630877, 45.9844528], [25.379021, 45.9844528], [25.379021, 45.9686898]]]}}, {"type": "Feature", "id": "w28fp1za", "properties": {"arebaltapeste_slug": "w28fp1za", "name": "Canalul Morilor", "name_ro": "Canalul Morilor", "type": "ape", "source": "overpass", "source_detail": "geocode cache (tier=tier3_overpass)", "osm_id": "relation/17925047", "geocode_tier": "tier3_overpass", "confidence": "medium", "judet": "Arad"}, "geometry": {"type": "MultiLineString", "coordinates": [[[22.145781, 46.3139709], [22.145646, 46.3140026], [22.1449292, 46.3140702], [22.1441728, 46.3142018], [22.1433735, 46.3145019], [22.1425366, 46.314828], [22.1415228, 46.3152726], [22.1409863, 46.3157061], [22.1402353, 46.31641], [22.1397042, 46.3170436], [22.1392214, 46.3183774], [22.1392214, 46.3187775], [22.1397364, 46.3211486], [22.1402407, 46.3232529], [22.1404231, 46.3243976], [22.1402621, 46.3252163], [22.1394521, 46.3271907], [22.1397632, 46.3282205], [22.139554, 46.3284687], [22.1392965, 46.3289651], [22.1390551, 46.3300949], [22.1388566, 46.331132], [22.1390712, 46.3327581], [22.137419, 46.3350767], [22.1369791, 46.3356545], [22.1366036, 46.3358693], [22.1365231, 46.3363916], [22.1354502, 46.3375212], [22.1343291, 46.3386619], [22.1334118, 46.3394581], [22.1325159, 46.3400803], [22.1312123, 46.3407062], [22.1303621, 46.3412117], [22.1285891, 46.3423135], [22.1281493, 46.3423875], [22.1276584, 46.3424894], [22.1269235, 46.3426542], [22.1254295, 46.3430597], [22.1249896, 46.3432189], [22.124024, 46.3438837], [22.1231899, 46.3443447], [22.1222511, 46.3449502], [22.1211004, 46.3455871], [22.1188796, 46.3469313], [22.1170664, 46.3480422], [22.116394, 46.3484262], [22.1147972, 46.3493382], [22.1123779, 46.3508045], [22.110613, 46.351832], [22.1095911, 46.3525078], [22.1083546, 46.3532187], [22.1079093, 46.3534223], [22.1065092, 46.3536111], [22.10446, 46.353874], [22.102223, 46.3541998], [22.1012333, 46.3543387], [22.1010375, 46.3544035], [22.1008739, 46.3545145], [22.1008632, 46.3546108], [22.1009222, 46.3548866], [22.1007317, 46.355281], [22.1003616, 46.3561492], [22.1005467, 46.3563787], [22.101016, 46.3579466], [22.1008122, 46.3587908], [22.1001738, 46.3597644], [22.0994389, 46.3608825], [22.0987147, 46.361708], [22.0983607, 46.3620782], [22.0978564, 46.3627446], [22.0969766, 46.363807], [22.0967621, 46.3641661], [22.096746, 46.3644215], [22.0969713, 46.3647769], [22.0971054, 46.3651989], [22.0971429, 46.365595], [22.0967567, 46.3665056], [22.0965233, 46.3668795], [22.0956248, 46.3676809], [22.0940691, 46.3690264], [22.0931813, 46.3698351], [22.0926046, 46.3703385], [22.0921674, 46.3705606], [22.0916511, 46.3706948], [22.0906359, 46.3708586], [22.0890802, 46.3711769], [22.0881897, 46.3713842], [22.0874441, 46.371647], [22.0868392, 46.3718866], [22.0865361, 46.3719801], [22.0862424, 46.3720435], [22.0860118, 46.3720342], [22.0853466, 46.3719764], [22.0849282, 46.3720079], [22.08444, 46.3720911], [22.0838392, 46.3723021], [22.0833805, 46.3723743], [22.0827475, 46.3725445], [22.0807332, 46.3730646], [22.0795315, 46.373357], [22.0792043, 46.3734588], [22.0788878, 46.3736568], [22.078826, 46.3737111]], [[22.078826, 46.3737111], [22.0782493, 46.3741238], [22.0776431, 46.374853], [22.0777289, 46.3749288], [22.077965, 46.3750214], [22.0782922, 46.3756783], [22.0781581, 46.3763574], [22.0781849, 46.3765573], [22.0783512, 46.3768404], [22.0786838, 46.3772623], [22.0789038, 46.378293], [22.078834, 46.379048], [22.0772837, 46.3794773], [22.0771791, 46.3796697], [22.0771845, 46.3798936], [22.0768841, 46.3803192], [22.0765622, 46.3810076], [22.0764549, 46.3812851], [22.0764629, 46.3814405], [22.0765515, 46.381633], [22.0768841, 46.382201], [22.0769457, 46.3824323], [22.0768492, 46.3825988], [22.0763905, 46.3831576], [22.0763798, 46.38345], [22.0764254, 46.3840957], [22.0762484, 46.3843362], [22.0760928, 46.3845712], [22.0754625, 46.3845712], [22.074513, 46.3848876], [22.0736386, 46.3850763], [22.0727588, 46.3853557], [22.0716725, 46.3856351], [22.0694651, 46.3862123], [22.0672415, 46.3868155], [22.0665146, 46.3870967], [22.0660613, 46.3873927], [22.0659701, 46.3877979], [22.0657878, 46.3882179], [22.0657958, 46.3884177], [22.0656992, 46.3887119], [22.0657019, 46.3891374], [22.0655061, 46.3894408], [22.0654632, 46.3898126], [22.0655517, 46.3900772], [22.0654176, 46.3905471], [22.065549, 46.3909689], [22.0656831, 46.3914925], [22.065718, 46.3923971], [22.065423, 46.393533], [22.0652138, 46.393742], [22.0648704, 46.3939973], [22.0642508, 46.3941101], [22.0629634, 46.3944912], [22.062494, 46.394469], [22.0612039, 46.3941638], [22.0592405, 46.393779], [22.058763, 46.3938234], [22.0585002, 46.3939917], [22.0577089, 46.3941009], [22.0573296, 46.3941363], [22.0567247, 46.3940623], [22.0550215, 46.3933676], [22.0546433, 46.3932936], [22.0542034, 46.3933399], [22.0531332, 46.3935859], [22.052924, 46.3938245], [22.0528918, 46.3940687], [22.0526612, 46.3943758], [22.0525324, 46.3947495], [22.0524949, 46.3950492], [22.0525619, 46.3953821], [22.0524788, 46.3954894], [22.0523098, 46.3955357], [22.0521945, 46.3956189], [22.051996, 46.3958428], [22.0518243, 46.3959408], [22.0515668, 46.3963071], [22.0514408, 46.3964551], [22.051025, 46.3965734], [22.0505851, 46.3964199], [22.050215, 46.3962257], [22.0492923, 46.3959334], [22.0486432, 46.3960925], [22.0464438, 46.3965438], [22.0461219, 46.3969471], [22.0457947, 46.3971876], [22.0454675, 46.3973282], [22.0447835, 46.3975261], [22.0443168, 46.3973707], [22.0439547, 46.3973985], [22.0435175, 46.3975464], [22.0433539, 46.3977518], [22.0428175, 46.397835], [22.0425788, 46.3978313], [22.0422006, 46.3980329], [22.0414469, 46.3982309], [22.0405939, 46.3982179], [22.0394915, 46.3982124], [22.0385823, 46.3980459], [22.0376529, 46.3980921], [22.0373954, 46.3980931], [22.037158, 46.398007], [22.0369542, 46.3979321], [22.0367503, 46.397872], [22.0366015, 46.3978674], [22.0363922, 46.3978951], [22.0361656, 46.397946], [22.0358303, 46.3981384], [22.0356238, 46.3984066], [22.0353153, 46.3987062], [22.0348084, 46.3991853], [22.0342505, 46.3998031], [22.0337945, 46.4004727], [22.0334619, 46.4009906], [22.0333815, 46.4015936], [22.0332259, 46.4020079], [22.0331696, 46.4026997], [22.0326519, 46.4031917], [22.0323515, 46.4034469], [22.0320404, 46.4038058], [22.0315549, 46.4042959], [22.0313296, 46.4044809], [22.0310774, 46.4045548], [22.0307663, 46.4045493], [22.0302728, 46.4046066], [22.0299107, 46.4046399], [22.0294708, 46.4048785], [22.0293045, 46.405082], [22.0291007, 46.4051633], [22.0285803, 46.4052743], [22.0280868, 46.4052484], [22.0277864, 46.4052706], [22.0274967, 46.4054962], [22.0275235, 46.4058477], [22.0275342, 46.4061029], [22.0276952, 46.4065431], [22.0275503, 46.4068649], [22.0273304, 46.407146], [22.0274752, 46.4074012], [22.0274055, 46.4075862], [22.0275611, 46.4078784], [22.0276523, 46.4080726], [22.0277864, 46.4082224], [22.027958, 46.4083796], [22.0279071, 46.4085386], [22.0277783, 46.4086829], [22.0275772, 46.4087568], [22.0272124, 46.4087236], [22.0269495, 46.4087421], [22.0264211, 46.4088179], [22.026059, 46.4087088], [22.0256782, 46.4086533], [22.025249, 46.4086662], [22.024101, 46.4084406], [22.0227116, 46.4083888], [22.0223951, 46.4084406], [22.0219606, 46.4083111], [22.0216763, 46.4082076], [22.0212686, 46.4080855], [22.0210379, 46.4081299], [22.0207375, 46.4082705], [22.0202386, 46.4085479], [22.0201045, 46.4086995], [22.0201635, 46.4088216], [22.0201045, 46.408903], [22.0200026, 46.4089177], [22.0197719, 46.4090879], [22.0195466, 46.4093468], [22.0190155, 46.4095428], [22.0185596, 46.4096871], [22.0181733, 46.4098868], [22.0176986, 46.4099682], [22.0169529, 46.4098813], [22.0164353, 46.4097611], [22.0161644, 46.409602], [22.0157164, 46.4092691], [22.0155233, 46.4093098], [22.0150298, 46.4094689], [22.0149332, 46.4096575], [22.0145684, 46.4097389], [22.0139784, 46.4099312], [22.0131952, 46.4101716], [22.012707, 46.4103381], [22.0119935, 46.4103381], [22.0112103, 46.4103418], [22.010588, 46.4104231], [22.0100194, 46.4106784], [22.0091343, 46.4112701], [22.008453, 46.4119507], [22.0081955, 46.4124278], [22.0078629, 46.4132711], [22.007592, 46.4140219], [22.006951, 46.4146765], [22.0063019, 46.415013], [22.0052612, 46.4153348], [22.0043439, 46.4155752], [22.0037752, 46.4158821], [22.003448, 46.4161114], [22.0030618, 46.4162353], [22.0022222, 46.4166144], [22.0019004, 46.416742], [22.0013747, 46.4169269], [22.0010962, 46.4170806]], [[22.0010962, 46.4170806], [22.0009299, 46.4172285], [22.000785, 46.4173469], [22.0006778, 46.4173987], [22.0004578, 46.4174283], [22.0002486, 46.4174172], [22.0000233, 46.4173802], [21.9998409, 46.4172729], [21.999621, 46.4171361], [21.999165, 46.4169956], [21.9987037, 46.4167034], [21.9976147, 46.4160636], [21.9971158, 46.4157788], [21.9967778, 46.4156087], [21.9964291, 46.4154977], [21.9959785, 46.4154386], [21.9957049, 46.4154497], [21.9954045, 46.4155347], [21.9952007, 46.4156346], [21.9950022, 46.4157603], [21.9948574, 46.4158824], [21.9943907, 46.4164556], [21.9941922, 46.4166035], [21.9938542, 46.4167478], [21.9935538, 46.416818], [21.9932856, 46.4168624], [21.9927331, 46.4168809], [21.991451, 46.4168966], [21.9911823, 46.4168844], [21.9909677, 46.416913], [21.9907939, 46.4169549], [21.9899972, 46.4170436], [21.9895466, 46.4170399], [21.9890155, 46.4170104], [21.9885595, 46.4169956], [21.9880553, 46.4170362], [21.9877227, 46.4171065], [21.9871916, 46.4172507], [21.9865103, 46.4174393], [21.9860436, 46.4175984], [21.985754, 46.4177019], [21.9855769, 46.41775], [21.985239, 46.4178203], [21.9847723, 46.4179756], [21.9842036, 46.4181938], [21.9836618, 46.4183861], [21.983281, 46.4185858], [21.9829591, 46.4188299], [21.9826533, 46.4189852], [21.9823797, 46.4190554], [21.9821491, 46.4190813], [21.9817414, 46.4190628], [21.9812961, 46.4190591], [21.9809421, 46.4191035], [21.9804754, 46.4192736], [21.9798906, 46.4194881], [21.9791504, 46.4197766], [21.9782438, 46.4200428], [21.977305, 46.4203017], [21.9764735, 46.4205864], [21.9760229, 46.4207824], [21.9755616, 46.4210931], [21.9747784, 46.4215775], [21.9742634, 46.4218253], [21.9740381, 46.4219621], [21.9737698, 46.4221655], [21.9735767, 46.422391], [21.9733857, 46.4226793], [21.9732892, 46.4228679], [21.9732677, 46.4230972], [21.9731604, 46.4234743], [21.973021, 46.423796], [21.9729351, 46.4239809], [21.9728954, 46.4242326], [21.9728472, 46.4243694], [21.9727667, 46.4244877], [21.9724663, 46.42468], [21.9722088, 46.4247798], [21.9717635, 46.4248797], [21.9714578, 46.4248649], [21.9710662, 46.424839], [21.9704278, 46.4247207], [21.9699933, 46.4246467], [21.9696071, 46.424484], [21.9693549, 46.4243842], [21.9690974, 46.4243398], [21.9683625, 46.4242991], [21.967472, 46.4242437], [21.9671716, 46.4242141], [21.9669248, 46.4242437], [21.9663777, 46.4243953], [21.965793, 46.4245247], [21.9655086, 46.4245654], [21.9648917, 46.4246356], [21.9640495, 46.4247059], [21.9631858, 46.4247909], [21.962526, 46.4248427], [21.9618877, 46.4248612], [21.961437, 46.4248612], [21.9606807, 46.4247502], [21.960171, 46.4246726], [21.9599457, 46.4246356], [21.9596722, 46.4246541], [21.9595112, 46.4247096], [21.9592752, 46.4247724], [21.9590767, 46.4247983], [21.9587709, 46.4247872], [21.9581165, 46.424765], [21.957462, 46.4247687], [21.9571294, 46.4248242], [21.9566842, 46.4248945], [21.9563999, 46.4249425], [21.9562228, 46.4250054], [21.9560887, 46.4251163], [21.9558849, 46.425279], [21.9557615, 46.4253567], [21.955445, 46.425438], [21.9548871, 46.4255637], [21.9546028, 46.4256525], [21.9543721, 46.4258004], [21.953943, 46.4261739], [21.9537767, 46.4263846], [21.9536104, 46.4265251], [21.9534441, 46.4266656], [21.9532778, 46.4268283], [21.9531758, 46.4269577], [21.9530739, 46.42715], [21.9529613, 46.4273349], [21.9528915, 46.4274828], [21.9528218, 46.4276011], [21.9527091, 46.4277342], [21.9524677, 46.4279598], [21.9522961, 46.4281225], [21.952119, 46.428226], [21.9519688, 46.4282815], [21.951824, 46.4282926], [21.9516845, 46.4282741], [21.9515129, 46.4282371], [21.9513358, 46.4281816], [21.9511213, 46.4280818], [21.9509067, 46.4280374], [21.950617, 46.4280522], [21.9501503, 46.4280411], [21.949469, 46.4279598], [21.9492437, 46.4279117], [21.9491257, 46.42786], [21.949056, 46.4277638], [21.9489004, 46.4276751], [21.9488146, 46.4276603], [21.9487073, 46.4276566], [21.9484659, 46.4276455], [21.9482835, 46.4275863], [21.9477417, 46.4274273], [21.9474627, 46.4273386], [21.9472696, 46.4272979], [21.9471033, 46.427272], [21.9468458, 46.4272905], [21.946465, 46.4273016], [21.94573, 46.4273756], [21.9455798, 46.4273793], [21.9454135, 46.4273423], [21.9452204, 46.4271981], [21.9449576, 46.4269947], [21.944684, 46.4267914], [21.9444587, 46.4266878], [21.9442119, 46.4266028], [21.944051, 46.4265732], [21.943831, 46.4265806], [21.9437023, 46.4266176], [21.9434126, 46.4267026], [21.9432678, 46.4267433], [21.9430478, 46.4267211], [21.9429137, 46.4266287], [21.9427903, 46.4265214], [21.9426723, 46.4264105], [21.9425114, 46.4262589], [21.9423934, 46.4261776], [21.9422485, 46.4260851], [21.942109, 46.426037], [21.9417389, 46.4260075], [21.9411917, 46.4259557], [21.9410093, 46.4259409], [21.9408967, 46.4258854], [21.9407411, 46.4258041], [21.9406499, 46.4257782], [21.9404783, 46.4257782], [21.9403602, 46.42583], [21.9402905, 46.4259224], [21.9401886, 46.4260112], [21.9400652, 46.4260518], [21.9398453, 46.4260851], [21.9394966, 46.426111], [21.9392391, 46.426148], [21.9390138, 46.4262219], [21.9388046, 46.426355], [21.9385524, 46.4265288], [21.9382735, 46.4268431], [21.9379838, 46.4270058], [21.9376351, 46.4271981], [21.9373991, 46.4273349], [21.9372274, 46.4274125], [21.9370987, 46.4274384], [21.9369753, 46.4274384], [21.9368251, 46.4273904], [21.9366481, 46.4273053], [21.9364764, 46.4271796], [21.9363423, 46.4270428], [21.9361599, 46.4268764], [21.9359775, 46.4267544], [21.9357629, 46.4266693], [21.9352748, 46.4265362], [21.9347759, 46.4264919], [21.9344969, 46.426514], [21.9340785, 46.4265732], [21.9338103, 46.4266693], [21.9334133, 46.4267803], [21.9331827, 46.4268838], [21.9330217, 46.4270095], [21.9328179, 46.4270983], [21.9325014, 46.427224], [21.9323726, 46.4272609], [21.9322814, 46.427272], [21.9322224, 46.4272646], [21.9321473, 46.4272129], [21.9320615, 46.427065], [21.9319327, 46.4267581], [21.9319059, 46.4265843], [21.9318469, 46.426466], [21.9317182, 46.4263439], [21.9315143, 46.4262774], [21.9312568, 46.4261997], [21.9309511, 46.4261036], [21.9306882, 46.4260592], [21.9304683, 46.4260703], [21.9302161, 46.426148], [21.9299157, 46.4262589], [21.9298245, 46.4263181], [21.9297387, 46.4264512], [21.9296207, 46.4266398], [21.9294437, 46.4268505], [21.929095, 46.4272573], [21.9289126, 46.4275494], [21.9287731, 46.4277231], [21.92858, 46.427823], [21.9284405, 46.4278563], [21.9282206, 46.4278156], [21.9278451, 46.4277231], [21.9273569, 46.4276011], [21.9271048, 46.4275715], [21.9268902, 46.4275863], [21.9267293, 46.4276085], [21.926622, 46.4276085], [21.926461, 46.4275752], [21.9263216, 46.4275641], [21.9261767, 46.42759], [21.9260319, 46.4276566], [21.9258388, 46.4277157], [21.9257315, 46.4277231], [21.9255759, 46.4277416], [21.9254686, 46.4278008], [21.9253828, 46.4278452], [21.9252755, 46.4278636], [21.9251736, 46.4278526], [21.9250234, 46.4277971], [21.9248624, 46.4277231], [21.9246532, 46.4277047], [21.924503, 46.4277084], [21.9243743, 46.427701], [21.9242402, 46.4276418], [21.9237198, 46.4273978], [21.922942, 46.4270317], [21.9227167, 46.426869], [21.9224914, 46.4267766], [21.9221266, 46.4266324], [21.9217523, 46.4264744]], [[21.9217523, 46.4264744], [21.9214787, 46.4263432], [21.9213473, 46.4262618], [21.9212695, 46.4262008], [21.9210156, 46.4260998], [21.9204845, 46.4259186], [21.9201841, 46.425791], [21.9199642, 46.4256782], [21.9198649, 46.4256209], [21.9198193, 46.4255747], [21.9197925, 46.4255322], [21.9197925, 46.4254638], [21.9198354, 46.4254009], [21.9199025, 46.4253473], [21.9201251, 46.4252456], [21.9202163, 46.4251753], [21.9202619, 46.4251014], [21.9202941, 46.4249775], [21.92027, 46.4248425], [21.9200607, 46.42458], [21.9200098, 46.4244765], [21.9199535, 46.4242916], [21.9199454, 46.4242047], [21.9199266, 46.4241289], [21.9198837, 46.4240901], [21.9198086, 46.4240642], [21.919696, 46.4241085], [21.9195243, 46.4242176], [21.9193258, 46.4243027], [21.9191059, 46.4243304], [21.9189342, 46.4243507], [21.9188001, 46.4243988], [21.9186714, 46.4244413], [21.9185641, 46.4244432], [21.9185024, 46.4244192], [21.9184407, 46.4243803], [21.9183763, 46.4242639], [21.9183119, 46.4241307], [21.9182395, 46.4240475], [21.9181537, 46.4239828], [21.9180947, 46.4239625], [21.9179999, 46.4239544], [21.9178148, 46.4239877], [21.9176753, 46.4240062], [21.9174902, 46.4240469], [21.9173239, 46.424106], [21.9171228, 46.4242225], [21.9169779, 46.4243593], [21.9168948, 46.4244999], [21.9168063, 46.4245831], [21.9166856, 46.4246459], [21.9165863, 46.4246847], [21.9164871, 46.4246977], [21.9163288, 46.4246977]], [[21.9163288, 46.4246977], [21.916176, 46.4246884], [21.9160043, 46.4246681], [21.9158461, 46.4246404], [21.9157549, 46.4246145], [21.9156663, 46.4245868], [21.9154598, 46.4244906], [21.9153203, 46.4244259], [21.9152023, 46.4243963], [21.9150897, 46.4243889], [21.9149743, 46.4243797], [21.9146552, 46.4243205], [21.9144084, 46.4242798], [21.9142206, 46.4242429], [21.9140812, 46.4241819], [21.9140141, 46.4241393], [21.91399, 46.424082], [21.9139792, 46.4239896], [21.9139229, 46.4238934], [21.9138341, 46.4238034], [21.9136275, 46.4237331], [21.9133835, 46.4236767], [21.9131863, 46.423673], [21.9129691, 46.4237137], [21.9126391, 46.4236037], [21.9124219, 46.4235778], [21.9120088, 46.4236314], [21.9116896, 46.4236777], [21.9113249, 46.4236278], [21.9107804, 46.4234318], [21.9101125, 46.4230897], [21.9095707, 46.4229196], [21.9091576, 46.4229936], [21.908707, 46.4229529], [21.9081974, 46.4229603], [21.9076221, 46.4228651], [21.9068134, 46.4229529], [21.9054294, 46.4229381], [21.9015187, 46.4229418], [21.8990618, 46.4229159], [21.8978709, 46.4229085], [21.896444, 46.4229252], [21.893059, 46.4228531], [21.8919647, 46.4228457], [21.891557, 46.4227976], [21.8912163, 46.4226386], [21.8908676, 46.422499], [21.8872038, 46.4211982], [21.8831563, 46.4197801], [21.8823731, 46.4192845], [21.8785536, 46.4171433], [21.8746805, 46.4149982], [21.8745625, 46.4148577], [21.8737525, 46.41299], [21.8732858, 46.4118915], [21.8729317, 46.4113145], [21.8717998, 46.4098166], [21.8712741, 46.4094615], [21.8708181, 46.4095206], [21.8706411, 46.409615], [21.8703622, 46.409885], [21.8697828, 46.4101513], [21.8689728, 46.4104472], [21.8684444, 46.4104638], [21.8678275, 46.4105008], [21.867063, 46.4106229], [21.8659419, 46.4103381], [21.8654913, 46.410179], [21.8650648, 46.4100311], [21.8643138, 46.4095391], [21.8637881, 46.4092543], [21.8625972, 46.4086033], [21.8605962, 46.4075529], [21.8577987, 46.4060437], [21.8558246, 46.4049599], [21.8552989, 46.4047342], [21.8548965, 46.4047268], [21.8544298, 46.4047897], [21.8537646, 46.404701], [21.8482447, 46.4035394], [21.8328837, 46.4004468], [21.8325645, 46.4004154], [21.8322802, 46.4004764], [21.8318564, 46.4006189], [21.8306467, 46.4007539], [21.8250167, 46.4015048], [21.8235844, 46.4016602], [21.8222031, 46.4014789], [21.8191534, 46.4010757], [21.8186948, 46.4010202], [21.8186277, 46.4010887], [21.8186116, 46.4016491], [21.8185607, 46.4018285], [21.8185312, 46.4018914], [21.8182361, 46.401921], [21.8173215, 46.4020098], [21.8170372, 46.4020246], [21.8169031, 46.4019728], [21.8168199, 46.40186], [21.8166509, 46.4014253], [21.8165731, 46.4010628], [21.8164819, 46.4008815], [21.8161949, 46.4007557], [21.8156531, 46.4006595], [21.8152106, 46.4006466], [21.8142664, 46.4006022], [21.8132579, 46.4006651], [21.8121394, 46.4006891], [21.8114555, 46.4007058], [21.8102834, 46.4007446], [21.8090415, 46.4007835], [21.8048197, 46.4009277], [21.8035966, 46.4009592], [21.8030334, 46.4009425], [21.8029153, 46.4008926], [21.8027839, 46.4007816], [21.8016359, 46.4001046], [21.8015099, 46.3999696], [21.8013328, 46.3995553], [21.801078, 46.3978498], [21.8010914, 46.3976833], [21.8011826, 46.3974632], [21.8014348, 46.3970266], [21.8017647, 46.3967325], [21.8020356, 46.3963515], [21.8024379, 46.3961591], [21.8029582, 46.3959297], [21.8037146, 46.395286], [21.8048197, 46.3944054], [21.8062574, 46.3930513], [21.8068635, 46.3925074], [21.8070164, 46.3922095], [21.8069091, 46.3915584], [21.8070728, 46.3912365], [21.8070084, 46.3911551], [21.8066463, 46.3909423], [21.8062949, 46.3904261], [21.8047446, 46.3886186], [21.8036368, 46.3872662], [21.802564, 46.3864466], [21.8014133, 46.3854956], [21.799584, 46.3839969], [21.7971674, 46.381945], [21.7957619, 46.3812714], [21.793887, 46.3804221], [21.7925379, 46.3798152], [21.7922831, 46.3797153], [21.7908534, 46.3796228], [21.7872646, 46.3792804], [21.7859611, 46.3792286], [21.7817956, 46.3790195], [21.7806852, 46.378927], [21.7785662, 46.3789603], [21.7762542, 46.379038], [21.7743927, 46.3790232], [21.7720216, 46.378927], [21.7710829, 46.3787716], [21.7705572, 46.378605], [21.7680412, 46.3782275], [21.7636585, 46.3775873], [21.7615503, 46.3772653], [21.7604774, 46.3771062], [21.7599624, 46.3772283], [21.758734, 46.3773874], [21.7580152, 46.3774467], [21.7562073, 46.3787087], [21.7551345, 46.3793378], [21.7530316, 46.3799299], [21.7501348, 46.3807848], [21.7476243, 46.3808255], [21.7467928, 46.3809513], [21.7437941, 46.3817063], [21.7433649, 46.382006], [21.7424959, 46.3823391], [21.7415732, 46.382872], [21.7410421, 46.3830644], [21.7401999, 46.3830607], [21.7396152, 46.3831421], [21.737743, 46.3831939], [21.7367613, 46.3832901], [21.7358655, 46.3832198], [21.7328668, 46.383131], [21.7323786, 46.3828276], [21.732105, 46.3823243], [21.7321023, 46.3820504], [21.7321801, 46.3817618], [21.732306, 46.3812289]], [[21.732306, 46.3812289], [21.7324014, 46.3807894], [21.7323035, 46.3805776], [21.7317349, 46.3800113]], [[21.7317349, 46.3800113], [21.7300975, 46.3780496], [21.729422, 46.3772877], [21.7288247, 46.37696]], [[21.7288247, 46.37696], [21.7286753, 46.376891]], [[21.7286753, 46.376891], [21.7273434, 46.3763945], [21.7219524, 46.3741462], [21.7172237, 46.3721837], [21.7166515, 46.3719468], [21.7162273, 46.3718562], [21.7158714, 46.3718749], [21.7152431, 46.3719153], [21.7143807, 46.371867], [21.7119532, 46.3718372], [21.708721, 46.3717525], [21.7069091, 46.3717868], [21.7064358, 46.3717911], [21.6928386, 46.3719693], [21.6890345, 46.3720125], [21.6833982, 46.3726245], [21.6778765, 46.3732167], [21.6774187, 46.3733549], [21.6717539, 46.3766316], [21.6713247, 46.3768586], [21.6709503, 46.3769325]], [[21.6709503, 46.3769325], [21.6696981, 46.3771785], [21.6682951, 46.3776215], [21.6600538, 46.3799933], [21.6566279, 46.381595], [21.6537541, 46.3830794], [21.6520977, 46.3853011], [21.6502219, 46.3877668], [21.648332, 46.3902519], [21.6472844, 46.3908817], [21.6449273, 46.3915115], [21.6389178, 46.3931421], [21.6339133, 46.3945042], [21.6270261, 46.3964081], [21.6231613, 46.3974088], [21.618808, 46.3986341], [21.6142425, 46.3998691], [21.6122605, 46.3996983], [21.6084028, 46.3980239], [21.6073694, 46.3977115], [21.6056352, 46.3975797], [21.6015226, 46.3972624], [21.5999724, 46.3971257], [21.5983232, 46.3962324], [21.5940337, 46.3938842], [21.5926746, 46.393313], [21.5893832, 46.3919411], [21.5859997, 46.3923415], [21.5840815, 46.3935327], [21.5810307, 46.3953097], [21.5780223, 46.3970622], [21.5749362, 46.3989026], [21.5721119, 46.4004939], [21.5709382, 46.4021287]], [[21.5709382, 46.4021287], [21.5708282, 46.4023037]], [[21.5708282, 46.4023037], [21.5689832, 46.4039352], [21.566343, 46.4060145], [21.5612253, 46.4090844], [21.5585355, 46.410612], [21.5540761, 46.4132718], [21.5532834, 46.4136427], [21.5484417, 46.4153508], [21.5465164, 46.4160096], [21.54612, 46.4163804], [21.5453273, 46.4168733], [21.5417951, 46.4187276], [21.5407334, 46.4192644], [21.5398273, 46.4193034], [21.5307741, 46.416844], [21.5280985, 46.4161169], [21.5275109, 46.4161608], [21.5266686, 46.4164097], [21.5230162, 46.417698], [21.5205246, 46.4180786], [21.5123773, 46.4194254], [21.507918, 46.4201622], [21.5041239, 46.422519], [21.5032391, 46.4231387], [21.5027578, 46.4241536], [21.5023827, 46.4247098], [21.5020217, 46.4249684], [21.5011935, 46.4255783], [21.5004149, 46.4258369], [21.5001317, 46.4259687], [21.4994522, 46.4264078], [21.4994451, 46.4266664], [21.49781, 46.4316525], [21.4972579, 46.4331355], [21.4943699, 46.4356381], [21.4919562, 46.4377845], [21.4913616, 46.4385259], [21.4912837, 46.4391503], [21.4906254, 46.4414331], [21.4900309, 46.4433354], [21.4898043, 46.4440231], [21.4893938, 46.4446523], [21.4873481, 46.4455888], [21.4835824, 46.447525], [21.479116, 46.449827], [21.4786063, 46.450222], [21.4784152, 46.4506024], [21.4783444, 46.4509633], [21.4784789, 46.4512462], [21.4809139, 46.4549768], [21.4816359, 46.4559911], [21.4821597, 46.456547], [21.4829595, 46.4570005], [21.4848778, 46.4577075], [21.4853945, 46.4581367], [21.4857767, 46.4585316], [21.4857626, 46.458912], [21.4855432, 46.4590777], [21.4852764, 46.4592324]], [[21.4852764, 46.4592324], [21.4849647, 46.459413]], [[21.4849647, 46.459413], [21.4834904, 46.4602675], [21.4789744, 46.4629492], [21.4730992, 46.466488], [21.4725472, 46.4668205], [21.4643717, 46.4716859], [21.4599548, 46.4742501], [21.4562882, 46.4765022], [21.4508378, 46.4808111], [21.4456847, 46.484954], [21.4436525, 46.4864613], [21.4423155, 46.4865673], [21.4411899, 46.4866684], [21.4402002, 46.4867848], [21.4389664, 46.4868753], [21.4379311, 46.4869436], [21.4372122, 46.486999], [21.4369279, 46.4872391], [21.4358872, 46.4881809]], [[21.4358872, 46.4881809], [21.435747, 46.4883231]], [[21.435747, 46.4883231], [21.435677, 46.488394]], [[21.435677, 46.488394], [21.4313034, 46.4920457], [21.4261027, 46.4965158], [21.4256477, 46.497619], [21.4241372, 46.5011938], [21.4240658, 46.5013627], [21.423918, 46.5016717]], [[21.423918, 46.5016717], [21.4238359, 46.5018675]], [[21.4238359, 46.5018675], [21.4236061, 46.5023572], [21.4234408, 46.5024463], [21.4228947, 46.5025882], [21.4221323, 46.5028075], [21.4214087, 46.5032111], [21.4207702, 46.5036174], [21.4197853, 46.5040244], [21.4151222, 46.5055474], [21.4131161, 46.5062426]], [[21.4131161, 46.5062426], [21.410557, 46.5070959], [21.4009305, 46.5102853], [21.3925026, 46.5130195], [21.3855947, 46.5153327], [21.3783408, 46.5177478], [21.3730826, 46.519474], [21.3708706, 46.520184], [21.3700074, 46.5211202], [21.3668156, 46.5254278], [21.36138, 46.533626], [21.3610864, 46.5339721], [21.3607452, 46.5345834], [21.3598853, 46.5364959], [21.3596058, 46.5369126], [21.3572884, 46.5398646], [21.3577176, 46.5434068], [21.3609177, 46.5640037], [21.3547207, 46.5732622], [21.3540993, 46.5742387], [21.3537465, 46.5748894], [21.3535947, 46.5751693], [21.3532391, 46.5758633], [21.3530655, 46.5768063], [21.3525972, 46.5787905], [21.3523125, 46.5795552], [21.351498, 46.5806011], [21.3508985, 46.5813087], [21.3505734, 46.5819844], [21.3509363, 46.584356], [21.3514963, 46.585388], [21.3523086, 46.5865087], [21.3535947, 46.5883948], [21.35413, 46.5891349], [21.3541918, 46.5891785], [21.3547946, 46.5896043], [21.3554161, 46.5900145], [21.356253, 46.5907165], [21.3571145, 46.5921288], [21.3582652, 46.5933932], [21.3589667, 46.5944588], [21.3596806, 46.594945], [21.3616374, 46.5961628], [21.3624076, 46.5966321], [21.3631573, 46.5970888], [21.3633727, 46.5974144], [21.3638957, 46.5985898], [21.3644803, 46.5994185], [21.3650095, 46.6006235], [21.3654341, 46.6013846], [21.3656987, 46.6017947], [21.3657234, 46.6026233], [21.3656987, 46.6037775], [21.3656187, 46.6047795], [21.3652865, 46.6058448], [21.3651142, 46.6063691], [21.3652311, 46.6067791], [21.3650342, 46.6070286], [21.3644619, 46.6072526], [21.3639019, 46.6074513], [21.3637296, 46.6077049], [21.3638034, 46.607984], [21.364068, 46.6083179], [21.3642527, 46.6085927], [21.3642342, 46.6089689], [21.3639388, 46.6093156], [21.3635388, 46.6095861], [21.3631142, 46.6097721], [21.3627573, 46.6098144], [21.3623697, 46.6097721], [21.3618651, 46.6095861], [21.3611697, 46.6097975], [21.3591575, 46.6109557], [21.3587206, 46.6114461], [21.3577237, 46.6122619], [21.3574837, 46.6125874], [21.357373, 46.6131285], [21.3568745, 46.6136822], [21.3562284, 46.6138851], [21.3554408, 46.6141894], [21.3552561, 46.6144135], [21.3551885, 46.615039], [21.3550838, 46.6153434], [21.3545793, 46.6159182], [21.3543085, 46.6163325], [21.3545731, 46.6167382], [21.3546793, 46.6170106]]]}}, {"type": "Feature", "id": "093wq4lp", "properties": {"arebaltapeste_slug": "093wq4lp", "name": "Lac Mișca", "name_ro": "Lac Mișca", "type": "ape", "source": "bbox", "source_detail": "geocode cache (tier=tier3_bbox)", "osm_id": null, "geocode_tier": "tier3_bbox", "confidence": "low", "judet": "Arad"}, "geometry": {"type": "Polygon", "coordinates": [[[21.59858464122, 46.59698358177], [21.61175964117, 46.59698358177], [21.61175964117, 46.62086746788], [21.59858464122, 46.62086746788], [21.59858464122, 46.59698358177]]]}}, {"type": "Feature", "id": "h0h6821t", "properties": {"arebaltapeste_slug": "h0h6821t", "name": "Lac Chișineu-Criș", "name_ro": "Lac Chișineu-Criș", "type": "ape", "source": "bbox", "source_detail": "geocode cache (tier=tier3_bbox)", "osm_id": null, "geocode_tier": "tier3_bbox", "confidence": "low", "judet": "Arad"}, "geometry": {"type": "Polygon", "coordinates": [[[21.46794497699, 46.51695614691], [21.47135137439, 46.51695614691], [21.47135137439, 46.52114949498], [21.46794497699, 46.52114949498], [21.46794497699, 46.51695614691]]]}}, {"type": "Feature", "id": "gvhqgri8", "properties": {"arebaltapeste_slug": "gvhqgri8", "name": "Canalul Cefa IV", "name_ro": "Canalul Cefa IV", "type": "ape", "source": "bbox", "source_detail": "geocode cache (tier=tier3_bbox)", "osm_id": null, "geocode_tier": "tier3_bbox", "confidence": "low", "judet": "Bihor"}, "geometry": {"type": "Polygon", "coordinates": [[[21.60727492332, 46.90430735493], [21.70344825268, 46.90430735493], [21.70344825268, 46.94472514893], [21.60727492332, 46.94472514893], [21.60727492332, 46.90430735493]]]}}]}