{"type":"FeatureCollection","metadata":{"pipeline":"tier1_premap","pipeline_version":"1.0","generated_at":"2026-08-11T10:41:30.932047+00:00"},"features":[{"type":"Feature","id":"lacul-razim","geometry":{"type":"Polygon","coordinates":[[[28.8636053,44.8797261],[28.862645,44.8805928],[28.8618779,44.8815506],[28.8613146,44.8823488],[28.8608801,44.8829741],[28.8606012,44.8834245],[28.8604724,44.8835785],[28.860172,44.8842265],[28.8598663,44.8847434],[28.8596088,44.8853154],[28.8593888,44.8858723],[28.859303,44.8862143],[28.8592815,44.8867844],[28.8595176,44.8876282],[28.8596678,44.8883503],[28.8597965,44.888681],[28.8599628,44.8889698],[28.8602096,44.8892662],[28.8606012,44.8897185],[28.8607836,44.8899275],[28.8612556,44.8903076],[28.8615453,44.8905356],[28.8618028,44.8907598],[28.8621944,44.8910525],[28.8624626,44.8915009],[28.8625109,44.8916453],[28.8625431,44.8918088],[28.8625163,44.8919266],[28.862525,44.8919859],[28.8625525,44.8920648],[28.8625921,44.8921304],[28.8626504,44.892214],[28.8630688,44.892736],[28.8636267,44.8933251],[28.8640451,44.8937317],[28.8644193,44.8941972],[28.864536,44.8943416],[28.8646567,44.8944537],[28.8647184,44.8945573],[28.8647492,44.894621],[28.86476,44.8947036],[28.8647465,44.8947844],[28.8647251,44.8948841],[28.8647009,44.8949725],[28.864662,44.8950295],[28.8644904,44.8951511],[28.8644126,44.8951995],[28.8643348,44.8952271],[28.8642517,44.8952347],[28.86419,44.8952394],[28.8640693,44.8952366],[28.8638346,44.8951976],[28.8636576,44.8951691],[28.8634953,44.8951387],[28.8632338,44.8950285],[28.8630594,44.8949392],[28.8629884,44.8949117],[28.8629052,44.894905],[28.8627858,44.8949164],[28.8626531,44.8949506],[28.8625203,44.8950152],[28.8624023,44.8950542],[28.8622387,44.8951178],[28.8621542,44.8952166],[28.8620965,44.8953838],[28.8620254,44.895723],[28.8619235,44.8960631],[28.8619342,44.896198],[28.861945,44.8964374],[28.8620013,44.896635],[28.8620952,44.8969124],[28.8622695,44.8972354],[28.8623768,44.8973684],[28.8625056,44.8974691],[28.8626289,44.897528],[28.8628247,44.897566],[28.8629776,44.8976192],[28.8630876,44.8976971],[28.863211,44.8978073],[28.8633504,44.8979821],[28.8634095,44.8982044],[28.863557,44.8984134],[28.8636187,44.8985179],[28.8636589,44.8986072],[28.8637286,44.8987345],[28.8638064,44.8988295],[28.8638949,44.8989207],[28.8639888,44.8990575],[28.8640478,44.899143],[28.8641283,44.8992437],[28.8642356,44.8993368],[28.8644072,44.8994717],[28.8647506,44.8998783],[28.8649061,44.9000284],[28.8650456,44.9001196],[28.8652012,44.9002127],[28.8652575,44.9002773],[28.8652897,44.9003381],[28.865295,44.9003913],[28.8652468,44.9005014],[28.8651395,44.9006857],[28.865051,44.9007807],[28.8648632,44.9009194],[28.8648176,44.9009669],[28.8647908,44.9010201],[28.8647787,44.9010819],[28.864764,44.9011712],[28.8647653,44.9012253],[28.8647707,44.9012415],[28.8647868,44.9012562],[28.8648042,44.9012638],[28.8648632,44.9012704],[28.864892,44.9012671],[28.8649564,44.90125],[28.8650315,44.90124],[28.8650718,44.9012424],[28.8651348,44.9012519],[28.8651723,44.9012623],[28.8651931,44.9012756],[28.8652045,44.9012965],[28.8652059,44.9013293],[28.8651951,44.9013687],[28.8651234,44.9016091],[28.8650094,44.9018162],[28.8649537,44.9018622],[28.8649216,44.901886],[28.8649075,44.9019026],[28.8649055,44.9019211],[28.8649061,44.9019325],[28.8649283,44.9019738],[28.8649584,44.9019909],[28.8650067,44.9020057],[28.8650295,44.9020175],[28.865059,44.9020427],[28.8650771,44.9020779],[28.8651422,44.9022132],[28.8651958,44.9024317],[28.8652924,44.9028231],[28.8653111,44.9029827],[28.8653031,44.903108],[28.8652897,44.9031726],[28.8652387,44.9032866],[28.8651395,44.9034272],[28.8650644,44.9035146],[28.8649651,44.9035716],[28.8648391,44.9036001],[28.8644958,44.9037141],[28.8641927,44.9038129],[28.864021,44.9038851],[28.8638037,44.9039744],[28.8634738,44.9041814],[28.8630232,44.90455],[28.862527,44.9049717],[28.8623232,44.9052206],[28.8620523,44.9056556],[28.8618565,44.9059311],[28.8617089,44.9061192],[28.86154,44.9062787],[28.8613991,44.9063756],[28.861367,44.9064041],[28.8613495,44.906426],[28.8613348,44.9064526],[28.8613307,44.9064754],[28.8613307,44.9064915],[28.8613495,44.9065077],[28.8613844,44.9065162],[28.8615131,44.906502],[28.8616405,44.9064972],[28.8617773,44.9065001],[28.8618538,44.9065219],[28.8619718,44.9065884],[28.8620308,44.9066701],[28.862063,44.9067651],[28.8620871,44.906862],[28.8620898,44.9069455],[28.8620603,44.9070462],[28.862012,44.9071488],[28.8619101,44.9073882],[28.861776,44.9075477],[28.8615614,44.9076503],[28.8613482,44.9077301],[28.8611242,44.9077301],[28.8610491,44.9077235],[28.860974,44.9077073],[28.8609123,44.9076722],[28.8608198,44.9075439],[28.8607849,44.9074775],[28.8607755,44.9074081],[28.8607889,44.907334],[28.8607953,44.907273],[28.860798,44.9072561],[28.8607923,44.9072395],[28.8607826,44.9072276],[28.8607745,44.9072203],[28.8607393,44.9072077],[28.8606884,44.9071972],[28.8606361,44.9071963],[28.8605422,44.9072172],[28.8604403,44.9072875],[28.8603035,44.9074395],[28.8600191,44.9077586],[28.8597965,44.9079771],[28.8596812,44.9080891],[28.8595498,44.908148],[28.859413,44.9082012],[28.8590589,44.9082943],[28.8589489,44.9083513],[28.8588309,44.9084311],[28.8586271,44.9085992],[28.8585111,44.9086975],[28.8584608,44.9087592],[28.8584373,44.9087911],[28.8584112,44.9088167],[28.8583823,44.9088324],[28.8583535,44.908839],[28.8583159,44.9088414],[28.8582529,44.9088438],[28.858092,44.9088414],[28.8580001,44.9088414],[28.8579666,44.9088442],[28.8579498,44.9088499],[28.8579364,44.9088599],[28.857927,44.9088751],[28.8579096,44.9089112],[28.8578982,44.9089525],[28.8578962,44.9089744],[28.8578975,44.9089924],[28.8579076,44.9090219],[28.8579163,44.9090347],[28.8579264,44.909043],[28.8579622,44.9090558],[28.8580313,44.9090637],[28.8580662,44.9090627],[28.8583682,44.9090466],[28.8585077,44.9090513],[28.8586164,44.9090741],[28.8586928,44.9091092],[28.8588189,44.9092004],[28.8589033,44.9093315],[28.8589436,44.9094616],[28.8589664,44.9095689],[28.858965,44.9096202],[28.8589409,44.9097152],[28.8589087,44.9098083],[28.858839,44.9098691],[28.8587612,44.9099318],[28.8586244,44.9100154],[28.8584688,44.910078],[28.858206,44.9101407],[28.8579404,44.9101768],[28.8577232,44.9101882],[28.8575837,44.9102072],[28.8574496,44.9102585],[28.8573021,44.910344],[28.857168,44.9104029],[28.8570258,44.9104257],[28.8569239,44.9104162],[28.8567442,44.9103839],[28.8565752,44.9103725],[28.8563606,44.9103611],[28.8562882,44.9103782],[28.8562024,44.9104162],[28.856146,44.9104751],[28.8560978,44.910551],[28.8560924,44.9106137],[28.8561058,44.9106821],[28.8561085,44.91076],[28.8560951,44.9108132],[28.8560548,44.9108797],[28.8559905,44.9109613],[28.8559073,44.9110183],[28.8558322,44.9110582],[28.8556391,44.9111798],[28.8555399,44.9112843],[28.8555318,44.9113545],[28.8555358,44.9114001],[28.8555492,44.9114429],[28.8555653,44.9114723],[28.8556042,44.9115246],[28.8556673,44.9115739],[28.8557142,44.9115986],[28.8557973,44.9116271],[28.855847,44.9116338],[28.8559408,44.9116366],[28.8560709,44.9116195],[28.8562453,44.9115692],[28.8564491,44.9115312],[28.8565296,44.9115198],[28.8566369,44.9115198],[28.8567468,44.9115293],[28.8568944,44.9115559],[28.856999,44.9115996],[28.8570794,44.9116661],[28.857176,44.9117496],[28.8572377,44.9118579],[28.8572565,44.91197],[28.8572565,44.9120612],[28.8571948,44.9121485],[28.8571036,44.9122435],[28.8569641,44.9123157],[28.8567857,44.9124002],[28.8566852,44.912424],[28.8565752,44.9124392],[28.8564719,44.912442],[28.8562627,44.9124373],[28.8561125,44.9124221],[28.8559301,44.9124221],[28.8558792,44.9124306],[28.8558161,44.9124715],[28.855788,44.9125],[28.8557598,44.9125854],[28.8557169,44.9126567],[28.8556834,44.9127212],[28.8556485,44.9127592],[28.8555895,44.9127896],[28.8555332,44.912802],[28.8554634,44.9128105],[28.8554138,44.9128096],[28.8553615,44.912801],[28.8553132,44.9127868],[28.8552059,44.9127554],[28.8551255,44.9127364],[28.8549551,44.9127108],[28.8548546,44.9126937],[28.8547674,44.9126899],[28.8547204,44.9126966],[28.854699,44.9127146],[28.8546842,44.9127421],[28.8546816,44.9127716],[28.854695,44.9128086],[28.8547204,44.9128457],[28.854809,44.9129292],[28.8550088,44.9131477],[28.8551187,44.9132465],[28.8553146,44.9133148],[28.8555559,44.9133395],[28.8557947,44.9133927],[28.8559744,44.9134649],[28.8561112,44.9135618],[28.8562533,44.913708],[28.8562989,44.9138068],[28.8563043,44.9139246],[28.8562775,44.9140176],[28.8560736,44.9143614],[28.85602,44.9144355],[28.8559985,44.9145286],[28.8560253,44.914616],[28.8561836,44.9147546],[28.8562962,44.9148572],[28.8563633,44.9149788],[28.8564303,44.9151535],[28.8564464,44.9152751],[28.8563982,44.9154004],[28.856366,44.9154878],[28.8563606,44.9155866],[28.8564411,44.91571],[28.8565645,44.915843],[28.8566664,44.9160538],[28.8567388,44.9163501],[28.85683,44.9166749],[28.8568836,44.9171535],[28.8568595,44.9173796],[28.8568246,44.9175106],[28.856822,44.9176208],[28.8568568,44.9177215],[28.8568944,44.9177955],[28.8570446,44.917957],[28.8571385,44.918126],[28.857294,44.9182761],[28.8573799,44.9183539],[28.8575059,44.9184052],[28.8576642,44.9184394],[28.8577902,44.9184413],[28.8579592,44.9184299],[28.8582194,44.9184071],[28.8584769,44.9184432],[28.8587236,44.9185021],[28.8588899,44.9185837],[28.8589758,44.9186597],[28.8590267,44.9188041],[28.8590509,44.9191839],[28.859126,44.9195942],[28.859126,44.9197689],[28.859126,44.919955],[28.8591233,44.9200823],[28.8590991,44.9201867],[28.859024,44.9203349],[28.8589141,44.9206217],[28.8588698,44.9207138],[28.8588001,44.9207726],[28.8587169,44.9208163],[28.8586284,44.9208486],[28.8584916,44.9208856],[28.8583173,44.9209046],[28.8581832,44.9209094],[28.8580799,44.9208989],[28.8579136,44.9208676],[28.8577487,44.920841],[28.8576065,44.9208591],[28.8574415,44.9209407],[28.8573477,44.9210813],[28.8572833,44.9212731],[28.8572457,44.9214782],[28.8572699,44.9215979],[28.8573825,44.9216966],[28.8575381,44.9217555],[28.8577446,44.9217954],[28.8581738,44.9218144],[28.8585386,44.9217973],[28.8587075,44.9217992],[28.8589597,44.9218372],[28.8590831,44.921896],[28.8594237,44.9219967],[28.8595337,44.9220973],[28.8595819,44.9222341],[28.8596007,44.9223765],[28.8595819,44.9225095],[28.859539,44.9226367],[28.8593084,44.9230279],[28.859024,44.9234913],[28.8589248,44.9236034],[28.8587826,44.9237135],[28.8586217,44.9238047],[28.8583803,44.9238977],[28.8582328,44.9239186],[28.8581094,44.9239224],[28.8579726,44.9239129],[28.8578439,44.9238712],[28.8577446,44.9238427],[28.8576668,44.9238427],[28.8575757,44.9238655],[28.8575059,44.923892],[28.8574442,44.9239851],[28.8573879,44.9241427],[28.8573316,44.9242833],[28.8572672,44.9244523],[28.8572457,44.9245093],[28.85721,44.9246574],[28.8572074,44.924679],[28.857206,44.9246912],[28.8572112,44.9247051],[28.8572229,44.9247191],[28.8572384,44.9247341],[28.8572622,44.9247443],[28.8573758,44.9247533],[28.8574791,44.9247523],[28.8575703,44.9247466],[28.8576534,44.9247466],[28.8577205,44.924759],[28.8577755,44.9247713],[28.8578278,44.9247922],[28.8579699,44.9248682],[28.8580182,44.9249309],[28.8580343,44.9250201],[28.8580182,44.9251265],[28.8579941,44.9252518],[28.8579082,44.9253487],[28.8577259,44.9254094],[28.8575435,44.9254151],[28.8574094,44.9254018],[28.8573021,44.9253506],[28.8571331,44.925229],[28.8569936,44.9251625],[28.8568112,44.9251492],[28.8566422,44.9251815],[28.8564411,44.9252632],[28.8561715,44.9254018],[28.8559221,44.9255139],[28.8557263,44.925586],[28.8555962,44.9256848],[28.855556,44.925774],[28.8555747,44.9258747],[28.8555828,44.9259469],[28.8555586,44.9259886],[28.855454,44.9260684],[28.8553226,44.9261387],[28.855167,44.9262507],[28.855041,44.926376],[28.8548881,44.9266096],[28.8546762,44.9270863],[28.8544831,44.9273426],[28.8544321,44.9274414],[28.8544267,44.9275477],[28.8544589,44.9277092],[28.8544482,44.9280415],[28.8544697,44.928125],[28.854526,44.9282086],[28.8546386,44.9282789],[28.8547674,44.9283643],[28.8548157,44.9284726],[28.8548291,44.9285542],[28.8548318,44.9286511],[28.8548613,44.9287251],[28.8549551,44.9288485],[28.8550329,44.9289815],[28.855159,44.9290916],[28.8552877,44.9291619],[28.8555828,44.9291828],[28.8558564,44.9291467],[28.8562211,44.9290593],[28.8566932,44.9289074],[28.8570929,44.9287384],[28.8573879,44.9286549],[28.8575274,44.9286492],[28.8576347,44.9286624],[28.857801,44.9287479],[28.8579082,44.9288466],[28.8582194,44.9294657],[28.8582355,44.9296556],[28.8582784,44.9298265],[28.8582341,44.9299604],[28.8581859,44.9300705],[28.8581201,44.9301446],[28.8579686,44.9302348],[28.8578184,44.9302813],[28.8577205,44.9303069],[28.8575958,44.9303231],[28.8574831,44.9303269],[28.8573289,44.9303525],[28.8572618,44.9303962],[28.8572296,44.9304664],[28.8572055,44.9305671],[28.857168,44.9307247],[28.857294,44.9309696],[28.8573839,44.9310617],[28.8574979,44.9311168],[28.8575555,44.9311244],[28.8576628,44.9311035],[28.8577929,44.9310551],[28.8580209,44.9309127],[28.8581282,44.930869],[28.8582838,44.9308025],[28.8584447,44.9307646],[28.8585681,44.9307608],[28.8587317,44.9307627],[28.8588712,44.9307836],[28.8589972,44.9308025],[28.8591528,44.9308557],[28.8592574,44.930907],[28.8592762,44.9309734],[28.8592735,44.931057],[28.859252,44.9311235],[28.8592145,44.9312697],[28.8592091,44.931602],[28.859193,44.9317064],[28.8591689,44.9317843],[28.8590991,44.9318374],[28.8590133,44.9318678],[28.8588926,44.9318906],[28.8587451,44.9318849],[28.8585627,44.9318412],[28.8583991,44.9318317],[28.8581228,44.9318488],[28.8579807,44.9318697],[28.8578573,44.9319134],[28.8577527,44.9319761],[28.857632,44.9321128],[28.8574871,44.9323292],[28.8574201,44.9324622],[28.857412,44.9327109],[28.8574442,44.9329122],[28.8574845,44.933047],[28.857581,44.9331305],[28.8576937,44.9331723],[28.8578171,44.9331875],[28.8579297,44.9331875],[28.8580397,44.9331856],[28.8581201,44.9331761],[28.8582301,44.9331248],[28.8583803,44.9330337],[28.8585091,44.9329426],[28.8586405,44.9328514],[28.8587666,44.9327907],[28.8589248,44.9327394],[28.8590509,44.9327299],[28.8590911,44.9327299],[28.8592494,44.9327451],[28.8593405,44.9327717],[28.8594505,44.9328229],[28.8596168,44.9329653],[28.8598019,44.9332027],[28.8598341,44.9334154],[28.8597804,44.9336318],[28.8597268,44.9338483],[28.8597536,44.9343192],[28.8598663,44.9346306],[28.8599306,44.9348357],[28.8599682,44.9350103],[28.8599682,44.9351774],[28.8598716,44.9354395],[28.8597777,44.935673],[28.8597362,44.9358752],[28.8597,44.9359236],[28.8596664,44.9359502],[28.8596168,44.9359749],[28.8595176,44.9359901],[28.8593942,44.9359863],[28.8591769,44.9359236],[28.8589892,44.9358572],[28.8586968,44.9357471],[28.8584501,44.9356787],[28.8583401,44.9356635],[28.8581604,44.9356711],[28.8580263,44.9357091],[28.8578761,44.9357623],[28.8576722,44.9359066],[28.8574845,44.9360319],[28.8573664,44.9361382],[28.8572136,44.9362569],[28.8570607,44.9363736],[28.8570003,44.9364391],[28.856952,44.9364828],[28.856885,44.9365122],[28.8567831,44.9365455],[28.8567455,44.9365796],[28.8567227,44.9366186],[28.8567442,44.9367657],[28.8567898,44.9368217],[28.8568421,44.9368578],[28.8568649,44.9368863],[28.856881,44.9369167],[28.856889,44.9369565],[28.8568796,44.9369964],[28.8568421,44.9370581],[28.85683,44.9371037],[28.85683,44.9372043],[28.8568622,44.9372641],[28.8569266,44.937323],[28.856995,44.9373762],[28.8570701,44.9373866],[28.8571197,44.9373904],[28.8571787,44.9373932],[28.8572806,44.9374008],[28.8574013,44.9374388],[28.857455,44.937492],[28.8574871,44.9375736],[28.8574791,44.9376477],[28.8574415,44.9377084],[28.8572685,44.9378223],[28.85718,44.9378489],[28.8571103,44.9378916],[28.8570929,44.9379239],[28.8570862,44.9379704],[28.8571009,44.938016],[28.8571452,44.9380976],[28.8572618,44.938184],[28.8573222,44.9382192],[28.857353,44.9382543],[28.8573705,44.9382866],[28.8573986,44.938354],[28.8574496,44.9384413],[28.857469,44.938485],[28.8575093,44.9385557],[28.8575562,44.9386112],[28.857585,44.9386411],[28.8576085,44.9386649],[28.8576427,44.9386929],[28.8576642,44.9387123],[28.8576776,44.9387266],[28.857693,44.938756],[28.8577171,44.9388201],[28.8577212,44.9388514],[28.8577205,44.9388713],[28.8577158,44.9388813],[28.8576923,44.9388965],[28.8576809,44.9389103],[28.8576803,44.9389202],[28.857695,44.9389463],[28.8577259,44.9389919],[28.8577795,44.9390593],[28.8578559,44.9391077],[28.8578663,44.9391198],[28.8578777,44.9391602],[28.8578989,44.9392511],[28.8579217,44.9393479],[28.8579458,44.9394979],[28.8580169,44.9396688],[28.8580678,44.9397627],[28.8580846,44.9398178],[28.8580786,44.9398719],[28.8580648,44.9399175],[28.858033,44.9399498],[28.8580008,44.9399706],[28.8579418,44.940002],[28.8578747,44.9400304],[28.8578399,44.9400703],[28.8578352,44.9401145],[28.8578445,44.9401501],[28.8578559,44.9401966],[28.8578814,44.9402421],[28.8579042,44.9402706],[28.857931,44.9402796],[28.8579532,44.940282],[28.8579914,44.9402811],[28.8581828,44.9402585],[28.8581909,44.9402718],[28.8582207,44.9403428],[28.8582583,44.9403902],[28.8583106,44.9404833],[28.8583287,44.9405312],[28.8583696,44.9406987],[28.8583776,44.9407823],[28.8583696,44.9408155],[28.8583454,44.9408421],[28.858324,44.9408858],[28.8583226,44.940919],[28.8583361,44.9409408],[28.8583736,44.9409569],[28.8584232,44.9409702],[28.8584608,44.9409835],[28.8584782,44.9410025],[28.8584889,44.9410338],[28.8585091,44.9410946],[28.8585372,44.9411781],[28.8585399,44.9412199],[28.8585104,44.941256],[28.8584903,44.9412731],[28.8584809,44.9412939],[28.8584836,44.9413205],[28.8585064,44.9413594],[28.8585587,44.9414022],[28.8585976,44.9414268],[28.8586378,44.9414639],[28.85875,44.9415896],[28.8587583,44.9416095],[28.8588345,44.9417434],[28.8588491,44.9417616],[28.8589013,44.9418535],[28.8589,44.9418697],[28.8588906,44.941883],[28.8588725,44.9418934],[28.8588618,44.9419081],[28.8588584,44.9419219],[28.8588598,44.9419423],[28.8588799,44.9419746],[28.8589013,44.9420106],[28.8589101,44.9420344],[28.8589288,44.9420837],[28.8589852,44.9421312],[28.8590831,44.9422185],[28.8593875,44.9424093],[28.8594532,44.942434],[28.8595135,44.9424435],[28.85959,44.9424426],[28.859757,44.9424079],[28.8598126,44.9423984],[28.8598415,44.9423908],[28.8598971,44.9423609],[28.859933,44.9423322],[28.8599497,44.9423213],[28.8599628,44.9423175],[28.8599803,44.9423156],[28.8599974,44.9423175],[28.8600118,44.942321],[28.8600352,44.9423315],[28.8600761,44.9423595],[28.860109,44.9423837],[28.860169,44.9424573],[28.8601811,44.9424682],[28.8601871,44.9424708],[28.8601935,44.9424703],[28.8601978,44.9424668],[28.8602009,44.9424613],[28.8602009,44.9424563],[28.8601978,44.9424456],[28.8601911,44.9423799],[28.8601942,44.9423676],[28.8602005,44.9423566],[28.8602156,44.9423415],[28.8602887,44.9422836],[28.860339,44.9422256],[28.8603678,44.942201],[28.8604201,44.942182],[28.8604644,44.9421725],[28.8605073,44.9421654],[28.8605717,44.9421625],[28.8606548,44.942163],[28.8607541,44.9421834],[28.8607796,44.9421919],[28.8607983,44.9422029],[28.8608111,44.9422223],[28.8608138,44.9422332],[28.8608097,44.942248],[28.8608003,44.9422593],[28.8607822,44.9422684],[28.860736,44.9422731],[28.8606917,44.9422774],[28.8606622,44.9422859],[28.8606495,44.9422921],[28.860632,44.9423044],[28.8606314,44.942322],[28.8606461,44.94234],[28.860687,44.9423723],[28.8607031,44.9424055],[28.8605918,44.9424464],[28.8604148,44.9424919],[28.8603504,44.9425261],[28.8603102,44.9425496],[28.8602994,44.9425567],[28.8602901,44.9425577],[28.8602823,44.9425574],[28.860277,44.9425553],[28.8602696,44.9425496],[28.8602559,44.9425363],[28.8602364,44.9425225],[28.860228,44.9425192],[28.8602233,44.9425194],[28.860219,44.9425235],[28.860217,44.942528],[28.8602183,44.9425441],[28.8602277,44.9425778],[28.860231,44.9426054],[28.8602284,44.942621],[28.8602156,44.9426315],[28.8602042,44.9426353],[28.8601861,44.9426367],[28.8601553,44.94263],[28.8601184,44.9426163],[28.8600795,44.9426068],[28.8600245,44.9426229],[28.8599347,44.94264],[28.8597509,44.9426903],[28.8591877,44.9428612],[28.8590549,44.9430605],[28.8588564,44.9433994],[28.8588417,44.9434231],[28.8588016,44.9435909],[28.8587937,44.9436069],[28.8587223,44.9437924],[28.8586901,44.9438266],[28.8586646,44.9438446],[28.8586177,44.9438769],[28.8585828,44.9439205],[28.8585439,44.9439851],[28.8585091,44.9442224],[28.8585225,44.9445603],[28.8585287,44.94484],[28.858529,44.9448506],[28.8585221,44.9449141],[28.8585255,44.9449355],[28.8585312,44.9449559],[28.8585708,44.9450074],[28.8586244,44.9450406],[28.8587062,44.9450691],[28.8587706,44.9451156],[28.8587961,44.9451754],[28.8587934,44.9452599],[28.8587652,44.9453766],[28.8587129,44.9455893],[28.8586432,44.9457905],[28.858434,44.9464578],[28.8584065,44.9466357],[28.8583884,44.9467468],[28.8583696,44.9467981],[28.8583475,44.9468355],[28.8582596,44.9469105],[28.8582382,44.9469148],[28.858206,44.9469157],[28.8581852,44.94692],[28.8581671,44.9469243],[28.8581564,44.9469343],[28.8581175,44.9469884],[28.858088,44.9470415],[28.8580799,44.9470814],[28.8580813,44.9472095],[28.8580759,44.9472855],[28.8580571,44.9473538],[28.8580196,44.9474041],[28.8579498,44.9474838],[28.8579042,44.947555],[28.8577661,44.9477895],[28.8577017,44.9481103],[28.857699,44.9482546],[28.8576212,44.9484178],[28.857573,44.9485811],[28.857455,44.948788],[28.8573664,44.9488829],[28.8572967,44.9489778],[28.8572404,44.9490727],[28.8571948,44.9493859],[28.8571599,44.9495663],[28.8571787,44.9497257],[28.8572612,44.949935],[28.8572786,44.9499711],[28.857296,44.9500034],[28.8573094,44.9500181],[28.8573309,44.9500261],[28.8574707,44.9500344],[28.857462,44.9502432],[28.8574301,44.9502556],[28.85741,44.9502615],[28.8573879,44.950267],[28.8573701,44.9502686],[28.85729,44.9502715],[28.8572699,44.9502741],[28.8572518,44.9502793],[28.8572353,44.9502886],[28.857226,44.9503002],[28.8572179,44.9503327],[28.8572156,44.9503747],[28.8572209,44.9503958],[28.8572276,44.950416],[28.85729,44.9505619],[28.85729,44.9506986],[28.8572632,44.9508039],[28.8572805,44.9508774],[28.8572822,44.950886],[28.8573027,44.9509069],[28.8573329,44.9509188],[28.8573825,44.9509292],[28.8574315,44.9509406],[28.8574737,44.9509605],[28.857514,44.951009],[28.8575622,44.9510896],[28.8576145,44.9511826],[28.8577259,44.9513468],[28.8578573,44.9515879],[28.8578821,44.9516573],[28.8578915,44.9516671],[28.8579176,44.9517293],[28.857986,44.9517967],[28.8580853,44.9518413],[28.8582301,44.9518907],[28.8584152,44.9519903],[28.8586459,44.9520757],[28.8588738,44.9522314],[28.859193,44.9524193],[28.8595068,44.952649],[28.8603356,44.9530932],[28.8609686,44.9534557],[28.8615614,44.9538107],[28.8616928,44.9538904],[28.861827,44.9539378],[28.8619785,44.9539673],[28.86213,44.9539967],[28.8626853,44.9540228],[28.8628127,44.9540157],[28.862873,44.9540038],[28.8630494,44.9539473],[28.8632244,44.9538781],[28.8633169,44.9538273],[28.8634732,44.9537642],[28.8637836,44.9536531],[28.8638688,44.9536306],[28.8638916,44.9536346],[28.8639114,44.9536396],[28.8639265,44.9536448],[28.8639432,44.9536536],[28.8639677,44.9536638],[28.8639969,44.9536716],[28.8640334,44.9536776],[28.864085,44.9536909],[28.8641142,44.9537032],[28.8641444,44.9537217],[28.864196,44.9537789],[28.8642785,44.9539322],[28.8643187,44.9539853],[28.8644233,44.9540612],[28.8645601,44.9540973],[28.8647532,44.9541466],[28.8648793,44.9542112],[28.8649598,44.9542814],[28.8650456,44.9543858],[28.8652387,44.9545509],[28.8654399,44.9546648],[28.8656947,44.9547521],[28.8659039,44.9548357],[28.8660514,44.9548755],[28.8662955,44.9549211],[28.8665235,44.9549552],[28.8666549,44.9549514],[28.8667649,44.9549154],[28.8668346,44.9548698],[28.8671082,44.9547161],[28.8673496,44.9546402],[28.8675427,44.9546117],[28.8678297,44.9545927],[28.8681087,44.9546193],[28.8683742,44.9546098],[28.8685968,44.9546098],[28.8687631,44.954625],[28.8688919,44.9546553],[28.8689777,44.9547047],[28.869034,44.9547635],[28.8690796,44.9548148],[28.8691145,44.9549135],[28.8691172,44.9550805],[28.869034,44.9552305],[28.8689375,44.9553462],[28.8688597,44.9554203],[28.8688275,44.9554734],[28.8688007,44.955555],[28.8688195,44.9556348],[28.8688946,44.9557259],[28.8690099,44.9558265],[28.8692942,44.9560258],[28.8696134,44.9562307],[28.8700211,44.9563883],[28.8707641,44.9565686],[28.8713944,44.9567622],[28.8716519,44.9568343],[28.8718289,44.9569178],[28.872022,44.9569406],[28.8722634,44.9569406],[28.8728374,44.9569596],[28.8733202,44.9569634],[28.8736796,44.9569672],[28.8739049,44.9569938],[28.874082,44.9571001],[28.8742214,44.9572861],[28.8743019,44.9574227],[28.8744575,44.9575556],[28.8746828,44.9576619],[28.8753372,44.9578782],[28.8762009,44.9581515],[28.8768607,44.9585273],[28.8771826,44.958645],[28.8779014,44.958812],[28.87869,44.9591195],[28.8793498,44.9593966],[28.8799721,44.9595333],[28.880125,44.9595466],[28.8803261,44.9595503],[28.8804468,44.9595257],[28.8805434,44.9595143],[28.8806534,44.9595124],[28.8807526,44.9595276],[28.8808331,44.9595674],[28.8809243,44.9595864],[28.8810718,44.9595978],[28.8812435,44.9596149],[28.8813347,44.9596396],[28.8814339,44.9596699],[28.8815036,44.9597155],[28.8815492,44.9597876],[28.88156,44.9598616],[28.8815573,44.9599964],[28.8815546,44.9600837],[28.881568,44.9601292],[28.8816056,44.9601634],[28.8817129,44.9601994],[28.8818631,44.9602336],[28.8819972,44.9602545],[28.8820776,44.9602412],[28.8821956,44.9602146],[28.8823003,44.9602108],[28.8824317,44.9602298],[28.882539,44.9602811],[28.8827267,44.960393],[28.8828877,44.96056],[28.8835341,44.9609396],[28.8840812,44.9613021],[28.8845962,44.961564],[28.8850629,44.9617804],[28.8853794,44.9619474],[28.8859373,44.9622017],[28.8867098,44.9625244],[28.8869566,44.9626496],[28.8871819,44.9627445],[28.8875896,44.962976],[28.8880455,44.9632379],[28.8882494,44.9634809],[28.8884962,44.96372],[28.8888878,44.9637845],[28.8892096,44.963868],[28.8893759,44.9639591],[28.8896066,44.9641451],[28.8900948,44.9644222],[28.8905132,44.9645209],[28.890878,44.9646347],[28.8910818,44.9647068],[28.8913822,44.964889],[28.8915539,44.9650674],[28.8916075,44.9652496],[28.8916129,44.965409],[28.8916129,44.9655798],[28.8915431,44.9658721],[28.8913071,44.9660979],[28.891173,44.9663693],[28.8911864,44.9664964],[28.8912642,44.9665875],[28.8913956,44.9666653],[28.8916127,44.9667668],[28.8916397,44.9667799],[28.8918248,44.9668684],[28.8919401,44.9669044],[28.8919991,44.9669101],[28.8921064,44.9668911],[28.8922566,44.9668456],[28.8923585,44.9668228],[28.8924685,44.9668209],[28.8925597,44.9668456],[28.8926724,44.9669253],[28.8927796,44.9670505],[28.8928762,44.9671511],[28.8929808,44.9672403],[28.8932517,44.9673675],[28.8936245,44.9674908],[28.8943112,44.9677052],[28.8948047,44.9679482],[28.895148,44.9681455],[28.8955182,44.9682632],[28.8958079,44.9683125],[28.89606,44.9683125],[28.8963282,44.9683315],[28.8964784,44.9683694],[28.896575,44.968415],[28.8967305,44.9685402],[28.896929,44.9687034],[28.8971651,44.9688818],[28.8973689,44.9690564],[28.8974708,44.9691892],[28.8975674,44.9693372],[28.8980663,44.9699445],[28.8984418,44.9702291],[28.8987154,44.9702595],[28.8989085,44.970286],[28.8990104,44.9703202],[28.8991016,44.9703733],[28.8991821,44.9704796],[28.8991821,44.9706086],[28.8991713,44.9707452],[28.8991713,44.9709578],[28.8992089,44.9712196],[28.8993323,44.9714075],[28.8994423,44.9715213],[28.8995844,44.9716333],[28.8997239,44.9718155],[28.8998312,44.9719388],[28.8998902,44.97199],[28.8999733,44.9720432],[28.9000887,44.9720925],[28.9002898,44.9721343],[28.9004293,44.9721305],[28.9005446,44.9720773],[28.9007646,44.9719521],[28.9008987,44.9719141],[28.9010569,44.9718971],[28.9011964,44.9718971],[28.9012849,44.9719122],[28.9014029,44.9719635],[28.9018321,44.9722955],[28.9019716,44.9724379],[28.9021406,44.9725612],[28.9022693,44.9726181],[28.9024651,44.9726959],[28.902787,44.9728781],[28.903082,44.9730982],[28.9032376,44.9733069],[28.9033663,44.9734397],[28.9035541,44.9735612],[28.9037955,44.9736447],[28.9041763,44.973694],[28.9045089,44.9737737],[28.9051151,44.9738951],[28.9059681,44.9740355],[28.907303,44.974448],[28.9082895,44.9748856],[28.9085282,44.9749387],[28.9086704,44.9749539],[28.9089735,44.9750108],[28.9092511,44.9749881],[28.9094764,44.9749463],[28.9095314,44.9749606],[28.9095958,44.974989],[28.9096293,44.975026],[28.9097138,44.9751977],[28.9098948,44.9756066],[28.9099069,44.9757831],[28.9099967,44.9758855],[28.9101027,44.9759463],[28.9103267,44.9760658],[28.9109328,44.9763808],[28.9111716,44.9765477],[28.9113781,44.9766236],[28.9116973,44.9766198],[28.9118475,44.9765326],[28.9119145,44.9764984],[28.9119709,44.9764908],[28.9120674,44.9765003],[28.9121962,44.9765534],[28.9125288,44.9767166],[28.9130169,44.9768978],[28.9131188,44.9769301],[28.9131846,44.9769376],[28.913269,44.9769301],[28.9133307,44.9769187],[28.9134058,44.9768712],[28.9134809,44.9768418],[28.9135855,44.9768399],[28.9136754,44.9768513],[28.913957,44.9769358],[28.9140214,44.9769946],[28.9140375,44.9770534],[28.9140469,44.9771521],[28.9140563,44.9772355],[28.9140885,44.9772991],[28.9141421,44.9773665],[28.914189,44.9773978],[28.9142615,44.9774414],[28.9147282,44.9775875],[28.914814,44.9776188],[28.9148314,44.9776444],[28.9148422,44.9776814],[28.9148448,44.977745],[28.9148422,44.9778455],[28.9148824,44.9779034],[28.9149173,44.9779224],[28.914991,44.9779252],[28.9150447,44.9779081],[28.9150956,44.9778674],[28.9151613,44.9778228],[28.915215,44.9778133],[28.9152673,44.9778066],[28.9153089,44.9778133],[28.9153665,44.9778436],[28.9154591,44.9779044],[28.915498,44.9779243],[28.9155529,44.977947],[28.9156294,44.9779641],[28.9157219,44.9779916],[28.9157943,44.9780448],[28.915852,44.9781263],[28.9159352,44.9781956],[28.9159861,44.9782193],[28.9160344,44.9782335],[28.9160827,44.9782278],[28.9161256,44.978206],[28.9161658,44.9781472],[28.916198,44.9780979],[28.9162302,44.9780656],[28.9163281,44.9780343],[28.916489,44.9780163],[28.916599,44.9780191],[28.9168337,44.9780372],[28.9169879,44.9781007],[28.9170898,44.9781937],[28.91711,44.9782563],[28.917118,44.9783369],[28.9171328,44.9784299],[28.9171931,44.9785181],[28.9172964,44.9785722],[28.9176437,44.9786405],[28.918274,44.9788227],[28.9184766,44.9788815],[28.9185423,44.9789137],[28.9186026,44.978964],[28.9186348,44.9789887],[28.9187649,44.9790342],[28.9193644,44.9791841],[28.9199544,44.9793378],[28.9200845,44.9793643],[28.9201784,44.979371],[28.920275,44.9793776],[28.9203447,44.9793776],[28.9203943,44.9793805],[28.920444,44.9793937],[28.9205217,44.9794326],[28.9208141,44.9795247],[28.9208986,44.9795493],[28.920967,44.979555],[28.9210112,44.979555],[28.9210676,44.9795474],[28.9210944,44.9795313],[28.9211212,44.9794801],[28.9211239,44.979426],[28.9211346,44.9793634],[28.9211936,44.9792799],[28.9212808,44.9792353],[28.9213653,44.9792088],[28.9214672,44.9791955],[28.9215986,44.979186],[28.9218307,44.9792363],[28.9219205,44.9792799],[28.9220613,44.9794032],[28.9221056,44.9794934],[28.9221887,44.9795949],[28.9222518,44.9796281],[28.9224207,44.9797163],[28.9232951,44.979906],[28.9237994,44.9799326],[28.9242822,44.9799402],[28.924706,44.9799515],[28.9251351,44.9800198],[28.9257735,44.9801071],[28.9261705,44.9802969],[28.9264977,44.9804372],[28.9265948,44.9804687],[28.9266694,44.9804733],[28.9267847,44.9804297],[28.9268732,44.980386],[28.927002,44.9803614],[28.9271843,44.9803633],[28.927364,44.9803746],[28.9276028,44.9804202],[28.9278468,44.9804866],[28.9279783,44.9805473],[28.928099,44.9805871],[28.9282116,44.980682],[28.9283377,44.9807844],[28.9285147,44.9808793],[28.9286488,44.9809324],[28.9288473,44.9809818],[28.929601,44.981162],[28.929947,44.9812777],[28.9302286,44.9813517],[28.9305934,44.9814295],[28.9310521,44.9815471],[28.9312211,44.981623],[28.9314866,44.9817331],[28.9316851,44.9818772],[28.9318246,44.9820006],[28.9320365,44.9821353],[28.9321223,44.982158],[28.9324549,44.9822149],[28.9326453,44.9822757],[28.9327526,44.9823212],[28.9328518,44.9823743],[28.9330691,44.9825166],[28.9333507,44.9826836],[28.9334419,44.9827519],[28.9335224,44.98286],[28.9335492,44.9829226],[28.933568,44.9829719],[28.9335841,44.9830848],[28.9336029,44.9831294],[28.9336337,44.9831986],[28.9337035,44.9832489],[28.9337705,44.9832925],[28.9339207,44.9833428],[28.9340575,44.983357],[28.9341715,44.9833419],[28.9342439,44.9833352],[28.9342962,44.9833352],[28.9343767,44.9833438],[28.9344639,44.9833466],[28.9345108,44.9833447],[28.9345618,44.9833523],[28.9346074,44.9833637],[28.934669,44.9834026],[28.9347428,44.983469],[28.9347777,44.9834974],[28.9348179,44.9835193],[28.9348716,44.9835392],[28.9349721,44.9835525],[28.9351894,44.9835876],[28.9353208,44.9836151],[28.9355756,44.9836909],[28.9357634,44.9837289],[28.9361027,44.9837678],[28.9361992,44.9837868],[28.9365292,44.9838313],[28.9368215,44.983875],[28.9373794,44.9839622],[28.9378354,44.9840381],[28.9381734,44.9840647],[28.9384255,44.9840666],[28.9386106,44.9840628],[28.9387634,44.9840704],[28.9389539,44.9840647],[28.9391953,44.9840912],[28.9393187,44.9841254],[28.9394394,44.9841804],[28.9395627,44.984243],[28.9398712,44.9843417],[28.9400831,44.9843701],[28.9403379,44.98441],[28.9412606,44.984539],[28.9421216,44.9846319],[28.9432561,44.9848122],[28.9441037,44.984926],[28.9449727,44.9849867],[28.9452249,44.9849943],[28.9453134,44.9850094],[28.945359,44.9850284],[28.9454032,44.9850502],[28.9454609,44.9850777],[28.9455615,44.9850996],[28.9457721,44.985128],[28.9462964,44.9851878],[28.9467162,44.9852257],[28.9476764,44.985313],[28.9484167,44.9853718],[28.9491275,44.9854401],[28.9497632,44.9854704],[28.9499375,44.9854666],[28.9501065,44.9854515],[28.9502326,44.9854154],[28.9503667,44.9853509],[28.9505008,44.9852978],[28.9506349,44.9852712],[28.9507851,44.9852731],[28.9511418,44.985294],[28.9513296,44.9852731],[28.9514449,44.9852428],[28.9515951,44.9852295],[28.9517909,44.9852276],[28.9520055,44.985239],[28.9522335,44.985239],[28.952381,44.9852447],[28.9524682,44.9852675],[28.9525218,44.9852978],[28.9525634,44.9853367],[28.9526291,44.9854135],[28.9526734,44.9854913],[28.9527163,44.9855378],[28.952774,44.98559],[28.9528222,44.9856383],[28.9529081,44.9857085],[28.9529818,44.9857664],[28.9530154,44.9857996],[28.9530556,44.9858726],[28.9530898,44.9859253],[28.9531139,44.9859559],[28.9531287,44.9859895],[28.9531304,44.9860208],[28.953132,44.9860491],[28.9531408,44.9860635],[28.9531485,44.9860694],[28.9531646,44.9860749],[28.9531763,44.9860749],[28.9532034,44.9860687],[28.9532162,44.986063],[28.9532319,44.9860517],[28.9532437,44.9860422],[28.9532588,44.9860187],[28.9532715,44.9859974],[28.9532856,44.9859824],[28.9533091,44.9859691],[28.9533587,44.9859532],[28.953409,44.9859442],[28.9534613,44.9859466],[28.9535049,44.9859561],[28.9535572,44.9859793],[28.9536088,44.9860343],[28.9536396,44.9860694],[28.9536645,44.9860823],[28.9536886,44.9860898],[28.9537208,44.9860898],[28.9537536,44.9860889],[28.9537898,44.9860837],[28.9538348,44.9860827],[28.9538911,44.986087],[28.9539514,44.986097],[28.9543444,44.9861686],[28.9546636,44.9862615],[28.9548808,44.9863545],[28.9551437,44.9864759],[28.9556238,44.9866523],[28.9558813,44.9867661],[28.9561334,44.9868838],[28.9564767,44.9870184],[28.9566913,44.9870298],[28.9568228,44.9870374],[28.9569086,44.9870678],[28.9569944,44.9871247],[28.9571929,44.987229],[28.9573565,44.9873353],[28.9576167,44.9874472],[28.957952,44.9875914],[28.9582068,44.9876615],[28.9583087,44.9876938],[28.9583704,44.987726],[28.9584213,44.9877754],[28.9584616,44.9878607],[28.9584777,44.9879821],[28.9584884,44.9880315],[28.9585367,44.9880732],[28.958711,44.988132],[28.9589497,44.9882458],[28.9590919,44.9883388],[28.959226,44.9883767],[28.9593655,44.9883938],[28.9595211,44.9884052],[28.9596069,44.9884317],[28.9596726,44.9884554],[28.9598215,44.9885024],[28.9600622,44.9885982],[28.9603525,44.9887675],[28.9605309,44.9889117],[28.96072,44.9890596],[28.9608112,44.9891772],[28.9608514,44.9893043],[28.9608917,44.9894333],[28.9610365,44.9896041],[28.9611492,44.9897425],[28.9612806,44.9898488],[28.9613798,44.9899246],[28.9614737,44.9900062],[28.9617634,44.9901447],[28.9619002,44.9902111],[28.9619914,44.9902414],[28.9620826,44.9902699],[28.9621818,44.9902775],[28.9623079,44.9902547],[28.9626029,44.9902433],[28.9628014,44.9902661],[28.9629838,44.9903116],[28.9630911,44.9903344],[28.9633083,44.9904178],[28.9634424,44.9904899],[28.9635524,44.9906018],[28.963767,44.9907934],[28.9639038,44.9909679],[28.9639842,44.9911482],[28.9640459,44.9913075],[28.9642256,44.9915503],[28.9644375,44.9917608],[28.9646307,44.9919373],[28.9647581,44.9920577],[28.9647996,44.9921032],[28.9648452,44.9921279],[28.9648895,44.992144],[28.9649525,44.9921516],[28.9650585,44.9921507],[28.965206,44.9921336],[28.9653106,44.9921326],[28.9654514,44.9921554],[28.9655721,44.9921914],[28.9658833,44.992309],[28.9661032,44.9924077],[28.9662963,44.9925215],[28.9665645,44.9927605],[28.9667684,44.9929748],[28.9669079,44.9931816],[28.9671358,44.9934528],[28.9672297,44.9936368],[28.9672941,44.9938113],[28.9673102,44.9939346],[28.9673102,44.9940598],[28.9672619,44.994278],[28.9671653,44.9944031],[28.9671251,44.9945018],[28.9671198,44.9946289],[28.9671412,44.9948185],[28.9672673,44.9951543],[28.9672995,44.9955033],[28.9672619,44.9957555],[28.9672217,44.9958883],[28.9672217,44.9959888],[28.9672163,44.9960875],[28.9671841,44.9961861],[28.9671144,44.9962582],[28.9670125,44.9963075],[28.9668609,44.9963691],[28.9666973,44.9964137],[28.9666477,44.996435],[28.9666128,44.9964573],[28.9665927,44.9964787],[28.9665712,44.9965171],[28.9665726,44.9966755],[28.9665873,44.9969372],[28.9665753,44.9970946],[28.9665377,44.9972075],[28.9665082,44.9973014],[28.9664733,44.9973858],[28.9664666,44.9974436],[28.966476,44.9974816],[28.9665967,44.9976579],[28.966637,44.9977736],[28.9666504,44.9978381],[28.9666611,44.9978818],[28.9666852,44.9979045],[28.9667416,44.9979292],[28.9668113,44.99795],[28.9670017,44.9979899],[28.9671466,44.9980107],[28.9672163,44.9980373],[28.9672968,44.9980752],[28.9674121,44.998189],[28.9674738,44.998244],[28.9675382,44.9983028],[28.9676052,44.9983483],[28.9677232,44.9983901],[28.9678895,44.9984508],[28.96808,44.9985266],[28.9682852,44.998593],[28.9683884,44.9986376],[28.9684461,44.998684],[28.968493,44.9987409],[28.9685923,44.9988453],[28.9686915,44.9991867],[28.968662,44.9994124],[28.9686432,44.9995299],[28.968662,44.9995906],[28.9687103,44.9996532],[28.96878,44.9996959],[28.9688927,44.9997177],[28.9689812,44.9997319],[28.9690751,44.9997424],[28.9692414,44.9997443],[28.9693594,44.9997575],[28.9694667,44.999786],[28.9695927,44.9998581],[28.9698181,45.0000781],[28.9699119,45.0001814],[28.9700058,45.000336],[28.9700487,45.0004119],[28.9700715,45.0004479],[28.9700863,45.0004664],[28.9701158,45.0004868],[28.970158,45.0005029],[28.9702834,45.0005204],[28.9703652,45.0005152],[28.970443,45.000501],[28.9705463,45.000446],[28.97062,45.0004251],[28.9707206,45.0004128],[28.9708494,45.0004176],[28.9709768,45.0004299],[28.9711055,45.0004574],[28.9712812,45.0005285],[28.9713563,45.0005655],[28.971469,45.0006508],[28.9715977,45.000757],[28.971658,45.0008376],[28.9716916,45.0008841],[28.9717372,45.0009116],[28.9717975,45.0009306],[28.9718887,45.0009533],[28.9719571,45.0009789],[28.9720309,45.001032],[28.9721033,45.0010624],[28.9721918,45.0010823],[28.972519,45.0011288],[28.9730313,45.00118],[28.9734739,45.0012388],[28.9736751,45.0012957],[28.9738709,45.0013507],[28.9739728,45.0014038],[28.9741498,45.0015233],[28.974292,45.0017072],[28.9743349,45.001822],[28.9743724,45.0018902],[28.974414,45.0019215],[28.9744556,45.0019443],[28.9745106,45.0019576],[28.9745709,45.0019614],[28.9746943,45.0019405],[28.9747761,45.0019139],[28.9748489,45.00188],[28.9748797,45.0018753],[28.9749008,45.0018777],[28.9749334,45.0018822],[28.9749806,45.0018959],[28.9750091,45.0019121],[28.9751704,45.0020192],[28.9752817,45.0021681],[28.9754051,45.0022335],[28.9754641,45.0022809],[28.9754829,45.0023037],[28.9755245,45.0023227],[28.975558,45.0023274],[28.9755996,45.0023132],[28.9757042,45.0022762],[28.9758115,45.0022667],[28.9759496,45.0022724],[28.9761668,45.0023008],[28.9763707,45.0023407],[28.9765584,45.0023426],[28.9767328,45.0023179],[28.9768267,45.0022762],[28.9768609,45.0022567],[28.9769159,45.0022335],[28.9769628,45.0022221],[28.9770184,45.0022202],[28.9771391,45.0022411],[28.9772867,45.0022648],[28.9774315,45.0022999],[28.9776823,45.0024014],[28.9780605,45.0025436],[28.9782938,45.0026214],[28.9784226,45.0026669],[28.9785379,45.0026877],[28.9786828,45.0026929],[28.978719,45.0026844],[28.9787398,45.0026711],[28.9787599,45.0026512],[28.9787927,45.0026138],[28.9788504,45.0025616],[28.9790234,45.0023729],[28.9791548,45.0022553],[28.9793104,45.0020922],[28.9794123,45.0020145],[28.9796323,45.0019633],[28.9798442,45.0019424],[28.9800802,45.0019386],[28.980217,45.0019595],[28.9803618,45.0019879],[28.9805335,45.0020638],[28.9806528,45.0021311],[28.9807682,45.0022202],[28.9808406,45.0023198],[28.9809076,45.0023653],[28.9809331,45.002372],[28.9810404,45.0023852],[28.9811222,45.0023843],[28.9812221,45.0023762],[28.981253,45.0023739],[28.9813006,45.0023649],[28.9813583,45.0023487],[28.9814193,45.002334],[28.9814535,45.0023293],[28.9814736,45.0023279],[28.9815111,45.0023288],[28.9815655,45.0023362],[28.9816124,45.0023459],[28.9816352,45.0023511],[28.9816533,45.0023573],[28.9816667,45.0023608],[28.9816764,45.0023625],[28.9816872,45.0023625],[28.9816979,45.0023575],[28.981714,45.0023381],[28.9817847,45.0022416],[28.9818156,45.0021837],[28.9818364,45.0021178],[28.981882,45.0019955],[28.9819631,45.0018134],[28.9819631,45.0016636],[28.9819121,45.0015365],[28.981888,45.0014152],[28.9819095,45.0012634],[28.9819711,45.0011364],[28.9820248,45.0010757],[28.9821857,45.0009752],[28.9823493,45.0008784],[28.9824539,45.0007665],[28.9824928,45.0006831],[28.9825492,45.0005845],[28.9826001,45.0005465],[28.9826511,45.0005133],[28.9827906,45.0004707],[28.9828549,45.0004356],[28.9830628,45.0003132],[28.9832452,45.0001634],[28.983449,45.0000288],[28.9836368,44.9999567],[28.9837816,44.9999206],[28.9839774,44.9999131],[28.9842054,44.9999358],[28.9843503,44.9999775],[28.9845058,45.0000477],[28.9846882,45.0001312],[28.9847955,45.0001957],[28.9849243,45.0003151],[28.9850584,45.0004062],[28.9851388,45.0004441],[28.9851978,45.0004536],[28.9852468,45.0004564],[28.9852917,45.0004484],[28.9853601,45.0004147],[28.985458,45.0003019],[28.9855063,45.0002488],[28.9855894,45.0001824],[28.9856511,45.0001511],[28.9857852,45.000134],[28.9859878,45.000134],[28.9861326,45.0001416],[28.9862064,45.0001587],[28.9862654,45.0001862],[28.986311,45.0002298],[28.9863686,45.000337],[28.986437,45.0004308],[28.9864907,45.0004887],[28.9865483,45.0005314],[28.9865832,45.0005418],[28.986614,45.0005465],[28.9866442,45.0005451],[28.9866684,45.0005427],[28.9866938,45.0005342],[28.9867361,45.0005048],[28.9867669,45.0004825],[28.9867864,45.0004716],[28.9868259,45.000455],[28.9868494,45.0004512],[28.9868622,45.0004564],[28.9868742,45.0004692],[28.9868943,45.0005072],[28.9869051,45.0005404],[28.9869191,45.0005503],[28.9869326,45.0005532],[28.986948,45.0005527],[28.9869661,45.0005375],[28.9869721,45.0005185],[28.9869748,45.0004977],[28.9869788,45.0004749],[28.9869889,45.0004593],[28.9869969,45.0004507],[28.9870077,45.0004484],[28.9870157,45.0004488],[28.9870284,45.0004564],[28.9870486,45.0004816],[28.9870647,45.0005129],[28.9870734,45.0005261],[28.9870851,45.0005321],[28.9870952,45.0005347],[28.9871103,45.0005356],[28.9871287,45.000533],[28.9871599,45.00052],[28.9872859,45.0004323],[28.9873134,45.0004081],[28.9873356,45.0003825],[28.9873597,45.0003663],[28.9873731,45.0003626],[28.9873912,45.0003621],[28.9874053,45.0003673],[28.9874207,45.0003858],[28.9874429,45.0004176],[28.9874824,45.0004507],[28.9875367,45.0004749],[28.9876132,45.0004944],[28.9877634,45.0005219],[28.9878613,45.0005456],[28.9879632,45.0006015],[28.9880148,45.0006276],[28.988051,45.0006451],[28.9880772,45.0006523],[28.9881094,45.0006556],[28.9881335,45.0006542],[28.9881677,45.0006442],[28.9881986,45.0006143],[28.9882247,45.0005901],[28.9882609,45.0005759],[28.9882824,45.000575],[28.9883052,45.0005864],[28.9883253,45.0006058],[28.988334,45.0006224],[28.9883427,45.0006665],[28.9883434,45.0007096],[28.9883421,45.0007452],[28.9883488,45.0007751],[28.9883709,45.0007992],[28.9884145,45.0008173],[28.9884869,45.0008301],[28.9885204,45.0008386],[28.9885499,45.0008486],[28.9885828,45.0008604],[28.9886143,45.0008794],[28.9886673,45.0008955],[28.9887082,45.0008998],[28.9887672,45.0009007],[28.9888886,45.0008879],[28.9891313,45.0008604],[28.9893553,45.0007684],[28.9895081,45.0007058],[28.9896691,45.0006148],[28.9898327,45.0005617],[28.989948,45.0005257],[28.9900956,45.0005143],[28.9901948,45.0005257],[28.9903504,45.000575],[28.9904577,45.0006508],[28.9906374,45.0007665],[28.9909002,45.0009505],[28.9910451,45.0010889],[28.9911416,45.0011686],[28.9912677,45.0012198],[28.9914313,45.0012502],[28.9916432,45.0012729],[28.99178,45.0013184],[28.991906,45.0013886],[28.9920965,45.0015043],[28.9922306,45.0016522],[28.9922896,45.0017508],[28.9923352,45.0018134],[28.9923647,45.0018324],[28.992421,45.0018438],[28.9925149,45.0018533],[28.9927027,45.001785],[28.9931747,45.0017376],[28.9936495,45.0016769],[28.9943656,45.0015934],[28.994489,45.0016181],[28.9946137,45.0016323],[28.9947277,45.001602],[28.9948243,45.0015498],[28.9949624,45.001455],[28.9950697,45.0014133],[28.9953057,45.0013317],[28.9954345,45.0013061],[28.9955257,45.001326],[28.9956182,45.0013621],[28.9956866,45.0014],[28.995747,45.0014739],[28.9957617,45.0015289],[28.9957577,45.0017034],[28.9957336,45.0018476],[28.9957496,45.0019557],[28.9957845,45.0020145],[28.9958382,45.0020334],[28.9958999,45.0020467],[28.9959803,45.0020391],[28.9961359,45.0019822],[28.9962164,45.0019149],[28.996262,45.0018618],[28.9962794,45.0018191],[28.9962821,45.0017727],[28.9962365,45.0017186],[28.9961801,45.0016854],[28.9961225,45.0016105],[28.996093,45.0015451],[28.9960755,45.0014313],[28.9960688,45.0013554],[28.9960662,45.0012596],[28.9961117,45.0010264],[28.9961413,45.0008708],[28.996219,45.0007627],[28.9963478,45.0006774],[28.9964926,45.0005901],[28.9966267,45.0005731],[28.9968038,45.0005958],[28.9969781,45.0006584],[28.9972168,45.0007134],[28.9974824,45.0007305],[28.9977908,45.0007267],[28.9979839,45.0007058],[28.998287,45.000702],[28.9985606,45.0007039],[28.9987859,45.0007324],[28.9989871,45.0007912],[28.9990997,45.0008633],[28.9992312,45.0009429],[28.9993894,45.0010927],[28.9995959,45.00118],[28.999714,45.0011989],[28.9999661,45.0012634],[29.0004194,45.0013374],[29.0006956,45.0013924],[29.0008673,45.0014588],[29.0010309,45.0015802],[29.0013152,45.0018571],[29.0014869,45.0020808],[29.0015942,45.0021529],[29.0017497,45.0022136],[29.0021038,45.0022667],[29.0026402,45.0022857],[29.0032303,45.002316],[29.0041476,45.0023046],[29.0049094,45.0022781],[29.0052795,45.0022819],[29.0057731,45.0022705],[29.0064007,45.002225],[29.0071034,45.0021852],[29.0075567,45.002115],[29.0078491,45.00206],[29.0080985,45.0019993],[29.0082997,45.001895],[29.008407,45.0017869],[29.008466,45.0016845],[29.0084928,45.0015764],[29.0085384,45.0014493],[29.0085974,45.0013545],[29.0087396,45.0012217],[29.0088549,45.0011269],[29.0090078,45.0010567],[29.0092331,45.0009752],[29.0093753,45.0009372],[29.0095872,45.0008841],[29.0102148,45.0007798],[29.0104294,45.0007627],[29.0106252,45.0007703],[29.0108478,45.0007646],[29.010998,45.0007836],[29.011167,45.0008538],[29.0113011,45.0009315],[29.0114701,45.0010738],[29.0115881,45.0012141],[29.0117222,45.0013962],[29.0117946,45.0015783],[29.0118107,45.0017262],[29.011859,45.0018495],[29.0118992,45.001895],[29.0119743,45.0019557],[29.0121433,45.0020202],[29.0122694,45.0020884],[29.0124008,45.0021624],[29.012484,45.0022458],[29.0126422,45.0024052],[29.0127817,45.0024924],[29.0128943,45.0025398],[29.0130848,45.0025891],[29.0134576,45.0026764],[29.0136614,45.0027181],[29.0137111,45.0027323],[29.0137379,45.0027608],[29.0137392,45.0028044],[29.0137298,45.0028385],[29.0137298,45.0028821],[29.0137379,45.0029096],[29.0137821,45.0029286],[29.0138639,45.00294],[29.01399,45.0029409],[29.0141355,45.0029414],[29.0142301,45.0029395],[29.014283,45.0029333],[29.014328,45.0029272],[29.0144084,45.0029248],[29.0145338,45.0029362],[29.0146344,45.0029419],[29.0149851,45.0029447],[29.0153714,45.002939],[29.015893,45.0029039],[29.0162873,45.0028603],[29.0166065,45.0028129],[29.0168345,45.0027655],[29.0170491,45.00272],[29.0173414,45.0026631],[29.0176445,45.0026081],[29.0182212,45.002463],[29.0189615,45.0023691],[29.0193263,45.0023217],[29.0201846,45.0021833],[29.0206486,45.0021302],[29.0210751,45.0021074],[29.0215766,45.0021017],[29.0220273,45.0020941],[29.0224028,45.0021017],[29.0232772,45.0021017],[29.0236714,45.0020922],[29.0237747,45.0020827],[29.0238485,45.0020818],[29.0239276,45.0020846],[29.0240389,45.0020846],[29.0241314,45.0020771],[29.0242468,45.0020552],[29.0243594,45.0020429],[29.0245445,45.0020334],[29.0246572,45.0020334],[29.024798,45.0020353],[29.0248952,45.0020377],[29.0249428,45.0020386],[29.0249904,45.0020458],[29.025026,45.0020529],[29.0250655,45.0020657],[29.0251058,45.0020832],[29.0251306,45.0020932],[29.0251507,45.0020965],[29.0251869,45.0021031],[29.0252452,45.0021055],[29.0253773,45.0020998],[29.0254793,45.0021093],[29.0256456,45.002115],[29.0258709,45.002115],[29.0265816,45.0021074],[29.0275982,45.0021131],[29.0286711,45.0021112],[29.0292558,45.0020884],[29.0294946,45.0020884],[29.0296742,45.0020884],[29.0300041,45.0020448],[29.0301919,45.0020164],[29.0303005,45.0019893],[29.030385,45.0019524],[29.0304279,45.0019301],[29.0304655,45.0019054],[29.0305232,45.0018727],[29.0305634,45.0018571],[29.030613,45.0018476],[29.0306814,45.0018443],[29.0307719,45.001849],[29.0308537,45.0018594],[29.0309034,45.0018684],[29.0309536,45.0018784],[29.0309831,45.0018874],[29.0310368,45.0019116],[29.0311246,45.00195],[29.031191,45.001978],[29.0312648,45.0020007],[29.0313017,45.002013],[29.0313751,45.002027],[29.0314304,45.0020353],[29.0314914,45.0020415],[29.0315558,45.0020405],[29.0316966,45.0020325],[29.0318897,45.0020164],[29.0320131,45.0020031],[29.0324342,45.0019917],[29.0328097,45.0019671],[29.0330082,45.0019272],[29.0331531,45.0018893],[29.033255,45.00184],[29.0333328,45.0017641],[29.0333649,45.0017357],[29.0334642,45.0016977],[29.0336037,45.0016674],[29.0337163,45.0016541],[29.0339202,45.0016276],[29.0341347,45.00162],[29.0343949,45.0015745],[29.0347946,45.0014891],[29.0352774,45.0013298],[29.0354839,45.0012483],[29.0356475,45.0011553],[29.0359184,45.0010017],[29.036133,45.0008443],[29.0362591,45.0007305],[29.0363342,45.0006508],[29.0364173,45.000611],[29.03653,45.0005826],[29.0367258,45.0005788],[29.0368813,45.0005769],[29.0370315,45.0005427],[29.0371522,45.0004934],[29.0372971,45.0004384],[29.0373856,45.0004308],[29.0375116,45.0004403],[29.0376699,45.0004517],[29.0377356,45.0004678],[29.0378067,45.0004887],[29.0379247,45.0005513],[29.0380253,45.0006224],[29.0382305,45.0007912],[29.0383002,45.0008898],[29.0383646,45.0009334],[29.038429,45.0009524],[29.0385497,45.0009733],[29.0387186,45.0009884],[29.0392792,45.0009296],[29.0395206,45.0008746],[29.0397486,45.0007969],[29.0398438,45.0007167],[29.0398841,45.000684],[29.039939,45.0006466],[29.0399793,45.0006328],[29.0400618,45.0006157],[29.0402797,45.0005911],[29.0404165,45.0005987],[29.0404996,45.0005939],[29.0405841,45.0005873],[29.040686,45.0005683],[29.0408443,45.0005361],[29.0411286,45.0005095],[29.0413338,45.000502],[29.0414639,45.0004915],[29.0415725,45.0004754],[29.0417147,45.0004394],[29.041881,45.0003853],[29.0420942,45.0003151],[29.0425998,45.0002412],[29.0428385,45.0001976],[29.0430316,45.0001331],[29.0434849,44.9999889],[29.0438712,44.9998353],[29.0440308,44.9997575],[29.0441246,44.9996845],[29.0442279,44.9996371],[29.0444049,44.9995745],[29.0445752,44.9995271],[29.0446825,44.9994873],[29.0447576,44.9994749],[29.0448649,44.9994844],[29.0449843,44.999492],[29.045113,44.9994968],[29.0452324,44.9994939],[29.0454617,44.9994693],[29.0456414,44.9994522],[29.0458399,44.999419],[29.0460424,44.9993849],[29.046253,44.9993384],[29.0463817,44.9992843],[29.0465084,44.999199],[29.0465695,44.9991648],[29.0467331,44.9990861],[29.0469235,44.999015],[29.0470952,44.9989714],[29.0471904,44.9989572],[29.0474787,44.9988633],[29.0477349,44.9987665],[29.0481023,44.9986433],[29.0483223,44.9985712],[29.0485744,44.9985276],[29.0490009,44.9984688],[29.0491363,44.9984564],[29.0493321,44.9984697],[29.0495829,44.9984896],[29.0498283,44.9984953],[29.0500282,44.9984868],[29.0501542,44.9984792],[29.0502267,44.9984555],[29.0502857,44.9984299],[29.0503581,44.9983768],[29.0504506,44.9983208],[29.0505418,44.9982744],[29.0506478,44.9982336],[29.0507685,44.9981928],[29.0510112,44.9981587],[29.0511265,44.9981369],[29.0512003,44.9981312],[29.0513156,44.9981388],[29.0513974,44.9981539],[29.0515047,44.9981625],[29.0516442,44.9981644],[29.0517703,44.9981435],[29.0520465,44.998098],[29.0523764,44.9980354],[29.0526849,44.9980012],[29.0530685,44.9979804],[29.0535486,44.9979785],[29.0537846,44.9979804],[29.0540394,44.9979842],[29.0543881,44.9979823],[29.0545611,44.9979861],[29.0546671,44.9979965],[29.0548159,44.9980022],[29.0549245,44.9979975],[29.0550439,44.9979718],[29.0551311,44.9979434],[29.0552934,44.9978628],[29.0554878,44.9977594],[29.0556715,44.9976769],[29.0559277,44.9975498],[29.0562831,44.9973573],[29.0569764,44.9971458],[29.0574753,44.9969979],[29.0579259,44.9968879],[29.0582907,44.996812],[29.058693,44.9967399],[29.0590605,44.9966811],[29.0592161,44.9966508],[29.0593716,44.9965996],[29.0595084,44.9965237],[29.0595862,44.9964516],[29.0596989,44.9963701],[29.0598115,44.9963246],[29.0599725,44.9963056],[29.0602434,44.99628],[29.0603855,44.9962781],[29.060525,44.9962876],[29.0606511,44.9962771],[29.060761,44.9962582],[29.0610185,44.996225],[29.0612452,44.9961889],[29.061445,44.9961785],[29.061622,44.996152],[29.0617695,44.9961159],[29.062027,44.9960419],[29.0626091,44.9958826],[29.0632796,44.995636],[29.0636605,44.9955317],[29.0639394,44.995471],[29.0642801,44.9954141],[29.0644249,44.9953933],[29.0645564,44.9953933],[29.0647683,44.9953686],[29.0648997,44.9953458],[29.0653664,44.9952434],[29.0658089,44.9951846],[29.0662703,44.9950974],[29.0666565,44.9950272],[29.0669757,44.9949684],[29.067834,44.9947256],[29.0683007,44.9945359],[29.0685475,44.9944354],[29.068695,44.9943785],[29.0688372,44.9943405],[29.0689927,44.9943216],[29.0691617,44.9943235],[29.06932,44.9943557],[29.0694702,44.9943918],[29.0697062,44.9944088],[29.0698886,44.9944069],[29.0700066,44.9943956],[29.0701917,44.9943235],[29.0703231,44.9942666],[29.0705135,44.9942324],[29.0706557,44.9942097],[29.0708917,44.9941585],[29.071278,44.9940636],[29.0715489,44.9939915],[29.0719727,44.9938872],[29.0725896,44.9937772],[29.0728363,44.9937393],[29.073346,44.9936615],[29.0737349,44.9935629],[29.0740433,44.9934908],[29.0743089,44.9934244],[29.0748855,44.9932973],[29.0751967,44.9932309],[29.0753871,44.9931987],[29.0757197,44.9931228],[29.0761784,44.9930279],[29.0763447,44.99299],[29.0767121,44.992935],[29.0769964,44.9929103],[29.0772861,44.9928667],[29.0777716,44.9928155],[29.0787506,44.9926657],[29.0794963,44.9925291],[29.0801266,44.9923697],[29.0809178,44.9921326],[29.0816796,44.9919221],[29.0823716,44.9917343],[29.0830314,44.991556],[29.0836188,44.9914156],[29.084115,44.9913075],[29.0847158,44.9911899],[29.0851343,44.9910761],[29.0857136,44.990894],[29.0862179,44.9906625],[29.0871781,44.9902187],[29.0880203,44.9899645],[29.0886211,44.98979],[29.0893292,44.9895775],[29.0897369,44.9894144],[29.0899944,44.989274],[29.0903914,44.988997],[29.0911263,44.9885987],[29.0916681,44.9883748],[29.0921885,44.988132],[29.0927571,44.9879764],[29.0932131,44.9877222],[29.0937978,44.9874187],[29.094345,44.9871987],[29.0947849,44.9868382],[29.095214,44.9864019],[29.0953857,44.9861781],[29.0955627,44.9859276],[29.0961045,44.9854116],[29.0965229,44.9849791],[29.0970862,44.9844745],[29.0975046,44.9841368],[29.0980411,44.9837042],[29.0983629,44.9833931],[29.0985507,44.983082],[29.0987223,44.9824179],[29.0989476,44.9818488],[29.0991032,44.9815946],[29.0993553,44.9813214],[29.0995324,44.9810406],[29.0996718,44.9807674],[29.0997684,44.9805169],[29.0999454,44.9801375],[29.1002136,44.9797504],[29.1004282,44.9793179],[29.100514,44.9789877],[29.100514,44.9788511],[29.100498,44.9786538],[29.1004658,44.978392],[29.1004604,44.9780846],[29.1004765,44.9779708],[29.1004819,44.9778721],[29.1004711,44.9778057],[29.1004524,44.9777744],[29.1003974,44.9777459],[29.1003115,44.9777232],[29.1002431,44.9777061],[29.1001895,44.9776824],[29.1001466,44.9776501],[29.1001225,44.9776188],[29.1001077,44.9775865],[29.1001077,44.9775391],[29.1001211,44.9774699],[29.1001506,44.9774234],[29.1001815,44.9772763],[29.1001975,44.9769841],[29.1001761,44.9768162],[29.1001908,44.9767707],[29.1002324,44.9767195],[29.1002807,44.9767052],[29.1003853,44.97669],[29.1005006,44.9767014],[29.1005409,44.9766919],[29.1005596,44.9766464],[29.1005596,44.9765838],[29.1005114,44.9765326],[29.1004094,44.9764737],[29.1003706,44.9764168],[29.1003478,44.9763504],[29.1003478,44.9763115],[29.1003652,44.9762565],[29.1004027,44.97621],[29.1004537,44.9761844],[29.1005006,44.976173],[29.1005771,44.9761683],[29.1006589,44.9761683],[29.1007487,44.9761986],[29.1008654,44.9763428],[29.1009217,44.9764092],[29.1009593,44.9764548],[29.1010264,44.9764984],[29.1011015,44.9765136],[29.1012302,44.9765079],[29.1012946,44.9764889],[29.1013449,44.9764704],[29.1013549,44.9764576],[29.1013576,44.9764477],[29.1013589,44.9764292],[29.1013469,44.9764163],[29.1012745,44.9763912],[29.1012141,44.9763722],[29.1011766,44.9763504],[29.1011551,44.9762992],[29.1011792,44.97621],[29.1012409,44.9761493],[29.1013348,44.9761075],[29.1013697,44.9761113],[29.1014394,44.9761417],[29.1014743,44.97621],[29.1014823,44.9762517],[29.1015011,44.976265],[29.1015467,44.9762669],[29.1015843,44.9762517],[29.101599,44.9762299],[29.1016003,44.9761398],[29.1016191,44.9760525],[29.1016406,44.9759349],[29.1016245,44.9758097],[29.1015172,44.9757319],[29.1014984,44.9756711],[29.1014823,44.9755971],[29.1014984,44.975508],[29.101544,44.9754605],[29.1016164,44.9753638],[29.1016647,44.9752215],[29.1017318,44.9750754],[29.1017693,44.9749482],[29.1017237,44.9748135],[29.1016674,44.9746978],[29.1016701,44.9745479],[29.1016929,44.9744871],[29.1017197,44.9744444],[29.1017653,44.9744084],[29.1018189,44.9743448],[29.1018498,44.9742794],[29.1018498,44.9741968],[29.1018324,44.9741133],[29.1018324,44.9740555],[29.1018324,44.973972],[29.1018619,44.9738297],[29.1019101,44.9737376],[29.1019866,44.9736504],[29.1020134,44.9736067],[29.1020362,44.9735631],[29.1020268,44.9735024],[29.1020094,44.973454],[29.1019745,44.9733866],[29.1019276,44.973323],[29.1018431,44.9732528],[29.1017881,44.973194],[29.1017465,44.973101],[29.1017345,44.9730318],[29.1017345,44.9728971],[29.1017184,44.9727509],[29.1017023,44.9726257],[29.1015145,44.9723107],[29.1013831,44.9721608],[29.1011712,44.9719635],[29.1010237,44.9718344],[29.1008681,44.971694],[29.1008064,44.9715916],[29.1007635,44.971436],[29.1007662,44.9713145],[29.100785,44.9711684],[29.1007715,44.9710754],[29.1007018,44.9709008],[29.1006052,44.9707168],[29.1005194,44.9706048],[29.1004229,44.9704891],[29.1003612,44.9703904],[29.1002941,44.9701722],[29.1002163,44.9699577],[29.1001385,44.9696826],[29.1000903,44.9695479],[29.1000581,44.9694321],[29.1000232,44.9691721],[29.1000259,44.969064],[29.1000473,44.968916],[29.1000581,44.9686617],[29.1000098,44.9683732],[29.1000125,44.9682252],[29.1000286,44.9681531],[29.1000393,44.9680824],[29.1000346,44.9680644],[29.1000319,44.9680544],[29.1000018,44.9680089],[29.0999347,44.9679178],[29.0998784,44.967821],[29.0998784,44.9677318],[29.0999186,44.9676085],[29.0999481,44.967561],[29.1000339,44.9674832],[29.1001278,44.9673618],[29.1001815,44.9671986],[29.1002002,44.9670885],[29.1001385,44.9669044],[29.1000581,44.9666198],[29.10005,44.9663294],[29.1000339,44.9662421],[29.1000098,44.9660675],[29.1000366,44.9659442],[29.1000983,44.9658132],[29.1002244,44.9656804],[29.10027,44.9655646],[29.1002753,44.9654261],[29.1002324,44.9652857],[29.1001868,44.9652022],[29.1001493,44.9650731],[29.100152,44.9649934],[29.1001305,44.9648511],[29.1001198,44.9647676],[29.1001198,44.9646195],[29.1001278,44.9644829],[29.10016,44.9643083],[29.100168,44.9641963],[29.10016,44.9640445],[29.1001466,44.9638794],[29.1001493,44.9637067],[29.1001573,44.9634505],[29.100152,44.9632892],[29.1001224,44.9631222],[29.1000044,44.9628185],[29.0998918,44.9625206],[29.0998086,44.962196],[29.0997443,44.9620157],[29.0996718,44.9618677],[29.0995941,44.9617386],[29.0994841,44.9616001],[29.0992454,44.9613496],[29.099012,44.9610867],[29.0988819,44.9609074],[29.0987545,44.9607195],[29.0987129,44.9606606],[29.098666,44.9605714],[29.0986083,44.9603759],[29.0984595,44.9601292],[29.0983334,44.9599337],[29.0982395,44.9597496],[29.0981778,44.9595428],[29.0981054,44.95937],[29.0980411,44.9592714],[29.0979901,44.9592125],[29.0977997,44.9590721],[29.0976414,44.9589354],[29.0974215,44.9586868],[29.0973276,44.958533],[29.0972149,44.9582332],[29.0971506,44.9580244],[29.0970728,44.9577833],[29.097003,44.9575783],[29.0969709,44.9575081],[29.0969199,44.9574455],[29.0968448,44.9573885],[29.0966141,44.9571968],[29.096472,44.9570621],[29.0963003,44.9569843],[29.0961608,44.9569292],[29.096016,44.9569027],[29.0959033,44.9568799],[29.0957639,44.9568343],[29.0956378,44.9567755],[29.0955278,44.9566901],[29.0954581,44.9566104],[29.095383,44.9565098],[29.0952837,44.9564092],[29.0950799,44.9562326],[29.0948358,44.9560333],[29.0946722,44.9559479],[29.0942055,44.955705],[29.093771,44.9555038],[29.0932909,44.9552343],[29.0931621,44.9551413],[29.0930361,44.9550691],[29.0928698,44.9550008],[29.0925801,44.9549116],[29.0921563,44.9547028],[29.0915447,44.9543725],[29.0909493,44.9540973],[29.0903673,44.9538012],[29.089871,44.9536038],[29.0896082,44.9534899],[29.08934,44.9533532],[29.0892032,44.9532716],[29.0891468,44.9532355],[29.0889859,44.9531786],[29.0887338,44.9530875],[29.088538,44.9529641],[29.0881732,44.9527952],[29.0875483,44.9525446],[29.0872452,44.9524345],[29.0870789,44.9523927],[29.0869743,44.9523586],[29.0868616,44.9522808],[29.0867919,44.952182],[29.086757,44.9521308],[29.0866873,44.9520587],[29.086588,44.9519846],[29.0864217,44.9519239],[29.0861508,44.9518518],[29.0859604,44.9518613],[29.0858021,44.9519144],[29.0855882,44.9520098],[29.0855024,44.9520515],[29.0854514,44.9520838],[29.0854219,44.9520909],[29.0853985,44.9520971],[29.0853549,44.9521023],[29.0852335,44.9520985],[29.0849975,44.9520985],[29.0846032,44.9520966],[29.0843725,44.9520795],[29.0841553,44.9520606],[29.0838093,44.9520264],[29.0834793,44.9519638],[29.0830207,44.9518195],[29.0824467,44.9516847],[29.0815911,44.9514911],[29.0807408,44.9513032],[29.0803412,44.95125],[29.0801159,44.9511969],[29.0799496,44.9511342],[29.0797819,44.9510517],[29.0796988,44.9510203],[29.0796451,44.9509938],[29.0796049,44.9509425],[29.0795593,44.9508049],[29.0794869,44.9506094],[29.0794466,44.9505287],[29.0794118,44.9504642],[29.0793836,44.9504404],[29.0793461,44.9504271],[29.079283,44.9504328],[29.0792119,44.9504604],[29.0791704,44.950505],[29.079114,44.9505581],[29.0790242,44.9505942],[29.0789625,44.9506113],[29.078882,44.9506141],[29.0786701,44.95058],[29.0784958,44.9505496],[29.0783697,44.9505135],[29.0783054,44.9504869],[29.0782115,44.9504015],[29.0781605,44.9503579],[29.0781042,44.9503389],[29.0780237,44.9503351],[29.077962,44.9503446],[29.0779084,44.9503711],[29.077836,44.9503958],[29.077726,44.9504053],[29.077616,44.9503977],[29.0774712,44.9503655],[29.0773585,44.9503142],[29.0772754,44.950261],[29.0771574,44.9502326],[29.077085,44.9502231],[29.0769777,44.9502231],[29.0768141,44.9502326],[29.0766799,44.9502516],[29.0765324,44.950244],[29.076409,44.9502345],[29.0762266,44.9501984],[29.0760201,44.9501206],[29.0757009,44.9500219],[29.0752932,44.9499364],[29.0749177,44.9498225],[29.0743169,44.9496327],[29.0739736,44.9495454],[29.0737697,44.9495226],[29.0734854,44.949496],[29.0732789,44.9494847],[29.0730241,44.9494296],[29.0727693,44.9493442],[29.0727022,44.9492948],[29.072658,44.9492398],[29.0726352,44.9491895],[29.0726258,44.9491563],[29.0726164,44.9491031],[29.0725936,44.9490585],[29.0725735,44.9490253],[29.0725306,44.9489883],[29.0723227,44.9489066],[29.0720893,44.9488193],[29.0718546,44.9487434],[29.071622,44.9486822],[29.0715321,44.9486655],[29.0714597,44.9486651],[29.0714309,44.9486679],[29.0714007,44.9486746],[29.0713772,44.9486959],[29.0713645,44.9487291],[29.0713531,44.9487657],[29.0713531,44.9487994],[29.0713537,44.9488373],[29.0713316,44.9488829],[29.071278,44.9489171],[29.0711895,44.9489304],[29.0710393,44.9489304],[29.0708877,44.9489123],[29.0707831,44.9488867],[29.0706731,44.9488535],[29.0705752,44.9487975],[29.0705471,44.9487662],[29.0705229,44.948675],[29.0705082,44.9486067],[29.070484,44.9485422],[29.0704599,44.9485137],[29.0703969,44.9484795],[29.0703151,44.9484681],[29.0702534,44.9484738],[29.0702024,44.948508],[29.0701568,44.9485516],[29.0700978,44.948619],[29.0700468,44.9486437],[29.0699892,44.9486589],[29.0699007,44.9486769],[29.069666,44.9486893],[29.0694809,44.948695],[29.0692583,44.9486703],[29.0690866,44.9486247],[29.0689793,44.9485754],[29.0689203,44.9485336],[29.0688613,44.9484691],[29.0687782,44.9483704],[29.0687138,44.9482925],[29.0686467,44.9482014],[29.0685448,44.9481179],[29.0682444,44.9479603],[29.0680566,44.9478977],[29.0679145,44.9478483],[29.0676717,44.9477914],[29.0674907,44.947761],[29.067378,44.9477439],[29.0672775,44.9477439],[29.0671876,44.9477515],[29.0671192,44.9477762],[29.0671018,44.9478075],[29.0670897,44.9478597],[29.0670535,44.9478939],[29.0670159,44.9479091],[29.0669167,44.9479195],[29.0668041,44.9479176],[29.0667048,44.9479024],[29.0666512,44.9478834],[29.0666324,44.9478682],[29.0666163,44.9478255],[29.0666324,44.9477999],[29.0667236,44.9477581],[29.0667504,44.9477211],[29.0667249,44.9476775],[29.0666646,44.9476452],[29.0666404,44.9476404],[29.0665962,44.9476509],[29.0665787,44.9476737],[29.0665895,44.9477145],[29.0665694,44.94776],[29.0665412,44.947779],[29.0664755,44.947817],[29.066442,44.9478284],[29.0663923,44.9478255],[29.0663226,44.9478179],[29.0662542,44.947799],[29.0662126,44.9477733],[29.0661952,44.9477411],[29.0661938,44.947686],[29.0661992,44.9476186],[29.0661938,44.9475892],[29.066155,44.947518],[29.0661201,44.9474819],[29.0660383,44.947444],[29.0659404,44.9474155],[29.065868,44.9474136],[29.0658089,44.9474212],[29.0657821,44.9474459],[29.0657687,44.9474819],[29.0657741,44.9475541],[29.0657674,44.9476205],[29.0657338,44.9476499],[29.0656802,44.9476623],[29.0656453,44.9476642],[29.0655863,44.9476604],[29.0654978,44.9476452],[29.0654093,44.9475844],[29.0653771,44.9475256],[29.0653905,44.9474421],[29.0653744,44.9473547],[29.0653235,44.9473149],[29.0651867,44.9472598],[29.0650123,44.9472257],[29.06461,44.9471668],[29.0644276,44.9471459],[29.0642251,44.9471165],[29.0640789,44.9470909],[29.0639019,44.947051],[29.0633199,44.9469542],[29.0631187,44.9469219],[29.0629604,44.9469143],[29.062821,44.9469029],[29.0627164,44.9468972],[29.0626144,44.9468764],[29.0625447,44.9468612],[29.062416,44.9468308],[29.0623167,44.9468118],[29.0621182,44.9467625],[29.0620244,44.9467492],[29.0618607,44.9467207],[29.0617937,44.9467112],[29.0616649,44.946696],[29.0614879,44.9466846],[29.0614155,44.946696],[29.0613592,44.9467302],[29.0612921,44.9467776],[29.061209,44.946789],[29.0611124,44.9467776],[29.0609273,44.9467473],[29.0607879,44.9467055],[29.0606564,44.9466543],[29.0602595,44.946529],[29.0598705,44.946434],[29.0595674,44.946398],[29.0589425,44.9463543],[29.0583175,44.9462841],[29.0579689,44.9462423],[29.0579233,44.9462309],[29.0578401,44.9461891],[29.0577704,44.9461056],[29.057714,44.9460639],[29.0576389,44.9460373],[29.0575397,44.9460373],[29.0575129,44.9460468],[29.0574405,44.9461132],[29.0574002,44.9461512],[29.0572929,44.9461967],[29.0571508,44.9462385],[29.0570408,44.9462461],[29.0569657,44.9462138],[29.0569147,44.9461816],[29.0568879,44.9461569],[29.056845,44.9461208],[29.0567377,44.946098],[29.0566224,44.9460904],[29.0563354,44.9460639],[29.0557104,44.9459424],[29.0555924,44.9459348],[29.0553564,44.9459594],[29.055225,44.9459746],[29.0551123,44.9459518],[29.0548789,44.9458911],[29.0546617,44.9458493],[29.0544525,44.9458266],[29.0541252,44.9458038],[29.0534815,44.9458455],[29.0530738,44.9458474],[29.0526018,44.9458171],[29.0521833,44.945762],[29.0521002,44.9457411],[29.0517247,44.9456063],[29.0516978,44.9456044],[29.0516603,44.9456253],[29.0516683,44.9457127],[29.0516549,44.945781],[29.0516067,44.9458228],[29.0515476,44.9458417],[29.0514001,44.9458398],[29.0512258,44.9458076],[29.0510568,44.9457392],[29.0510085,44.9456785],[29.0509924,44.9456196],[29.0510192,44.9455475],[29.0510112,44.9455],[29.0509817,44.9454697],[29.0508825,44.9454507],[29.0507953,44.9454374],[29.0506625,44.9454099],[29.0504627,44.9453728],[29.0504453,44.9453757],[29.0504345,44.9454032],[29.0504439,44.9454791],[29.0504439,44.9455],[29.0504131,44.9455162],[29.0503715,44.9455247],[29.0502521,44.9455304],[29.0501596,44.945537],[29.0500054,44.945519],[29.0498525,44.9454782],[29.0497988,44.9454421],[29.04976,44.9453918],[29.0497506,44.9453225],[29.0497412,44.945257],[29.0497264,44.9451963],[29.0497117,44.9451574],[29.0497009,44.9451384],[29.0496741,44.9451128],[29.0496138,44.9450966],[29.0495655,44.9450995],[29.0495212,44.9451194],[29.0494998,44.9451441],[29.0494958,44.9452039],[29.0494931,44.945276],[29.049485,44.9453738],[29.0494609,44.9454374],[29.0494233,44.945463],[29.0493844,44.9454744],[29.0493013,44.9454772],[29.0492128,44.9454697],[29.0490639,44.9454602],[29.0488467,44.9453823],[29.0487555,44.9453292],[29.0487099,44.9452722],[29.048667,44.945183],[29.0485758,44.9450995],[29.0484765,44.9450482],[29.0482888,44.9450045],[29.0479025,44.9449077],[29.0477926,44.9448906],[29.0475967,44.9448337],[29.0474197,44.9447691],[29.0472749,44.9446989],[29.0471917,44.9446647],[29.0471327,44.9446154],[29.0471005,44.9445622],[29.0470335,44.9445072],[29.0468699,44.944473],[29.0466915,44.9444189],[29.0465265,44.9443819],[29.0464582,44.944361],[29.0463683,44.9443458],[29.0463133,44.9443505],[29.0462758,44.9443752],[29.0462731,44.944398],[29.0463039,44.9444863],[29.0462852,44.9445119],[29.0462556,44.9445271],[29.0462007,44.9445328],[29.0461457,44.9445252],[29.0460692,44.9444967],[29.0459646,44.9444417],[29.0459231,44.9444027],[29.0458989,44.944361],[29.0459016,44.9443334],[29.0459378,44.9443021],[29.0459861,44.9442613],[29.0460357,44.9442129],[29.0460451,44.9441844],[29.0460357,44.9441531],[29.046021,44.9441284],[29.045966,44.9440914],[29.045852,44.9440221],[29.0457407,44.9439851],[29.0456347,44.9439509],[29.0453303,44.9438939],[29.0450621,44.9437895],[29.0446731,44.9436699],[29.0444157,44.9436073],[29.0442333,44.9435617],[29.0439811,44.9434383],[29.0437263,44.9432788],[29.0434447,44.9430985],[29.043147,44.9428935],[29.0428895,44.9427492],[29.0424952,44.942527],[29.0420338,44.9423239],[29.041881,44.9422556],[29.0416825,44.9422024],[29.0415135,44.9421777],[29.0414008,44.942153],[29.0412936,44.9421198],[29.0412104,44.9420837],[29.0411662,44.9420562],[29.0411407,44.9420258],[29.0411219,44.9419822],[29.0411192,44.941911],[29.0410924,44.94178],[29.0409073,44.9415037],[29.0408027,44.9413424],[29.040623,44.9411354],[29.0404835,44.9409551],[29.0404071,44.9409057],[29.0403655,44.9408886],[29.0403052,44.9408772],[29.0402267,44.9408658],[29.0401154,44.9408402],[29.0400007,44.9408165],[29.0399022,44.9407718],[29.0398009,44.9407177],[29.0396909,44.9406247],[29.0395769,44.9405601],[29.0395139,44.9405336],[29.0394723,44.9405117],[29.0394388,44.9404633],[29.0394388,44.9404272],[29.0394576,44.9403912],[29.0395106,44.9403394],[29.039534,44.9402735],[29.039585,44.9401709],[29.0396118,44.940058],[29.0396225,44.9399735],[29.0396413,44.9397969],[29.0396655,44.9396697],[29.0396842,44.9395045],[29.0396494,44.938952],[29.0396333,44.9385381],[29.0396333,44.9383824],[29.0396172,44.9382192],[29.0395904,44.9380711],[29.0394133,44.9378356],[29.0392578,44.9375508],[29.0391371,44.9373059],[29.0391317,44.9372603],[29.0391558,44.9371692],[29.0391961,44.9371027],[29.0392631,44.9370249],[29.0393597,44.9369565],[29.0394723,44.9368559],[29.0394857,44.936761],[29.0394857,44.936704],[29.0394562,44.9366347],[29.0393838,44.9364914],[29.0392645,44.9363081],[29.039011,44.9358496],[29.0387964,44.9353483],[29.0384799,44.9348395],[29.0382868,44.9344293],[29.0378952,44.933704],[29.0377396,44.9333394],[29.0376323,44.9331799],[29.0374017,44.9329407],[29.0371093,44.9326027],[29.037053,44.9324622],[29.0370007,44.9323055],[29.0369765,44.9321906],[29.0369658,44.9321469],[29.0369631,44.9321299],[29.0369578,44.9321056],[29.0369651,44.9320843],[29.0369799,44.9320639],[29.037,44.9320553],[29.0370107,44.9320515],[29.0370349,44.9320401],[29.0370543,44.9320178],[29.0371026,44.9319552],[29.0371348,44.9319257],[29.0371361,44.9318953],[29.0371348,44.9318393],[29.0371093,44.9317957],[29.0370664,44.9317719],[29.0370181,44.9317643],[29.0369457,44.9317596],[29.0369149,44.9317491],[29.0368853,44.9317074],[29.0368719,44.9316684],[29.0368733,44.9316219],[29.0368733,44.931583],[29.0368773,44.9315721],[29.0368817,44.9315623],[29.0368931,44.9315555],[29.0369102,44.9315514],[29.0369283,44.9315514],[29.0369561,44.9315573],[29.0369839,44.9315735],[29.0369977,44.931587],[29.0370376,44.9316093],[29.03706,44.9316165],[29.0370687,44.9316181],[29.0370805,44.931616],[29.0370889,44.9316098],[29.0370926,44.9315994],[29.0370959,44.9315813],[29.0370966,44.9315479],[29.0371039,44.9314197],[29.0371147,44.9312583],[29.0371227,44.9309753],[29.0370664,44.9306791],[29.0370449,44.9304949],[29.0370181,44.9303354],[29.0369672,44.9302101],[29.0369377,44.9301322],[29.0368572,44.9299727],[29.036766,44.9298151],[29.0367419,44.9297126],[29.0367405,44.9296613],[29.0367398,44.9296262],[29.0367432,44.9296124],[29.0367559,44.9295972],[29.0367734,44.9295925],[29.0368009,44.9295929],[29.0368558,44.9296076],[29.0368807,44.9296262],[29.0369108,44.9296523],[29.0369266,44.9296639],[29.0369343,44.9296665],[29.0369413,44.9296665],[29.036948,44.9296658],[29.0369541,44.9296637],[29.0369645,44.9296589],[29.0369759,44.9296437],[29.0369886,44.9296034],[29.0369792,44.9295322],[29.0369457,44.9294581],[29.0368371,44.9293499],[29.0367687,44.9292644],[29.0366667,44.9291562],[29.036601,44.9290764],[29.0365581,44.9290033],[29.036542,44.9289444],[29.0365461,44.9288913],[29.0365715,44.9288296],[29.0366158,44.9286871],[29.036656,44.9286036],[29.0366936,44.9285181],[29.0366963,44.9284346],[29.0366989,44.9283776],[29.0366614,44.9282978],[29.0365165,44.9281592],[29.036428,44.9280605],[29.0363395,44.9279313],[29.036302,44.9278269],[29.0362778,44.9277187],[29.0362832,44.9276408],[29.0363234,44.9275458],[29.0363637,44.9274661],[29.0363878,44.9273806],[29.0363878,44.9273104],[29.0363878,44.927261],[29.036302,44.9270654],[29.0362564,44.9269306],[29.0362054,44.9268356],[29.0361223,44.9267236],[29.0359855,44.9265868],[29.0358648,44.9264824],[29.035787,44.9263931],[29.0356931,44.9262944],[29.0356314,44.926207],[29.0355751,44.9260418],[29.0354919,44.9257759],[29.0354732,44.9256582],[29.0354732,44.9255632],[29.0355134,44.9254569],[29.0355456,44.9253923],[29.0356073,44.9253278],[29.0356368,44.9252499],[29.0356368,44.9251986],[29.035618,44.9250885],[29.0355912,44.9249935],[29.0355429,44.9246726],[29.0354598,44.9244694],[29.0353927,44.9243269],[29.0352613,44.9241864],[29.0351567,44.9241123],[29.0350547,44.924044],[29.0350467,44.9240117],[29.0350521,44.923968],[29.0350977,44.9239148],[29.0351164,44.9238749],[29.0351164,44.9238104],[29.0351191,44.9236983],[29.0351218,44.9235331],[29.0349823,44.9230108],[29.0348911,44.9227924],[29.0348241,44.9226576],[29.0347651,44.9225076],[29.0347007,44.9224164],[29.0344298,44.9221353],[29.034352,44.9220043],[29.0342608,44.921803],[29.0341186,44.921539],[29.0340731,44.9214383],[29.0340731,44.9213661],[29.0340811,44.921313],[29.0341562,44.9212123],[29.0342233,44.9211306],[29.0342715,44.9210813],[29.0342796,44.9210319],[29.0342662,44.9209426],[29.0342233,44.9208686],[29.0341857,44.9208211],[29.034116,44.920747],[29.0340275,44.9206463],[29.0339443,44.9205267],[29.0339121,44.920445],[29.0339121,44.9203197],[29.0339255,44.9202418],[29.0339336,44.9201696],[29.0339899,44.9200804],[29.0340248,44.9200101],[29.0340194,44.9198126],[29.0340033,44.9196075],[29.0339738,44.9194954],[29.0339282,44.9193397],[29.0338397,44.9189959],[29.0337914,44.9187129],[29.0337405,44.9184546],[29.0337029,44.9183254],[29.0337083,44.9182343],[29.0337351,44.9181469],[29.0337566,44.9180462],[29.0337458,44.9179798],[29.0336761,44.917843],[29.033542,44.9174612],[29.0334776,44.9172599],[29.033432,44.9171099],[29.033373,44.9169522],[29.0333059,44.9168079],[29.0331584,44.9165647],[29.0330377,44.9163121],[29.0329465,44.9160937],[29.0328687,44.915824],[29.0328285,44.9155353],[29.0327977,44.9153482],[29.0327977,44.9152789],[29.0328044,44.9152276],[29.0328231,44.9151829],[29.0328781,44.915106],[29.032913,44.9150576],[29.0329331,44.9150063],[29.0329425,44.9149531],[29.0329358,44.9149104],[29.0329143,44.9148154],[29.0329009,44.9147033],[29.0329277,44.9144222],[29.0329331,44.9142836],[29.0329573,44.914105],[29.0330592,44.9139341],[29.0331236,44.9137916],[29.0331799,44.9136169],[29.0333059,44.9132446],[29.0333971,44.9130128],[29.0334776,44.9128913],[29.0335286,44.9127982],[29.0335554,44.9126519],[29.0335849,44.9124848],[29.0335822,44.9123917],[29.0335232,44.9122777],[29.0334508,44.9121922],[29.0333676,44.9120935],[29.0332791,44.9119472],[29.0332308,44.9117895],[29.0332147,44.9116661],[29.0332228,44.9116186],[29.0332416,44.911554],[29.0332952,44.9114932],[29.0333569,44.911402],[29.0333891,44.9113147],[29.0333998,44.9112197],[29.0333998,44.911062],[29.0333059,44.9105947],[29.033255,44.910192],[29.0331879,44.9099489],[29.0331531,44.9097798],[29.0331531,44.9096848],[29.0331638,44.9096012],[29.0332147,44.9093277],[29.0332147,44.909189],[29.0331718,44.9090504],[29.0330994,44.9089098],[29.0330377,44.9088224],[29.0330243,44.9087426],[29.0330136,44.9086647],[29.033027,44.9085527],[29.0330565,44.9084615],[29.0330726,44.9083779],[29.0330538,44.9081917],[29.0330726,44.9078935],[29.0331531,44.9074243],[29.0332121,44.9071336],[29.0332255,44.9069835],[29.0332362,44.9069322],[29.0332603,44.9068639],[29.0332898,44.9068278],[29.0333328,44.9067993],[29.0333918,44.9067746],[29.0334776,44.9067328],[29.0335232,44.9066815],[29.03355,44.9066321],[29.03355,44.9065827],[29.0335312,44.9065466],[29.0334856,44.9065105],[29.0333998,44.9064573],[29.0333247,44.9063965],[29.0332389,44.906273],[29.0331799,44.9061496],[29.0331182,44.9059349],[29.0331236,44.9057639],[29.033145,44.9054543],[29.0331101,44.9050534],[29.0330565,44.9046887],[29.0330565,44.9045842],[29.0330672,44.9043505],[29.0330592,44.9041491],[29.0330538,44.9036837],[29.0330243,44.9034443],[29.0330109,44.9031859],[29.0330029,44.9029352],[29.0330055,44.9026863],[29.033027,44.9023481],[29.0330458,44.9016376],[29.0331262,44.9011569],[29.0331209,44.9003742],[29.0332013,44.8998232],[29.0331691,44.8992456],[29.0331477,44.89901],[29.0331423,44.8987136],[29.0331638,44.898535],[29.0332389,44.898174],[29.0332335,44.8978928],[29.0332228,44.8976002],[29.0332013,44.8974292],[29.0332013,44.8971366],[29.0332228,44.8968478],[29.0333033,44.8963614],[29.0333837,44.8960688],[29.0333757,44.8959738],[29.0333515,44.8958218],[29.0332979,44.8957002],[29.0332523,44.895571],[29.0332416,44.8954855],[29.0332657,44.8953696],[29.0333059,44.8952176],[29.0334159,44.8950656],[29.0335017,44.8949782],[29.03355,44.894925],[29.0335822,44.8948642],[29.033601,44.8947673],[29.033601,44.8946476],[29.033601,44.8944975],[29.033601,44.8944024],[29.0335903,44.8942409],[29.0336144,44.894068],[29.0336654,44.8939084],[29.0337351,44.8937811],[29.0338451,44.8936538],[29.0340033,44.8935512],[29.0341535,44.8934543],[29.0342662,44.8933821],[29.0343305,44.893289],[29.0343922,44.8931826],[29.0344217,44.8930781],[29.0344486,44.8929641],[29.0344459,44.8928671],[29.0344298,44.8927531],[29.0344405,44.8926562],[29.0345049,44.8925574],[29.034588,44.8924662],[29.0346578,44.8924206],[29.0347242,44.8923684],[29.034755,44.8923403],[29.0347852,44.8922995],[29.0347919,44.8922743],[29.0347939,44.8922524],[29.0347818,44.8922235],[29.0347463,44.8921717],[29.034631,44.8920064],[29.0345103,44.8918373],[29.0344298,44.8916852],[29.0344164,44.891594],[29.0344244,44.8914154],[29.0344566,44.8912007],[29.0344942,44.8906572],[29.0346605,44.890148],[29.0348482,44.8897261],[29.034977,44.8894259],[29.0350681,44.8892548],[29.0351647,44.8890914],[29.0352988,44.888776],[29.035508,44.8884719],[29.0356958,44.8882249],[29.035846,44.8880045],[29.0359962,44.8877612],[29.0363663,44.8873431],[29.0365434,44.8871531],[29.0369886,44.8867198],[29.0373051,44.8863512],[29.037466,44.8861535],[29.0375465,44.8860205],[29.0375519,44.8858495],[29.0374982,44.8856062],[29.0373802,44.8851691],[29.0373427,44.8849069],[29.0372515,44.8846142],[29.0372515,44.8845268],[29.0372622,44.8844128],[29.0373051,44.8842227],[29.037407,44.8839566],[29.0375251,44.883702],[29.0376592,44.8831395],[29.0377074,44.8827784],[29.0377825,44.8826301],[29.0378979,44.8825009],[29.0379837,44.8824572],[29.03804,44.8824249],[29.0381017,44.8824125],[29.0382157,44.8824059],[29.0383539,44.8824287],[29.0384102,44.8824287],[29.0384316,44.8824192],[29.0384625,44.8823717],[29.0385,44.8822899],[29.038496,44.8822386],[29.0384759,44.8822025],[29.0384102,44.8821607],[29.0383364,44.8821293],[29.0382721,44.8820847],[29.0382533,44.8820695],[29.0382211,44.8820087],[29.038209,44.8819659],[29.0382144,44.8819146],[29.0381795,44.8817369],[29.0381259,44.881448],[29.038099,44.8813112],[29.0381205,44.8812085],[29.0382224,44.8810907],[29.0382707,44.8809691],[29.0383726,44.8807486],[29.0384424,44.8805738],[29.0385336,44.8802126],[29.0386087,44.8800036],[29.0386355,44.8797185],[29.0386945,44.8795132],[29.0387535,44.8793574],[29.0388983,44.8790419],[29.0390432,44.8787378],[29.039188,44.8784109],[29.0392685,44.8781847],[29.039306,44.878046],[29.0393946,44.87793],[29.0394992,44.8778274],[29.0396011,44.8777419],[29.0397835,44.8775708],[29.039872,44.8774473],[29.0399176,44.8773674],[29.0399632,44.8772078],[29.0400141,44.8770823],[29.0400866,44.8770405],[29.0401536,44.8770044],[29.0401912,44.8769569],[29.0402046,44.8769094],[29.0402046,44.8768542],[29.0402019,44.8768086],[29.0401778,44.876725],[29.0401509,44.8766205],[29.0401617,44.8764589],[29.0401965,44.8762688],[29.0404004,44.8757613],[29.0405613,44.8753964],[29.0407598,44.8751303],[29.0409154,44.8748186],[29.0411031,44.874256],[29.0411675,44.8738492],[29.0411889,44.873412],[29.0412104,44.8731079],[29.0412533,44.8727391],[29.0412694,44.8722715],[29.0413231,44.8718647],[29.0413338,44.871553],[29.0413928,44.8711652],[29.0416503,44.870671],[29.0418756,44.8699182],[29.0420285,44.8691408],[29.0422216,44.8684716],[29.042455,44.8678253],[29.0425649,44.8675021],[29.0426427,44.8672645],[29.0426776,44.8670706],[29.0426803,44.8668482],[29.04264,44.866641],[29.0425944,44.8663444],[29.0426052,44.8662209],[29.0426508,44.8661448],[29.0427017,44.8660517],[29.042699,44.8659851],[29.0426803,44.8659471],[29.0426266,44.8658882],[29.0425274,44.8658502],[29.042455,44.865814],[29.0423825,44.8657513],[29.0423316,44.8656829],[29.0422752,44.8655536],[29.0422592,44.8654243],[29.0421975,44.8650821],[29.0421545,44.8646221],[29.0419775,44.8640898],[29.0419614,44.8638312],[29.0419829,44.8634738],[29.0421519,44.8631183],[29.0422431,44.8628217],[29.0422833,44.862719],[29.0422833,44.8626677],[29.0422672,44.8625955],[29.0422726,44.862508],[29.0423074,44.8623132],[29.0423276,44.8622324],[29.0423249,44.8621981],[29.0423128,44.8621582],[29.042298,44.8621202],[29.0422632,44.8620679],[29.0422055,44.861989],[29.0421841,44.861913],[29.042176,44.861835],[29.0421787,44.8616734],[29.0421787,44.8614586],[29.0421867,44.8612209],[29.0422189,44.8610821],[29.0422377,44.8609681],[29.042235,44.8608749],[29.0422189,44.8606506],[29.0420687,44.8598482],[29.0420741,44.8594395],[29.0420634,44.8592113],[29.0420043,44.8589432],[29.041999,44.8588045],[29.042003,44.8586685],[29.0419909,44.8586243],[29.0419802,44.8586072],[29.0419534,44.8585839],[29.0418756,44.8585269],[29.0418246,44.8584888],[29.0417817,44.858428],[29.0417495,44.8583824],[29.0416905,44.8582835],[29.0415645,44.8580097],[29.0414035,44.8577473],[29.0413231,44.857561],[29.0412909,44.8573481],[29.0412694,44.8571427],[29.0412533,44.8568575],[29.0413016,44.8565153],[29.041366,44.8563099],[29.0414947,44.8561008],[29.0415671,44.8559753],[29.0416208,44.8558916],[29.0416476,44.8558403],[29.041653,44.8557528],[29.0416369,44.8556996],[29.0415511,44.8556444],[29.0414813,44.855538],[29.0414357,44.8554182],[29.0413982,44.8552775],[29.0413928,44.8550683],[29.0414169,44.8548554],[29.0414652,44.8546443],[29.0415752,44.854361],[29.0416127,44.8540758],[29.0417629,44.8535871],[29.0418032,44.8533418],[29.0419185,44.8530832],[29.0420526,44.8527771],[29.0421975,44.8525717],[29.0423101,44.8523816],[29.0423879,44.8522542],[29.0424791,44.8520697],[29.0426052,44.8518929],[29.0427366,44.8517427],[29.0428653,44.8516172],[29.0429807,44.8514803],[29.0430772,44.85137],[29.0431657,44.8513282],[29.0432703,44.8512939],[29.0434098,44.8512749],[29.043501,44.8512426],[29.0436164,44.8511817],[29.0437558,44.8510771],[29.0438497,44.8509726],[29.0439194,44.8509117],[29.0440133,44.8508775],[29.0441233,44.8508642],[29.0443245,44.8508452],[29.0446758,44.8507862],[29.045105,44.8507387],[29.0454885,44.8506531],[29.0456763,44.8505827],[29.0457487,44.8505618],[29.0458265,44.8505485],[29.0459579,44.8505485],[29.0460263,44.8505552],[29.046086,44.8505694],[29.0461571,44.8505846],[29.0462007,44.8506003],[29.0462556,44.8506284],[29.0462932,44.8506503],[29.0463173,44.8506902],[29.0463227,44.8507415],[29.0463173,44.8507938],[29.0463187,44.8508385],[29.0463388,44.8508689],[29.0463616,44.8508756],[29.0464166,44.850886],[29.0464595,44.8508841],[29.0465279,44.8508642],[29.0465976,44.8508347],[29.0466459,44.8508081],[29.0466647,44.8507862],[29.0466835,44.850713],[29.0466942,44.8506493],[29.0467036,44.8505904],[29.0467049,44.8505276],[29.0467049,44.850481],[29.0467116,44.8504278],[29.0467331,44.8503812],[29.0467612,44.8503308],[29.0468484,44.8502196],[29.0469825,44.8500399],[29.0471824,44.8498583],[29.0474653,44.8496833],[29.0477926,44.8494817],[29.0480259,44.8492897],[29.0482539,44.8490006],[29.0485007,44.8488428],[29.0487421,44.8485823],[29.0489298,44.8483807],[29.0491417,44.8480669],[29.0493751,44.8477494],[29.0495145,44.847544],[29.0496781,44.8471789],[29.0497908,44.8469241],[29.0499383,44.8465684],[29.0500671,44.8463383],[29.0502495,44.8459979],[29.0504399,44.8456861],[29.0505311,44.8454122],[29.0506813,44.8450509],[29.0509415,44.8445697],[29.0511212,44.8442845],[29.0512365,44.8440582],[29.0514913,44.8437197],[29.0517944,44.8433602],[29.0520921,44.8430388],[29.0524435,44.842744],[29.0526742,44.8425082],[29.0528458,44.8423409],[29.0530148,44.8422515],[29.0531248,44.8421963],[29.053224,44.8421393],[29.0532777,44.8420803],[29.0534225,44.8419186],[29.0536532,44.8417228],[29.0538114,44.8415668],[29.0539321,44.8414051],[29.0540931,44.8411769],[29.054313,44.8409829],[29.0545061,44.840846],[29.0546375,44.8406958],[29.0547851,44.8405284],[29.0549192,44.8404124],[29.0550238,44.8403059],[29.0550774,44.8402393],[29.0551257,44.8401043],[29.0551767,44.8399711],[29.0553054,44.8397886],[29.0555334,44.8395223],[29.0557212,44.8392142],[29.0559089,44.8389536],[29.0561557,44.8386246],[29.0563327,44.8383887],[29.0563837,44.8383012],[29.0564507,44.8381624],[29.0565419,44.8380007],[29.0566331,44.8378923],[29.0567297,44.8377953],[29.056845,44.8376089],[29.0569308,44.8374568],[29.056963,44.8373522],[29.0570247,44.8372609],[29.0571642,44.8371715],[29.0572768,44.8370574],[29.0573519,44.8369242],[29.0574914,44.8366351],[29.0576255,44.8363897],[29.0577865,44.8361672],[29.0578723,44.8359903],[29.0580091,44.8357107],[29.0581003,44.8355186],[29.0582076,44.8353779],[29.0583175,44.8352656],[29.0584087,44.8351401],[29.0584785,44.8349784],[29.0585509,44.8347407],[29.0585992,44.8346151],[29.0586984,44.8344725],[29.0588379,44.834288],[29.0590203,44.8339989],[29.0592268,44.8335433],[29.0593757,44.8332704],[29.0595514,44.8329356],[29.0598303,44.8324772],[29.0599349,44.832287],[29.0600207,44.832091],[29.0601629,44.8317981],[29.0603024,44.8314177],[29.060517,44.8309707],[29.0607423,44.8304666],[29.0609997,44.8299282],[29.0612572,44.8295687],[29.0613592,44.8293252],[29.0614074,44.8291692],[29.0614718,44.828998],[29.0615362,44.8287926],[29.0615979,44.8286138],[29.0617239,44.8284578],[29.06185,44.8283418],[29.0621531,44.8279651],[29.0623757,44.8276931],[29.0625179,44.8274743],[29.0625688,44.8273507],[29.0626064,44.8272042],[29.0626949,44.8271072],[29.0627968,44.827012],[29.0629309,44.826799],[29.0632018,44.8264452],[29.0633762,44.826272],[29.0636149,44.8260209],[29.0637463,44.8258402],[29.0638965,44.825688],[29.0640548,44.8255282],[29.064146,44.8254236],[29.0642291,44.8253075],[29.064315,44.8251839],[29.0644464,44.8250165],[29.06461,44.8249004],[29.0648514,44.824773],[29.0651304,44.8246436],[29.0655944,44.8244477],[29.0659216,44.824362],[29.0662301,44.8243069],[29.066442,44.8242669],[29.0667799,44.8242593],[29.0673324,44.8243069],[29.0676838,44.8243659],[29.068062,44.82444],[29.0682766,44.8244971],[29.0687621,44.8246398],[29.0689659,44.8247406],[29.069159,44.8248928],[29.0693548,44.825007],[29.0695855,44.8251553],[29.0699181,44.8253513],[29.07024,44.825551],[29.070366,44.8256652],[29.0706074,44.8258383],[29.0708274,44.8260095],[29.0710258,44.8262245],[29.0712699,44.8264528],[29.0713906,44.826643],[29.0714952,44.8267609],[29.0715596,44.8268408],[29.0715811,44.826915],[29.0716267,44.827012],[29.0716776,44.8271452],[29.0717849,44.8272879],[29.0718761,44.8274096],[29.0720907,44.8276741],[29.0721872,44.8278224],[29.0723401,44.8281002],[29.0725198,44.8284901],[29.072713,44.8288059],[29.0729731,44.829251],[29.0732065,44.8296296],[29.0734103,44.8299891],[29.0734398,44.8301375],[29.0734479,44.8303087],[29.0734398,44.8304399],[29.0733942,44.8306035],[29.0732963,44.8307386],[29.0732722,44.8307833],[29.0732481,44.8308194],[29.0732494,44.8308708],[29.0732628,44.8309269],[29.073413,44.8311552],[29.0737376,44.8315489],[29.0739575,44.8319636],[29.0740406,44.8322242],[29.0741855,44.8324905],[29.0743357,44.8326769],[29.0745905,44.8329641],[29.074899,44.8332019],[29.0750183,44.833297],[29.0751202,44.8333379],[29.0752973,44.833394],[29.0755856,44.8334606],[29.0756929,44.8334967],[29.0757895,44.8335414],[29.0758847,44.833589],[29.0759853,44.833686],[29.076051,44.8337563],[29.0761207,44.8338001],[29.0762012,44.833822],[29.0763058,44.8338324],[29.0764412,44.8338457],[29.0768543,44.8338448],[29.0772164,44.8338277],[29.0777126,44.8338125],[29.0780854,44.8337801],[29.0786111,44.8337896],[29.0791368,44.8337668],[29.0794775,44.8338049],[29.0797564,44.8338106],[29.0801775,44.8338334],[29.0803009,44.8338087],[29.080368,44.8338068],[29.0804699,44.8338144],[29.0806255,44.8338543],[29.0807623,44.8338943],[29.0810358,44.8339418],[29.0815213,44.8339875],[29.0819344,44.8340027],[29.0823609,44.8340578],[29.0826076,44.8341073],[29.0828222,44.8341739],[29.0829375,44.8342062],[29.0830502,44.8342309],[29.0832728,44.8342652],[29.083533,44.8342937],[29.0836993,44.834307],[29.0840131,44.8343051],[29.0842196,44.8342614],[29.0843832,44.834248],[29.0845361,44.8342614],[29.0847802,44.8343336],[29.0849224,44.8343641],[29.0850967,44.8344154],[29.0852764,44.8344382],[29.0854481,44.8344573],[29.08566,44.8344459],[29.085955,44.8344249],[29.0861696,44.8344459],[29.0863547,44.8344782],[29.0868375,44.83452],[29.0872425,44.8345486],[29.0875134,44.8345619],[29.0877682,44.8345657],[29.0881357,44.83456],[29.0883905,44.8345695],[29.088605,44.8346018],[29.0889323,44.8346779],[29.0893936,44.8347692],[29.0895814,44.8348225],[29.0898094,44.8348928],[29.0899488,44.8349499],[29.0901527,44.835007],[29.0902975,44.8350412],[29.0905818,44.8350907],[29.0911183,44.8351858],[29.0913543,44.8352333],[29.091593,44.8352866],[29.0917164,44.8353265],[29.0919042,44.8353969],[29.0920624,44.8354349],[29.0922287,44.835473],[29.0925533,44.8355357],[29.0928832,44.8356308],[29.0930763,44.8356575],[29.0932372,44.8356765],[29.0934411,44.8357107],[29.0935966,44.8357697],[29.0937281,44.8358096],[29.0938675,44.8358819],[29.0939775,44.8359409],[29.0941653,44.8360036],[29.0943047,44.8360512],[29.0944281,44.8361063],[29.0946346,44.8361577],[29.0947735,44.8361748],[29.0948761,44.83619],[29.094984,44.8361886],[29.095041,44.8361762],[29.0951107,44.8361415],[29.0951926,44.8361235],[29.0952837,44.8361197],[29.0953615,44.8361235],[29.0955305,44.8361577],[29.0957102,44.8362091],[29.0958524,44.8362946],[29.0960133,44.836346],[29.0961742,44.8363917],[29.0963057,44.8364354],[29.0966007,44.8366199],[29.0967697,44.8367416],[29.097054,44.8369604],[29.0973249,44.8371791],[29.0975529,44.8373331],[29.0977272,44.8374606],[29.0978372,44.8375652],[29.0980571,44.837782],[29.0981564,44.8379646],[29.0983334,44.8382993],[29.0984836,44.8386873],[29.0986741,44.8390715],[29.0987331,44.8392807],[29.0987948,44.8395204],[29.0987948,44.8396307],[29.0987626,44.8397905],[29.0987223,44.839857],[29.0986177,44.8399236],[29.0984769,44.8399664],[29.0984085,44.8400092],[29.0983696,44.8400415],[29.0983509,44.8400767],[29.0983321,44.8401138],[29.0983012,44.8402146],[29.0981188,44.8405873],[29.0980116,44.8407414],[29.0979284,44.8408631],[29.097797,44.8409506],[29.0977406,44.8410267],[29.0976642,44.8411339],[29.0976173,44.8411898],[29.0975992,44.8412097],[29.0975811,44.8412221],[29.0975646,44.8412276],[29.0975288,44.8412337],[29.0974791,44.8412404],[29.0974426,44.8412497],[29.0974057,44.8412682],[29.0973839,44.8412808],[29.0973517,44.8413158],[29.0973209,44.8413614],[29.0972927,44.8414232],[29.0972686,44.8415026],[29.0972733,44.8415478],[29.0972874,44.8415735],[29.0973001,44.8416006],[29.0973034,44.8416338],[29.0972961,44.841651],[29.0972693,44.8416857],[29.0972397,44.8417342],[29.0972169,44.8417727],[29.0970983,44.8418806],[29.096991,44.8419377],[29.096889,44.8419786],[29.0967791,44.8420242],[29.0966637,44.8420813],[29.0965082,44.8422163],[29.0963942,44.8423532],[29.096185,44.8426109],[29.0960374,44.842725],[29.0959543,44.8428353],[29.0958899,44.842938],[29.095839,44.8430141],[29.0957424,44.8431073],[29.0955225,44.8432803],[29.0952328,44.8434629],[29.0949833,44.8435561],[29.0948009,44.8436987],[29.0947446,44.8437767],[29.0946937,44.8438699],[29.0946507,44.8440011],[29.0946373,44.8440734],[29.0946212,44.8442198],[29.0945971,44.8443472],[29.0945515,44.8444309],[29.0945381,44.8445812],[29.0945059,44.8447428],[29.0944791,44.8448113],[29.0944469,44.844874],[29.0943745,44.844952],[29.0943021,44.8450205],[29.0942471,44.8450452],[29.0941398,44.8450785],[29.0940593,44.8451165],[29.0939708,44.8451716],[29.0939145,44.8452306],[29.0938823,44.8452743],[29.0938622,44.8453276],[29.0938622,44.8453941],[29.0938783,44.8454588],[29.093881,44.8454916],[29.0938836,44.8455258],[29.0938816,44.8455529],[29.0938696,44.8455862],[29.0938555,44.8456143],[29.0938139,44.845668],[29.0937535,44.8457184],[29.0937093,44.8457678],[29.0936181,44.8458192],[29.0935108,44.845861],[29.0934116,44.8458933],[29.0933338,44.8459143],[29.0932721,44.8459504],[29.0931889,44.8460265],[29.0931568,44.8461006],[29.093146,44.8461881],[29.0931353,44.8462737],[29.0931286,44.8463602],[29.0931219,44.8463935],[29.0930991,44.8464287],[29.0930642,44.8464534],[29.0930253,44.8464819],[29.0929261,44.8465504],[29.0926686,44.8467291],[29.0925278,44.8468299],[29.0924567,44.8468727],[29.0924084,44.8468936],[29.0923011,44.846926],[29.0919954,44.8470039],[29.0917003,44.847061],[29.0914321,44.847099],[29.0911666,44.8471608],[29.0908997,44.8472226],[29.0907481,44.8472711],[29.0906234,44.8473101],[29.090555,44.8473415],[29.0905067,44.84737],[29.0904638,44.8474185],[29.0904343,44.847525],[29.0903753,44.8475915],[29.0902922,44.8476334],[29.0901554,44.8476885],[29.0899073,44.8478121],[29.0897423,44.8478825],[29.0894754,44.8479956],[29.089281,44.848105],[29.0892139,44.8481639],[29.0891837,44.8482058],[29.0891743,44.8482505],[29.0891757,44.8482975],[29.0891891,44.8483921],[29.0892193,44.8484691],[29.0892676,44.8485271],[29.0893145,44.8485728],[29.0893319,44.8486013],[29.0893467,44.8486384],[29.0893547,44.8486888],[29.0893333,44.8487306],[29.0892615,44.8488133],[29.0892119,44.8488523],[29.089171,44.8488718],[29.0891173,44.848887],[29.0890717,44.8488899],[29.0890349,44.8488865],[29.0890168,44.8488832],[29.088998,44.8488718],[29.0889685,44.8488328],[29.0889457,44.8488081],[29.0889189,44.8487972],[29.0888813,44.8487938],[29.0888384,44.8487986],[29.0887968,44.8488086],[29.08877,44.8488186],[29.0887392,44.8488404],[29.0887036,44.8488861],[29.0886761,44.8489398],[29.0886278,44.8489968],[29.0885782,44.8490748],[29.088534,44.849168],[29.0884213,44.8493572],[29.0883878,44.8494409],[29.0883784,44.8495122],[29.0883851,44.8495521],[29.0884119,44.8495911],[29.0884361,44.8496149],[29.0884374,44.849631],[29.0884374,44.8496538],[29.08842,44.8496881],[29.0883516,44.8497499],[29.088302,44.8497936],[29.0882631,44.8498421],[29.088196,44.849863],[29.0881155,44.8498678],[29.0880243,44.8498811],[29.0879787,44.8499001],[29.0879332,44.8499381],[29.0878661,44.8499714],[29.0877333,44.8499904],[29.0876006,44.8500208],[29.0874369,44.8501197],[29.0872975,44.8501787],[29.087217,44.8502148],[29.0871379,44.8502623],[29.0870561,44.8503051],[29.0869649,44.8503574],[29.0868938,44.8504069],[29.08682,44.850462],[29.0867785,44.8505267],[29.0867583,44.8505932],[29.0867533,44.8506339],[29.0867553,44.8506595],[29.0867604,44.8506831],[29.0867704,44.8506907],[29.0867785,44.8507059],[29.0867791,44.8507163],[29.0867691,44.8507368],[29.086757,44.8507529],[29.0867275,44.8507867],[29.0866705,44.8508361],[29.0866283,44.8508813],[29.0866135,44.8509146],[29.0866115,44.8509341],[29.0866122,44.8509711],[29.0866128,44.8510115],[29.0865967,44.8510443],[29.0865853,44.8510605],[29.0865679,44.8510805],[29.0864962,44.851157],[29.0864217,44.8513377],[29.086419,44.8515012],[29.0864271,44.8516191],[29.0864271,44.8517313],[29.0864003,44.8518111],[29.0863372,44.8519124],[29.0863131,44.85193],[29.086291,44.8519419],[29.0862514,44.8519571],[29.0862058,44.8519785],[29.086187,44.8519884],[29.0861502,44.8520265],[29.0860543,44.8521487],[29.0860167,44.8522352],[29.08601,44.8523169],[29.0860113,44.8524054],[29.08601,44.8524957],[29.0860033,44.8525594],[29.0859859,44.852605],[29.0859671,44.8526411],[29.0859134,44.852682],[29.0858504,44.8527058],[29.0857123,44.8527448],[29.0855889,44.8527837],[29.0854454,44.8528151],[29.0853502,44.8528265],[29.0852711,44.8528608],[29.0851772,44.8529016],[29.0850967,44.8529663],[29.0849935,44.8530994],[29.0849398,44.8531612],[29.0849063,44.8532144],[29.0848795,44.8532715],[29.0848701,44.8533143],[29.0848701,44.8533713],[29.0848728,44.8535092],[29.0848929,44.8536118],[29.0849304,44.8536907],[29.0849787,44.8537782],[29.0849894,44.8538134],[29.0849948,44.8538818],[29.0850189,44.8539379],[29.0850618,44.853995],[29.0850846,44.8540539],[29.085082,44.8541927],[29.0850364,44.8543534],[29.0849707,44.854439],[29.0849398,44.8545017],[29.0849103,44.8545664],[29.0848567,44.8546358],[29.0848178,44.8546776],[29.0847842,44.8547337],[29.0847614,44.8547983],[29.0847118,44.8548981],[29.0846823,44.8549647],[29.0846582,44.8550484],[29.0846461,44.8551273],[29.0846206,44.855248],[29.0845925,44.8553193],[29.0845723,44.8553668],[29.0845656,44.8554106],[29.084579,44.8554534],[29.0846018,44.8554847],[29.0846079,44.855499],[29.0846112,44.8555251],[29.0846112,44.8555499],[29.0845965,44.8556169],[29.0844704,44.8558156],[29.0843484,44.8560209],[29.0842934,44.8561293],[29.0842049,44.8563223],[29.0841365,44.8564259],[29.0840305,44.8565856],[29.0839501,44.8567225],[29.0838176,44.8568326],[29.0838052,44.856843],[29.0837908,44.8568601],[29.0837858,44.8568692],[29.0837838,44.8568848],[29.0837875,44.8568965],[29.0837975,44.8569091],[29.0838163,44.8569231],[29.0838545,44.8569455],[29.0838663,44.8569623],[29.083872,44.8569766],[29.0838703,44.8569887],[29.0838649,44.8569973],[29.0838522,44.8570042],[29.0838394,44.8570063],[29.0837858,44.8570153],[29.0837053,44.8570339],[29.0836409,44.8570543],[29.0835927,44.8570747],[29.0835779,44.8570847],[29.0835551,44.8571056],[29.0835384,44.857128],[29.083537,44.8571475],[29.083543,44.8571921],[29.0835598,44.8572577],[29.0835719,44.8573176],[29.0835772,44.8573614],[29.0835772,44.8573946],[29.0835705,44.857445],[29.0835585,44.857485],[29.0835263,44.8575325],[29.0834364,44.8575971],[29.0833224,44.8576447],[29.0831923,44.8576941],[29.0830837,44.8577587],[29.0830113,44.8578167],[29.0829121,44.8579032],[29.0828571,44.8579232],[29.0827954,44.8579508],[29.0827498,44.8579821],[29.0827337,44.8580135],[29.0827095,44.8580639],[29.0826975,44.85812],[29.0826988,44.8582132],[29.0827122,44.8583139],[29.0827458,44.8584546],[29.0827659,44.8585297],[29.0827686,44.8585811],[29.0827578,44.8586229],[29.0827256,44.8586818],[29.0826814,44.8587303],[29.0826546,44.8587626],[29.0826277,44.8588121],[29.0826197,44.8588544],[29.082621,44.8590122],[29.0826344,44.8591163],[29.0826666,44.8592009],[29.0826841,44.8592665],[29.0826908,44.8593216],[29.082668,44.8594157],[29.0826425,44.8594984],[29.082609,44.8595688],[29.0825996,44.859621],[29.082613,44.8596762],[29.0826291,44.8597503],[29.0826304,44.8598387],[29.0826479,44.859969],[29.0826733,44.8601192],[29.0826935,44.8603359],[29.082731,44.8604528],[29.0827887,44.8606401],[29.0828182,44.8607722],[29.0828973,44.8610194],[29.082959,44.861259],[29.0830502,44.8615726],[29.0831172,44.8617761],[29.083195,44.8619139],[29.0832567,44.8620812],[29.0833881,44.8624548],[29.0834793,44.8627],[29.0835021,44.862855],[29.0835062,44.8629786],[29.0835088,44.863067],[29.0835236,44.8631192],[29.0835759,44.8631753],[29.0836577,44.86322],[29.0837254,44.8632438],[29.0837583,44.8632651],[29.0837858,44.8632932],[29.0838032,44.8633174],[29.0838193,44.8633616],[29.0838267,44.8635603],[29.0838428,44.8636677],[29.0838616,44.863778],[29.0838817,44.8638407],[29.083875,44.8639415],[29.0838817,44.8640004],[29.0839125,44.8640498],[29.0839434,44.864086],[29.0839957,44.8641487],[29.0840346,44.8642314],[29.0840667,44.8642846],[29.0841003,44.8642998],[29.0841445,44.8642941],[29.0842237,44.8642723],[29.0843135,44.8642618],[29.0843819,44.8642694],[29.0844128,44.8642865],[29.0844463,44.8643341],[29.084453,44.8643854],[29.0844168,44.8644557],[29.0843631,44.8644823],[29.0843229,44.8645099],[29.0843014,44.8645432],[29.0843001,44.8645897],[29.0843242,44.8646696],[29.0844128,44.8649833],[29.0844905,44.8651924],[29.0844905,44.865354],[29.0844718,44.8654281],[29.0844409,44.865489],[29.0844181,44.8655346],[29.0844047,44.8656163],[29.0844047,44.8656734],[29.0845469,44.8659148],[29.0846488,44.8660098],[29.0847158,44.8660802],[29.084748,44.8661353],[29.0847883,44.8662075],[29.0847883,44.8663007],[29.0847427,44.8663919],[29.0846997,44.8664889],[29.0846917,44.8665421],[29.0847346,44.8667132],[29.0848634,44.8668634],[29.0850055,44.8669889],[29.0851825,44.8671619],[29.0853059,44.8672645],[29.0854213,44.8674565],[29.0854803,44.8675668],[29.08555,44.8676409],[29.0856902,44.8677478],[29.0857726,44.8677949],[29.0859188,44.8678947],[29.0859805,44.8679508],[29.08601,44.8679935],[29.0860154,44.8680458],[29.0860167,44.8681219],[29.0859993,44.8681756],[29.0859463,44.8682003],[29.0858913,44.8682359],[29.0858719,44.8682659],[29.0858652,44.868291],[29.0858638,44.8683139],[29.085886,44.8683457],[29.0860328,44.868513],[29.0860697,44.8685648],[29.0860945,44.8685843],[29.0861394,44.8686061],[29.0861783,44.8686194],[29.0862085,44.8686242],[29.0862487,44.8686171],[29.0862729,44.8686099],[29.0863024,44.868589],[29.0863493,44.8685591],[29.0863848,44.8685486],[29.086408,44.868542],[29.0864315,44.8685394],[29.0864425,44.8685413],[29.0864633,44.868546],[29.0864848,44.8685503],[29.0865431,44.8685681],[29.0865739,44.868589],[29.0865894,44.8686128],[29.0866122,44.8686432],[29.0866638,44.8686898],[29.0867188,44.8687245],[29.0867516,44.868742],[29.0867838,44.8687606],[29.086808,44.8687777],[29.0868355,44.8688095],[29.0868462,44.8688542],[29.0868583,44.8688846],[29.0868931,44.8689264],[29.0869347,44.8689578],[29.0869904,44.8689716],[29.0871325,44.8690048],[29.0872264,44.8690514],[29.0873229,44.8691075],[29.0874597,44.8692605],[29.0875214,44.8694031],[29.0876502,44.8695894],[29.087795,44.8697776],[29.0879077,44.8699449],[29.0880257,44.8700665],[29.0881839,44.8701806],[29.0883556,44.8702737],[29.0884468,44.8703516],[29.0885487,44.8704695],[29.0886077,44.870614],[29.0886399,44.870766],[29.0886641,44.8709048],[29.0886292,44.8710759],[29.0885836,44.8712185],[29.0885782,44.8712736],[29.0885715,44.8713268],[29.088593,44.8713781],[29.0886399,44.8714275],[29.088774,44.8716157],[29.0888277,44.8717127],[29.0888894,44.8718096],[29.0889779,44.8718857],[29.0890717,44.8719826],[29.0892059,44.8721233],[29.0892756,44.8722658],[29.0892729,44.8723495],[29.0892595,44.8724293],[29.0892702,44.8724825],[29.0893051,44.8725281],[29.0894392,44.8725947],[29.0895317,44.8726298],[29.0896672,44.8726593],[29.0897839,44.8726868],[29.0899327,44.8727163],[29.0900145,44.872742],[29.0900655,44.8727667],[29.0901178,44.87278],[29.0901916,44.8727866],[29.0902667,44.8727828],[29.0903538,44.8727686],[29.0904209,44.8727486],[29.0904906,44.8727059],[29.0905282,44.8726422],[29.0905362,44.8725462],[29.0905617,44.872474],[29.0906127,44.8724169],[29.0907629,44.8722886],[29.0908782,44.8721803],[29.0909117,44.8721413],[29.0909399,44.8721004],[29.0909412,44.8720406],[29.0909359,44.8719921],[29.090956,44.8719541],[29.0909936,44.8719284],[29.0910485,44.8719113],[29.0911666,44.8719208],[29.0912993,44.871955],[29.0914294,44.8720045],[29.0916158,44.8721138],[29.0917084,44.872204],[29.0917593,44.8722915],[29.0917861,44.8723314],[29.0918277,44.8723666],[29.0918787,44.8723894],[29.0919498,44.872397],[29.0920611,44.8724055],[29.0921925,44.8724388],[29.0923172,44.8724949],[29.0924822,44.8726127],[29.0925841,44.8727097],[29.0926538,44.8728038],[29.0927061,44.8728921],[29.0927598,44.8729454],[29.0928215,44.8729634],[29.0928952,44.8729682],[29.0929784,44.8729596],[29.0930575,44.8729311],[29.0931152,44.8728883],[29.0931594,44.8728389],[29.0932117,44.872799],[29.0932962,44.8727562],[29.0933888,44.8727258],[29.0935081,44.8727059],[29.093606,44.8727116],[29.0936825,44.8727087],[29.0937401,44.8726992],[29.093779,44.8726821],[29.0938434,44.8726327],[29.0939131,44.8725833],[29.0940057,44.8725338],[29.0941559,44.8724616],[29.094294,44.8723894],[29.0943678,44.8723542],[29.0944254,44.8723304],[29.0944938,44.8723181],[29.0945609,44.8723133],[29.0946414,44.8723219],[29.0947366,44.8723266],[29.0948103,44.87232],[29.0950946,44.8722829],[29.0953454,44.8722459],[29.095552,44.8721898],[29.0957813,44.8721014],[29.0958825,44.872062],[29.095955,44.8720292],[29.0960006,44.872004],[29.0960361,44.8719864],[29.096071,44.8719812],[29.0961307,44.8719873],[29.0961897,44.8720035],[29.0962366,44.8720363],[29.0962493,44.8720601],[29.0962574,44.8720824],[29.0962467,44.8721176],[29.0962078,44.8722316],[29.0961863,44.8723342],[29.0961917,44.8723998],[29.0962346,44.8724359],[29.0962869,44.8724692],[29.0963607,44.872493],[29.0964639,44.8725015],[29.0966034,44.8724882],[29.0967576,44.8724511],[29.0968408,44.8724264],[29.0969186,44.8724093],[29.0970299,44.8724017],[29.0970929,44.8724103],[29.0971693,44.8724245],[29.0972471,44.8724179],[29.0973692,44.8723789],[29.0974818,44.8723152],[29.0975663,44.8722544],[29.0976763,44.8721556],[29.0977339,44.8721033],[29.0977648,44.8720643],[29.0977903,44.8720225],[29.097793,44.8720035],[29.0977862,44.871956],[29.0977353,44.8718952],[29.0976816,44.871859],[29.0976267,44.8718153],[29.097569,44.871764],[29.0975127,44.8716965],[29.0974818,44.8716347],[29.0974644,44.8715815],[29.0974657,44.8715349],[29.0974684,44.8714988],[29.0974952,44.8714627],[29.0975455,44.871429],[29.0975992,44.8714119],[29.0976381,44.8713905],[29.0976696,44.8713544],[29.097687,44.8713273],[29.0977246,44.8712802],[29.0977474,44.8712261],[29.0977634,44.871169],[29.0977755,44.8711234],[29.097805,44.8710749],[29.0978587,44.8710398],[29.097974,44.8710084],[29.0981336,44.8709618],[29.0981899,44.8709286],[29.0982261,44.870881],[29.0982462,44.870843],[29.0982449,44.8707765],[29.0982194,44.8707299],[29.0981631,44.8706834],[29.0980974,44.8706472],[29.0980297,44.8705988],[29.0979975,44.870575],[29.097972,44.8705569],[29.0979378,44.8705403],[29.0978942,44.8705227],[29.0978526,44.870507],[29.0977601,44.8704914],[29.097749,44.8704883],[29.0977386,44.8704811],[29.0977343,44.8704733],[29.0977323,44.8704571],[29.0977363,44.8704419],[29.0977447,44.8704322],[29.0977896,44.8704001],[29.0978546,44.8703564],[29.0979445,44.8702633],[29.0980075,44.8701853],[29.0980571,44.8701416],[29.0980793,44.8701074],[29.098092,44.8700841],[29.0980893,44.870066],[29.0980806,44.8700508],[29.0980659,44.8700404],[29.098023,44.8700294],[29.097972,44.8700214],[29.097919,44.870009],[29.0978962,44.8699967],[29.0978734,44.8699691],[29.0978667,44.8699287],[29.0978667,44.8699002],[29.0978707,44.8698788],[29.0978761,44.8698688],[29.0978955,44.8698541],[29.0979291,44.8698498],[29.0980062,44.8698451],[29.0980947,44.8698351],[29.0981772,44.8698199],[29.0983535,44.8697424],[29.0985735,44.8696255],[29.0986902,44.8695229],[29.098721,44.869481],[29.0987599,44.8694164],[29.0987881,44.8693556],[29.0988028,44.8692976],[29.0988122,44.8691721],[29.0988484,44.8690315],[29.0988645,44.8689621],[29.0988913,44.8688936],[29.0989114,44.868849],[29.0989352,44.8688266],[29.0989694,44.868805],[29.0989986,44.8687927],[29.0990174,44.868791],[29.0990492,44.8687922],[29.0990737,44.8687993],[29.0990958,44.8688079],[29.0991046,44.8688162],[29.0991146,44.8688295],[29.09912,44.868844],[29.0991176,44.8688568],[29.0991032,44.8688898],[29.0990938,44.8689155],[29.0990938,44.8689369],[29.0991012,44.8689635],[29.0991173,44.8689839],[29.0991944,44.8690533],[29.0992601,44.8691065],[29.0992829,44.8691541],[29.0993004,44.8691873],[29.0993258,44.8692092],[29.0993513,44.8692244],[29.0993915,44.8692282],[29.0994613,44.8692225],[29.0995766,44.8691721],[29.0996383,44.8691332],[29.0996618,44.8691075],[29.0996779,44.8690719],[29.0996812,44.8690462],[29.0996873,44.8690248],[29.099702,44.869011],[29.0997288,44.868992],[29.0997966,44.8689611],[29.0998663,44.8689283],[29.099928,44.8688851],[29.0999481,44.8688328],[29.0999481,44.8687739],[29.0999481,44.8687264],[29.0999588,44.8687054],[29.0999857,44.8686931],[29.1000701,44.8686855],[29.1001225,44.8686997],[29.1002116,44.8687226],[29.1002545,44.868743],[29.1002894,44.8687649],[29.1003022,44.8687839],[29.1003062,44.8688071],[29.1002948,44.8688395],[29.1002948,44.868886],[29.1003149,44.8689407],[29.100337,44.8689564],[29.1004021,44.8689716],[29.1005248,44.8689882],[29.1005597,44.8689873],[29.1005798,44.8689749],[29.1006093,44.8689435],[29.1006348,44.8689117],[29.1006723,44.8688803],[29.100734,44.8688575],[29.1008004,44.8688314],[29.100966,44.8687596],[29.1011015,44.8686921],[29.1011967,44.8686171],[29.1012047,44.8685828],[29.1012054,44.8685562],[29.1012121,44.8685329],[29.1012302,44.8685192],[29.1012503,44.8685154],[29.1012745,44.8685092],[29.1013449,44.8684954],[29.1014086,44.8684759],[29.1014609,44.8684536],[29.1015346,44.8684022],[29.1015829,44.8683376],[29.1015977,44.8682739],[29.1015936,44.8682454],[29.1015668,44.8682198],[29.1014998,44.8681808],[29.1014622,44.8681599],[29.1014287,44.8681257],[29.101418,44.8680914],[29.1014193,44.8680705],[29.1014528,44.8680354],[29.1015051,44.8680097],[29.1015843,44.8679745],[29.1016138,44.8679574],[29.1016459,44.867927],[29.1016801,44.8678918],[29.1016842,44.8678647],[29.1016781,44.8678377],[29.1016714,44.8678244],[29.1016513,44.8678068],[29.1016245,44.8677973],[29.1015749,44.8677892],[29.1014609,44.8677683],[29.1014166,44.8677502],[29.1013965,44.8677307],[29.1013817,44.8677098],[29.1013677,44.8676742],[29.1013737,44.8676499],[29.1013871,44.8676309],[29.1014173,44.8676038],[29.1014636,44.8675677],[29.1015252,44.8675335],[29.1016567,44.8674955],[29.1018216,44.8674489],[29.1020751,44.8673824],[29.102287,44.8673253],[29.1025861,44.867236],[29.1026947,44.8671942],[29.1027859,44.8671466],[29.1028328,44.8671162],[29.1028905,44.8670564],[29.1029669,44.8669889],[29.1030313,44.8669413],[29.1031118,44.86689],[29.103329,44.8667703],[29.1034685,44.8666876],[29.1036697,44.8664937],[29.1037729,44.8663672],[29.1038507,44.8662693],[29.1039205,44.8661971],[29.1040304,44.8661077],[29.1041498,44.8660193],[29.1042209,44.8659851],[29.1042933,44.8659642],[29.1043483,44.8659366],[29.1043898,44.8659043],[29.1044247,44.8658549],[29.1044515,44.8657827],[29.1045521,44.8657028],[29.1046581,44.8656543],[29.1047774,44.8656211],[29.1048834,44.8655935],[29.1049933,44.8655735],[29.1050644,44.8655308],[29.1051878,44.8654196],[29.1052723,44.8653046],[29.1053648,44.8651867],[29.1054245,44.8650845],[29.105511,44.8649947],[29.1055693,44.8649191],[29.1055807,44.8649053],[29.1056116,44.8648887],[29.1056411,44.8648801],[29.1056813,44.8648725],[29.1057316,44.8648621],[29.1057584,44.8648502],[29.1057759,44.8648336],[29.1057933,44.8648084],[29.1058,44.8647955],[29.1057993,44.8647818],[29.1058034,44.8647689],[29.1058175,44.8647542],[29.1058563,44.8647323],[29.1058899,44.8647209],[29.1059449,44.8647024],[29.1061078,44.8646325],[29.1062084,44.864565],[29.1062674,44.8645137],[29.1063559,44.8644167],[29.10649,44.8642713],[29.1066214,44.8641734],[29.1067033,44.8641021],[29.1068119,44.8640451],[29.1069299,44.8639938],[29.1069782,44.8639662],[29.1070546,44.8638844],[29.1071096,44.863816],[29.1071324,44.8637685],[29.1071686,44.8637114],[29.1071968,44.8636753],[29.1072363,44.8636359],[29.1072752,44.8636035],[29.1073316,44.8635746],[29.1073812,44.8635546],[29.1074274,44.863527],[29.1074623,44.8635004],[29.1074938,44.8634619],[29.1075294,44.8634282],[29.1075777,44.8634016],[29.1076367,44.8633835],[29.1077024,44.8633749],[29.1077399,44.8633797],[29.1078217,44.8633921],[29.1078606,44.8633873],[29.107921,44.8633711],[29.1079974,44.8633255],[29.1081168,44.8632143],[29.1081811,44.8631592],[29.1082764,44.863027],[29.10833,44.862932],[29.1083381,44.862835],[29.1083354,44.8627552],[29.1083059,44.8626924],[29.1082656,44.8625632],[29.1082683,44.8624719],[29.108279,44.8623997],[29.1084319,44.8621411],[29.1085607,44.8619776],[29.1086733,44.8618179],[29.108904,44.8615593],[29.1091669,44.8612742],[29.109368,44.8610688],[29.1094807,44.8608939],[29.1096121,44.8607076],[29.1098025,44.8605004],[29.1099206,44.8603787],[29.1100493,44.8602494],[29.1101968,44.8601163],[29.110339,44.8599737],[29.1104141,44.8598996],[29.1106018,44.8596752],[29.1108164,44.859449],[29.1110229,44.8592018],[29.1111839,44.8590212],[29.111326,44.8588596],[29.1114655,44.8586771],[29.1116184,44.8584698],[29.1117927,44.8583443],[29.111892,44.8582265],[29.111951,44.8581428],[29.1120261,44.8579907],[29.1122326,44.8577511],[29.1123104,44.8576637],[29.1123989,44.857523],[29.1124579,44.8574222],[29.1125599,44.857234],[29.1128173,44.8569716],[29.1129568,44.8568138],[29.1131124,44.8565818],[29.1133055,44.8563099],[29.1134933,44.8560742],[29.1137266,44.8558688],[29.1139573,44.8556711],[29.1141987,44.8554619],[29.1142899,44.8553706],[29.1144186,44.8552471],[29.1145715,44.8550398],[29.1147137,44.8548592],[29.1150168,44.8544618],[29.1153869,44.8541614],[29.1156927,44.8539313],[29.1160387,44.8535472],[29.1161486,44.8534141],[29.1162908,44.8532696],[29.1164893,44.8530927],[29.1168353,44.8527942],[29.1171384,44.8524367],[29.1173235,44.8522162],[29.1176292,44.8519252],[29.1178948,44.8516799],[29.1183293,44.85137],[29.1187745,44.850984],[29.1191527,44.8506512],[29.1193512,44.8504706],[29.1195658,44.8502519],[29.1196597,44.8501549],[29.1199252,44.8499381],[29.1202632,44.8496662],[29.1205153,44.8494171],[29.1208371,44.84909],[29.1209713,44.8489341],[29.1212234,44.8486793],[29.1213763,44.8485119],[29.1216418,44.8483446],[29.1219985,44.8481886],[29.1222037,44.8480394],[29.1223338,44.8479738],[29.1224921,44.847912],[29.1226356,44.8478701],[29.1228139,44.8478273],[29.1230258,44.8477342],[29.1232645,44.8476182],[29.1234141,44.8475625],[29.1235113,44.8475345],[29.1236119,44.8474984],[29.1236494,44.8474817],[29.1236749,44.8474641],[29.1236991,44.8474413],[29.1237172,44.8474223],[29.1238439,44.8472911],[29.1240263,44.8471732],[29.1242784,44.8470191],[29.1244179,44.8469431],[29.124493,44.8468917],[29.1245681,44.84681],[29.12478,44.8466635],[29.1249222,44.846557],[29.125586,44.8459846],[29.1257483,44.8458477],[29.1259012,44.8457108],[29.1260286,44.8456309],[29.1261747,44.8455006],[29.126278,44.8453903],[29.1263705,44.8453171],[29.1264564,44.8452629],[29.1265838,44.8451945],[29.1269063,44.8450737],[29.1270257,44.8450262],[29.1271698,44.8449796],[29.1272852,44.8449334],[29.1273254,44.8449063],[29.1273455,44.8448845],[29.1273603,44.8448621],[29.1273817,44.8448141],[29.1274153,44.8447457],[29.1274662,44.8446905],[29.1275038,44.8446772],[29.1276003,44.8446534],[29.1277103,44.8446534],[29.1278055,44.8446439],[29.1278914,44.844622],[29.1279531,44.8445973],[29.1280268,44.8445403],[29.1280965,44.8444804],[29.1283017,44.8442731],[29.1285244,44.8441057],[29.1287041,44.8440087],[29.1288033,44.8439384],[29.1289133,44.8438071],[29.1290635,44.8435979],[29.1292526,44.8433887],[29.1294149,44.8432119],[29.1294631,44.8431282],[29.1295034,44.8430179],[29.1295838,44.8428315],[29.1297421,44.8426242],[29.1299942,44.8423922],[29.1302651,44.8421982],[29.1303885,44.8421183],[29.1305763,44.8420423],[29.1308203,44.8419833],[29.1309974,44.8419358],[29.1311288,44.8418692],[29.1312763,44.8417912],[29.1315445,44.8415611],[29.131979,44.8412967],[29.1323358,44.84104],[29.1327193,44.8407471],[29.1331485,44.840323],[29.1336259,44.8398932],[29.1342026,44.8395052],[29.1344869,44.8392998],[29.1348195,44.8390563],[29.1350877,44.8387986],[29.1352876,44.8385998],[29.1354994,44.8383345],[29.135828,44.8380987],[29.1361955,44.837821],[29.1363631,44.8376403],[29.1365656,44.8375081],[29.1367735,44.8373892],[29.1368647,44.837336],[29.1370296,44.8372808],[29.1372348,44.8371943],[29.1373891,44.8371059],[29.1375031,44.8370098],[29.1376801,44.8368653],[29.1379791,44.8365666],[29.1387731,44.8356917],[29.1389501,44.8354444],[29.1391325,44.8351782],[29.1394007,44.8348282],[29.1395563,44.8346075],[29.1396421,44.8344135],[29.1397548,44.8341967],[29.1398299,44.8340635],[29.1398299,44.8339456],[29.1397762,44.8336945],[29.139744,44.8335195],[29.1396609,44.8332989],[29.1394249,44.8330117],[29.1392291,44.8327416],[29.1390145,44.8325285],[29.1387892,44.8323745],[29.1386417,44.8322641],[29.1384914,44.832188],[29.138419,44.8321728],[29.1382313,44.8321747],[29.1378611,44.8322223],[29.13755,44.8322736],[29.1372871,44.8323402],[29.1371664,44.8323421],[29.1369921,44.8323079],[29.1368929,44.8322774],[29.1368124,44.8322033],[29.1367856,44.8321443],[29.1367856,44.8320986],[29.1368043,44.8320644],[29.1368794,44.8319997],[29.1370431,44.8319598],[29.1372892,44.8319255],[29.1374709,44.8318951],[29.1375607,44.8317876],[29.1376425,44.831663],[29.1376747,44.8316155],[29.1377217,44.831566],[29.1377901,44.8315185],[29.1378826,44.8314899],[29.1385746,44.8312712],[29.1387168,44.8311827],[29.1388281,44.8311238],[29.1389394,44.8310486],[29.139048,44.8309088],[29.1392049,44.83075],[29.1393015,44.8306891],[29.1394114,44.8306435],[29.1395026,44.8306111],[29.139559,44.8306054],[29.1396207,44.8305988],[29.1396783,44.8306083],[29.1397735,44.8306473],[29.1398071,44.8306634],[29.139858,44.8306711],[29.139901,44.8306625],[29.1399519,44.8306406],[29.1400002,44.830575],[29.1400458,44.8304827],[29.1400941,44.8303163],[29.1401048,44.8302421],[29.1401128,44.8301812],[29.1401397,44.8301261],[29.1401853,44.8300633],[29.140255,44.8300348],[29.1403127,44.8299815],[29.1403744,44.8298892],[29.1404334,44.8297903],[29.1404629,44.829679],[29.1405018,44.8296201],[29.1405152,44.8295763],[29.1405138,44.8295278],[29.1405031,44.829485],[29.1404837,44.8294398],[29.1404837,44.8293804],[29.1404837,44.8293248],[29.1405192,44.8292306],[29.1406292,44.8290589],[29.1408223,44.828766],[29.1410825,44.8284692],[29.1412756,44.8282295],[29.1414553,44.8279898],[29.1416082,44.8278357],[29.1417021,44.8277311],[29.1418952,44.8275656],[29.1422063,44.827383],[29.1424209,44.8272346],[29.1426596,44.8270862],[29.1427964,44.8269759],[29.1428876,44.8268694],[29.1429734,44.8266982],[29.1431853,44.8265136],[29.143644,44.8261389],[29.1438559,44.8260057],[29.1440248,44.8259201],[29.144226,44.8258744],[29.1444513,44.8258041],[29.1446981,44.8257432],[29.1448295,44.8256928],[29.1449502,44.8256262],[29.1451648,44.8254949],[29.1452935,44.8254027],[29.1453418,44.825356],[29.1453861,44.825278],[29.1455524,44.8249765],[29.1456529,44.8248091],[29.1457106,44.8247425],[29.1457401,44.8247007],[29.1457616,44.824656],[29.1457669,44.8246151],[29.1457763,44.8245751],[29.1458166,44.8245323],[29.1458729,44.8244686],[29.1461867,44.8241204],[29.1464415,44.8237552],[29.146758,44.8231312],[29.1469243,44.8228686],[29.1470665,44.8225852],[29.1471711,44.8224196],[29.1471711,44.8223436],[29.1471577,44.8222142],[29.1472033,44.8219878],[29.1472006,44.8218432],[29.1471872,44.8217176],[29.1471335,44.8216206],[29.1470799,44.8214551],[29.1471067,44.8210232],[29.1470826,44.8208786],[29.1470289,44.8207055],[29.146978,44.8205818],[29.1468975,44.8204791],[29.1467366,44.8203364],[29.1463557,44.8200891],[29.1459078,44.8198132],[29.1453391,44.8194156],[29.1450843,44.8192177],[29.1448536,44.8190103],[29.1446874,44.8188067],[29.1445559,44.8186279],[29.144462,44.8184643],[29.1444245,44.8182607],[29.1444433,44.817981],[29.144513,44.8177184],[29.1446257,44.8173607],[29.1446525,44.8168927],[29.1446686,44.8163676],[29.144623,44.8160498],[29.1445318,44.8156655],[29.1444594,44.8154086],[29.1443923,44.8152963],[29.144175,44.8149291],[29.1439927,44.8146589],[29.143585,44.8143088],[29.1432255,44.8139758],[29.142893,44.8137228],[29.1423646,44.8134469],[29.141981,44.8131519],[29.1418013,44.8129674],[29.1416484,44.8127295],[29.1415706,44.8125449],[29.1415331,44.812368],[29.1414875,44.8122043],[29.1414392,44.8120883],[29.141399,44.8119399],[29.1414043,44.8117477],[29.1414553,44.8115688],[29.1414338,44.8114299],[29.1414338,44.811213],[29.141517,44.8110208],[29.1415492,44.8108476],[29.1415438,44.8107354],[29.1414955,44.8105641],[29.1414177,44.8104785],[29.1412809,44.8103624],[29.1410932,44.810214],[29.1407901,44.8099704],[29.1404146,44.8096659],[29.1401946,44.8094642],[29.139846,44.8090798],[29.1392988,44.8083872],[29.1390574,44.8078696],[29.1388871,44.8073767],[29.1388871,44.8072787],[29.1389206,44.8071655],[29.1389877,44.8070094],[29.1390306,44.8068001],[29.1390681,44.8066916],[29.139213,44.8064309],[29.139221,44.8060808],[29.1391405,44.8057458],[29.1390923,44.8053481],[29.1389689,44.8048533],[29.1388696,44.8045136],[29.1388696,44.8044641],[29.138871,44.8044299],[29.1388844,44.8043966],[29.1389112,44.8043614],[29.1389541,44.8043043],[29.1389722,44.8042681],[29.1389769,44.8042448],[29.1389742,44.80423],[29.1389421,44.804201],[29.1389246,44.8041958],[29.1388945,44.8041934],[29.1388603,44.8042034],[29.138814,44.8042291],[29.1387825,44.80425],[29.1387536,44.804267],[29.1387448,44.8042706],[29.1387355,44.8042729],[29.1387287,44.8042747],[29.1387196,44.8042748],[29.1387074,44.8042749],[29.1386919,44.8042714],[29.1386658,44.8042557],[29.1386202,44.8042262],[29.1385853,44.8041711],[29.1385531,44.8041035],[29.138537,44.8040331],[29.1385169,44.8039636],[29.1384847,44.8039256],[29.1384163,44.8038704],[29.1383386,44.8038104],[29.1382661,44.8037438],[29.1382192,44.8036772],[29.1381857,44.803563],[29.1381669,44.8034955],[29.1381629,44.8034298],[29.138183,44.8033841],[29.1382273,44.8033147],[29.1382541,44.8032842],[29.1383426,44.8032014],[29.1384673,44.8031224],[29.1384767,44.8030891],[29.1384767,44.8030511],[29.1384646,44.8030035],[29.1384472,44.8029731],[29.1384257,44.802954],[29.1384043,44.8029502],[29.1383788,44.8029502],[29.1383359,44.8029654],[29.1383138,44.8029852],[29.1383,44.8029978],[29.1382856,44.803004],[29.1382658,44.8030073],[29.1382407,44.8030064],[29.1382004,44.8029978],[29.1381776,44.8029835],[29.1381481,44.8029635],[29.1380556,44.8029397],[29.1379738,44.802916],[29.1379067,44.802895],[29.1378531,44.8028322],[29.1378155,44.8027599],[29.1377646,44.8025563],[29.1375929,44.8021985],[29.1374508,44.8016218],[29.1373877,44.8013535],[29.1373327,44.8009443],[29.1373435,44.8006988],[29.137381,44.8003486],[29.1374052,44.8001164],[29.1374615,44.7998423],[29.1375151,44.7996882],[29.1375688,44.7995835],[29.1376358,44.7994598],[29.1376895,44.7993437],[29.1377136,44.7991667],[29.1377056,44.7989345],[29.1377163,44.7987347],[29.1377404,44.7984758],[29.1377458,44.7982969],[29.1377136,44.79804],[29.1376761,44.7977868],[29.1375285,44.7974518],[29.1374803,44.7971245],[29.1374172,44.7968599],[29.1374092,44.7968057],[29.1374145,44.796681],[29.1374132,44.7966172],[29.1374085,44.7965625],[29.1373783,44.7965021],[29.1372778,44.7963803],[29.1371685,44.7962028],[29.1370618,44.7960006],[29.1369599,44.7957921],[29.136681,44.795008],[29.1363645,44.7943798],[29.1360909,44.7938012],[29.1358066,44.7932682],[29.1356724,44.7930018],[29.1355598,44.7927962],[29.1354257,44.7926134],[29.1353667,44.7923888],[29.1352862,44.7922213],[29.1352379,44.7921528],[29.1350234,44.7919815],[29.1348892,44.7918597],[29.1344333,44.7915132],[29.1342536,44.7914066],[29.1341275,44.7913343],[29.133988,44.7912582],[29.1337922,44.7911554],[29.1337198,44.7910964],[29.1336635,44.7910336],[29.1336071,44.7909669],[29.1335455,44.790887],[29.1333067,44.790552],[29.1331163,44.7903216],[29.1327596,44.7900075],[29.132081,44.7894879],[29.131963,44.7893984],[29.1317993,44.7892785],[29.1315794,44.7890881],[29.1311502,44.7887721],[29.1308767,44.7885723],[29.1307721,44.788519],[29.1306138,44.7884771],[29.1304636,44.7884599],[29.1302249,44.7884409],[29.1300586,44.7884295],[29.1299111,44.7884028],[29.1296938,44.7883334],[29.1295838,44.7882858],[29.1295382,44.7882667],[29.1294859,44.7882325],[29.1294403,44.7881887],[29.1293237,44.7880573],[29.1292445,44.7879526],[29.1292003,44.7878974],[29.1291413,44.7878299],[29.1290715,44.7877708],[29.1289777,44.7877232],[29.128865,44.7876947],[29.1287604,44.7876699],[29.128629,44.7876452],[29.1284493,44.7876147],[29.1282427,44.7875881],[29.1280711,44.7875481],[29.1278887,44.7874929],[29.1277197,44.7874053],[29.1275051,44.7872473],[29.1273844,44.7871503],[29.1272074,44.7870532],[29.1270572,44.7869618],[29.1269177,44.7868742],[29.1268399,44.7867848],[29.1267139,44.786602],[29.1266656,44.7865106],[29.1266039,44.7864345],[29.1265127,44.7863298],[29.126443,44.7862498],[29.1263384,44.7861604],[29.1261613,44.7859919],[29.1261077,44.7859081],[29.1260822,44.7858453],[29.1260661,44.7857787],[29.1260514,44.7856226],[29.126046,44.7855179],[29.1260507,44.7853575],[29.126048,44.7852999],[29.1260413,44.7852694],[29.1260252,44.7852356],[29.1260145,44.7852247],[29.1259997,44.7852176],[29.1259823,44.7852176],[29.1259327,44.7852228],[29.1258784,44.7852366],[29.1257966,44.785239],[29.1256678,44.7852266],[29.1255317,44.7851995],[29.1254465,44.7851761],[29.1253808,44.7851619],[29.1253473,44.7851543],[29.1252682,44.7851214],[29.125113,44.785045],[29.124729,44.7849686],[29.1243428,44.7848601],[29.1238868,44.7847097],[29.1232994,44.7845346],[29.1230553,44.7844699],[29.1229883,44.784447],[29.1228247,44.7843861],[29.1226396,44.784289],[29.1223928,44.7841729],[29.1221836,44.7840929],[29.1216847,44.7839673],[29.121387,44.7838911],[29.1211107,44.7838017],[29.1209847,44.7837464],[29.1207325,44.7836379],[29.1205126,44.7835199],[29.1202766,44.7834609],[29.1200861,44.7833962],[29.1198769,44.7833752],[29.1196462,44.7833619],[29.1194424,44.7833581],[29.1192922,44.7833314],[29.1191795,44.7832991],[29.1190267,44.7831829],[29.118906,44.7831087],[29.1188014,44.7830516],[29.1187464,44.783023],[29.1187035,44.7830106],[29.1186485,44.7830049],[29.1185948,44.7830049],[29.1185439,44.7830164],[29.1184808,44.7830306],[29.1184299,44.783044],[29.1183883,44.7830478],[29.1183481,44.7830478],[29.1183051,44.7830401],[29.1182703,44.7830211],[29.1182515,44.7829973],[29.1182327,44.7829735],[29.1182019,44.7829354],[29.1181429,44.7828917],[29.1180101,44.7828136],[29.1179109,44.7827869],[29.1177499,44.7827489],[29.1175514,44.7827203],[29.1175179,44.782706],[29.1174844,44.7826832],[29.117467,44.7826489],[29.1174442,44.782608],[29.1173972,44.7825547],[29.1173355,44.7825176],[29.117137,44.7824376],[29.1170458,44.7824205],[29.1169614,44.7824014],[29.116842,44.7823786],[29.1167669,44.78235],[29.1166824,44.7823148],[29.1165979,44.7822634],[29.1165483,44.7822082],[29.1165242,44.7821549],[29.1164477,44.7820816],[29.11639,44.7820273],[29.1163082,44.7819816],[29.1161661,44.7819141],[29.1159314,44.7818465],[29.115741,44.7817836],[29.1155612,44.7817665],[29.1153735,44.7817265],[29.1152112,44.7816865],[29.1150878,44.7816428],[29.1150516,44.781619],[29.1150275,44.7815942],[29.1149966,44.781559],[29.1149725,44.7815219],[29.1149202,44.7814019],[29.1148867,44.7813638],[29.1148438,44.7813458],[29.114774,44.7813343],[29.1147137,44.7813343],[29.1146493,44.7813362],[29.1144602,44.7813248],[29.1143341,44.7813039],[29.1142014,44.781282],[29.1141383,44.7812582],[29.1141021,44.781222],[29.1140699,44.7812011],[29.1140002,44.7811697],[29.1138715,44.781143],[29.1135697,44.7810859],[29.1133551,44.7810173],[29.1132505,44.780964],[29.113099,44.7808479],[29.1129635,44.7807175],[29.1128375,44.7806604],[29.112635,44.7805823],[29.1125786,44.7805547],[29.1125424,44.7805381],[29.1125029,44.7805204],[29.1124653,44.7805176],[29.1124324,44.78052],[29.1124056,44.78053],[29.1123466,44.7805481],[29.1122621,44.780569],[29.1122004,44.7805871],[29.1121334,44.7805976],[29.1120663,44.7805976],[29.1119979,44.7805918],[29.1119161,44.7805776],[29.1118692,44.7805557],[29.1117378,44.7804557],[29.1115862,44.780352],[29.1113663,44.7801958],[29.1112375,44.7800949],[29.111098,44.779994],[29.1109452,44.7799293],[29.1107681,44.7798684],[29.1105643,44.779817],[29.1104087,44.7797579],[29.11028,44.7796551],[29.1101807,44.7795733],[29.1100064,44.7794133],[29.1098884,44.7793543],[29.1097543,44.779322],[29.1096416,44.7793143],[29.1094927,44.7793124],[29.1094445,44.7793029],[29.1093801,44.779282],[29.1093197,44.7792334],[29.1092379,44.7791592],[29.1091508,44.7791192],[29.1089429,44.7790754],[29.1087927,44.7790411],[29.1086438,44.7790364],[29.1085231,44.7790288],[29.1084212,44.7790126],[29.1082911,44.7789773],[29.1081838,44.7789259],[29.1080524,44.7788212],[29.1078714,44.7787079],[29.1077989,44.7786651],[29.1077332,44.7786365],[29.1076836,44.7786242],[29.1075857,44.7786099],[29.1074543,44.7785909],[29.1073322,44.7785509],[29.107178,44.7784861],[29.1070747,44.7784347],[29.1070291,44.7784176],[29.1069648,44.7784071],[29.1068575,44.7783995],[29.1067515,44.7783862],[29.1066436,44.778361],[29.1065631,44.7783324],[29.1065108,44.7783148],[29.1063827,44.7782829],[29.1061226,44.7782291],[29.1059643,44.7781891],[29.1056961,44.7781092],[29.1055432,44.7780539],[29.1054064,44.7779816],[29.1052254,44.7778436],[29.1051368,44.7777836],[29.105047,44.7777465],[29.1049571,44.7777217],[29.1048968,44.7776989],[29.1048096,44.7776417],[29.104768,44.777616],[29.1047452,44.777616],[29.1047211,44.7776198],[29.1046607,44.7776484],[29.1046188,44.7776651],[29.104592,44.7776684],[29.1045749,44.7776689],[29.1045545,44.777667],[29.104534,44.7776596],[29.1044837,44.7776446],[29.1043738,44.7776027],[29.1042691,44.7775551],[29.1042128,44.7775151],[29.1041297,44.7774047],[29.103958,44.7773019],[29.1037971,44.77722],[29.10362,44.7771343],[29.103435,44.777081],[29.103325,44.7770487],[29.1031158,44.7769991],[29.1028932,44.7769439],[29.1027832,44.7769192],[29.1025767,44.7768944],[29.1024667,44.7768716],[29.1023058,44.7767745],[29.1020563,44.7766374],[29.1018686,44.7765727],[29.1016969,44.7764908],[29.1015628,44.7764356],[29.1014716,44.7763594],[29.1014045,44.7762537],[29.1013549,44.77619],[29.1012879,44.77615],[29.1012369,44.7761319],[29.1011564,44.7761224],[29.1010505,44.7761214],[29.100966,44.7761176],[29.1008212,44.7760986],[29.1006777,44.7760624],[29.1004497,44.7760281],[29.1002378,44.7759843],[29.0999776,44.7759215],[29.0998127,44.7758377],[29.0997684,44.7758196],[29.0997067,44.7758101],[29.0996182,44.7758092],[29.0995619,44.7758063],[29.0994908,44.7757987],[29.0994143,44.7757739],[29.0993527,44.7757454],[29.099299,44.7757254],[29.0991649,44.775712],[29.0990201,44.7757044],[29.0988645,44.7756816],[29.0987894,44.7756435],[29.0987116,44.7755692],[29.0986553,44.7755216],[29.0985695,44.7754664],[29.098379,44.7753903],[29.0982798,44.7753274],[29.0982074,44.7752398],[29.0981162,44.7751732],[29.0979955,44.7751256],[29.0978613,44.7750818],[29.0977326,44.7750628],[29.0976253,44.7750647],[29.097518,44.7750799],[29.0974027,44.7750894],[29.0973008,44.7750761],[29.0971774,44.7750304],[29.0969494,44.7749143],[29.0965752,44.77474],[29.0963566,44.7746667],[29.0962051,44.774602],[29.0961206,44.7745344],[29.0960374,44.7744878],[29.0960026,44.7744706],[29.0959409,44.7744497],[29.0958148,44.7744221],[29.0956324,44.7743878],[29.0954487,44.7743488],[29.095265,44.7742954],[29.0951885,44.7742583],[29.0951309,44.7741926],[29.0950893,44.7741203],[29.0950236,44.7740546],[29.0949632,44.7740251],[29.094876,44.7740003],[29.0947674,44.7739927],[29.0946454,44.7739717],[29.0945193,44.7739165],[29.0944093,44.7738518],[29.0943235,44.7737718],[29.0942484,44.7736538],[29.0941867,44.7735014],[29.0941612,44.7734196],[29.0941398,44.7733767],[29.0941076,44.7733577],[29.0940754,44.773352],[29.0940043,44.773352],[29.0939091,44.7733548],[29.0938501,44.7733482],[29.0937549,44.773311],[29.0936771,44.7732701],[29.0935296,44.7731692],[29.0932654,44.7729645],[29.0930709,44.7728341],[29.0929596,44.7727845],[29.0929113,44.7727703],[29.092851,44.7727588],[29.0928148,44.7727665],[29.0927665,44.7727912],[29.0927102,44.7728293],[29.0926284,44.7728559],[29.092501,44.7728674],[29.0923668,44.7728607],[29.0922622,44.7728502],[29.0921818,44.7728407],[29.0920785,44.7728226],[29.0919605,44.7727703],[29.0919229,44.7727388],[29.0918814,44.7726884],[29.091868,44.7726713],[29.0918371,44.7726503],[29.0917969,44.7726398],[29.0917473,44.7726389],[29.09164,44.7726351],[29.0915112,44.7726103],[29.0914066,44.7725865],[29.0912819,44.7725522],[29.0911907,44.7725113],[29.0911277,44.7724666],[29.0910566,44.7723904],[29.091011,44.7723428],[29.0909117,44.7722914],[29.090838,44.7722638],[29.0907629,44.7722371],[29.0905926,44.7722047],[29.0904008,44.7721429],[29.0902425,44.7721057],[29.0900642,44.7720695],[29.0898094,44.7720162],[29.0896833,44.7719629],[29.0896109,44.7719172],[29.0895773,44.7718763],[29.0895116,44.7718201],[29.0894338,44.7717554],[29.0893346,44.7717135],[29.0892676,44.7716897],[29.0891683,44.7716487],[29.0890744,44.7716211],[29.0889886,44.7716049],[29.08888,44.7715754],[29.0888397,44.7715554],[29.0887807,44.7715192],[29.0886976,44.7714688],[29.088593,44.7714288],[29.0885192,44.7714183],[29.0884374,44.7714183],[29.088373,44.7714278],[29.0883033,44.7714507],[29.0881578,44.7715359],[29.0880954,44.7715611],[29.0880237,44.7715768],[29.0879714,44.7715807],[29.0879345,44.7715768],[29.0878983,44.7715711],[29.0878594,44.7715588],[29.0878064,44.7715397],[29.0877333,44.7715212],[29.0876817,44.7715154],[29.0876468,44.7715145],[29.0875737,44.7715035],[29.0875221,44.7714897],[29.0874631,44.771465],[29.0873042,44.7714012],[29.0871821,44.7713536],[29.0869823,44.7712498],[29.0868844,44.7712089],[29.0867865,44.7711889],[29.0867235,44.771186],[29.086647,44.7712032],[29.0865397,44.7712146],[29.0863734,44.7712222],[29.0861092,44.7712013],[29.0860113,44.7711746],[29.0859322,44.7711346],[29.0858665,44.7710651],[29.0858316,44.7710127],[29.0857847,44.7709366],[29.0857016,44.7708318],[29.085601,44.7707776],[29.0855259,44.7707509],[29.0854293,44.7707271],[29.0853381,44.770709],[29.0852644,44.7707071],[29.0851772,44.7707138],[29.0850471,44.7707233],[29.0849398,44.7707243],[29.0848044,44.7707071],[29.084693,44.7706824],[29.0846179,44.7706548],[29.0844999,44.7705786],[29.0844195,44.7705167],[29.0843403,44.7704434],[29.0842961,44.7704005],[29.0841231,44.7703234],[29.0839031,44.7702415],[29.0837958,44.7702016],[29.08371,44.7701368],[29.0836349,44.7700721],[29.0835062,44.7700073],[29.0833533,44.7699731],[29.083187,44.7699483],[29.082959,44.7698988],[29.0827632,44.7698417],[29.0825513,44.7697864],[29.0823689,44.7697236],[29.082216,44.7696969],[29.0819988,44.7696684],[29.081744,44.769655],[29.0813255,44.7695998],[29.0810841,44.7695294],[29.0809742,44.7694703],[29.0808883,44.7693656],[29.0808347,44.7692418],[29.080781,44.7691542],[29.080714,44.7690895],[29.0806308,44.7690457],[29.0805155,44.7690209],[29.0803707,44.7689867],[29.0798449,44.76888],[29.0794077,44.768762],[29.0792012,44.7687201],[29.0790644,44.7687048],[29.0789598,44.7687144],[29.0788391,44.7687372],[29.0786943,44.7687391],[29.0785602,44.7687105],[29.0784019,44.7686458],[29.0782088,44.7685392],[29.0781149,44.7684649],[29.0780076,44.7683735],[29.0778869,44.7683259],[29.0776616,44.7682802],[29.0773773,44.7682497],[29.0769589,44.7682021],[29.0761542,44.7680003],[29.0757546,44.7679127],[29.0756084,44.767887],[29.0755051,44.7678765],[29.0754502,44.7678698],[29.0753442,44.7678508],[29.0752771,44.7678222],[29.0752369,44.7677698],[29.0752175,44.7677227],[29.0752014,44.7676865],[29.0751826,44.7676694],[29.0751518,44.7676613],[29.0751129,44.7676618],[29.0750512,44.7676694],[29.0749338,44.7676794],[29.0748654,44.7676775],[29.0747581,44.7676537],[29.0746938,44.7676146],[29.0745905,44.767548],[29.0744939,44.7675251],[29.0744001,44.7675147],[29.0743089,44.767489],[29.0742633,44.7674537],[29.0742271,44.7673809],[29.0742271,44.7672947],[29.0742217,44.7672357],[29.0742143,44.7672171],[29.0742029,44.7672043],[29.0741885,44.7672007],[29.0741721,44.7672009],[29.0741553,44.7672005],[29.074107,44.7672052],[29.0740547,44.7672185],[29.0740091,44.7672333],[29.0739381,44.7672452],[29.0739079,44.76725],[29.0738904,44.7672509],[29.0738683,44.7672481],[29.0738341,44.7672338],[29.073816,44.7672133],[29.0738073,44.76719],[29.0737791,44.7671529],[29.0737322,44.7671186],[29.0736799,44.7670967],[29.0736531,44.7670957],[29.0735686,44.7671138],[29.0735029,44.7671348],[29.0734452,44.7671338],[29.0733325,44.7671224],[29.0731099,44.7670653],[29.0728363,44.7670291],[29.0726888,44.7669891],[29.072544,44.76693],[29.072485,44.7668444],[29.0723857,44.7667472],[29.072147,44.7666558],[29.0718305,44.7665644],[29.0716052,44.7665149],[29.0714443,44.7664959],[29.0712646,44.7664654],[29.071109,44.7664121],[29.0708904,44.7662873],[29.0707616,44.7662007],[29.0706342,44.7661588],[29.0704907,44.7661321],[29.0702949,44.7660893],[29.0701608,44.7660731],[29.0700589,44.7660636],[29.0699288,44.7660455],[29.0698336,44.7660217],[29.0696767,44.7659446],[29.0696096,44.7658817],[29.0695935,44.7658408],[29.0695922,44.7657751],[29.0695895,44.765696],[29.0695734,44.7656437],[29.0695439,44.7656189],[29.069505,44.7656161],[29.069446,44.7656256],[29.0693951,44.7656408],[29.0693468,44.7656456],[29.0692851,44.7656437],[29.0692221,44.7656275],[29.0690263,44.7655723],[29.0689324,44.7655418],[29.0688103,44.7655342],[29.0687272,44.7655389],[29.0686105,44.7655532],[29.0685019,44.7655532],[29.0683892,44.7655208],[29.0683195,44.7654828],[29.0682605,44.7654104],[29.0681612,44.7652657],[29.0680352,44.7651381],[29.0679467,44.765079],[29.0678233,44.7650448],[29.0677321,44.7650333],[29.0675685,44.7650219],[29.067421,44.7649733],[29.067366,44.7649181],[29.0673338,44.7648419],[29.0673298,44.7647715],[29.0673083,44.7646858],[29.0672667,44.7646306],[29.0672064,44.7645829],[29.0670978,44.7645239],[29.066804,44.764283],[29.066564,44.7640849],[29.0664339,44.7640183],[29.0663347,44.7639554],[29.0662649,44.7639155],[29.0661992,44.763885],[29.0660356,44.7638402],[29.0658304,44.7638002],[29.0657178,44.7637707],[29.0656024,44.7637288],[29.0655568,44.7636955],[29.0655327,44.7636574],[29.0655206,44.7636269],[29.0655045,44.7635898],[29.0654697,44.7635546],[29.0654133,44.7635165],[29.0653718,44.7634984],[29.0653047,44.7634879],[29.0652591,44.7634889],[29.0652202,44.7634984],[29.0651914,44.7635098],[29.0651759,44.7635241],[29.0651532,44.7635698],[29.0651357,44.7635974],[29.0650982,44.7636146],[29.0650606,44.7636212],[29.065019,44.7636222],[29.0649238,44.7636136],[29.0648501,44.7636088],[29.0647562,44.7636126],[29.0645939,44.7636336],[29.0644598,44.763645],[29.064315,44.7636393],[29.0641755,44.7635898],[29.0640011,44.763527],[29.0638885,44.7634736],[29.0637678,44.7633803],[29.0637115,44.7633022],[29.0636739,44.7631708],[29.0636846,44.763068],[29.0636578,44.7629594],[29.0636203,44.7628604],[29.0634727,44.7627271],[29.0633091,44.7626166],[29.0631723,44.7624776],[29.0630691,44.7623624],[29.062998,44.7622872],[29.062939,44.7622453],[29.0628894,44.7622196],[29.0628062,44.7621957],[29.0626493,44.7621548],[29.0623945,44.7620339],[29.0622389,44.7619444],[29.0621263,44.7618815],[29.0620109,44.7618282],[29.0618312,44.7618034],[29.0615308,44.7617691],[29.0613484,44.761752],[29.0612143,44.7617425],[29.0610695,44.7617234],[29.0609139,44.7616625],[29.0607423,44.7615616],[29.0605223,44.7614301],[29.0603989,44.7613521],[29.060356,44.7613321],[29.060301,44.7613273],[29.0602367,44.761333],[29.0601522,44.7613616],[29.0600502,44.7613949],[29.0599054,44.7614149],[29.0596774,44.7614111],[29.0594682,44.7613825],[29.0592885,44.7613349],[29.0591034,44.7612264],[29.0589961,44.761115],[29.0589237,44.7610883],[29.0588701,44.7610826],[29.0588231,44.7610873],[29.0587842,44.7611026],[29.0587252,44.7611178],[29.0586206,44.7611178],[29.0584865,44.7610969],[29.0583658,44.7610626],[29.058229,44.7609902],[29.0578428,44.7607455],[29.0574485,44.7604436],[29.0572286,44.7602741],[29.0569282,44.7601179],[29.0568289,44.760057],[29.0567082,44.7600056],[29.0565312,44.7599522],[29.0563166,44.7599065],[29.0558928,44.7597085],[29.0554476,44.7594628],[29.0553161,44.7593942],[29.0551659,44.7593466],[29.0549272,44.7592799],[29.0547985,44.7592247],[29.0547314,44.7591561],[29.0546764,44.7590466],[29.0546389,44.7589847],[29.0546027,44.7589257],[29.0545718,44.7588505],[29.0545477,44.7588267],[29.0544847,44.7588047],[29.0544203,44.7588019],[29.0543465,44.7588086],[29.0542701,44.7588371],[29.0541561,44.7588762],[29.0539878,44.7588976],[29.0539053,44.7588924],[29.0538436,44.7588838],[29.0538054,44.7588714],[29.0537497,44.7588324],[29.0536961,44.7587852],[29.0535969,44.7587143],[29.0532964,44.758581],[29.0530872,44.7584838],[29.052878,44.7583676],[29.0526178,44.7582419],[29.0522155,44.7581058],[29.0520224,44.7580172],[29.0519325,44.757962],[29.0518601,44.7578905],[29.0517595,44.757762],[29.0517019,44.7577001],[29.0516308,44.7576391],[29.0515329,44.7575791],[29.0514511,44.7575315],[29.0512231,44.7574496],[29.0507698,44.7572477],[29.0505579,44.7571297],[29.0502548,44.757002],[29.0499946,44.7568859],[29.0499155,44.756862],[29.0498257,44.7568316],[29.0497801,44.7568049],[29.0497197,44.7567611],[29.0496486,44.756724],[29.0495467,44.7566925],[29.0494622,44.7566687],[29.049371,44.7566335],[29.049316,44.7565878],[29.0492865,44.7565411],[29.0492557,44.7564954],[29.0492114,44.7564687],[29.0491377,44.7564354],[29.0490867,44.7563945],[29.0490586,44.7563649],[29.0490391,44.7563259],[29.0490022,44.7563011],[29.0489767,44.7562954],[29.0489432,44.7562978],[29.0489084,44.7563078],[29.0488768,44.7563221],[29.0488011,44.7563487],[29.0486683,44.7563592],[29.0485315,44.7563564],[29.0484376,44.7563421],[29.0482861,44.756304],[29.0481386,44.7562326],[29.0480621,44.7561745],[29.0480058,44.756104],[29.0479602,44.756065],[29.0479146,44.7560516],[29.0477979,44.7560173],[29.0475914,44.7559411],[29.0473889,44.755824],[29.0473017,44.7557497],[29.0472132,44.7557069],[29.047177,44.7556974],[29.047126,44.7556935],[29.0470134,44.7557021],[29.0469316,44.7557021],[29.0468404,44.7556907],[29.0467934,44.7556716],[29.0467626,44.755645],[29.0467009,44.7555669],[29.0466472,44.7554697],[29.0465815,44.7553964],[29.0465078,44.7553421],[29.0462865,44.7552088],[29.0461081,44.7550955],[29.046029,44.7550298],[29.0459687,44.7549574],[29.0459378,44.7548631],[29.0459294,44.7548486],[29.0459204,44.7548424],[29.0459066,44.754841],[29.0458855,44.7548431],[29.0458211,44.7548536],[29.0457514,44.7548574],[29.0456991,44.7548526],[29.0456548,44.7548336],[29.0455838,44.7547774],[29.0455489,44.7547602],[29.045514,44.754756],[29.0454724,44.754756],[29.0454302,44.7547593],[29.0453638,44.7547655],[29.0453209,44.754765],[29.0452887,44.7547626],[29.0452277,44.7547521],[29.045172,44.754726],[29.0451318,44.7547021],[29.045109,44.7546755],[29.0450835,44.7546088],[29.0450554,44.7545469],[29.0450218,44.7545288],[29.0449789,44.7545212],[29.04494,44.7545222],[29.0448971,44.754526],[29.0448314,44.7545317],[29.0447389,44.7545298],[29.0444398,44.7544574],[29.043843,44.7542517],[29.0436713,44.7541793],[29.0435895,44.7541241],[29.043548,44.7540726],[29.0435278,44.7540145],[29.0435198,44.7539507],[29.0435037,44.7539031],[29.0434863,44.7538869],[29.0434594,44.7538764],[29.0434246,44.7538736],[29.0433817,44.7538784],[29.0433146,44.7539022],[29.043269,44.7539279],[29.0431631,44.7540155],[29.0430665,44.7540612],[29.042919,44.7540764],[29.0427607,44.7540612],[29.04264,44.7540231],[29.0425059,44.753945],[29.0423664,44.7538307],[29.0422752,44.7536841],[29.0422404,44.7536269],[29.0421572,44.7535584],[29.0420768,44.7535107],[29.0419722,44.7534841],[29.0418622,44.7534841],[29.041712,44.7535126],[29.0416235,44.7535126],[29.0414733,44.753505],[29.0413552,44.7534898],[29.0412158,44.7534479],[29.041087,44.7533774],[29.0409878,44.7532765],[29.0408832,44.7531298],[29.0407504,44.7529736],[29.0406874,44.7529165],[29.0406579,44.7528888],[29.040619,44.7528698],[29.0405291,44.7528507],[29.0403709,44.7527793],[29.0402877,44.7527298],[29.0402448,44.752705],[29.0401751,44.7527012],[29.0401295,44.7527107],[29.0400571,44.7527545],[29.0399632,44.7528098],[29.0397996,44.7528365],[29.0395823,44.7528269],[29.0393972,44.7527926],[29.0392122,44.7527184],[29.0390995,44.7526307],[29.0388447,44.7525107],[29.038543,44.7524507],[29.0384088,44.7523917],[29.0383364,44.7523298],[29.0382707,44.7522669],[29.0382157,44.7522193],[29.0381648,44.7521955],[29.0381151,44.7521812],[29.0380535,44.7521717],[29.0379515,44.7521679],[29.0377893,44.7521507],[29.0377007,44.7521345],[29.0376082,44.7521079],[29.0375237,44.7520803],[29.0374365,44.7519955],[29.0373668,44.7519136],[29.0373373,44.7518364],[29.0372863,44.7518022],[29.0372609,44.7517955],[29.0372354,44.7517907],[29.037171,44.7517926],[29.0371066,44.7518031],[29.0370181,44.7518174],[29.0368974,44.7518164],[29.0367606,44.7518022],[29.0365916,44.7517745],[29.0364991,44.7517631],[29.036416,44.7517374],[29.0363355,44.7517069],[29.0362792,44.7516831],[29.0362309,44.7516736],[29.0361705,44.7516736],[29.0361048,44.7516945],[29.0360472,44.7516983],[29.0359721,44.7516898],[29.0358862,44.7516745],[29.0358071,44.7516469],[29.035724,44.7516041],[29.0356515,44.7515441],[29.0355831,44.7514588],[29.0355744,44.7514236],[29.035567,44.7513855],[29.035561,44.7513626],[29.0355516,44.7513507],[29.0355228,44.7513436],[29.0355013,44.751345],[29.0354785,44.7513521],[29.0354584,44.7513617],[29.0354289,44.7513731],[29.0352733,44.7513888],[29.035107,44.7513907],[29.0349877,44.7513821],[29.0348871,44.751365],[29.0347972,44.7513336],[29.0347195,44.7512926],[29.0346698,44.7512374],[29.0346403,44.7511869],[29.0346162,44.7511021],[29.0345947,44.7510069],[29.0345679,44.7509316],[29.0345331,44.7508793],[29.0344861,44.7508536],[29.034407,44.7508336],[29.0343198,44.7508307],[29.0342313,44.7508412],[29.0341629,44.7508478],[29.0340972,44.7508364],[29.033998,44.750805],[29.0339175,44.750765],[29.0338384,44.7506897],[29.0338102,44.7506231],[29.0337686,44.7505621],[29.0336868,44.7505135],[29.0335795,44.7504707],[29.0334548,44.7504145],[29.0333851,44.7503697],[29.0333207,44.750325],[29.0332852,44.7502978],[29.0332422,44.7502745],[29.0332174,44.7502697],[29.0331805,44.7502645],[29.0331303,44.7502592],[29.0330867,44.7502521],[29.0330438,44.7502383],[29.0330143,44.7502211],[29.0329854,44.7501964],[29.0329666,44.7501711],[29.0329298,44.7501192],[29.0329204,44.7501121],[29.032911,44.7501121],[29.0329023,44.7501154],[29.0328895,44.7501254],[29.0328795,44.7501359],[29.032854,44.7501616],[29.0328138,44.7501902],[29.0327212,44.7502478],[29.0326287,44.7502973],[29.0324892,44.750344],[29.0323994,44.7503554],[29.0322424,44.750364],[29.0321271,44.7503802],[29.0320252,44.7503916],[29.0319514,44.7503859],[29.0318857,44.7503735],[29.0318187,44.7503545],[29.031757,44.750305],[29.0316215,44.7502164],[29.031468,44.750134],[29.0314217,44.7501064],[29.0313969,44.7500807],[29.0313781,44.7500488],[29.0313701,44.7500026],[29.0313634,44.7499559],[29.0313385,44.7499173],[29.0313157,44.7498964],[29.0312245,44.7498535],[29.0311454,44.7498402],[29.0310274,44.7498145],[29.030955,44.7497887],[29.0309255,44.749763],[29.0308732,44.7497021],[29.0308423,44.7496554],[29.03079,44.7496192],[29.030723,44.7495944],[29.0305728,44.7495506],[29.0304883,44.7495306],[29.0304226,44.7495087],[29.0303609,44.749504],[29.0303059,44.749504],[29.0301879,44.7494944],[29.0301141,44.7494649],[29.0300243,44.7494182],[29.0299639,44.7493754],[29.029917,44.7493211],[29.0298794,44.7492687],[29.0297627,44.7491944],[29.0296099,44.7491144],[29.0293765,44.7490382],[29.0292625,44.7490011],[29.0291861,44.7489658],[29.0291445,44.7489439],[29.0290734,44.7488706],[29.0290171,44.7487991],[29.0289339,44.7486815],[29.0289145,44.7486606],[29.0289044,44.7486448],[29.0289024,44.7486163],[29.0289078,44.7485987],[29.0289239,44.7485791],[29.02894,44.7485525],[29.028942,44.748531],[29.028936,44.7485134],[29.0289192,44.7484886],[29.0288944,44.748472],[29.0288749,44.7484672],[29.0288481,44.7484701],[29.0288233,44.7484839],[29.0287817,44.7485048],[29.0287274,44.7485191],[29.0286443,44.748521],[29.0285866,44.7485201],[29.0285075,44.7485029],[29.0284015,44.7484648],[29.0283117,44.7484286],[29.0282392,44.7483867],[29.0281869,44.7483401],[29.0281346,44.7483096],[29.0281025,44.7482953],[29.0280475,44.7482896],[29.0279952,44.7482877],[29.0279201,44.7482858],[29.0278128,44.7482801],[29.0277109,44.7482677],[29.0276438,44.7482477],[29.0276049,44.7482201],[29.0275606,44.7481801],[29.0275218,44.7481515],[29.0274641,44.7481343],[29.0274212,44.7481343],[29.0273903,44.748141],[29.0273434,44.748161],[29.0273018,44.7481705],[29.0272522,44.7481772],[29.0272012,44.7481772],[29.0271074,44.7481705],[29.0270403,44.7481581],[29.0269116,44.7481267],[29.0267131,44.7480686],[29.0265065,44.7480381],[29.0263295,44.7480134],[29.026182,44.7479657],[29.0260318,44.7479105],[29.0257099,44.7478229],[29.0253398,44.7476819],[29.0252164,44.7476229],[29.0250716,44.7475829],[29.0249053,44.7475562],[29.0246746,44.7475429],[29.0243769,44.7475143],[29.024055,44.7474419],[29.0236929,44.7473352],[29.0232182,44.7471504],[29.022907,44.7470418],[29.02262,44.7469256],[29.0223786,44.7468209],[29.0222096,44.7467351],[29.0220916,44.7466894],[29.0218824,44.7466475],[29.0216035,44.7466151],[29.0212132,44.7465647],[29.0209745,44.7465189],[29.02078,44.7464961],[29.0205561,44.7464675],[29.0204139,44.7464494],[29.0202892,44.7464161],[29.0201859,44.7463732],[29.0200451,44.7463046],[29.0199432,44.7462646],[29.0198788,44.7462399],[29.0197447,44.7461884],[29.0196079,44.7461637],[29.0194765,44.7461522],[29.019278,44.7461408],[29.0190715,44.7461141],[29.0188274,44.7460836],[29.018594,44.7460398],[29.018425,44.7460151],[29.0182132,44.745977],[29.0180683,44.7459389],[29.0178698,44.7459179],[29.0177451,44.7459208],[29.0176016,44.7459322],[29.0174796,44.7459484],[29.0173186,44.7459589],[29.0171939,44.745956],[29.0171041,44.7459408],[29.0170477,44.7459179],[29.0169968,44.7458798],[29.0169378,44.745836],[29.0168291,44.7457846],[29.0167118,44.7457274],[29.0166628,44.745716],[29.0165918,44.7457045],[29.0165281,44.7457084],[29.016467,44.7457198],[29.0164322,44.745725],[29.0163302,44.7457217],[29.0162176,44.7457103],[29.0160298,44.745676],[29.0158609,44.7456436],[29.0156302,44.7455807],[29.0153888,44.7455236],[29.0152131,44.7454798],[29.0150937,44.7454474],[29.0150294,44.7454331],[29.0149637,44.7454302],[29.0148658,44.7454407],[29.0147437,44.7454779],[29.0146404,44.7455017],[29.0145506,44.7455093],[29.0144661,44.7455102],[29.0143923,44.7455074],[29.0142851,44.7454874],[29.0141872,44.7454626],[29.0140651,44.7454426],[29.0139109,44.745414],[29.0137781,44.7453845],[29.0136816,44.7453502],[29.0135595,44.7453026],[29.0133731,44.745234],[29.0131009,44.7451473],[29.0128058,44.7450411],[29.0127274,44.7450278],[29.0127026,44.7450225],[29.0126871,44.7450149],[29.012673,44.7449983],[29.012661,44.7449787],[29.0126469,44.7449478],[29.0126301,44.7449254],[29.01261,44.744913],[29.0125403,44.7448873],[29.0124571,44.7448616],[29.0123726,44.7448387],[29.0123056,44.744812],[29.0121916,44.7447558],[29.0120628,44.7447139],[29.011969,44.7446949],[29.0118027,44.7446758],[29.0116525,44.7446758],[29.0115184,44.7446892],[29.0114191,44.7447216],[29.0112998,44.7447558],[29.0112005,44.744772],[29.0111013,44.744772],[29.0109994,44.7447635],[29.010829,44.7447216],[29.0107553,44.7446973],[29.0106748,44.7446682],[29.0105622,44.7446234],[29.0104938,44.7445834],[29.010428,44.7445311],[29.0103663,44.7444729],[29.0103368,44.7444263],[29.0103322,44.7443748],[29.0103335,44.7443386],[29.0103315,44.7443167],[29.0103161,44.7442886],[29.010304,44.7442772],[29.0102631,44.7442615],[29.0102208,44.7442524],[29.0101431,44.7442429],[29.009958,44.7442362],[29.0098681,44.7442377],[29.0098011,44.7442472],[29.0097736,44.7442577],[29.0097568,44.7442753],[29.0097414,44.7443015],[29.0097287,44.7443253],[29.0097092,44.7443572],[29.0096717,44.744396],[29.0096408,44.7444253],[29.0095858,44.7444634],[29.0095215,44.7444891],[29.009394,44.7445291],[29.0093297,44.7445425],[29.0092573,44.7445453],[29.0091754,44.7445491],[29.009099,44.7445606],[29.00893,44.7445949],[29.0087932,44.7446034],[29.0087074,44.7446015],[29.0086269,44.7445882],[29.0085666,44.7445711],[29.0085277,44.7445463],[29.0084848,44.7445044],[29.0084445,44.7444587],[29.0084083,44.7444053],[29.00835,44.7443503],[29.0083359,44.7443415],[29.0083155,44.7443367],[29.0082977,44.7443379],[29.0082873,44.7443408],[29.0082732,44.7443479],[29.0082655,44.744352],[29.0082551,44.7443551],[29.0082441,44.7443558],[29.008233,44.7443544],[29.0082259,44.744352],[29.0082179,44.7443463],[29.0082031,44.7443334],[29.0081857,44.7443286],[29.0081636,44.7443367],[29.0081462,44.7443534],[29.0081348,44.744372],[29.0081361,44.7443939],[29.0081361,44.7444177],[29.0081334,44.7444415],[29.0081213,44.7444787],[29.0080932,44.7445082],[29.0080664,44.7445291],[29.0080355,44.7445406],[29.0079778,44.744552],[29.0079081,44.7445549],[29.0077995,44.7445568],[29.0077364,44.7445501],[29.0075755,44.7445291],[29.0073958,44.7445006],[29.0072483,44.7445044],[29.0071195,44.7445063],[29.0069747,44.7444968],[29.0068915,44.7444587],[29.0068084,44.7444148],[29.006681,44.744291],[29.006571,44.7441748],[29.0064624,44.7440624],[29.0062867,44.743951],[29.00616,44.7438695],[29.0061124,44.7438457],[29.0060802,44.7438333],[29.0060581,44.7438328],[29.0060353,44.7438414],[29.0060091,44.7438619],[29.005999,44.7438824],[29.0059722,44.7439043],[29.0059488,44.7439143],[29.0059159,44.7439205],[29.0058542,44.7439262],[29.0057114,44.7439348],[29.0055183,44.743931],[29.0052903,44.7439081],[29.0050757,44.7438833],[29.0049121,44.7438795],[29.0047954,44.74389],[29.0046827,44.7438814],[29.0046331,44.7438738],[29.0045406,44.7438509],[29.0044655,44.7438328],[29.0043689,44.74383],[29.0043153,44.7438367],[29.0042751,44.74385],[29.004208,44.7438814],[29.0041356,44.7439005],[29.0040363,44.7439186],[29.0039814,44.7439214],[29.0038982,44.7439243],[29.0038271,44.7439119],[29.0037829,44.7438929],[29.0037467,44.7438633],[29.0037078,44.7438157],[29.0036581,44.7437585],[29.0036099,44.7437309],[29.0034851,44.7436833],[29.0034141,44.7436662],[29.0033081,44.7436395],[29.0032169,44.7436119],[29.0031271,44.7435852],[29.0030399,44.7435528],[29.0029782,44.7435185],[29.0029313,44.7434871],[29.0028548,44.7434456],[29.0028267,44.743438],[29.0028005,44.743438],[29.002769,44.7434466],[29.0027563,44.7434528],[29.0027402,44.7434633],[29.0027207,44.7434842],[29.0026966,44.7435018],[29.0026644,44.7435142],[29.0025839,44.7435395],[29.0024069,44.7436042],[29.0022795,44.7436338],[29.0021561,44.7436357],[29.0020595,44.7436195],[29.0019469,44.7435928],[29.0018624,44.7435642],[29.0016223,44.7434747],[29.0015298,44.7434537],[29.0014587,44.7434537],[29.0014091,44.7434633],[29.0013729,44.7434776],[29.0013514,44.7434937],[29.0013354,44.7435195],[29.0013112,44.7435709],[29.0012817,44.7436328],[29.0012361,44.7436938],[29.001157,44.7437681],[29.0010872,44.7438062],[29.0009625,44.7438643],[29.000807,44.7439271],[29.0007211,44.743951],[29.0006675,44.7439586],[29.0006179,44.7439624],[29.0005361,44.7439548],[29.0004154,44.7439452],[29.0002611,44.7439167],[29.0000948,44.74385],[29.000017,44.7438062],[28.9999862,44.7437757],[28.9999674,44.7437414],[28.9999486,44.7436938],[28.9999124,44.7436433],[28.9998689,44.743589],[28.9998266,44.7435709],[28.9997676,44.7435547],[28.9997187,44.743539],[28.9996851,44.7435199],[28.9996442,44.7434861],[28.9995906,44.7434494],[28.9995054,44.7434161],[28.9994209,44.743389],[28.9993472,44.7433675],[28.9992821,44.7433499],[28.9992365,44.7433347],[28.9991748,44.7433347],[28.9991212,44.7433432],[28.9990742,44.7433547],[28.9990367,44.7433642],[28.9989817,44.7433718],[28.9989093,44.7433804],[28.9988221,44.7433794],[28.9987323,44.7433766],[28.9986143,44.7433623],[28.998511,44.7433385],[28.9984104,44.7433118],[28.9983018,44.7432832],[28.9981851,44.7432327],[28.9981315,44.7431985],[28.9980832,44.7431756],[28.9980255,44.7431546],[28.9979705,44.7431432],[28.9979155,44.7431413],[28.9978404,44.7431442],[28.9977935,44.7431394],[28.9977291,44.7431203],[28.9976741,44.7431003],[28.9975964,44.7430394],[28.9975709,44.7429965],[28.9975508,44.7429375],[28.9975373,44.7428574],[28.9975327,44.7428036],[28.9975327,44.7427803],[28.9975266,44.7427641],[28.9975058,44.742745],[28.997481,44.7427255],[28.9974696,44.7427193],[28.9974435,44.7427165],[28.9974327,44.7427193],[28.9974086,44.7427374],[28.9973757,44.7427684],[28.9973456,44.7428012],[28.9973268,44.7428174],[28.9973067,44.7428255],[28.9972886,44.7428289],[28.9972705,44.7428279],[28.9972389,44.7428241],[28.997194,44.7428146],[28.9971551,44.7428051],[28.9971068,44.7427908],[28.9969989,44.7427731],[28.996964,44.7427689],[28.9969271,44.7427612],[28.9969037,44.7427512],[28.9968789,44.7427341],[28.9968353,44.7426941],[28.9968138,44.7426755],[28.9967924,44.7426536],[28.9967783,44.7426398],[28.9967582,44.7426355],[28.9967427,44.7426365],[28.9967354,44.7426379],[28.996726,44.7426407],[28.9967052,44.7426607],[28.9966804,44.7426888],[28.9966468,44.742726],[28.996612,44.742746],[28.9965704,44.7427574],[28.996502,44.742765],[28.9964282,44.7427689],[28.9963411,44.7427689],[28.9962848,44.7427784],[28.9961721,44.7427984],[28.9960474,44.7428193],[28.9959763,44.7428193],[28.9959294,44.7428117],[28.9958918,44.7428012],[28.9958315,44.7427774],[28.9957483,44.7427393],[28.9956933,44.7427241],[28.9956611,44.742725],[28.9956383,44.7427327],[28.9956008,44.7427631],[28.9955565,44.7428155],[28.9954855,44.7428908],[28.9953768,44.7429632],[28.9952709,44.7430079],[28.9951394,44.743048],[28.9950067,44.743068],[28.994835,44.7430794],[28.9946151,44.7430784],[28.9943576,44.7430403],[28.9941765,44.7429765],[28.9940464,44.7429336],[28.9939579,44.7428755],[28.9939244,44.7428193],[28.9939097,44.7427346],[28.9938949,44.7426412],[28.9938882,44.7425755],[28.9938708,44.7425402],[28.9938413,44.7425155],[28.993793,44.7424926],[28.9937474,44.7424774],[28.9936723,44.7424707],[28.9935985,44.7424707],[28.9934885,44.7424869],[28.9934148,44.7424831],[28.9933491,44.7424726],[28.993219,44.7424526],[28.9929682,44.7424202],[28.9927979,44.7423793],[28.9925833,44.7423488],[28.9924505,44.7423278],[28.9923164,44.7422811],[28.9922702,44.742253],[28.9922534,44.7422359],[28.9922393,44.742213],[28.9922239,44.742183],[28.992194,44.7421164],[28.9921947,44.7420823],[28.9921867,44.7420635],[28.9921749,44.7420482],[28.9921619,44.7420392],[28.9921485,44.7420344],[28.992132,44.7420385],[28.9921173,44.7420425],[28.9920837,44.7420649],[28.9920623,44.7420821],[28.992014,44.7421083],[28.9919724,44.7421283],[28.9919014,44.7421549],[28.9917786,44.7421935],[28.9916083,44.7422097],[28.9914125,44.7422049],[28.9911711,44.7422335],[28.990868,44.742243],[28.9906508,44.7422469],[28.9904281,44.7422335],[28.9902592,44.7422068],[28.9900553,44.7421497],[28.989712,44.7420773],[28.9893204,44.7419592],[28.9890897,44.7418792],[28.9888725,44.7418258],[28.9886874,44.7417687],[28.988564,44.7417249],[28.9884648,44.7417058],[28.9883736,44.7416906],[28.9882582,44.7416925],[28.9881375,44.7416925],[28.9877862,44.741681],[28.9875394,44.7417115],[28.9873517,44.741742],[28.9870727,44.7417534],[28.9868206,44.7417591],[28.9866865,44.7417382],[28.986606,44.7417134],[28.9865242,44.7416753],[28.9864638,44.7416486],[28.9863995,44.7416258],[28.9863498,44.7416182],[28.9862774,44.7416134],[28.9861608,44.7416096],[28.9860642,44.7416001],[28.9859931,44.7415829],[28.9859502,44.7415724],[28.9858992,44.7415667],[28.985863,44.7415696],[28.9857423,44.7416029],[28.985631,44.7416305],[28.9854741,44.7416334],[28.9853199,44.7416163],[28.9852113,44.7416201],[28.9850959,44.7416496],[28.9850087,44.7416658],[28.9848773,44.7416648],[28.9847727,44.7416534],[28.9847244,44.7416525],[28.9846708,44.7416601],[28.9846292,44.7416925],[28.9846104,44.7417153],[28.9845756,44.7417668],[28.984534,44.7418077],[28.9844777,44.741843],[28.9843543,44.7418601],[28.9842336,44.7418715],[28.9841317,44.741882],[28.9839828,44.741882],[28.9838514,44.7418773],[28.9837642,44.7418782],[28.9836797,44.7418915],[28.9835751,44.741923],[28.9834772,44.7419716],[28.983386,44.7420268],[28.9833015,44.7420783],[28.9831607,44.742144],[28.9829515,44.7421973],[28.9828858,44.7422059],[28.9828053,44.7421992],[28.9825746,44.7421583],[28.982399,44.7421116],[28.9822742,44.7420602],[28.98212,44.7419649],[28.9820449,44.7419106],[28.9819819,44.7418611],[28.981939,44.7418125],[28.9819148,44.7417706],[28.9819027,44.7417144],[28.9819014,44.7416572],[28.9818987,44.7416048],[28.9818893,44.7415658],[28.9818571,44.7415343],[28.9817928,44.7415181],[28.9817204,44.7415181],[28.9816372,44.7415267],[28.9815621,44.7415534],[28.9815246,44.7415867],[28.9815058,44.7416572],[28.9814843,44.741721],[28.9814468,44.7417744],[28.9813851,44.7418325],[28.9812805,44.7419144],[28.9811611,44.7419839],[28.9810511,44.7420592],[28.9809774,44.7420964],[28.9809144,44.7421249],[28.9808339,44.742143],[28.9807306,44.7421592],[28.9805938,44.7421745],[28.9804383,44.7422021],[28.9802934,44.7422335],[28.9801097,44.7422469],[28.979985,44.7422269],[28.9798737,44.7421992],[28.9797892,44.7421716],[28.9797167,44.7421249],[28.9796537,44.7420687],[28.9796249,44.742023],[28.9796142,44.7419868],[28.9796054,44.7419682],[28.9795974,44.7419558],[28.979582,44.7419439],[28.9795592,44.7419416],[28.9795183,44.7419549],[28.9794673,44.7419797],[28.9793734,44.7420459],[28.9792769,44.7421002],[28.9791977,44.7421316],[28.9790449,44.7421707],[28.9789322,44.7421811],[28.9788303,44.7421954],[28.9787123,44.7421907],[28.9785768,44.7421897],[28.9783636,44.7421773],[28.9782482,44.742164],[28.9781597,44.7421449],[28.9780933,44.7421221],[28.9780591,44.7420983],[28.9780021,44.7420454],[28.9778989,44.7419535],[28.9778694,44.7419168],[28.9778419,44.7418925],[28.9778097,44.7418782],[28.9777943,44.7418749],[28.9777742,44.7418777],[28.9777561,44.7418839],[28.9777366,44.7419011],[28.9777011,44.741952],[28.9776327,44.7420259],[28.9775867,44.742063],[28.9775341,44.7420983],[28.9774825,44.7421264],[28.9774375,44.7421511],[28.9773906,44.7421697],[28.9773068,44.7421897],[28.977237,44.7421988],[28.9771445,44.7422135],[28.9770875,44.7422349],[28.9770305,44.7422602],[28.977005,44.7422869],[28.9769326,44.742345],[28.9768589,44.7423726],[28.976765,44.7423835],[28.9766711,44.742385],[28.9765732,44.7423774],[28.9764565,44.7423535],[28.9762916,44.7422888],[28.9762225,44.7422635],[28.9761246,44.7422302],[28.9759067,44.7421754],[28.9756867,44.7421068],[28.9756049,44.7420716],[28.9755271,44.7420325],[28.9754842,44.7419925],[28.9754413,44.7419173],[28.975389,44.7418249],[28.9753085,44.7417601],[28.975094,44.7416368],[28.9738119,44.7419439],[28.9726639,44.7422183],[28.9688229,44.7434261],[28.9632439,44.7450416],[28.9594674,44.7463218],[28.9563131,44.7475257],[28.9398497,44.7541279],[28.9401193,44.7543193],[28.9401931,44.7544117],[28.9402266,44.7544926],[28.9402333,44.7545498],[28.94024,44.7545898],[28.9402427,44.7546545],[28.9402682,44.7546831],[28.9402963,44.7546936],[28.9403419,44.7547041],[28.9404023,44.7547145],[28.9404894,44.7547317],[28.9405739,44.7547421],[28.9406249,44.7547583],[28.9406718,44.7547783],[28.9406946,44.7548174],[28.940708,44.7548688],[28.9407013,44.754944],[28.9407322,44.7550669],[28.9407375,44.7551459],[28.9407563,44.7552183],[28.9407778,44.7552726],[28.9407912,44.755305],[28.9408556,44.7554069],[28.9409025,44.7554459],[28.9409481,44.7554669],[28.9409937,44.7554812],[28.9410473,44.7554955],[28.9411144,44.7555078],[28.9411734,44.7555088],[28.9412177,44.7555126],[28.9412606,44.7555197],[28.9413149,44.7555364],[28.9414765,44.7555935],[28.9416012,44.7556459],[28.9416834,44.7556847],[28.9419204,44.7558154],[28.9421068,44.7559126],[28.9422543,44.7559888],[28.9423563,44.7560611],[28.9424247,44.7561183],[28.9424743,44.7562011],[28.9425172,44.756284],[28.9425373,44.7563526],[28.9425454,44.7564173],[28.9425226,44.7566411],[28.9424488,44.7569716],[28.9423871,44.7571201],[28.9423013,44.7572934],[28.9422289,44.7573963],[28.9419365,44.7576591],[28.9415731,44.7580134],[28.941278,44.7583096],[28.9409789,44.7586305],[28.9407925,44.7588371],[28.9407228,44.758919],[28.9406799,44.7589876],[28.9406477,44.7590552],[28.9406008,44.7591152],[28.9405444,44.7591657],[28.9404184,44.7592657],[28.9403459,44.7593428],[28.9402373,44.7594618],[28.940177,44.7595332],[28.9400737,44.7596685],[28.9398095,44.7599675],[28.939662,44.7601122],[28.9395386,44.7602284],[28.9393267,44.7603998],[28.9388573,44.7607141],[28.9386669,44.7608112],[28.9384952,44.7608969],[28.9382485,44.7610054],[28.9380366,44.7611273],[28.9378917,44.7612416],[28.9377415,44.7613902],[28.937358,44.7616644],[28.9371327,44.7617882],[28.9368242,44.7619425],[28.9363159,44.762191],[28.9359283,44.7624176],[28.9356695,44.7625938],[28.9352833,44.7629023],[28.9348541,44.7631822],[28.9336377,44.7639345],[28.9332917,44.7641021],[28.9328384,44.7643554],[28.9325528,44.7644915],[28.932196,44.7646315],[28.9319453,44.7647334],[28.9317253,44.7648486],[28.9313297,44.7650905],[28.9308724,44.7653609],[28.930631,44.765518],[28.9303373,44.7656837],[28.9299577,44.7659198],[28.9297995,44.7660112],[28.929652,44.7660731],[28.9293449,44.7661664],[28.9290351,44.7662493],[28.9284678,44.7664073],[28.9279541,44.7665568],[28.9275223,44.7667168],[28.9269751,44.7669101],[28.9265124,44.7670653],[28.9262241,44.767189],[28.9257842,44.7673718],[28.9252532,44.7675985],[28.9247771,44.7678013],[28.924372,44.7679517],[28.9240006,44.7680907],[28.9237471,44.7681678],[28.9235902,44.7682021],[28.9234185,44.768244],[28.9230765,44.7683278],[28.9228512,44.7684135],[28.9227386,44.7684592],[28.9226823,44.7684706],[28.9225978,44.7684754],[28.9224985,44.7684792],[28.9223684,44.7685039],[28.9222705,44.7685363],[28.9221431,44.7685849],[28.9219916,44.7686591],[28.921781,44.768782],[28.9214256,44.7689314],[28.921077,44.7690981],[28.9206344,44.769319],[28.920334,44.7694979],[28.9200074,44.7696946],[28.9196205,44.7699464],[28.919355,44.7701425],[28.9191659,44.7703015],[28.9190841,44.7704148],[28.9190398,44.7704996],[28.9190304,44.7705396],[28.9190304,44.7705938],[28.9190465,44.7706186],[28.9191015,44.7706376],[28.9191967,44.7706671],[28.9192758,44.7707024],[28.9194462,44.7707842],[28.9195856,44.7709004],[28.9196715,44.7709747],[28.919709,44.7710356],[28.9197493,44.7711099],[28.91976,44.7712165],[28.919709,44.7713841],[28.9196071,44.7715326],[28.9189339,44.7721438],[28.9187622,44.7723875],[28.918671,44.7727493],[28.9186227,44.7730806],[28.9185905,44.7733853],[28.9184725,44.7739222],[28.9180165,44.7748819],[28.9179684,44.7749668],[28.9178288,44.7752132],[28.9174774,44.775653],[28.9171395,44.7759367],[28.91689,44.7760586],[28.9166406,44.7761119],[28.916418,44.7761633],[28.9163187,44.7762109],[28.9162436,44.7762718],[28.9161685,44.7763956],[28.9160626,44.7765508],[28.9160331,44.7766145],[28.9160331,44.7766917],[28.9160545,44.7767297],[28.916076,44.7767592],[28.9160733,44.7767859],[28.916072,44.7768202],[28.9160505,44.7768963],[28.9158896,44.7771229],[28.9158198,44.7772771],[28.9158171,44.7774447],[28.9157796,44.7777417],[28.9155945,44.7781967],[28.915498,44.7783814],[28.9154309,44.7784785],[28.9153746,44.7785356],[28.9152834,44.7785851],[28.9151841,44.7786156],[28.91505,44.7786175],[28.9148703,44.7786575],[28.9147174,44.778726],[28.9145592,44.7788022],[28.9143983,44.7789431],[28.914299,44.7790497],[28.9142373,44.779162],[28.9141676,44.7794819],[28.9141059,44.7796742],[28.9140362,44.7798398],[28.9140013,44.7800378],[28.9139932,44.7803443],[28.9139919,44.7805528],[28.9139611,44.7806156],[28.9139074,44.7807223],[28.9138806,44.7807889],[28.9138725,44.7808327],[28.913902,44.7808888],[28.9139342,44.7809231],[28.9139691,44.7809583],[28.9139879,44.780985],[28.914016,44.7810621],[28.914008,44.7811297],[28.9139798,44.781182],[28.9139383,44.7812591],[28.9138484,44.7813876],[28.9136928,44.7815514],[28.913607,44.7816656],[28.913548,44.7817894],[28.9134984,44.7818703],[28.9134709,44.7819083],[28.9134635,44.7819436],[28.9134635,44.7819712],[28.9134829,44.7820031],[28.9135165,44.7820316],[28.9136365,44.782074],[28.9137183,44.7820911],[28.9138015,44.7821197],[28.9138846,44.7821606],[28.9139155,44.7821892],[28.9139718,44.7822624],[28.9141327,44.7826461],[28.9144546,44.7832705],[28.9149266,44.7840625],[28.9152539,44.7849115],[28.9155167,44.7856616],[28.9157581,44.7862974],[28.9158574,44.7864745],[28.915911,44.7865535],[28.9159539,44.7866134],[28.9160116,44.786661],[28.9160666,44.7866839],[28.9161524,44.7866848],[28.9162302,44.7866762],[28.9163026,44.7866696],[28.9163831,44.7866705],[28.9164314,44.7866858],[28.916477,44.7867162],[28.916489,44.7867533],[28.9166191,44.7870018],[28.9166647,44.787097],[28.9166781,44.7871902],[28.9166513,44.7872835],[28.9166151,44.7873435],[28.9165843,44.7873911],[28.9165749,44.7874548],[28.9165775,44.7875205],[28.9165936,44.7876281],[28.9166325,44.787709],[28.9166728,44.7877489],[28.9167291,44.7877727],[28.9167653,44.7877899],[28.9167935,44.787807],[28.9168096,44.7878337],[28.9168149,44.7878908],[28.9168163,44.7879393],[28.916823,44.7880573],[28.9168458,44.7881601],[28.9168484,44.7882448],[28.9168391,44.7883086],[28.9168263,44.7883315],[28.9168132,44.788346],[28.9167894,44.7883629],[28.9167623,44.7883795],[28.9167526,44.7883828],[28.9167442,44.7883838],[28.9167278,44.7883826],[28.9167107,44.7883776],[28.9166865,44.7883671],[28.9166563,44.7883595],[28.9166285,44.7883579],[28.9166092,44.7883598],[28.9166008,44.7883623],[28.9165968,44.788364],[28.9165883,44.7883714],[28.9165836,44.7883824],[28.9165816,44.7883919],[28.9165849,44.7884105],[28.9165903,44.7884238],[28.9166057,44.7884466],[28.9166191,44.7884799],[28.9166513,44.7885218],[28.9167586,44.7885932],[28.9169115,44.7887036],[28.9170215,44.7888464],[28.9172038,44.7891814],[28.9174747,44.7894498],[28.9179522,44.7899847],[28.9181238,44.790177],[28.9182338,44.7902817],[28.9183062,44.7903445],[28.9183733,44.7904035],[28.9184511,44.7904301],[28.9185744,44.7904587],[28.9186871,44.7904701],[28.9189044,44.790472],[28.9190733,44.7904739],[28.9192477,44.7904815],[28.9193845,44.7905082],[28.919532,44.7905615],[28.9198726,44.7907556],[28.9202428,44.7910069],[28.9207256,44.7912582],[28.9210206,44.7914752],[28.9213639,44.7916541],[28.921718,44.7917683],[28.9221364,44.7918749],[28.922587,44.791951],[28.9228767,44.7919567],[28.9230591,44.7919377],[28.9232147,44.791951],[28.9233028,44.7919667],[28.9233863,44.7919815],[28.9235955,44.7920386],[28.9237753,44.7921014],[28.9239952,44.7921795],[28.9241937,44.7922689],[28.9242849,44.7922984],[28.924356,44.7923089],[28.9244431,44.792307],[28.9245196,44.7922975],[28.9245692,44.7922937],[28.9246577,44.7923013],[28.9247194,44.7923194],[28.9248012,44.7923536],[28.9249125,44.792395],[28.9249849,44.7924217],[28.9250218,44.7924531],[28.9250252,44.7924631],[28.9250265,44.7924921],[28.9250198,44.792504],[28.9250091,44.7925249],[28.9249923,44.792554],[28.9249755,44.7925954],[28.9249749,44.7926344],[28.9250144,44.7926782],[28.9251271,44.7927486],[28.9253175,44.7928495],[28.9254516,44.7929009],[28.9256796,44.7929351],[28.9258888,44.7929446],[28.9260578,44.7929561],[28.9261731,44.7929808],[28.9263314,44.7930018],[28.9267123,44.793017],[28.9270422,44.7930493],[28.9273185,44.7930646],[28.9275598,44.7930855],[28.9278764,44.7930988],[28.9282975,44.7931141],[28.9287105,44.7931559],[28.9291745,44.7932187],[28.929829,44.7933291],[28.9302581,44.7934243],[28.9306779,44.7935338],[28.9308375,44.7935442],[28.9310172,44.7935728],[28.9311165,44.7936147],[28.9311849,44.7936423],[28.9313029,44.793666],[28.931382,44.7936727],[28.9314759,44.7936727],[28.9316033,44.7936537],[28.9316797,44.7936204],[28.9317495,44.7935737],[28.9318205,44.7935195],[28.9318742,44.7934938],[28.9320083,44.7934719],[28.9320941,44.7934738],[28.9322162,44.7934881],[28.9322846,44.793509],[28.9323771,44.7935756],[28.932416,44.7936128],[28.9324576,44.7936394],[28.9324951,44.793648],[28.9325541,44.793647],[28.9326856,44.7936147],[28.932758,44.7935985],[28.9328277,44.7935899],[28.9328921,44.7935909],[28.9329484,44.7935985],[28.9329994,44.7936175],[28.9330409,44.7936308],[28.9330785,44.7936765],[28.9330946,44.7937051],[28.9331107,44.7937193],[28.9331456,44.7937317],[28.9332046,44.7937384],[28.9333266,44.7937327],[28.9334634,44.7937136],[28.9337061,44.7936851],[28.9342681,44.7936166],[28.9347374,44.7934605],[28.9350647,44.7933805],[28.9354737,44.7932863],[28.9355394,44.7932616],[28.9355957,44.7932473],[28.9356615,44.7932463],[28.9357647,44.7932511],[28.9358827,44.7932654],[28.9359833,44.7932758],[28.9360826,44.7932806],[28.9361858,44.7932797],[28.9363508,44.7932682],[28.9365184,44.7932749],[28.9366096,44.7932911],[28.9366914,44.7933177],[28.9367531,44.7933358],[28.9367947,44.7933415],[28.9368443,44.7933387],[28.9368886,44.7933263],[28.9369422,44.7932911],[28.9369878,44.7932692],[28.9370924,44.7932597],[28.9371756,44.7932654],[28.9373218,44.7933053],[28.937429,44.7933368],[28.937539,44.7933786],[28.9375792,44.7934091],[28.9376101,44.7934614],[28.9376503,44.7935385],[28.9376838,44.7935728],[28.9377603,44.7936108],[28.9378582,44.7936327],[28.9380111,44.7936546],[28.9381653,44.7936889],[28.9383611,44.7937555],[28.9385998,44.7938126],[28.9387393,44.7938849],[28.9388332,44.7939592],[28.9389485,44.7940696],[28.939029,44.7941781],[28.9391094,44.794239],[28.9392382,44.794298],[28.9393991,44.7943627],[28.9396378,44.794475],[28.9397961,44.7945778],[28.9400536,44.7947643],[28.9401796,44.7949147],[28.9404264,44.795204],[28.9405337,44.7953829],[28.9406088,44.7955047],[28.9407161,44.7956342],[28.9408046,44.7957141],[28.9409119,44.7957769],[28.9409924,44.7958074],[28.9411104,44.7958302],[28.9412579,44.7958664],[28.9413866,44.7959159],[28.9415301,44.7960129],[28.9417782,44.7961956],[28.9418963,44.7963175],[28.9420894,44.7965421],[28.9421806,44.7967457],[28.9423093,44.7970502],[28.9424837,44.7975413],[28.9425775,44.7978287],[28.9425876,44.797999],[28.9425816,44.7980952],[28.9425641,44.7981941],[28.9425829,44.7983216],[28.9426003,44.7984216],[28.9426151,44.7985272],[28.9426191,44.7986452],[28.9426392,44.7987756],[28.9426526,44.7988422],[28.9426768,44.798885],[28.9427147,44.7989376],[28.9427435,44.7989626],[28.9428337,44.7990135],[28.9429061,44.7990525],[28.9429577,44.7990901],[28.9429792,44.7991143],[28.9429859,44.7991448],[28.9429933,44.7991776],[28.9429899,44.7992347],[28.9429893,44.7993066],[28.943004,44.799456],[28.9429691,44.7996634],[28.9429048,44.7998709],[28.9428806,44.8000403],[28.9429235,44.8002496],[28.9429182,44.8003638],[28.9429155,44.8004666],[28.942886,44.8005922],[28.9428243,44.8007026],[28.9427358,44.8008206],[28.9427009,44.8009805],[28.9426661,44.8011289],[28.9426178,44.801403],[28.9425373,44.8017722],[28.9425212,44.8021718],[28.9425963,44.8024763],[28.9425802,44.8026476],[28.9425427,44.8028113],[28.9425427,44.8029255],[28.9426339,44.8030206],[28.9427465,44.8031196],[28.9428699,44.8032795],[28.9428914,44.8034127],[28.9429182,44.8035954],[28.9429289,44.8038466],[28.9429557,44.8039608],[28.9430067,44.8042025],[28.9430362,44.8043947],[28.9430818,44.8045621],[28.9431623,44.8046554],[28.9434117,44.8047905],[28.9440769,44.8051026],[28.9444685,44.8051445],[28.9447743,44.8051597],[28.9449862,44.8051597],[28.9452168,44.8051178],[28.9453348,44.8050855],[28.9455467,44.8049808],[28.9457224,44.8049247],[28.9458324,44.8048942],[28.9459343,44.8048685],[28.9460014,44.8048604],[28.946053,44.8048638],[28.9460886,44.8048704],[28.9461301,44.8048895],[28.9461838,44.8049228],[28.9462334,44.8049884],[28.9462683,44.8050712],[28.9463192,44.8053234],[28.9463729,44.8055784],[28.9465392,44.8063129],[28.9465606,44.8068914],[28.9465606,44.8073406],[28.9465713,44.807744],[28.9466304,44.8079876],[28.9467108,44.8081778],[28.9468074,44.8083986],[28.9468664,44.8086041],[28.9468771,44.8088287],[28.9468825,44.8089999],[28.9469388,44.8093405],[28.9469629,44.809527],[28.9469656,44.8096697],[28.9468905,44.809822],[28.9467645,44.8099285],[28.9467162,44.8099704],[28.9465848,44.8100617],[28.9465257,44.8101245],[28.9465043,44.8101911],[28.9464989,44.8102444],[28.9465284,44.8103015],[28.9466169,44.8103453],[28.9467135,44.8103719],[28.9468101,44.8104176],[28.9468449,44.8104718],[28.9468677,44.8105394],[28.9468677,44.8106297],[28.9468423,44.8109218],[28.9468235,44.8110664],[28.946735,44.8113728],[28.9466652,44.8116107],[28.946574,44.8118523],[28.9464533,44.8121625],[28.9463407,44.8123756],[28.9461958,44.8125469],[28.9459813,44.8127105],[28.9454716,44.8129883],[28.9451337,44.8133498],[28.9449513,44.8136847],[28.944903,44.8139435],[28.9448708,44.8140729],[28.944895,44.8141947],[28.9449191,44.8142708],[28.9449567,44.8143278],[28.9450318,44.8143773],[28.9452088,44.8144725],[28.9453858,44.8145562],[28.9457828,44.8146932],[28.945941,44.8148035],[28.9461476,44.8148834],[28.9463112,44.8149653],[28.9464587,44.8150813],[28.9464989,44.8151765],[28.9464989,44.8152697],[28.9464614,44.8154105],[28.9464158,44.8154752],[28.9463192,44.8155475],[28.9462441,44.8155913],[28.9461234,44.815654],[28.946059,44.8157206],[28.9460242,44.8157701],[28.9459598,44.8159242],[28.9459491,44.8160003],[28.9459705,44.8161183],[28.9460054,44.8162115],[28.9461905,44.8165122],[28.9463943,44.8168622],[28.9466304,44.8175548],[28.9467967,44.8180685],[28.9468396,44.8185746],[28.9469039,44.8189095],[28.9470434,44.8193014],[28.9471722,44.8195487],[28.9472848,44.8199369],[28.9473975,44.8204353],[28.9474511,44.8206218],[28.9474672,44.820871],[28.947423,44.8209481],[28.9473693,44.8210147],[28.9473224,44.821046],[28.9472137,44.8210822],[28.9471199,44.8211145],[28.9470689,44.8211507],[28.9470421,44.8211745],[28.9470153,44.8212192],[28.9470126,44.8212696],[28.9470246,44.8212981],[28.9470474,44.8213152],[28.9470957,44.82134],[28.9472794,44.8214399],[28.9475423,44.821535],[28.9477918,44.8216263],[28.9479527,44.8217157],[28.9480573,44.8218128],[28.9481109,44.8219003],[28.9481753,44.8220734],[28.9482853,44.8222123],[28.9483952,44.8223359],[28.9484918,44.8224063],[28.9486018,44.8224596],[28.9487225,44.8225319],[28.9487815,44.8226099],[28.94887,44.8227507],[28.9489612,44.8228496],[28.9490873,44.8229619],[28.9491543,44.8230627],[28.9492267,44.8231978],[28.949275,44.8232967],[28.9493823,44.8234356],[28.9494869,44.8235231],[28.9496452,44.8236334],[28.9497605,44.8237285],[28.949967,44.8238199],[28.9502245,44.8239131],[28.9504176,44.8239397],[28.9505448,44.8239483],[28.9506134,44.823953],[28.9507824,44.8239797],[28.9509594,44.8240101],[28.9511231,44.8240462],[28.9512277,44.8240786],[28.9513135,44.8241319],[28.9514154,44.824208],[28.9514583,44.8242726],[28.9514892,44.8243868],[28.9515254,44.8245295],[28.9515723,44.8246417],[28.9515978,44.8247216],[28.9516327,44.8248205],[28.9516528,44.8249194],[28.9516528,44.8249974],[28.9516555,44.8250764],[28.9516447,44.8251592],[28.9516555,44.8252533],[28.9516984,44.8253456],[28.9517426,44.825435],[28.9518097,44.8254987],[28.9519143,44.8255891],[28.9520726,44.8256909],[28.9521785,44.8257822],[28.9522107,44.8258412],[28.9522214,44.8258954],[28.9522214,44.8259325],[28.9522094,44.8259534],[28.9521879,44.8259753],[28.9521329,44.8259943],[28.9520632,44.8260029],[28.9519465,44.8260029],[28.9518003,44.8260019],[28.9516193,44.8259857],[28.951465,44.8259719],[28.9512371,44.8259539],[28.9511566,44.8259486],[28.9510131,44.8259401],[28.9507703,44.8259524],[28.9505343,44.8259696],[28.9503211,44.8259753],[28.950187,44.8259895],[28.9501046,44.8259876],[28.9500234,44.8259857],[28.9499214,44.8259715],[28.9497887,44.8259581],[28.9495647,44.825941],[28.9492375,44.825962],[28.9488351,44.8260323],[28.9484194,44.8261256],[28.9482343,44.826175],[28.9481109,44.8262397],[28.9480063,44.8263177],[28.9479473,44.8264014],[28.9479232,44.8264851],[28.947899,44.8265631],[28.9478588,44.8267895],[28.9478374,44.8269245],[28.947773,44.82709],[28.9476563,44.8273507],[28.9476174,44.8274439],[28.9475933,44.8275009],[28.9475504,44.8275542],[28.9474967,44.8275913],[28.947368,44.8276741],[28.9472178,44.8277749],[28.9471185,44.8278652],[28.946971,44.8279661],[28.946861,44.8280222],[28.9467725,44.8280878],[28.9467242,44.8281544],[28.9467202,44.8282019],[28.9467363,44.8282657],[28.9467591,44.8283132],[28.9467993,44.8283884],[28.9468342,44.8284454],[28.9468758,44.8285301],[28.9468852,44.828629],[28.9468691,44.8288763],[28.9468276,44.8290356],[28.9467953,44.8291597],[28.9467631,44.8292862],[28.9467309,44.8293404],[28.9467028,44.8293861],[28.946633,44.8294527],[28.9465164,44.8295516],[28.9464185,44.8296496],[28.9462991,44.8297542],[28.9462227,44.8298369],[28.9461744,44.8299054],[28.9461516,44.8299682],[28.9461274,44.8300519],[28.9460886,44.8301089],[28.9459839,44.830205],[28.9459303,44.8302668],[28.945878,44.8303039],[28.9458123,44.8303325],[28.9457385,44.8303477],[28.9456782,44.8303524],[28.9455883,44.830341],[28.9455266,44.8303268],[28.9454502,44.8303001],[28.9452799,44.8302431],[28.944954,44.8301441],[28.9448346,44.8301032],[28.9447421,44.8300928],[28.9446871,44.8300956],[28.9446388,44.8301051],[28.9445919,44.8301232],[28.9445302,44.8301489],[28.9444229,44.8301831],[28.9442861,44.8302136],[28.9441252,44.8302421],[28.9440501,44.8302744],[28.9440098,44.8303125],[28.9439669,44.8303734],[28.9439602,44.8304827],[28.9439508,44.8305759],[28.9439575,44.8306768],[28.9439696,44.8308546],[28.9439629,44.8309212],[28.9439535,44.8309735],[28.9439361,44.831002],[28.9439079,44.8310353],[28.9437993,44.8311057],[28.9436987,44.8312113],[28.9436249,44.8312845],[28.9435861,44.831313],[28.9435378,44.8313401],[28.9435049,44.8313649],[28.9434882,44.8313844],[28.9434781,44.8314167],[28.9434627,44.8314676],[28.9434519,44.8314938],[28.9434486,44.831499],[28.9434412,44.8314999],[28.9434305,44.8314995],[28.943411,44.8314918],[28.9433949,44.8314776],[28.9433782,44.8314567],[28.9433493,44.83143],[28.9433198,44.83142],[28.9432991,44.831411],[28.9432387,44.8314063],[28.9431502,44.8313967],[28.9430778,44.8313967],[28.9429155,44.8313958],[28.9427726,44.8313834],[28.9425963,44.8313682],[28.9423361,44.8313435],[28.9420384,44.8313226],[28.9418721,44.8313226],[28.9417246,44.8313235],[28.9416669,44.8313259],[28.94162,44.8313273],[28.9415985,44.8313316],[28.9415791,44.8313378],[28.9415623,44.8313463],[28.9415435,44.8313601],[28.9415348,44.831363],[28.9415268,44.831363],[28.9415174,44.8313615],[28.941508,44.8313535],[28.941498,44.8313325],[28.941484,44.8313152],[28.9414322,44.831294],[28.9413679,44.8312736],[28.9413337,44.8312541],[28.9413236,44.8312408],[28.9413156,44.8312241],[28.9413095,44.8311808],[28.9412995,44.8311342],[28.9412753,44.8310943],[28.9412244,44.8310515],[28.941097,44.8309554],[28.9408582,44.8307386],[28.940755,44.8306264],[28.9406745,44.8305484],[28.9405578,44.8304789],[28.9404801,44.8304651],[28.9404217,44.8304685],[28.9403781,44.8304737],[28.940354,44.8304861],[28.9403406,44.8305189],[28.9403312,44.8305712],[28.9403151,44.8305921],[28.9402923,44.8306064],[28.9402507,44.8306121],[28.9401971,44.8306121],[28.9400965,44.8306035],[28.9399928,44.830594],[28.9398564,44.8305816],[28.9395869,44.8305455],[28.9394434,44.8305189],[28.9392637,44.8305065],[28.9390746,44.8305075],[28.9388479,44.8305379],[28.9385435,44.8305788],[28.9381304,44.8306092],[28.9373445,44.8306435],[28.9368202,44.8306749],[28.9366539,44.830672],[28.9364997,44.8306625],[28.9364393,44.8306511],[28.9363736,44.8306273],[28.936328,44.8305959],[28.9362207,44.8305398],[28.9360879,44.830478],[28.9360376,44.8304594],[28.9359927,44.8304523],[28.9359498,44.8304504],[28.9359015,44.8304571],[28.9358452,44.8304713],[28.9358224,44.8304723],[28.9357989,44.8304694],[28.9357855,44.8304647],[28.9357681,44.8304552],[28.9357486,44.8304338],[28.9357191,44.8304105],[28.9356809,44.8303819],[28.9356548,44.8303577],[28.9356266,44.8303339],[28.9355911,44.8303258],[28.9355569,44.8303268],[28.9354891,44.8303401],[28.9354583,44.830352],[28.9354382,44.8303753],[28.9354288,44.8303967],[28.9354429,44.8304247],[28.9354623,44.8304566],[28.9354717,44.8304941],[28.935467,44.8305179],[28.935461,44.8305279],[28.9354409,44.8305317],[28.9354087,44.8305312],[28.9353611,44.8305241],[28.9353141,44.8305096],[28.9352903,44.8305063],[28.9352668,44.8305077],[28.9352367,44.8305132],[28.9352166,44.8305239],[28.9352031,44.8305443],[28.9351733,44.830652],[28.9351478,44.8307062],[28.9351277,44.830749],[28.93507,44.830809],[28.9349413,44.8309041],[28.9348528,44.8309726],[28.9346275,44.8310886],[28.9343941,44.831237],[28.9341205,44.8313549],[28.9340173,44.8314262],[28.9338791,44.8314728],[28.9337464,44.8315185],[28.9336646,44.8315346],[28.9335935,44.8315308],[28.933517,44.8315232],[28.9334325,44.8315109],[28.9333642,44.8315166],[28.9332676,44.8315385],[28.9331764,44.8315556],[28.9330691,44.8315546],[28.9329484,44.8315451],[28.9327848,44.8315147],[28.932589,44.8315242],[28.9323664,44.8315394],[28.9322001,44.8315851],[28.9319667,44.8317239],[28.931787,44.8318666],[28.9317039,44.8319617],[28.9316234,44.832034],[28.931551,44.8320739],[28.9314491,44.832112],[28.931213,44.8321652],[28.9309555,44.8322204],[28.9306927,44.8323117],[28.9304915,44.8323783],[28.930167,44.8325114],[28.9300114,44.8326141],[28.929939,44.8326902],[28.9298907,44.8327416],[28.929829,44.8327606],[28.9297271,44.8327796],[28.9295688,44.8327872],[28.9293569,44.8328081],[28.9291048,44.8328728],[28.9288446,44.8329793],[28.9284316,44.8331106],[28.9281741,44.8332266],[28.9280426,44.8332875],[28.9276323,44.8334073],[28.9272594,44.8335481],[28.9269537,44.833666],[28.9266211,44.8338163],[28.9264655,44.8339171],[28.9263314,44.8340426],[28.9262,44.8342043],[28.9260887,44.8343926],[28.9260538,44.8344848],[28.9259921,44.8345676],[28.9259358,44.8346066],[28.9258687,44.8346408],[28.9257547,44.8346836],[28.9256836,44.8347169],[28.925626,44.8347502],[28.9256018,44.8347806],[28.9256018,44.8348187],[28.9256367,44.8348624],[28.9256474,44.8349499],[28.9256287,44.8350013],[28.9255428,44.8351002],[28.9254919,44.8351572],[28.9254168,44.8351972],[28.9253068,44.8352257],[28.9251351,44.8352656],[28.9250332,44.835317],[28.9249313,44.8354026],[28.924883,44.8354673],[28.9248374,44.8355072],[28.9247784,44.8355319],[28.9246684,44.8355719],[28.9245182,44.8356232],[28.9243975,44.8356993],[28.9242956,44.8357868],[28.9241776,44.8358743],[28.9240032,44.8359656],[28.9237981,44.8360921],[28.9237297,44.8361596],[28.9236921,44.8362157],[28.9236814,44.8362519],[28.9236774,44.8363146],[28.9236693,44.8363451],[28.9236465,44.8363717],[28.9236143,44.8363983],[28.9235446,44.8364402],[28.9234132,44.8365134],[28.9231181,44.8366922],[28.9229652,44.8368843],[28.9228258,44.8370402],[28.922697,44.8371544],[28.9225119,44.8372399],[28.9223859,44.8372761],[28.9221686,44.837335],[28.9218199,44.8374102],[28.9217073,44.8374482],[28.9216322,44.8374834],[28.9215825,44.83753],[28.9215611,44.8375585],[28.9215423,44.8376365],[28.9215443,44.8377563],[28.9215396,44.8377991],[28.9215289,44.8378538],[28.9215061,44.8379075],[28.9214732,44.8379827],[28.9214686,44.8380145],[28.9214739,44.8380383],[28.92149,44.8380573],[28.9215128,44.8380749],[28.9215202,44.8380868],[28.9215222,44.8381158],[28.9215168,44.8381396],[28.9215101,44.8381634],[28.9215074,44.83819],[28.921494,44.8382214],[28.9214766,44.8382423],[28.9214431,44.8382642],[28.9213988,44.8383022],[28.9213666,44.8383412],[28.9213385,44.8383973],[28.9212848,44.8384952],[28.9212111,44.8385666],[28.9211588,44.8385989],[28.921081,44.838636],[28.9208798,44.8387083],[28.9207712,44.8387625],[28.9207028,44.8388081],[28.9206344,44.8388452],[28.9205459,44.8388737],[28.9204332,44.8389151],[28.9203675,44.8389645],[28.9203353,44.8389912],[28.9203206,44.8390188],[28.9203206,44.8390673],[28.9203045,44.8391005],[28.9202857,44.8391129],[28.9202616,44.8391234],[28.9202106,44.8391319],[28.9201315,44.8391595],[28.9199987,44.8392437],[28.9198807,44.8393559],[28.9197962,44.8394319],[28.9197533,44.8394548],[28.9197023,44.8394719],[28.9196219,44.8394928],[28.9195307,44.839509],[28.919418,44.8395242],[28.9192691,44.8395546],[28.9190894,44.839625],[28.9188266,44.8397334],[28.918675,44.8398028],[28.918608,44.8398485],[28.9185758,44.8398808],[28.9185557,44.8399226],[28.9185557,44.8399806],[28.9185798,44.8400624],[28.9186133,44.8401471],[28.9186428,44.8401899],[28.9186764,44.8402393],[28.9186764,44.8402669],[28.918667,44.840284],[28.9186549,44.8402926],[28.9186241,44.840303],[28.9185905,44.8403116],[28.9185409,44.8403258],[28.9184806,44.8403705],[28.9183693,44.8404932],[28.9182258,44.8406634],[28.9180112,44.8409525],[28.917861,44.8411921],[28.91781,44.8412796],[28.9177912,44.8413671],[28.9178127,44.8414774],[28.9178476,44.8416201],[28.9178449,44.8417113],[28.9178181,44.8417912],[28.9177483,44.8418882],[28.9176974,44.8420594],[28.9176799,44.842299],[28.9176732,44.8423846],[28.9176531,44.8424493],[28.9176062,44.8425386],[28.9175203,44.8426527],[28.9174667,44.8427089],[28.9174332,44.8427298],[28.9173996,44.8427307],[28.9173567,44.8427241],[28.9173205,44.8427117],[28.9172843,44.8426727],[28.917228,44.842609],[28.9171408,44.8425501],[28.9170436,44.8425325],[28.9169886,44.8425339],[28.9169282,44.8425439],[28.9167291,44.8426004],[28.9166057,44.8426413],[28.9164944,44.8426822],[28.9163978,44.8427212],[28.9162959,44.8427859],[28.9161886,44.8428629],[28.9161189,44.8429342],[28.9160626,44.8429932],[28.9160304,44.8430312],[28.9160089,44.8431006],[28.9160009,44.8431406],[28.9159834,44.8431691],[28.9159472,44.8431853],[28.915915,44.8431986],[28.9158426,44.8432252],[28.9157286,44.8432822],[28.9156388,44.8433488],[28.9156093,44.8433697],[28.9155811,44.8433944],[28.9155476,44.8434401],[28.9154953,44.8435941],[28.9154685,44.8437006],[28.915447,44.843887],[28.9154309,44.8440867],[28.9153478,44.8442636],[28.9152968,44.8444138],[28.9152271,44.8445279],[28.9151278,44.8446135],[28.9150527,44.8447314],[28.9149776,44.8449463],[28.9149079,44.8450965],[28.9148033,44.8451897],[28.9146665,44.8452962],[28.9146276,44.8453979],[28.9146195,44.8454949],[28.9146155,44.8456585],[28.9145873,44.8457117],[28.9145592,44.8457307],[28.9145203,44.8457422],[28.9144573,44.8457431],[28.9143822,44.8457422],[28.9143325,44.845725],[28.9142963,44.8456899],[28.9142668,44.8456052],[28.9142574,44.8454892],[28.9141998,44.8453884],[28.9141729,44.8453257],[28.9141703,44.8452515],[28.9141542,44.8451412],[28.9141233,44.8450823],[28.9140871,44.8450604],[28.9138591,44.8450338],[28.913658,44.8450357],[28.913489,44.8450566],[28.9132932,44.8451155],[28.9130813,44.845203],[28.9129955,44.8452296],[28.9128399,44.8452401],[28.9127219,44.8452382],[28.9126508,44.8452496],[28.912624,44.8452696],[28.9126199,44.8453],[28.9126146,44.8453875],[28.9126065,44.8454607],[28.9125864,44.8455139],[28.9125542,44.8455425],[28.9125073,44.8455539],[28.912451,44.8455501],[28.9123316,44.8455358],[28.9121868,44.8454911],[28.9120379,44.8454417],[28.9119413,44.845397],[28.9118555,44.8453447],[28.9118206,44.8453114],[28.9118139,44.8452553],[28.9118274,44.8451869],[28.911826,44.8451441],[28.9117925,44.8451003],[28.911232,44.84475],[28.910051,44.844697],[28.909715,44.845547],[28.909769,44.846],[28.91019,44.845764],[28.910578,44.846391],[28.910448,44.84706],[28.909887,44.847483],[28.909234,44.847831],[28.908548,44.848126],[28.90781,44.848381],[28.907131,44.848672],[28.906472,44.84902],[28.905923,44.849452],[28.905498,44.849993],[28.904554,44.850546],[28.903683,44.851136],[28.902911,44.851721],[28.90221,44.852344],[28.901586,44.852971],[28.901052,44.853659],[28.90068,44.854471],[28.900509,44.85581],[28.900149,44.856392],[28.899514,44.856906],[28.899179,44.857101],[28.898812,44.8573],[28.898338,44.857484],[28.89787,44.857671],[28.897394,44.857846],[28.896933,44.858029],[28.895978,44.858441],[28.894939,44.858777],[28.893997,44.859198],[28.893946,44.85995],[28.893752,44.860592],[28.893684,44.861192],[28.89332,44.861688],[28.892897,44.8621],[28.892405,44.862518],[28.891943,44.862908],[28.891424,44.863272],[28.890654,44.863541],[28.889884,44.863784],[28.889281,44.863914],[28.888961,44.863983],[28.888352,44.864331],[28.88799,44.864872],[28.8878863,44.8651721],[28.887782,44.865474],[28.887507,44.866163],[28.88735,44.866971],[28.886687,44.867571],[28.885958,44.867929],[28.885013,44.868062],[28.883717,44.86771],[28.882601,44.86762],[28.882162,44.867731],[28.88167,44.867793],[28.880686,44.867692],[28.880024,44.867946],[28.879673,44.868051],[28.879563,44.868197],[28.8813347,44.8685724],[28.8814312,44.8686104],[28.8815492,44.8687017],[28.8815975,44.8688727],[28.8815868,44.8690324],[28.8815117,44.8691617],[28.8814259,44.8692567],[28.8810718,44.8695],[28.8807392,44.8696559],[28.8804656,44.8696901],[28.8802671,44.8696901],[28.8800794,44.8696559],[28.8797575,44.8695609],[28.879559,44.8695191],[28.8793525,44.8695095],[28.879205,44.8695533],[28.8791138,44.8696369],[28.8790494,44.8697358],[28.8789582,44.8697947],[28.8788871,44.8698165],[28.878808,44.8698165],[28.8787316,44.8697928],[28.8786256,44.8697215],[28.8785076,44.8696483],[28.8784191,44.8696322],[28.8783883,44.8696331],[28.8783507,44.8696597],[28.8783373,44.8696882],[28.8783453,44.8697282],[28.8783775,44.8697605],[28.8784835,44.8699011],[28.8786069,44.8700551],[28.8787061,44.8701825],[28.8787597,44.8702813],[28.8787624,44.8703516],[28.8786954,44.8704695],[28.8786444,44.8705322],[28.8786042,44.8705741],[28.8785773,44.8706425],[28.8785666,44.8707299],[28.8785505,44.8708421],[28.8784942,44.8709504],[28.8784191,44.8710246],[28.8782716,44.8710778],[28.8780919,44.8711101],[28.8778236,44.8711348],[28.8776815,44.8711576],[28.8774615,44.8711918],[28.8771719,44.8711728],[28.876968,44.8711804],[28.876909,44.8711918],[28.8768232,44.8712565],[28.8767642,44.8713477],[28.8766462,44.8715568],[28.8764906,44.8717469],[28.876335,44.8718761],[28.8760883,44.8719902],[28.8758844,44.87207],[28.8757342,44.8720738],[28.8755089,44.8720282],[28.8753319,44.871975],[28.875187,44.8719522],[28.875069,44.8719826],[28.8748437,44.8721575],[28.8746318,44.8722554],[28.8745058,44.872281],[28.8744239,44.8722839],[28.8743636,44.8722801],[28.87431,44.8722563],[28.8742711,44.8722069],[28.8742442,44.8721698],[28.874196,44.8721575],[28.8741329,44.8721641],[28.8740766,44.8721708],[28.8739291,44.8722544],[28.8736582,44.8723894],[28.8735536,44.8724293],[28.8734651,44.8724521],[28.8733739,44.8724388],[28.8733162,44.872415],[28.8732599,44.8723656],[28.8731673,44.8722744],[28.8730332,44.872224],[28.8729554,44.8722278],[28.8729045,44.8722421],[28.8728495,44.8722696],[28.8728079,44.87232],[28.8728213,44.8723846],[28.8728616,44.8724388],[28.8729608,44.8725433],[28.8730895,44.8726973],[28.8731217,44.8727923],[28.8731325,44.872876],[28.8731137,44.873028],[28.8730305,44.8732029],[28.8729554,44.8733702],[28.872773,44.8735413],[28.8725531,44.8736591],[28.8719201,44.8739708],[28.8714534,44.8743244],[28.8706165,44.8746741],[28.869254,44.8752139],[28.8684869,44.8756207],[28.867752,44.8762251],[28.8670492,44.8767155],[28.866266,44.8772325],[28.8659146,44.8774187],[28.8656116,44.8777076],[28.865118,44.8782037],[28.8645199,44.8788955],[28.8636053,44.8797261]],[[28.9730032,44.742846],[28.9731427,44.7427012],[28.9732526,44.7425888],[28.9733894,44.7424755],[28.973486,44.7423945],[28.9736187,44.7422716],[28.9737971,44.7421621],[28.9738876,44.7421125],[28.9739393,44.7420916],[28.9739634,44.7420854],[28.9739909,44.7420835],[28.9740271,44.7420821],[28.9740566,44.7420783],[28.9741237,44.7420644],[28.9741813,44.7420449],[28.9742182,44.7420378],[28.9742437,44.7420354],[28.9742739,44.7420316],[28.9743302,44.742033],[28.9744201,44.7420373],[28.9744824,44.7420401],[28.974579,44.7420487],[28.9747111,44.742084],[28.9747708,44.7421068],[28.9747949,44.7421302],[28.9748137,44.7421559],[28.9749116,44.7422811],[28.9749424,44.7423288],[28.9749652,44.7423897],[28.9749625,44.7424498],[28.9749451,44.7425031],[28.9749639,44.7425917],[28.9749826,44.742665],[28.974984,44.7427469],[28.9749652,44.7428051],[28.9749223,44.7428489],[28.9748847,44.7428774],[28.9748324,44.7429146],[28.9747694,44.7429346],[28.9746903,44.7429603],[28.9746165,44.742987],[28.974587,44.7430108],[28.9745334,44.7430737],[28.974469,44.7431432],[28.9743912,44.7432651],[28.9743429,44.7433299],[28.9743195,44.743378],[28.9743128,44.7434042],[28.9742973,44.7434314],[28.9742685,44.7434556],[28.9742357,44.7434814],[28.9741123,44.7435347],[28.9740372,44.7435709],[28.9739192,44.7436328],[28.9738373,44.74369],[28.9737569,44.7437414],[28.9736898,44.7437995],[28.9736295,44.7438395],[28.9736107,44.7438738],[28.9735986,44.7439167],[28.9735611,44.7439652],[28.9735048,44.7440138],[28.9734176,44.7440719],[28.9733465,44.744111],[28.9732727,44.7441424],[28.9731668,44.7441472],[28.9731011,44.7441443],[28.9730421,44.7441224],[28.9730166,44.7441057],[28.9729656,44.7440967],[28.9729422,44.7440938],[28.9729173,44.7441048],[28.9728986,44.7441253],[28.9728771,44.7441472],[28.9728476,44.7441805],[28.9728168,44.7442386],[28.9727859,44.7443358],[28.9727336,44.7445158],[28.9726974,44.7446396],[28.9726035,44.7448711],[28.9725405,44.7449911],[28.9724882,44.745073],[28.9723755,44.7452378],[28.9722951,44.7453369],[28.9722079,44.7454255],[28.9721154,44.7455017],[28.9719705,44.7455664],[28.9717197,44.7456807],[28.9715226,44.7457322],[28.9714287,44.7457465],[28.9713241,44.7457626],[28.9712664,44.7457588],[28.9712316,44.7457446],[28.971186,44.745715],[28.9711672,44.7456845],[28.9711726,44.7456398],[28.9712021,44.7455417],[28.9712852,44.7454236],[28.9713885,44.7452588],[28.9715695,44.7449616],[28.9718083,44.7445672],[28.9721864,44.7440796],[28.9724225,44.7438424],[28.9725552,44.7436985],[28.972625,44.7436233],[28.9727215,44.7434537],[28.9728101,44.743327],[28.9728355,44.7432785],[28.9728516,44.7432385],[28.9728717,44.7431623],[28.9728798,44.7430765],[28.9729455,44.7429727],[28.9730032,44.742846]],[[28.8660836,44.8967281],[28.8662446,44.8967528],[28.866384,44.896806],[28.8665181,44.8968934],[28.8666764,44.8970093],[28.8667998,44.8971575],[28.8669795,44.8974178],[28.8671149,44.8976202],[28.8671444,44.8977456],[28.8671404,44.8978843],[28.8671055,44.8979717],[28.8670626,44.89806],[28.8670345,44.8981427],[28.8669486,44.8982035],[28.8668239,44.8982548],[28.8667582,44.8982586],[28.8667233,44.8982567],[28.866667,44.8982443],[28.8665906,44.8982177],[28.8662499,44.8980657],[28.8657698,44.897927],[28.8657188,44.8979033],[28.8656746,44.8978453],[28.8656424,44.8977741],[28.8656209,44.8977237],[28.8655753,44.8976686],[28.8654976,44.8976002],[28.8654144,44.8975565],[28.8653594,44.8975242],[28.8653219,44.8974729],[28.8652736,44.8973561],[28.8652548,44.8972858],[28.8652588,44.897244],[28.8652857,44.8971908],[28.8653487,44.8970948],[28.8654077,44.8970226],[28.8655177,44.8969086],[28.8656437,44.8968459],[28.8658208,44.8967547],[28.8659844,44.89673],[28.8660836,44.8967281]],[[28.8668058,44.8993358],[28.8668393,44.8993211],[28.866899,44.8992921],[28.8669741,44.8992617],[28.8670532,44.8992228],[28.8672316,44.8991867],[28.8673134,44.8991715],[28.8674167,44.8991687],[28.8675669,44.8991782],[28.8676769,44.8992047],[28.8677157,44.8992456],[28.867768,44.8993263],[28.8677895,44.8993881],[28.8677895,44.8994394],[28.8677774,44.8994755],[28.8677546,44.8995106],[28.867701,44.8995534],[28.8676245,44.8995923],[28.8675676,44.8996218],[28.8675427,44.8996408],[28.8675199,44.8996921],[28.8675065,44.8997719],[28.8674837,44.8998336],[28.8674448,44.8998764],[28.8674033,44.8998992],[28.8673389,44.8999068],[28.8672504,44.8999049],[28.8671565,44.8998811],[28.8670304,44.8998612],[28.8669607,44.8998621],[28.8668936,44.8998707],[28.86684,44.899883],[28.8667917,44.8999134],[28.8667501,44.8999486],[28.8666858,44.899998],[28.8665932,44.9000341],[28.8665195,44.9000474],[28.8664538,44.9000464],[28.8664028,44.900036],[28.8663559,44.9000075],[28.8663036,44.8999999],[28.8662432,44.8999999],[28.8661855,44.9000198],[28.8661373,44.9000455],[28.866089,44.9000911],[28.8660447,44.9001129],[28.8659723,44.9001234],[28.8658757,44.9001167],[28.8658302,44.9000987],[28.8658047,44.9000759],[28.8657886,44.9000217],[28.8657778,44.8999676],[28.8657872,44.8998992],[28.86581,44.8998745],[28.8658771,44.899845],[28.8658905,44.8998374],[28.8659106,44.8998137],[28.86592,44.8997852],[28.8659227,44.8997377],[28.8659281,44.8996835],[28.8659509,44.8996142],[28.8659871,44.8995448],[28.8660474,44.8994964],[28.8661118,44.8994593],[28.8662097,44.899389],[28.8662767,44.8993534],[28.8663337,44.8993358],[28.8663726,44.8993306],[28.8664169,44.8993301],[28.8664779,44.8993349],[28.8665906,44.8993529],[28.866665,44.8993572],[28.8667186,44.8993534],[28.8667662,44.8993482],[28.8668058,44.8993358]],[[28.8587089,44.9245596],[28.8588926,44.924551],[28.859012,44.9245729],[28.8590991,44.924608],[28.8591944,44.9246688],[28.8592386,44.9247428],[28.8592762,44.9248321],[28.8592413,44.9250087],[28.8591528,44.9251521],[28.8590375,44.9252556],[28.8588577,44.9252955],[28.8587236,44.9253078],[28.8585144,44.9252698],[28.8583213,44.9252119],[28.8582033,44.9251635],[28.858151,44.9250961],[28.8581295,44.9250144],[28.8581336,44.9249119],[28.8581644,44.9248425],[28.8582127,44.924739],[28.8583374,44.9246659],[28.8585667,44.924589],[28.8587089,44.9245596]],[[28.9700326,44.9638932],[28.970034,44.9638694],[28.9700387,44.9638471],[28.9700588,44.963803],[28.9700876,44.9637575],[28.9701305,44.9637062],[28.9701848,44.9636374],[28.970205,44.9636125],[28.9702231,44.9635981],[28.9702375,44.963594],[28.9702583,44.9635959],[28.9702848,44.963603],[28.9703136,44.9636313],[28.9703317,44.9636564],[28.9703511,44.9636958],[28.9703558,44.9637262],[28.9703505,44.9637779],[28.9703552,44.9637954],[28.9703726,44.9638116],[28.9703981,44.9638144],[28.9704464,44.963812],[28.9704859,44.9637978],[28.9705174,44.9637708],[28.9705751,44.9637095],[28.9705952,44.9636887],[28.9706422,44.9636574],[28.9706529,44.9636574],[28.9706811,44.9636664],[28.9706978,44.963682],[28.9707099,44.9637081],[28.9707233,44.9637428],[28.9707179,44.9637836],[28.9707072,44.9638215],[28.9706683,44.9638813],[28.9706133,44.9639553],[28.9705704,44.9640255],[28.9705262,44.9640521],[28.9704873,44.9640635],[28.9704363,44.9640692],[28.9703733,44.9640635],[28.9702901,44.9640474],[28.9702003,44.9640141],[28.9701104,44.9639648],[28.9700534,44.9639249],[28.9700326,44.9638932]],[[28.8963416,44.9672707],[28.8963899,44.9671834],[28.8964596,44.967117],[28.896575,44.9670657],[28.8966688,44.9670335],[28.8968378,44.9670145],[28.896929,44.967043],[28.8970149,44.9670828],[28.8970658,44.9671473],[28.8971007,44.9672005],[28.8971543,44.9672593],[28.8971704,44.9673466],[28.8971516,44.9674301],[28.897094,44.9675012],[28.897035,44.9675648],[28.8969518,44.9676284],[28.8968499,44.9676474],[28.8967238,44.9676531],[28.8965937,44.9676388],[28.8965133,44.9676189],[28.8964489,44.9675582],[28.8964073,44.9674965],[28.8963684,44.9673902],[28.8963416,44.9672707]],[[28.9779291,44.9743088],[28.9778553,44.9742338],[28.9777896,44.974156],[28.9776662,44.974027],[28.977571,44.9739094],[28.9774677,44.9737822],[28.9774141,44.9737006],[28.977347,44.9736437],[28.9772639,44.9736172],[28.9771217,44.9735906],[28.9770614,44.9735887],[28.976991,44.9735863],[28.9769045,44.9735958],[28.9768682,44.9736039],[28.9767744,44.9736323],[28.9766711,44.9736674],[28.976545,44.9736864],[28.9764471,44.9736855],[28.9763345,44.973657],[28.9762634,44.9736304],[28.9761427,44.9735754],[28.9760341,44.9735213],[28.9759321,44.973453],[28.975853,44.9733847],[28.9757699,44.9733012],[28.9756693,44.973195],[28.9754561,44.9730754],[28.9753394,44.972991],[28.9752991,44.9729549],[28.975212,44.9728952],[28.9751288,44.9728781],[28.9750054,44.9728496],[28.9748633,44.9728534],[28.974579,44.9728572],[28.9743322,44.9727965],[28.974182,44.972732],[28.9740694,44.9726314],[28.9739567,44.97251],[28.9738789,44.9724132],[28.9736456,44.9722026],[28.9735275,44.9721115],[28.9734605,44.9720678],[28.9734015,44.9720584],[28.9732915,44.9720584],[28.973203,44.9720773],[28.9729455,44.9720584],[28.9727443,44.9719862],[28.9725995,44.9719047],[28.9724627,44.9718363],[28.972275,44.971694],[28.9720282,44.971527],[28.9718699,44.9713411],[28.971768,44.9711817],[28.971591,44.9710451],[28.9713871,44.9708781],[28.9712182,44.9707301],[28.9711028,44.9706618],[28.9709204,44.9706143],[28.9707515,44.9705688],[28.9705744,44.9704853],[28.970219,44.9702348],[28.9699897,44.9701077],[28.9697993,44.9700099],[28.9696974,44.9699577],[28.9695968,44.9698866],[28.9694439,44.9696778],[28.9693413,44.9695882],[28.9692689,44.9695369],[28.9692146,44.9694876],[28.9692018,44.9694587],[28.9692072,44.9694378],[28.9692166,44.9694202],[28.9692434,44.9694008],[28.9692789,44.969388],[28.9693312,44.9693818],[28.9693768,44.9693723],[28.9694372,44.9693723],[28.9695109,44.9693799],[28.9695539,44.9693752],[28.9696316,44.9693775],[28.9696524,44.9693733],[28.969688,44.9693548],[28.9697054,44.9693391],[28.9697248,44.9693007],[28.9697255,44.96923],[28.9697014,44.9691532],[28.9696759,44.9691076],[28.9696142,44.9690251],[28.9695404,44.9689103],[28.9694506,44.9687509],[28.9693058,44.9686104],[28.9691475,44.9684662],[28.9688632,44.9682385],[28.9685306,44.9679538],[28.9682852,44.9677698],[28.9682315,44.9677081],[28.968202,44.9676663],[28.9681658,44.9676047],[28.9681014,44.9675411],[28.9679445,44.9674443],[28.9678413,44.9674026],[28.9677675,44.9673817],[28.9676763,44.9673589],[28.9675851,44.9673551],[28.9674456,44.9673627],[28.9672686,44.967358],[28.967103,44.9673528],[28.9670433,44.9673409],[28.9669856,44.9673233],[28.9669581,44.9673039],[28.9669367,44.967274],[28.9669132,44.967228],[28.9668871,44.9671948],[28.9668462,44.9671777],[28.9667483,44.9671473],[28.9666691,44.9671189],[28.9664633,44.967043],[28.9663513,44.9670131],[28.9662024,44.9669917],[28.9659262,44.9669708],[28.9654863,44.9669025],[28.9650571,44.9667982],[28.9646709,44.9667004],[28.9645073,44.966671],[28.9644322,44.966671],[28.9643638,44.9666663],[28.9642847,44.966652],[28.9641747,44.9666454],[28.9640768,44.9666112],[28.9640044,44.9665733],[28.9638488,44.9664651],[28.9637563,44.9663873],[28.9637093,44.9663522],[28.9635994,44.9663076],[28.9634719,44.9662526],[28.9634103,44.9662165],[28.9633955,44.9661899],[28.9634022,44.9661444],[28.9634317,44.9660827],[28.9634612,44.9660467],[28.9635082,44.9660096],[28.9635511,44.9659679],[28.9635859,44.9659261],[28.9636275,44.9658948],[28.9636812,44.965873],[28.9637858,44.9658597],[28.9638354,44.9658569],[28.9639306,44.9658502],[28.9639775,44.9658389],[28.9640205,44.9658208],[28.9640526,44.9658009],[28.9640808,44.9657544],[28.964121,44.965651],[28.9641304,44.9655902],[28.9641412,44.9655324],[28.9641505,44.9654565],[28.9641412,44.9653597],[28.9641237,44.9653094],[28.964109,44.9652648],[28.9640741,44.9652202],[28.9640231,44.9651832],[28.9639574,44.9651452],[28.963818,44.9650655],[28.9636919,44.964954],[28.963647,44.9649251],[28.9635048,44.9648596],[28.96348,44.9648515],[28.9634522,44.9648475],[28.963422,44.9648508],[28.9634076,44.9648534],[28.9633803,44.9648649],[28.9633658,44.9648735],[28.9633499,44.9648797],[28.9633385,44.9648811],[28.9633328,44.964881],[28.9633216,44.9648795],[28.9633036,44.9648743],[28.9632788,44.9648625],[28.9632527,44.9648444],[28.9632312,44.964816],[28.9632238,44.9647913],[28.9632218,44.964759],[28.9632044,44.9646983],[28.9631997,44.9646589],[28.9632118,44.9646162],[28.9632326,44.9645655],[28.9632487,44.9645284],[28.9632594,44.9644895],[28.9632889,44.9644554],[28.9633164,44.9644336],[28.9633546,44.964417],[28.9633767,44.9643999],[28.9633895,44.9643814],[28.9633935,44.964369],[28.9633975,44.9643415],[28.9634069,44.9643197],[28.9634223,44.9642945],[28.9634317,44.9642851],[28.9634719,44.964259],[28.963531,44.9642371],[28.9635886,44.9642177],[28.9636356,44.9642058],[28.9637147,44.9641807],[28.9637988,44.9641584],[28.9638324,44.9641444],[28.9638411,44.9641366],[28.9638418,44.9641311],[28.9638408,44.9641216],[28.9638314,44.9641081],[28.963823,44.9640929],[28.9638247,44.9640815],[28.9638273,44.9640716],[28.9638314,44.9640623],[28.9638381,44.9640571],[28.9638609,44.9640445],[28.9638867,44.964035],[28.9639621,44.9640118],[28.9640292,44.9639786],[28.9640526,44.9639601],[28.9640627,44.9639449],[28.9640667,44.9639306],[28.9640627,44.9639164],[28.9640547,44.9639093],[28.9640265,44.9639008],[28.963993,44.9638979],[28.9639521,44.9638998],[28.9639152,44.9639026],[28.9638817,44.9639102],[28.9638609,44.963915],[28.9638159,44.9639335],[28.9637998,44.9639453],[28.9637858,44.9639658],[28.9637804,44.9639862],[28.963775,44.9640061],[28.9637576,44.9640303],[28.9637415,44.9640383],[28.9636993,44.9640502],[28.9636517,44.9640526],[28.9636034,44.9640436],[28.9635444,44.9640312],[28.9634666,44.9639743],[28.963417,44.9638984],[28.9633633,44.9637921],[28.9633177,44.963701],[28.9632949,44.9636033],[28.9632869,44.963422],[28.9632654,44.9632854],[28.9631769,44.9630823],[28.9630777,44.9629115],[28.9629905,44.9626876],[28.9629436,44.9625614],[28.9629395,44.9624532],[28.9629248,44.9623725],[28.9629288,44.9623232],[28.9629529,44.9622757],[28.9630039,44.9622397],[28.9630616,44.9622093],[28.9631072,44.9621951],[28.9631943,44.9621998],[28.9633378,44.9622283],[28.9634264,44.9622672],[28.9635256,44.9623346],[28.9635926,44.9623706],[28.9636959,44.962419],[28.9637898,44.962457],[28.9639199,44.9625035],[28.9641961,44.9626098],[28.964349,44.9626249],[28.9644469,44.9626344],[28.9645287,44.9626525],[28.9646105,44.9626895],[28.9647031,44.9627521],[28.9647594,44.9628119],[28.9648117,44.9629163],[28.9648814,44.9630292],[28.9649136,44.9630823],[28.9650182,44.9631839],[28.965092,44.9632237],[28.9651604,44.9632598],[28.9652891,44.963311],[28.9654085,44.9633907],[28.9654715,44.9634742],[28.9655131,44.9635103],[28.9655614,44.9635321],[28.9656445,44.9635549],[28.9657505,44.9635672],[28.9658229,44.9635701],[28.965902,44.9635814],[28.965957,44.9635919],[28.9660348,44.9636099],[28.9664237,44.9636982],[28.9666638,44.9637636],[28.9667858,44.9638063],[28.9669374,44.963831],[28.9670742,44.9638471],[28.9671519,44.9638661],[28.9672177,44.9638917],[28.9672954,44.9639183],[28.9673638,44.9639382],[28.9674363,44.9639553],[28.967514,44.9639605],[28.9675476,44.9639634],[28.9675784,44.9639719],[28.9676086,44.9639828],[28.9676461,44.9640056],[28.9676857,44.9640326],[28.9677253,44.9640749],[28.967746,44.9641133],[28.9677642,44.9641309],[28.9677843,44.9641413],[28.9678124,44.9641413],[28.9678366,44.9641351],[28.9678614,44.9641162],[28.9678862,44.9640891],[28.9679117,44.9640488],[28.9679439,44.9640127],[28.9679861,44.9639824],[28.96808,44.9639544],[28.9681209,44.9639501],[28.9681604,44.963951],[28.9682121,44.9639539],[28.9682503,44.9639558],[28.968316,44.9639553],[28.9683569,44.9639506],[28.9683807,44.9639477],[28.9683968,44.9639497],[28.9684144,44.9639545],[28.9684501,44.9639738],[28.9684736,44.9639897],[28.9685044,44.964022],[28.9685407,44.9640621],[28.9685755,44.9640924],[28.9686258,44.9641071],[28.9686942,44.9641138],[28.968882,44.9641261],[28.9690295,44.9641403],[28.9691113,44.9641574],[28.9692105,44.964184],[28.9693353,44.9642343],[28.969456,44.9642817],[28.969523,44.9642969],[28.9696571,44.9643197],[28.9698234,44.9643368],[28.9702257,44.9643292],[28.9706174,44.9643235],[28.9709097,44.9643102],[28.9711109,44.9642789],[28.9712101,44.964258],[28.9712745,44.9642476],[28.9713348,44.9642476],[28.9714006,44.9642495],[28.971536,44.9642675],[28.9716339,44.964276],[28.9716849,44.9642836],[28.9717452,44.9643093],[28.9718109,44.9643387],[28.9718525,44.9643681],[28.9718968,44.9644089],[28.9719464,44.9644573],[28.9719866,44.9645042],[28.9720128,44.9645175],[28.9720637,44.964528],[28.9721301,44.9645346],[28.9722032,44.9645341],[28.9722817,44.9645256],[28.9723273,44.9645114],[28.9723605,44.9644957],[28.9723856,44.9644827],[28.9724071,44.9644644],[28.9724456,44.9644279],[28.9724687,44.9644018],[28.9724932,44.9643804],[28.9725113,44.9643688],[28.9725321,44.9643607],[28.9725526,44.9643574],[28.9725717,44.9643562],[28.9725941,44.9643579],[28.9727752,44.9643966],[28.9729026,44.9644184],[28.9730032,44.9644222],[28.9731601,44.9644516],[28.9732741,44.9644611],[28.9733559,44.9644592],[28.9734471,44.9644525],[28.9735718,44.9644364],[28.9738038,44.9644563],[28.9740828,44.964481],[28.9742129,44.9645019],[28.9743336,44.9645161],[28.9744475,44.9645503],[28.9745066,44.9645778],[28.9745736,44.9646063],[28.9746219,44.9646309],[28.9746889,44.964648],[28.9748371,44.9646722],[28.9748874,44.9646822],[28.9749391,44.9646912],[28.9749766,44.9647073],[28.9750081,44.9647353],[28.9750269,44.9647818],[28.9750551,44.9648169],[28.9750772,44.964844],[28.975108,44.9648577],[28.9751476,44.9648644],[28.9752153,44.964862],[28.9752522,44.9648549],[28.9752931,44.9648373],[28.975338,44.964816],[28.9753836,44.9648084],[28.9754219,44.9648084],[28.9754561,44.9648155],[28.9754802,44.9648269],[28.9754936,44.9648425],[28.9755151,44.9648762],[28.9755379,44.9649146],[28.9755754,44.9649887],[28.9756049,44.9650114],[28.975676,44.9650418],[28.975727,44.9650503],[28.9758007,44.9650494],[28.9758705,44.9650276],[28.9759321,44.9650095],[28.9759777,44.9650015],[28.9760301,44.9650024],[28.9760629,44.9650038],[28.9760857,44.9650114],[28.9761159,44.9650299],[28.9761407,44.9650556],[28.9761749,44.9651187],[28.9762419,44.9652003],[28.9763036,44.9652496],[28.9764807,44.96528],[28.9766282,44.9652857],[28.9767301,44.9652743],[28.9769098,44.9652154],[28.9770734,44.9651699],[28.9771941,44.9651395],[28.9773618,44.9651101],[28.9774945,44.9650788],[28.9776286,44.9650646],[28.9777346,44.9650617],[28.9778432,44.9650693],[28.9779331,44.965094],[28.9779975,44.9651291],[28.9780766,44.9651984],[28.9782,44.9653141],[28.9782938,44.9653786],[28.9783743,44.9654584],[28.9785004,44.9655305],[28.9786667,44.9656026],[28.9787284,44.9656273],[28.9787605,44.9656557],[28.9788303,44.965743],[28.9788786,44.965818],[28.9789282,44.9659432],[28.9789543,44.9660115],[28.9789691,44.9660433],[28.9789972,44.9660704],[28.9790301,44.9660865],[28.9791246,44.966123],[28.9793084,44.9661757],[28.9795518,44.9662312],[28.9800909,44.9663323],[28.9805777,44.9664575],[28.9809076,44.9665533],[28.9813811,44.9667184],[28.981943,44.9668774],[28.98201,44.9669006],[28.9820657,44.9669196],[28.9821006,44.9669234],[28.9821897,44.9669191],[28.9822742,44.9669177],[28.9823413,44.9669272],[28.9823909,44.9669405],[28.9824446,44.9669661],[28.9824955,44.9669965],[28.9825217,44.9670363],[28.9825324,44.9670543],[28.9825425,44.9670852],[28.9825518,44.967126],[28.9825599,44.967163],[28.9825961,44.9672669],[28.9826129,44.9673072],[28.9826518,44.9674049],[28.9826839,44.9674709],[28.9826994,44.9675098],[28.9827242,44.9675795],[28.9827275,44.9676151],[28.9827195,44.9676749],[28.9827034,44.9677328],[28.9826913,44.9677669],[28.9826323,44.9678922],[28.9825344,44.9680677],[28.9824486,44.9682451],[28.9823735,44.9683723],[28.9823252,44.9684358],[28.9822716,44.9685061],[28.9822125,44.9685801],[28.9821589,44.9687101],[28.982112,44.9689235],[28.9820784,44.9690829],[28.9820395,44.9692291],[28.9820141,44.9693154],[28.9819604,44.9694188],[28.9818719,44.9695346],[28.9817847,44.9696276],[28.9816707,44.9697167],[28.981605,44.9697651],[28.9814495,44.969842],[28.9812362,44.9699739],[28.981078,44.970083],[28.9810069,44.9701646],[28.9809532,44.9702595],[28.9809412,44.9703097],[28.9809412,44.9703629],[28.980964,44.9704236],[28.9809948,44.9704824],[28.9810257,44.9705204],[28.9810713,44.9705583],[28.9811276,44.9705925],[28.9811718,44.9706504],[28.9812148,44.9707092],[28.981251,44.9707709],[28.9812617,44.9708477],[28.981255,44.970917],[28.9812295,44.9709682],[28.9811987,44.9710223],[28.9811531,44.971065],[28.9810579,44.9711523],[28.9810149,44.971213],[28.9810029,44.9712472],[28.9809988,44.9712842],[28.9809841,44.9713629],[28.9809425,44.9714417],[28.9808594,44.9715754],[28.9808218,44.9716466],[28.980799,44.9717026],[28.9807883,44.9717661],[28.9807668,44.9718145],[28.980736,44.9718952],[28.9806421,44.9720213],[28.9805362,44.9721314],[28.9804691,44.9721817],[28.9803766,44.9722633],[28.9803135,44.9723145],[28.9802653,44.9723335],[28.9801955,44.9723411],[28.9801077,44.9723472],[28.9799602,44.972361],[28.9798777,44.9723676],[28.979826,44.9723714],[28.9797831,44.9723781],[28.9797516,44.9723918],[28.9797315,44.9724132],[28.9796993,44.9724834],[28.9796792,44.9725375],[28.9796376,44.9726437],[28.9795732,44.972749],[28.9795129,44.9729075],[28.9794096,44.9730346],[28.9792554,44.9731969],[28.9790945,44.9733069],[28.9789295,44.9734986],[28.9788075,44.9736181],[28.9786814,44.9737604],[28.9786291,44.9738837],[28.9785647,44.974008],[28.9784279,44.9741437],[28.9783461,44.9742149],[28.9782214,44.9742955],[28.9781141,44.9743496],[28.9780699,44.974361],[28.978027,44.9743572],[28.9779814,44.974341],[28.9779291,44.9743088]],[[29.1008198,44.9756598],[29.1007568,44.975637],[29.1007313,44.9756076],[29.1007239,44.975582],[29.1007172,44.975553],[29.1007152,44.9755132],[29.10074,44.9754567],[29.100789,44.9754098],[29.100852,44.9753775],[29.1008943,44.9753614],[29.1009298,44.975351],[29.1009808,44.9753486],[29.101027,44.9753486],[29.1010579,44.9753547],[29.1011095,44.9753861],[29.1011424,44.9754207],[29.1011598,44.9754453],[29.1011766,44.9755212],[29.1011685,44.9755459],[29.1011041,44.9756161],[29.1010183,44.975656],[29.1008909,44.9756702],[29.1008198,44.9756598]],[[28.9743148,45.001235],[28.9743456,45.0011108],[28.9743952,45.0009695],[28.9744328,45.0008746],[28.9744663,45.0007893],[28.9745159,45.0007343],[28.9745857,45.0006802],[28.9747037,45.000611],[28.9748257,45.0005702],[28.9749907,45.0005674],[28.9750725,45.0005788],[28.9752898,45.0006404],[28.9754346,45.0006888],[28.9756224,45.0007314],[28.9757095,45.0007589],[28.9757994,45.0008016],[28.9758517,45.0008395],[28.9758879,45.000887],[28.9759348,45.0009628],[28.9759415,45.0010738],[28.9759321,45.0011477],[28.9758651,45.0013687],[28.9757913,45.0015764],[28.9757176,45.0016759],[28.9756438,45.0017214],[28.975452,45.0018115],[28.9753743,45.0018409],[28.9752911,45.0018552],[28.975161,45.0018571],[28.9750457,45.0018447],[28.9749049,45.0018296],[28.9747909,45.0018106],[28.9747292,45.0017935],[28.9746165,45.0017404],[28.9745066,45.0016598],[28.9744529,45.0015972],[28.9743443,45.0014379],[28.9743175,45.0013744],[28.9743121,45.001326],[28.9743148,45.001235]],[[28.9776481,45.0004944],[28.9776803,45.0005029],[28.9777675,45.0005394],[28.9779244,45.0005996],[28.9782415,45.0007551],[28.9783555,45.0008301],[28.9784467,45.0008993],[28.9784668,45.00096],[28.9784802,45.0011534],[28.9784615,45.0012397],[28.9784212,45.0013364],[28.9783663,45.0014256],[28.9782536,45.0015062],[28.9780779,45.0016513],[28.9779411,45.0017926],[28.9778607,45.0018893],[28.9777574,45.0019689],[28.9776729,45.0019983],[28.9775281,45.0020296],[28.9774288,45.0020306],[28.9772505,45.0020202],[28.9771043,45.0019993],[28.9770506,45.0019841],[28.9769769,45.0019557],[28.9768669,45.0018921],[28.976777,45.0018182],[28.9766912,45.0017186],[28.9766335,45.0016513],[28.976545,45.0014958],[28.9765115,45.0013346],[28.9764753,45.0012141],[28.9764565,45.0011402],[28.9764592,45.0010747],[28.9764981,45.000959],[28.9765611,45.0008595],[28.9766027,45.0007978],[28.9766644,45.0007656],[28.9767462,45.00074],[28.9769299,45.000739],[28.9770158,45.0007362],[28.977111,45.0007115],[28.9772357,45.0006613],[28.9773162,45.0006195],[28.9773738,45.0005788],[28.9774147,45.0005375],[28.9774771,45.0005072],[28.9775341,45.0004925],[28.9775965,45.0004877],[28.9776481,45.0004944]],[[29.0310552,45.001803],[29.0309989,45.0017788],[29.0309148,45.0017508],[29.0308423,45.0017366],[29.0306569,45.0017397],[29.0305869,45.0017487],[29.0305476,45.001761],[29.0305198,45.0017788],[29.0304923,45.0017978],[29.0304799,45.0018013],[29.0304682,45.0018025],[29.0304568,45.0017992],[29.0304491,45.0017935],[29.030443,45.0017836],[29.0304377,45.0017667],[29.0304296,45.0017421],[29.0303518,45.0016385],[29.0303408,45.0016235],[29.030324,45.0016032],[29.0303183,45.0015887],[29.030316,45.0015761],[29.0303183,45.0015612],[29.0303387,45.0015327],[29.0304185,45.0014929],[29.0304983,45.0014739],[29.0306445,45.0014521],[29.0307786,45.0014593],[29.0308859,45.0014706],[29.0309684,45.001483],[29.0310992,45.001509],[29.0311313,45.0015195],[29.0311521,45.0015342],[29.0311662,45.0015512],[29.0311883,45.0015896],[29.0312024,45.0016271],[29.0312279,45.0016769],[29.031249,45.0017101],[29.0312732,45.0017383],[29.0312923,45.0017591],[29.0313097,45.0017741],[29.0313359,45.0017983],[29.031355,45.0018232],[29.0313561,45.0018282],[29.0313561,45.0018317],[29.0313543,45.0018342],[29.0313507,45.0018366],[29.0313453,45.0018378],[29.0313378,45.0018382],[29.0313305,45.0018362],[29.0313114,45.0018296],[29.0312906,45.0018217],[29.0312695,45.0018194],[29.0312504,45.0018201],[29.0312366,45.0018239],[29.0312199,45.0018303],[29.0312058,45.0018345],[29.0311863,45.001836],[29.0311763,45.001835],[29.0311662,45.0018341],[29.0311548,45.0018319],[29.0311042,45.0018175],[29.0310552,45.001803]],[[29.0238069,45.0018514],[29.0238116,45.0018395],[29.0238478,45.0018115],[29.0238988,45.0017826],[29.0239692,45.001729],[29.0240738,45.0016769],[29.0242106,45.0016266],[29.0243568,45.0016034],[29.0243883,45.0016001],[29.0244654,45.0015991],[29.0245063,45.0016015],[29.0245331,45.0016034],[29.0245733,45.0016276],[29.0245894,45.0016461],[29.0245961,45.001666],[29.0245941,45.0016935],[29.0245841,45.0017523],[29.0245861,45.0018006],[29.0245841,45.0018272],[29.024576,45.001848],[29.0245546,45.0018703],[29.0245277,45.0018936],[29.0244922,45.0019064],[29.0244654,45.0019073],[29.0244352,45.0019035],[29.0244064,45.0018926],[29.0243782,45.0018746],[29.0243038,45.0018381],[29.0242461,45.0018262],[29.0241972,45.0018229],[29.0241589,45.0018243],[29.0241066,45.0018314],[29.0240584,45.0018405],[29.0239531,45.0018727],[29.0239048,45.0018936],[29.0238726,45.0018997],[29.0238538,45.0018997],[29.023831,45.0018955],[29.0238163,45.0018864],[29.0238049,45.0018736],[29.0238042,45.0018632],[29.0238069,45.0018514]],[[29.0249737,45.0019799],[29.0248382,45.0019396],[29.0247577,45.0019111],[29.0247185,45.0018966],[29.024682,45.001885],[29.0246612,45.0018675],[29.0246551,45.001858],[29.0246451,45.0018305],[29.0246417,45.0018002],[29.0246625,45.0017727],[29.0246947,45.0017494],[29.0247544,45.0017267],[29.024802,45.0017229],[29.0248657,45.0017328],[29.0249073,45.0017442],[29.0250742,45.0017921],[29.0251245,45.0018182],[29.025147,45.0018405],[29.0251648,45.0018656],[29.0251785,45.0018928],[29.0251825,45.0019106],[29.0251859,45.0019263],[29.0251845,45.0019438],[29.0251815,45.0019533],[29.0251725,45.0019656],[29.0251567,45.0019711],[29.0250883,45.0019841],[29.0250548,45.001986],[29.0250152,45.0019874],[29.0249737,45.0019799]]]},"properties":{"name":"Lacul Razim","name_ro":"Lacul Razim","type":"lake","source":"manual_premap","source_detail":"HOTOSM Waterways HDX snapshot 2026-08-07, water=lake/reservoir name match (1 candidate features, largest polygon selected)","osm_type":"way","osm_id":"relation/1308660","geocode_tier":"tier1","confidence":"high"}}]}