{"type":"FeatureCollection","metadata":{"pipeline":"tier1_premap","pipeline_version":"1.0","generated_at":"2026-08-11T10:41:03.026397+00:00"},"features":[{"type":"Feature","id":"olt","geometry":{"type":"MultiLineString","coordinates":[[[25.827709,46.0425823],[25.827494,46.042172],[25.8271775,46.041673],[25.8271614,46.041431],[25.8273224,46.041189],[25.8275833,46.0410548],[25.8280485,46.0409432],[25.8283528,46.0409477],[25.8286635,46.0409767],[25.8287869,46.0408427],[25.8289098,46.0405364],[25.8289236,46.0400669],[25.8289756,46.0396086],[25.8291516,46.0393159],[25.8291858,46.0389735],[25.8292874,46.0388621],[25.829297,46.0385175],[25.8289404,46.0383984],[25.8286543,46.0384542],[25.8284811,46.0384445],[25.8283738,46.0383887],[25.8284275,46.0382062],[25.8285508,46.0380759],[25.8283631,46.037737],[25.827978,46.0372262],[25.8280099,46.0368619],[25.8282579,46.0363821],[25.8285248,46.0353923],[25.828954,46.0349082],[25.8297828,46.0344962],[25.8298362,46.034406],[25.8298296,46.0342249],[25.8296932,46.0340052],[25.8284819,46.0328673],[25.8269048,46.0314],[25.8261967,46.0307668],[25.8260143,46.0303534],[25.8260021,46.0299595],[25.8257461,46.0297389],[25.8251989,46.0294112],[25.8237076,46.0290164],[25.8225867,46.0285587],[25.8220768,46.028346],[25.822109,46.0279735],[25.8226776,46.0274297],[25.8243406,46.0261782],[25.8251238,46.0258654],[25.8253189,46.0252573],[25.8256066,46.0243606],[25.8267438,46.0234219],[25.8268405,46.0233854],[25.8284604,46.0227738],[25.8292007,46.0223193],[25.8292767,46.021432],[25.8298981,46.0208889],[25.8301775,46.0204823],[25.8305086,46.0202866],[25.830838,46.0204171],[25.8311334,46.0211179],[25.8312607,46.0211572],[25.831604,46.0210379],[25.8316255,46.0207474],[25.8312484,46.0202262],[25.8306468,46.0198399],[25.8293509,46.0196075],[25.828439,46.0196075],[25.8281708,46.0195703],[25.8280849,46.0193542],[25.8282244,46.0188625],[25.8289754,46.0185123],[25.8291494,46.0182764],[25.8290827,46.0180504],[25.8283424,46.0174693],[25.8275485,46.0166124],[25.8269262,46.0150702],[25.8277631,46.0143847],[25.8294582,46.0134347],[25.830853,46.0128833],[25.8316791,46.0119482],[25.8321082,46.0108528],[25.8322861,46.0098493],[25.8344793,46.0081032],[25.8350882,46.0074022],[25.8355269,46.0071437],[25.8364561,46.0067469],[25.8366103,46.0066181],[25.8367132,46.0064408],[25.8368397,46.0061135],[25.8366499,46.0055076],[25.8364961,46.0052033],[25.8363235,46.0049756],[25.8359769,46.0048301],[25.8358984,46.0047613],[25.8358793,46.0047213],[25.8358266,46.0046111],[25.8365178,46.0039002],[25.83719,46.0022008],[25.8372071,46.0021716],[25.8381323,46.0005923],[25.8384541,46.0003104],[25.8388109,46.0001063],[25.8391257,46.0001112],[25.8395391,46.0001676],[25.8400352,46.0000577],[25.8405668,45.9995523],[25.840866,45.9987655],[25.8409318,45.9987372],[25.8414367,45.9985198],[25.8417072,45.9986192],[25.8420451,45.9987533],[25.8423134,45.9987139],[25.8424759,45.9985391],[25.8424746,45.9980782],[25.8422732,45.998076],[25.8419928,45.9981114],[25.841834,45.9978368],[25.8416952,45.9976609],[25.841646,45.9974762],[25.8417005,45.9971001],[25.8419597,45.9967443],[25.8423648,45.9964759],[25.8433833,45.9957986],[25.8435442,45.9956268],[25.8444986,45.9952609],[25.845054,45.9950462],[25.8452055,45.994879],[25.8452729,45.994621],[25.8452238,45.9941543],[25.8452598,45.993784],[25.8453893,45.993576],[25.845471,45.9934286],[25.845026,45.9929743],[25.8446945,45.9927141],[25.8444566,45.9923301],[25.8444047,45.9919677],[25.844433,45.9918152],[25.844472,45.9916054],[25.8445457,45.9914627],[25.8446762,45.9913501],[25.8450535,45.9912023],[25.8452851,45.9911149],[25.8454013,45.99096],[25.8453441,45.9905728],[25.8450674,45.9901804],[25.8447705,45.9900996],[25.8443847,45.9900838],[25.8440828,45.9899815],[25.8437478,45.9896967],[25.8436635,45.9894951],[25.843614,45.9892971],[25.843757,45.9891707],[25.8439257,45.9890767],[25.844135,45.989043],[25.8443953,45.9890521],[25.8448645,45.9890397],[25.8452842,45.9888103],[25.8453718,45.9886756],[25.8452307,45.9882515],[25.8452571,45.9880844],[25.845236,45.9878918],[25.8451133,45.9876756],[25.8449166,45.9875737],[25.8444663,45.9873541],[25.8443882,45.9871778],[25.8445196,45.9868958],[25.8448936,45.9865263],[25.8450303,45.9861035],[25.8450653,45.9857194],[25.8452402,45.985282],[25.8455027,45.9849098],[25.8457284,45.9847718],[25.8458842,45.9847494],[25.8459756,45.9846673],[25.8458838,45.9843194],[25.8461147,45.9840764],[25.846918,45.9836304],[25.847276,45.983318],[25.847318,45.9828465],[25.8473949,45.9825743],[25.8475413,45.9824789],[25.8477306,45.9824058],[25.8483394,45.9823604],[25.8485115,45.9822769],[25.8486192,45.9821562],[25.8486384,45.9818726],[25.8487218,45.9818012],[25.8494719,45.9811594],[25.8499624,45.9804449],[25.8500464,45.9800025],[25.8503302,45.9796843],[25.8508579,45.9796331],[25.8513896,45.979672],[25.8519563,45.9796525],[25.8524489,45.9795646],[25.8527958,45.9794307],[25.853343,45.97877],[25.8535159,45.9785416],[25.8535863,45.9784486],[25.8537836,45.9781299],[25.853774,45.9780233],[25.8537159,45.9779411],[25.853627,45.9778245],[25.8535381,45.9777813],[25.8532891,45.9777538],[25.8529544,45.9776652],[25.8520022,45.9770393],[25.8515995,45.9766109],[25.8514526,45.9761198],[25.850341,45.9749435],[25.8502842,45.9744765],[25.850718,45.9739416],[25.8508743,45.9730714],[25.8509964,45.9724407],[25.8509282,45.9721045],[25.8507642,45.9718896],[25.850662,45.9717293],[25.8506142,45.9715271],[25.850655,45.9713793],[25.8508842,45.9711507],[25.8510456,45.9709366],[25.8510776,45.9708181],[25.8510301,45.9706784],[25.8508514,45.9704196],[25.8508873,45.9703108],[25.8511576,45.9701796],[25.8513557,45.9701258],[25.8517075,45.9702125],[25.8521522,45.9701442],[25.8528325,45.9698624],[25.853045,45.9696948],[25.8531564,45.9695273],[25.8532425,45.9692493],[25.8532258,45.9691543],[25.8531487,45.9690901],[25.8529997,45.9690237],[25.8529396,45.9689574],[25.8529286,45.9688724],[25.8530057,45.9687584],[25.8532104,45.9685995],[25.8535444,45.9683402],[25.8547907,45.9674275],[25.8549984,45.9672664],[25.8550834,45.9670874],[25.8551023,45.9669281],[25.8550364,45.9666085],[25.8548632,45.966314],[25.8541078,45.9653282],[25.8540311,45.9648419],[25.854104,45.9646591],[25.8542356,45.9645075],[25.8544642,45.9644064],[25.8547785,45.9643978],[25.8550564,45.9644538],[25.8554336,45.9647841],[25.8555619,45.9648432],[25.855774,45.9647996],[25.8559619,45.9646998],[25.8562448,45.9643458],[25.8563418,45.9641098],[25.8564119,45.9636491],[25.8563237,45.9633252],[25.8561771,45.9630472],[25.8560354,45.9628597],[25.8556815,45.9625927],[25.8555287,45.9625126],[25.8553535,45.9624655],[25.8551661,45.9624543],[25.8548838,45.9624823],[25.8542903,45.962665],[25.8540551,45.9626847],[25.8538818,45.9626482],[25.8537193,45.9625437],[25.8532592,45.9619312],[25.852369,45.9613279],[25.8520761,45.9612112],[25.8518444,45.9611188],[25.8513317,45.9607985],[25.8509257,45.9604315],[25.8507591,45.9602157],[25.8506414,45.9597739],[25.8506596,45.9596435],[25.8507539,45.9595357],[25.85107,45.9594274],[25.8512027,45.9592636],[25.8512395,45.959101],[25.8511727,45.958872],[25.8510493,45.9583502],[25.8509327,45.9581861],[25.8507351,45.9581085],[25.8505581,45.9581048],[25.8499694,45.9581716],[25.8498587,45.9581478],[25.8497316,45.95805],[25.849664,45.9579248],[25.8495882,45.9575716],[25.8493793,45.9562041],[25.8493163,45.9555155],[25.8492657,45.9552123],[25.8491596,45.9548841],[25.8489905,45.9546118],[25.8488971,45.9543119],[25.8487686,45.9537774],[25.8484315,45.9528613],[25.8483798,45.9513045],[25.848396,45.9507768],[25.8483281,45.9503996],[25.8477254,45.9493132],[25.847846,45.9481815],[25.8475746,45.9479736],[25.8474249,45.9478044],[25.8473594,45.9476603],[25.84729,45.9462175],[25.8472247,45.9459966],[25.8470031,45.9457841],[25.8465565,45.9454956],[25.846038,45.9444248],[25.845965,45.9443065],[25.8458207,45.9442279],[25.8457477,45.9441881],[25.8451035,45.9441467],[25.8448122,45.944063],[25.8446893,45.9440149],[25.844557,45.9439208],[25.8444882,45.94372],[25.8444903,45.9435817],[25.8445396,45.9434106],[25.8449056,45.94264],[25.8453565,45.941727],[25.8454957,45.9415725],[25.8457454,45.9414092],[25.8458534,45.9413673],[25.8459862,45.9413444],[25.8461224,45.9413786],[25.8463106,45.9414704],[25.8465156,45.9415892],[25.8467146,45.9416578],[25.846961,45.9416832],[25.8472711,45.9416367],[25.8475305,45.9415741],[25.8477177,45.9414823],[25.8478188,45.9413038],[25.8478257,45.941144],[25.8476739,45.9409931],[25.8476165,45.940779],[25.8476278,45.9405978],[25.8477402,45.9404212],[25.8478242,45.9403649],[25.8481112,45.9402183],[25.8482755,45.940062],[25.8483084,45.9398963],[25.8482182,45.939767],[25.8480017,45.9395872],[25.8479504,45.9392838],[25.8480072,45.9392063],[25.848096,45.9391616],[25.8482253,45.9391637],[25.8483562,45.9392115],[25.8485709,45.9393492],[25.8487355,45.9393431],[25.8488967,45.9393125],[25.8490466,45.9392387],[25.8491191,45.939138],[25.849104,45.9390074],[25.8490068,45.9389189],[25.8488826,45.9388703],[25.8486483,45.9388425],[25.8483163,45.9388781],[25.847814,45.9388718],[25.8473642,45.9389695],[25.846922,45.938966],[25.8467756,45.9388284],[25.8467706,45.9386564],[25.8469883,45.938395],[25.8476903,45.9378975],[25.8483932,45.9374764],[25.8489868,45.9374627],[25.8495391,45.9375778],[25.8500801,45.9376072],[25.8506341,45.937559],[25.851835,45.9372132],[25.8520984,45.9370361],[25.8528952,45.9361229],[25.8537457,45.9354913],[25.8548026,45.9352883],[25.854957,45.9351124],[25.8548786,45.934965],[25.8547176,45.9348341],[25.8544977,45.9345934],[25.8545049,45.9342175],[25.8548146,45.933611],[25.8547915,45.933431],[25.8541168,45.9325876],[25.8538905,45.9323325],[25.8538334,45.9322702],[25.8537377,45.9322259],[25.853439,45.9322676],[25.8522723,45.9326882],[25.8520541,45.9327162],[25.8518908,45.9327301],[25.8515637,45.9327189],[25.8513609,45.9326986],[25.8511474,45.932626],[25.8509993,45.932533],[25.850939,45.9324067],[25.8509259,45.9322587],[25.8509151,45.932121],[25.8508692,45.9320598],[25.8507609,45.932045],[25.850641,45.9320784],[25.8504148,45.9322925],[25.850322,45.9323289],[25.8502057,45.9323274],[25.8500985,45.9322881],[25.8500129,45.9321715],[25.8499515,45.9317549],[25.8500554,45.9312664],[25.8502186,45.9308741],[25.8502445,45.9304607],[25.8499834,45.9299253],[25.8495787,45.9296315],[25.8489077,45.9296561],[25.8483726,45.929161],[25.8483586,45.9287821],[25.8483675,45.9286569],[25.8484611,45.9285496],[25.8492943,45.9282814],[25.8494095,45.9280451],[25.8493992,45.9278564],[25.8493417,45.9276787],[25.8492397,45.9275906],[25.849063,45.9274916],[25.8488342,45.9274727],[25.8478338,45.9275951],[25.8473402,45.9275863],[25.8469691,45.9274709],[25.8465834,45.9273007],[25.8462024,45.9270667],[25.8460467,45.9266198],[25.8460479,45.9265013],[25.8464962,45.9255585],[25.8464858,45.9254383],[25.8464181,45.9252966],[25.8462647,45.9251687],[25.8458206,45.9249444],[25.8456138,45.92466],[25.8455843,45.924563],[25.8455865,45.9244734],[25.8456285,45.9243704],[25.8460091,45.9241275],[25.8460544,45.9240654],[25.8460679,45.9240218],[25.8460646,45.9239059],[25.8458628,45.9234347],[25.8458116,45.9227998],[25.8456533,45.9222217],[25.8456781,45.9220909],[25.8458957,45.9219636],[25.8464442,45.9218673],[25.8472611,45.9219016],[25.8475579,45.9218879],[25.8477859,45.9218063],[25.847891,45.9217322],[25.8479635,45.9215369],[25.8479847,45.9212251],[25.8479635,45.9207716],[25.8478309,45.9203097],[25.8473317,45.9199962],[25.8469445,45.919916],[25.8465784,45.9201156],[25.8465141,45.9205217],[25.8463162,45.9207144],[25.8460738,45.9208142],[25.8455148,45.9207419],[25.8453664,45.9205733],[25.8452923,45.9202435],[25.8448696,45.9199178],[25.844785,45.9198323],[25.8447751,45.9197519],[25.8447938,45.919634],[25.8448995,45.9195243],[25.8450548,45.9194107],[25.8453008,45.9193733],[25.8456731,45.919386],[25.8458809,45.9192621],[25.8460051,45.9191965],[25.8460467,45.9191309],[25.8460297,45.9190675],[25.8459654,45.919005],[25.8456682,45.9189111],[25.8453059,45.9188271],[25.8451883,45.9187322],[25.8451636,45.9184844],[25.8452576,45.9182194],[25.8451883,45.918068],[25.844264,45.9174897],[25.8438144,45.9171734],[25.8437636,45.9170871],[25.8440555,45.9164814],[25.844194,45.9161717],[25.8444555,45.9158869],[25.8447777,45.9156072],[25.8451784,45.9154283],[25.8456731,45.9153526],[25.846132,45.9152909],[25.8465195,45.9151322],[25.8465834,45.9149602],[25.8462123,45.9147571],[25.8457997,45.9146111],[25.8456979,45.9143889],[25.8458809,45.9141376],[25.8458908,45.9138829],[25.8452411,45.9129889],[25.8448915,45.9126336],[25.8444413,45.9123204],[25.8442725,45.9116811],[25.8430414,45.9103688],[25.8426526,45.9100031],[25.8425912,45.9099454],[25.8419976,45.909615],[25.8410534,45.9094613],[25.8403008,45.9089645],[25.839436,45.9084929],[25.8391458,45.908252],[25.8390069,45.9081718],[25.8380486,45.9078569],[25.8372782,45.9075739],[25.8371685,45.907269],[25.8371448,45.9070673],[25.8373141,45.9063002],[25.8373751,45.9062159],[25.8374483,45.9061717],[25.8376303,45.9061514],[25.838358,45.9062747],[25.8384386,45.9062664],[25.8385305,45.9062423],[25.8386275,45.9061911],[25.8386893,45.9061288],[25.8388415,45.9056703],[25.8388394,45.9055954],[25.8387921,45.9055363],[25.838708,45.9054933],[25.8380694,45.9053428],[25.8378362,45.9052455],[25.8376605,45.9051107],[25.8374316,45.9047747],[25.8370623,45.9041185],[25.8369307,45.9034151],[25.8368621,45.9033336],[25.8367187,45.9032854],[25.836539,45.9032697],[25.8363927,45.9032745],[25.836091,45.9034328],[25.8359249,45.9034773],[25.8357915,45.9034181],[25.8355461,45.9032074],[25.8355063,45.9031268],[25.8356805,45.9029173],[25.8357278,45.9028604],[25.8356931,45.9026363],[25.8364175,45.9016462],[25.8367638,45.9013019],[25.8369885,45.9009266],[25.8371428,45.9007368],[25.8371444,45.900581],[25.8367064,45.9002669],[25.8365573,45.9000445],[25.8365391,45.8999218],[25.8367151,45.8995899],[25.8366648,45.8987923],[25.8365362,45.898549],[25.835297,45.8973154],[25.8351638,45.8971903],[25.8351012,45.8970666],[25.8350947,45.8969184],[25.8351408,45.8967224],[25.8352021,45.8966129],[25.8353971,45.8964095],[25.8354387,45.896309],[25.8353961,45.8961993],[25.835244,45.896021],[25.8347223,45.8957617],[25.8345107,45.8953286],[25.8345586,45.8951363],[25.8346966,45.8945921],[25.8345278,45.8941789],[25.8343695,45.8939895],[25.8341073,45.8938415],[25.8329843,45.8937761],[25.8318495,45.8936746],[25.8313618,45.8935282],[25.8309957,45.8932768],[25.830637,45.8926141],[25.8304258,45.8922715],[25.8301696,45.8921716],[25.8298826,45.8921234],[25.8292296,45.8921854],[25.828073,45.8924144],[25.827655,45.8924771],[25.8273434,45.8924221],[25.826779,45.8922254],[25.8264857,45.8920477],[25.8262969,45.8918564],[25.8263006,45.8917104],[25.8264145,45.8913074],[25.8263692,45.8911629],[25.8261555,45.8909794],[25.8259152,45.890834],[25.8259106,45.890737],[25.8259722,45.8906308],[25.8261652,45.8905399],[25.8264772,45.8904879],[25.8266613,45.8905402],[25.826801,45.8908076],[25.8269782,45.8908794],[25.8272014,45.8909055],[25.8273884,45.8908856],[25.8275755,45.8907656],[25.8276392,45.8906789],[25.8276377,45.8905907],[25.8275912,45.8905307],[25.8257421,45.8900816],[25.8242984,45.8892249],[25.8235605,45.8885803],[25.822557,45.8881575],[25.8221012,45.8878331],[25.8216658,45.8874337],[25.8202906,45.8869206],[25.8197365,45.8865591],[25.8191846,45.8863355],[25.8177963,45.8858576],[25.8175379,45.8857538],[25.8166058,45.8856137],[25.8163455,45.8855323],[25.8159986,45.8853489],[25.8158799,45.885185],[25.8157833,45.8849165],[25.8152068,45.8842262],[25.814687,45.8833624],[25.8146562,45.883153],[25.8146553,45.883026],[25.8147367,45.8829445],[25.8148979,45.882881],[25.8150853,45.8828131],[25.8151873,45.8827517],[25.8151694,45.8826724],[25.8135236,45.8814502],[25.8130781,45.8810287],[25.812781,45.8807476],[25.8121384,45.8802969],[25.8115499,45.8799803],[25.8112101,45.8798065],[25.8109435,45.8795712],[25.8108198,45.8792795],[25.8108388,45.8788819],[25.8110721,45.8784473],[25.8110245,45.8782834],[25.8107674,45.8780865],[25.8102973,45.877845],[25.809728,45.8774709],[25.8094053,45.8771786],[25.8092916,45.876951],[25.8092425,45.8766179],[25.8092283,45.8763209],[25.809307,45.8760013],[25.8093323,45.8757891],[25.8093576,45.8756092],[25.8093036,45.8755265],[25.8092121,45.8754846],[25.8091145,45.8754764],[25.8088472,45.8754639],[25.8086596,45.8754447],[25.8084882,45.8754184],[25.8082486,45.8753613],[25.8081213,45.8752897],[25.8080446,45.875191],[25.8080257,45.8750933],[25.8080795,45.8745988],[25.8081009,45.8744289],[25.8081587,45.8741238],[25.8081497,45.8737289],[25.8081758,45.8734593],[25.8082322,45.8732862],[25.8083318,45.873096],[25.8085309,45.8728741],[25.8090888,45.8723517],[25.8093368,45.8721533],[25.8094017,45.8720682],[25.809448,45.8719615],[25.8094882,45.8718202],[25.8094759,45.8717003],[25.80944,45.8715286],[25.8093618,45.8713717],[25.8092743,45.8712536],[25.8091617,45.8711367],[25.8088727,45.8708862],[25.808465,45.8705532],[25.8080417,45.8702665],[25.8074973,45.8699473],[25.8069851,45.8696734],[25.8067059,45.8695451],[25.8063988,45.8694167],[25.804456,45.8687041],[25.8042968,45.8686367],[25.8041127,45.8685468],[25.803244,45.8679997],[25.8031315,45.8678909],[25.8030723,45.8677904],[25.8030432,45.8677046],[25.8030422,45.8676359],[25.8030624,45.8674472],[25.8031637,45.8669875],[25.8032723,45.8666386],[25.8033872,45.8663731],[25.803482,45.8662298],[25.8036736,45.8660827],[25.8041611,45.8658545],[25.8047834,45.8656173],[25.8049762,45.8655166],[25.8051539,45.8653685],[25.8054803,45.8649733],[25.8056045,45.8647112],[25.8056349,45.8645636],[25.8056317,45.8643024],[25.8056103,45.8641029],[25.8055794,45.8639423],[25.8054833,45.8635453],[25.8054028,45.8631955],[25.8049191,45.8623984],[25.8045179,45.8617698],[25.8042705,45.8612231],[25.804214,45.8611258],[25.8040533,45.8609294],[25.8039415,45.8607951],[25.8039211,45.8607262],[25.803911,45.8606472],[25.8039688,45.8605651],[25.804143,45.860488],[25.8043283,45.8604649],[25.8045454,45.8604383],[25.8047047,45.8604172],[25.8049285,45.8603881],[25.8055809,45.8602851],[25.805896,45.8602116],[25.8061841,45.8601187],[25.8063856,45.8600302],[25.8064685,45.8599366],[25.806509,45.859832],[25.8065052,45.8597092],[25.8064458,45.8594847],[25.8063168,45.8591545],[25.8061921,45.8588663],[25.8059792,45.8584174],[25.8058692,45.8583065],[25.8056644,45.8582589],[25.8045695,45.8582209],[25.8033308,45.8579899],[25.8031824,45.8579406],[25.8030362,45.8578753],[25.8028726,45.857747],[25.8026813,45.8575711],[25.8026073,45.8574589],[25.8025929,45.8573385],[25.8027936,45.8569278],[25.8027992,45.8568116],[25.8027398,45.8562036],[25.8022315,45.8555564],[25.8017598,45.8552122],[25.8003311,45.8539184],[25.7994132,45.853427],[25.7990756,45.8531469],[25.7989163,45.8529382],[25.7987797,45.8526555],[25.7987645,45.8524627],[25.7987949,45.8521879],[25.7988973,45.8519871],[25.7991059,45.8518022],[25.7993335,45.8516516],[25.8005438,45.8512382],[25.8019623,45.8506415],[25.8021094,45.8505604],[25.8023273,45.8503971],[25.8025237,45.8501663],[25.8032614,45.8489642],[25.8033581,45.8487655],[25.8033594,45.8486526],[25.8033227,45.8485075],[25.8026714,45.8476894],[25.8019869,45.8467703],[25.8014109,45.8461983],[25.8008445,45.8457975],[25.8001118,45.8454002],[25.7994161,45.8449476],[25.7992785,45.8448026],[25.7989905,45.8444483],[25.7987822,45.8442349],[25.7984023,45.8439788],[25.7976319,45.84347],[25.7968153,45.8430354],[25.7960564,45.8425816],[25.7957001,45.8424378],[25.7951853,45.8422756],[25.794873,45.8421076],[25.794165,45.8417735],[25.7935807,45.8413776],[25.7932168,45.8410758],[25.7929486,45.8407174],[25.7927143,45.8403714],[25.7926567,45.8402123],[25.7926567,45.840015],[25.7927203,45.8397858],[25.7928588,45.8395249],[25.7933256,45.8389907],[25.7934281,45.8388793],[25.7936421,45.8384776],[25.7937663,45.8383124],[25.7939297,45.8382186],[25.7942556,45.838199],[25.7945954,45.8381778],[25.7950643,45.8381798],[25.7954519,45.8381094],[25.7956495,45.8380052],[25.795815,45.837907],[25.7959088,45.8378151],[25.7962767,45.8370336],[25.7966645,45.8363145],[25.7976915,45.8353472],[25.7981273,45.8346583],[25.7989362,45.8342071],[25.7990914,45.8339138],[25.7991309,45.8330597],[25.7989988,45.8326714],[25.7985691,45.8322977],[25.7981768,45.8319794],[25.7980338,45.8316707],[25.7981008,45.8312831],[25.7984239,45.8307508],[25.7985994,45.8302168],[25.7985025,45.829595],[25.7983226,45.8291373],[25.798158,45.8290184],[25.7978964,45.8289091],[25.7973456,45.8288159],[25.7968008,45.8286002],[25.7961313,45.8280854],[25.7949634,45.8271513],[25.7945064,45.8267823],[25.7942638,45.8265238],[25.7940211,45.8264389],[25.793432,45.8263947],[25.7931483,45.8263711],[25.7928136,45.8262787],[25.7925689,45.8261478],[25.7925037,45.8259451],[25.7927432,45.8252986],[25.7926642,45.8250815],[25.7924744,45.8248643],[25.7919444,45.8244458],[25.7915529,45.8240755],[25.791019,45.8233832],[25.7902258,45.82285],[25.789965,45.8226387],[25.7898426,45.8224082],[25.7898079,45.8221751],[25.7900722,45.8215886],[25.7901011,45.8212336],[25.7895835,45.819681],[25.7894334,45.8189829],[25.7893665,45.8188018],[25.7891058,45.8184085],[25.7888679,45.8182681],[25.7886576,45.8182048],[25.7878486,45.8180696],[25.7870919,45.8179522],[25.7864638,45.8179644],[25.7856902,45.8179766],[25.7850473,45.8179441],[25.7843628,45.8177283],[25.7831279,45.8171627],[25.7826641,45.817038],[25.7823804,45.816894],[25.7821793,45.8166802],[25.7821913,45.8160549],[25.7818313,45.8158056],[25.7814496,45.8156637],[25.781203,45.8156923],[25.7806225,45.8156726],[25.7803299,45.8156194],[25.7800964,45.8154886],[25.7798909,45.8154332],[25.77977,45.8153489],[25.7796571,45.8151991],[25.7780795,45.8129404],[25.777977,45.8124562],[25.7782844,45.8117435],[25.7781556,45.8102615],[25.7783548,45.8095567],[25.778676,45.80928],[25.7800057,45.8084374],[25.7805934,45.8076694],[25.7806557,45.8071709],[25.7806361,45.8066953],[25.780375,45.8064296],[25.7798925,45.806181],[25.7787964,45.8057981],[25.7772438,45.8049638],[25.7769553,45.8046002],[25.7770849,45.8040767],[25.7769834,45.8031438],[25.7767175,45.8026574],[25.7767222,45.802331],[25.776841,45.8016736],[25.7768286,45.8013707],[25.7766891,45.8010276],[25.776699,45.8007586],[25.7768482,45.8004325],[25.7770585,45.8000167],[25.7769888,45.7997549],[25.7766562,45.799422],[25.7762442,45.7990119]],[[25.7762442,45.7990119],[25.7762811,45.7986692],[25.77681,45.7966002],[25.7767308,45.7964174],[25.7761013,45.7956622],[25.7756828,45.7954811],[25.7755713,45.7952689],[25.7755717,45.7951152],[25.7755927,45.7950092],[25.7755139,45.7948493],[25.7754817,45.7941818],[25.7754194,45.793845],[25.7755046,45.793634],[25.7757577,45.7935246],[25.7760493,45.7933985],[25.776223,45.7932045],[25.7762734,45.7929515],[25.7762417,45.7926071],[25.7763167,45.7923484],[25.7764244,45.7921584],[25.7763637,45.7917264],[25.7760324,45.7912831],[25.7751239,45.7904078],[25.7745302,45.7896807],[25.7742973,45.7893996],[25.77426,45.7889286],[25.7743621,45.7885948],[25.7744509,45.7884489],[25.77472,45.7883145],[25.7749795,45.7881999],[25.7752315,45.7880753],[25.775337,45.787853],[25.775254,45.7876306],[25.774788,45.7874813],[25.7745767,45.7873268],[25.7744112,45.7871666],[25.7743604,45.7865491],[25.7738981,45.7861374],[25.7733971,45.7849321],[25.7731351,45.7846817],[25.7731441,45.7844929],[25.7732351,45.7843499],[25.7740887,45.7842726],[25.7743023,45.7841425],[25.7743437,45.7839495],[25.7739922,45.7837478],[25.7735749,45.7834143],[25.7731327,45.7832109],[25.7728306,45.7828772],[25.7726747,45.7824835],[25.7728256,45.7816726],[25.7727393,45.7811514],[25.7723691,45.7805288],[25.7724718,45.7802258],[25.7727131,45.7800145],[25.7727785,45.7798569],[25.7725115,45.7794869],[25.77221,45.7793017],[25.7716589,45.7792802],[25.7714677,45.778998],[25.7714081,45.7785724],[25.7711546,45.7781467],[25.7711642,45.7777211],[25.7710492,45.7775369],[25.7708219,45.777308],[25.7706275,45.7771446],[25.7706301,45.7769739],[25.7707845,45.7767192],[25.7710913,45.7764913],[25.7715027,45.7765472],[25.7718141,45.7764674],[25.772019,45.7763362],[25.7722455,45.7759961],[25.7723081,45.7748211],[25.7725098,45.7744829],[25.773351,45.7742992],[25.7734468,45.7736769],[25.774051,45.7731119],[25.7740142,45.7727155],[25.7733646,45.7724601],[25.7730838,45.772119],[25.7725371,45.7704453],[25.7725883,45.7699506],[25.7728035,45.7696389],[25.7735788,45.7693376],[25.7743775,45.7688652],[25.7744529,45.7685221],[25.774307,45.7680361],[25.7735503,45.7674956],[25.7728657,45.7674843],[25.7723615,45.7674043],[25.7719534,45.7671414],[25.7719388,45.7664553],[25.772215,45.7657359],[25.7728647,45.7654562],[25.7729693,45.7652206],[25.7728672,45.7650394],[25.7713407,45.7650002],[25.7711065,45.7650718],[25.7709058,45.7651901],[25.7707809,45.7654852],[25.7706297,45.7656129],[25.7703948,45.7656237],[25.7686865,45.7654485],[25.7682754,45.7654355],[25.7679482,45.7654926],[25.7676335,45.7656111],[25.7674863,45.7657412],[25.7671095,45.765915],[25.7667178,45.7658989],[25.7663579,45.7658656],[25.7660837,45.7657708],[25.7660776,45.7655534],[25.7662726,45.7654295],[25.7666323,45.7652747],[25.7667742,45.7649679],[25.7667483,45.7647394],[25.7665381,45.764581],[25.765802,45.7644728],[25.7655539,45.7642821],[25.765413,45.7641693],[25.7652722,45.7640915],[25.764978,45.7640791],[25.7647508,45.7641837],[25.7644178,45.7642822],[25.7641015,45.764217],[25.7638712,45.7637827],[25.7636673,45.763666],[25.7633795,45.7636896],[25.7632426,45.7638417],[25.76329,45.7639822],[25.7633094,45.7641403],[25.7631444,45.7642751],[25.7627849,45.7642623],[25.762526,45.7640857],[25.7623844,45.7637806],[25.762226,45.7636391],[25.7616601,45.7631275],[25.7615727,45.7628288],[25.761653,45.7625769],[25.7617497,45.7622078],[25.7616119,45.7620024],[25.7613139,45.7618855],[25.7609717,45.7618303],[25.7606184,45.7619178],[25.7604421,45.7621133],[25.7603301,45.7624358],[25.7599529,45.762527],[25.7596861,45.7624177],[25.7594194,45.7623392],[25.7592633,45.7621875],[25.7591734,45.7619431],[25.75936,45.7616911],[25.759635,45.7615779],[25.7611101,45.7610626],[25.7610344,45.7609067],[25.7607819,45.7608433],[25.7602326,45.7607782],[25.7599928,45.7605435],[25.75993,45.7602625],[25.7599512,45.7601316],[25.7598839,45.7600007],[25.7595946,45.7599085],[25.7593605,45.7600477],[25.7592149,45.760187],[25.7590232,45.7604192],[25.7589052,45.7605739],[25.7588628,45.7606744],[25.7586656,45.7607748],[25.7582057,45.760746],[25.758031,45.7606467],[25.7579669,45.760532],[25.7577667,45.7602795],[25.7575893,45.7602072],[25.7573676,45.7602429],[25.7569342,45.7606942],[25.7565295,45.7607502],[25.7561469,45.7607137],[25.7557164,45.761],[25.7553302,45.7610431],[25.7549439,45.7610245],[25.7544554,45.7609232],[25.753967,45.760714],[25.753693,45.7604312],[25.7535295,45.7600866],[25.7533132,45.7593667],[25.7533932,45.7590034],[25.7535616,45.7586865],[25.7540312,45.7581451],[25.7541751,45.7579854],[25.7542408,45.7575322],[25.7539508,45.7572978],[25.7535185,45.7572063],[25.7531563,45.7571779],[25.7526611,45.7572125],[25.752461,45.7572817],[25.7523437,45.7574053],[25.7521109,45.7576873],[25.7517151,45.7584082],[25.7514143,45.758693],[25.7511769,45.7588266],[25.7509836,45.758956],[25.750684,45.7591604],[25.7501513,45.7592452],[25.7495964,45.7591989],[25.7492848,45.7593995],[25.7488221,45.7601758],[25.7485651,45.7609113],[25.7481974,45.7613846],[25.7478939,45.7616491],[25.7474798,45.7618211],[25.7469786,45.7617869],[25.7465659,45.7616447],[25.746131,45.7614022],[25.7454088,45.7612986],[25.7450346,45.7611786],[25.7447047,45.7609507],[25.7447401,45.7604893],[25.7450629,45.7600433],[25.7454096,45.759406],[25.7461764,45.7587688],[25.7467,45.7581508],[25.7470945,45.7579035],[25.7475221,45.7577257],[25.7479931,45.7575539],[25.748453,45.7575288],[25.7489239,45.7577273],[25.7492589,45.7577186],[25.7495276,45.7576019],[25.7497528,45.7573148],[25.7497791,45.7569661],[25.7497689,45.7566337],[25.7497614,45.7563887],[25.7493678,45.7556262],[25.7491219,45.7555029],[25.7488982,45.7554412],[25.7488354,45.7554288],[25.7484287,45.7553487],[25.7475892,45.7553412],[25.7467747,45.7553391],[25.746115,45.7551364],[25.7453834,45.7550995],[25.744674,45.7551552],[25.744124,45.7551833],[25.743574,45.7550417],[25.7429606,45.7544963],[25.742437,45.7543357],[25.7419135,45.7542985],[25.7415536,45.7543066],[25.7407669,45.7543243],[25.7391936,45.754547],[25.7386319,45.7546784],[25.7383621,45.7547982],[25.7381808,45.7549642],[25.7381891,45.7552048],[25.7382747,45.7554531],[25.738457,45.7557723],[25.7387501,45.7560652],[25.7391537,45.756281],[25.7399854,45.7563874],[25.7407949,45.7564166],[25.7410979,45.7565026],[25.7413566,45.7566349],[25.7415167,45.7569492],[25.7414958,45.7571734],[25.7413755,45.7573821],[25.740948,45.7576452],[25.7403546,45.7577709],[25.7393891,45.7576016],[25.7388839,45.7575877],[25.7383787,45.757759],[25.7380061,45.758046],[25.7376335,45.7582404],[25.7371533,45.7582513],[25.7367172,45.7581542],[25.7359226,45.7578289],[25.7352339,45.757264],[25.7349946,45.7569044],[25.7348658,45.7565139],[25.7351987,45.7555956],[25.7355863,45.7552135],[25.7358686,45.7550919],[25.7361287,45.7549858],[25.7362443,45.7547951],[25.7362714,45.7546045],[25.7361658,45.7543984],[25.7359497,45.7542385],[25.7355959,45.7541815],[25.7352421,45.7542017],[25.7345124,45.7543345],[25.7337827,45.7542976],[25.7331415,45.7543225],[25.7328236,45.7543006],[25.7325057,45.7541706],[25.732091,45.7538337],[25.7315879,45.7534697],[25.7313364,45.7533417],[25.7310185,45.7533063],[25.7308522,45.7533014],[25.730708,45.753389],[25.7304417,45.7536569],[25.7300638,45.7540846],[25.7294513,45.7541265],[25.7288609,45.7540451],[25.7281574,45.753561],[25.7278299,45.7529844],[25.7275941,45.7521522],[25.7274652,45.7517515],[25.7272478,45.7513508],[25.7267736,45.7510576],[25.7263989,45.7509573],[25.7261949,45.750965],[25.725991,45.7510807],[25.7256052,45.7512812],[25.7246451,45.7515714],[25.7237513,45.7520931],[25.7232755,45.7520768],[25.7227555,45.7520142],[25.721826,45.7517809],[25.719393,45.7517337],[25.7188007,45.7518049],[25.7182083,45.7519379],[25.7176602,45.7521711],[25.7172448,45.7524506],[25.7169655,45.7527443],[25.7167526,45.7530535],[25.7165036,45.7537181],[25.7163422,45.7540049],[25.7159597,45.7543071],[25.7151404,45.7544904],[25.7146306,45.7545503],[25.7141985,45.7546226],[25.713678,45.7548336],[25.7136382,45.7548711],[25.7133841,45.7551103],[25.7131565,45.7554178],[25.7128987,45.7557939],[25.7124861,45.75617],[25.7120072,45.7564227],[25.7114177,45.7566137],[25.7105527,45.7566735],[25.7101203,45.7566572],[25.7096878,45.7565945],[25.709445,45.7564252],[25.709169,45.7561941],[25.7088819,45.7560093],[25.7083516,45.7557783],[25.7079511,45.7554576],[25.707839,45.755368],[25.7075593,45.7550919],[25.7074789,45.7548155],[25.7073577,45.7544926],[25.7070832,45.7542379],[25.7067249,45.7540913],[25.7063003,45.7540064],[25.7056705,45.7538956],[25.705177,45.7539136],[25.7049004,45.7539642],[25.7045907,45.7540535],[25.7041039,45.7543554],[25.7033017,45.7548714],[25.7026873,45.7551096],[25.7020187,45.7552474],[25.7012653,45.7553297],[25.700581,45.7554036],[25.7002302,45.7554049],[25.6999384,45.7553561],[25.6996744,45.755297],[25.6993622,45.7552049],[25.698859,45.7549582],[25.6983399,45.7547158],[25.6978086,45.7545739],[25.6972872,45.7545886],[25.6968293,45.7546476],[25.6964952,45.7548828],[25.6964207,45.7549868],[25.6963573,45.7553554],[25.6962798,45.755557],[25.696073,45.7557955],[25.6958936,45.7562508],[25.6957708,45.7567205],[25.6957392,45.7570885],[25.6957908,45.7574401],[25.6956334,45.7578129],[25.6955206,45.7579431],[25.6953017,45.7579903],[25.6948091,45.7578915],[25.6943774,45.7577214],[25.693917,45.757456],[25.6934786,45.7570737],[25.6926238,45.7563008],[25.6917271,45.7555848],[25.6913286,45.7552511],[25.691209,45.75498],[25.6909377,45.7547286],[25.6908404,45.754622],[25.6907656,45.7545737],[25.6907265,45.7545529],[25.690681,45.7545351],[25.6900832,45.754396],[25.6891106,45.7541597],[25.6886268,45.7539367],[25.6881653,45.7536],[25.6877708,45.7532707],[25.6873864,45.7529075],[25.6865893,45.7522331],[25.6857101,45.7515647],[25.6851539,45.7512398],[25.6846783,45.7509572],[25.6838836,45.7503038],[25.6832284,45.7495812],[25.683015,45.7494126],[25.6828276,45.7492896],[25.682779,45.7492577],[25.6822782,45.7489625],[25.6818709,45.7487843],[25.6814446,45.7486999],[25.6809515,45.7486602],[25.6804724,45.7486061],[25.6800286,45.7485521],[25.67962,45.7484341],[25.6787652,45.7481008],[25.6785789,45.7480551],[25.6782892,45.7479997],[25.6781493,45.747973],[25.677926,45.7479303],[25.6774645,45.747865],[25.6771551,45.7478104],[25.6768209,45.7477545],[25.6765991,45.7477705],[25.6764026,45.7478573],[25.6760118,45.748382],[25.6755448,45.7487648],[25.6751516,45.7490301],[25.6745551,45.7492068],[25.6739841,45.7493038],[25.6734893,45.7495602],[25.6725638,45.7504362],[25.6722339,45.751249],[25.672588,45.7515648],[25.6728151,45.7522704],[25.6728325,45.7527275],[25.672855,45.7533168],[25.672744,45.7535427],[25.6727346,45.753875],[25.6728428,45.7545218],[25.6730401,45.7548558],[25.673339,45.7551367],[25.6758007,45.7564715],[25.6765743,45.7572801],[25.6770431,45.7578229],[25.6773012,45.7582519],[25.6773435,45.7586897],[25.6771873,45.7592179],[25.6769423,45.7597549],[25.6766281,45.7602884],[25.6761108,45.7608219],[25.6751656,45.761628],[25.6739167,45.7621363],[25.6727795,45.7624687],[25.6718961,45.762923],[25.6715264,45.7634125],[25.6712837,45.7639285],[25.6712598,45.7643623],[25.6714518,45.7647342],[25.6736152,45.7663085],[25.6746714,45.7668555],[25.6754483,45.7672253],[25.6758502,45.767462],[25.6760765,45.7676513],[25.6761814,45.7678617],[25.6762273,45.7681283],[25.676164,45.7684715],[25.6757363,45.7692427],[25.6756366,45.7694437],[25.6754716,45.7697766],[25.6748153,45.771004],[25.6747871,45.7714406],[25.6749621,45.7718949],[25.6755714,45.7727778],[25.6763585,45.7735721],[25.6764556,45.7738281],[25.6763496,45.7740664],[25.676161,45.774287],[25.6759724,45.7744189],[25.6755257,45.7745638],[25.6732226,45.7748126],[25.6721288,45.7751382],[25.670889,45.7751213],[25.6701568,45.7753421],[25.6695281,45.7759029],[25.6693973,45.7761753],[25.6693896,45.7763786],[25.6693242,45.7765819],[25.668895,45.7768542],[25.6684273,45.7769655],[25.6680224,45.7776242],[25.667733,45.7782829],[25.6673105,45.7794597],[25.6670608,45.7800347],[25.6666571,45.7806365],[25.6659795,45.7811166],[25.665148,45.7814893],[25.6646769,45.781797],[25.6642059,45.7822927],[25.6640037,45.7829378],[25.6639604,45.7835633],[25.6642413,45.7844587],[25.664739,45.7853075],[25.6651953,45.7870321],[25.6653558,45.7876979],[25.6652111,45.7882882],[25.6649643,45.7887768],[25.6641789,45.7893675],[25.6635914,45.789565],[25.6630039,45.7896609],[25.6624309,45.7896193],[25.6619018,45.7896083],[25.6612939,45.7897399],[25.6611372,45.7897738],[25.6607658,45.789948],[25.6604091,45.7901833],[25.6587682,45.7920455],[25.6579093,45.792923],[25.6568386,45.7937467],[25.6557797,45.7946275],[25.6546766,45.7954003],[25.6523378,45.796946],[25.6517191,45.7974515],[25.6511888,45.7979416],[25.6506973,45.7986045],[25.6502943,45.7992675],[25.6500536,45.8001187],[25.6499609,45.800552],[25.6499788,45.8009699],[25.6498923,45.8014579],[25.6496953,45.8019459],[25.649416,45.8022418],[25.6490704,45.8025377],[25.6485561,45.8031295],[25.6475275,45.8043132],[25.6448327,45.8077638],[25.6440236,45.8083677],[25.6434136,45.8089871],[25.6429064,45.8092634],[25.6421118,45.809401],[25.6409792,45.8094294],[25.6399461,45.8095194],[25.638855,45.8096383],[25.6382983,45.8096515],[25.6377638,45.8095876],[25.6371779,45.8094654],[25.6367026,45.8092199],[25.6363157,45.8089435],[25.6358182,45.8086672],[25.6349214,45.8084112],[25.6344508,45.8082831],[25.6339582,45.8082168],[25.632871,45.8081306],[25.6317838,45.8081061],[25.6295984,45.8080416],[25.6257561,45.8078971],[25.6252533,45.8079142],[25.6247284,45.807993]],[[25.6247284,45.807993],[25.623921,45.8081926],[25.6233126,45.8085001],[25.6226469,45.8089851],[25.6222158,45.8094702],[25.6217131,45.8107182],[25.621567,45.811304],[25.6216889,45.8119365],[25.6217952,45.8131636],[25.6219978,45.8140382],[25.6222325,45.8144844],[25.6224925,45.8148066],[25.6224399,45.8151416],[25.6223239,45.8154944],[25.6222369,45.8158128],[25.6219341,45.8161135],[25.6214889,45.8163099],[25.6210437,45.8164797],[25.6202742,45.816743],[25.6195047,45.8171125],[25.618933,45.8174982],[25.6183868,45.8179547],[25.6175036,45.8188937],[25.6167982,45.8198681],[25.6166568,45.8201167],[25.6165408,45.820383],[25.6164358,45.8208979],[25.6164069,45.8214128],[25.6162257,45.8219277],[25.6160492,45.8222377],[25.6157965,45.8225478],[25.6155123,45.8228255],[25.6151991,45.8230031],[25.6147702,45.8231223],[25.6143289,45.8231688],[25.6135822,45.8231813],[25.6121648,45.8231886],[25.6114349,45.8232722],[25.6103875,45.8234797],[25.6095303,45.8236648],[25.6085843,45.8238145],[25.6050993,45.8242934],[25.6044679,45.8244445],[25.6037831,45.8245656],[25.6031494,45.8246069],[25.6025385,45.8245651],[25.6015198,45.8243755],[25.6011651,45.8243664],[25.600889,45.8243594],[25.6002836,45.8243965],[25.5998254,45.8244839],[25.5994039,45.8246054],[25.5986003,45.8251153],[25.5980663,45.8254986],[25.5971638,45.8261851],[25.5966167,45.8265068],[25.5955582,45.826892],[25.5944235,45.8270825],[25.5906469,45.8274413],[25.5885931,45.8276036],[25.5880074,45.8276207],[25.5864338,45.8275737],[25.5858897,45.8275993],[25.5810339,45.8292355],[25.5790356,45.8299159],[25.5782891,45.8301701],[25.5769249,45.8308306],[25.5767855,45.8308981],[25.5761802,45.8314085],[25.5765568,45.833457],[25.576286,45.8340873],[25.5758785,45.834636],[25.5753424,45.8350563],[25.5745816,45.8354222],[25.5737355,45.8356585],[25.5730847,45.8356907],[25.571412,45.8356326],[25.5693609,45.8355747],[25.5684394,45.835644],[25.5674587,45.8364341],[25.5670833,45.8368161],[25.566959,45.8372732],[25.5669909,45.8380704],[25.5671133,45.8386444],[25.568036,45.8402013],[25.5680057,45.8402896],[25.5679803,45.8409644],[25.5676347,45.8413718],[25.5671582,45.8415839],[25.5664481,45.8416185],[25.5654103,45.8414796],[25.5646982,45.841528],[25.5638839,45.8422119],[25.5637487,45.8434937],[25.564415,45.8445318],[25.5655008,45.8455946],[25.5671278,45.8462568],[25.5676208,45.8465557],[25.5676549,45.8468604],[25.5675983,45.847173],[25.5670495,45.8475075],[25.5663987,45.8477315],[25.5623122,45.8487663],[25.5617533,45.8492198],[25.5613508,45.8498185],[25.5614773,45.850567],[25.5621426,45.8516666],[25.5632382,45.8528254],[25.5637094,45.853425],[25.5639651,45.8539536],[25.5638668,45.8552213],[25.5642122,45.8561979],[25.5642448,45.8565683],[25.564326,45.8574921],[25.5645631,45.8590986],[25.5644732,45.8601294],[25.5643704,45.8610566],[25.5641275,45.8614409],[25.5632874,45.8623756],[25.5612103,45.8639618],[25.5606138,45.8658392],[25.5597759,45.8683674],[25.5588896,45.8697698],[25.5569263,45.8711024],[25.5567872,45.8715161],[25.5568491,45.8724896],[25.5568874,45.8733363],[25.5571272,45.8739022],[25.5571815,45.8740303],[25.5579924,45.8749653],[25.5580729,45.8752517],[25.5580985,45.8757543],[25.5577801,45.8765177],[25.5576151,45.8769131],[25.5570656,45.8775808],[25.5561075,45.8780693],[25.5553901,45.8785635],[25.5544443,45.879293],[25.5539963,45.8798414],[25.5538778,45.8799865],[25.5532068,45.8815831],[25.5527789,45.8824105],[25.5521994,45.8829474],[25.5515102,45.8834716],[25.5505888,45.8839166],[25.5498592,45.8840817],[25.5488363,45.8844232],[25.5482153,45.8849053],[25.5477769,45.8858325],[25.5473966,45.8865379],[25.5471607,45.8872381],[25.5472362,45.8875886],[25.5475459,45.8881481],[25.5473953,45.8886113],[25.5470083,45.8888697],[25.5465136,45.8889339],[25.5458838,45.8889739],[25.5453205,45.8892502],[25.5440599,45.8902994],[25.5423179,45.8910755],[25.5412182,45.8916886],[25.5408919,45.8920653],[25.5407118,45.8924675],[25.5406527,45.8928419],[25.5407311,45.8932015],[25.5409593,45.8936742],[25.5413308,45.8940744],[25.5423361,45.8947368],[25.5429017,45.8951532],[25.5433524,45.8957057],[25.5437218,45.8959879],[25.5452315,45.8967306],[25.5457786,45.8970706],[25.5458294,45.8971054],[25.5475611,45.8982895],[25.5479228,45.8988119],[25.5485143,45.899796],[25.5488518,45.9006697],[25.5490386,45.9019626],[25.5489558,45.9024064],[25.5479999,45.903521],[25.5478883,45.9043911],[25.5479484,45.9052538],[25.5480991,45.9059145],[25.5484001,45.906508],[25.549268,45.9072777],[25.5504364,45.908025],[25.5525011,45.9090713],[25.5536301,45.9094601],[25.5540938,45.9097482],[25.5552032,45.9109924],[25.5560519,45.9123532],[25.5566331,45.9125471],[25.5573446,45.9126632],[25.5582933,45.9125597],[25.5592792,45.9122358],[25.56047,45.911553],[25.5613884,45.9115843],[25.562295,45.912292],[25.5633503,45.9140692],[25.5632189,45.9150194],[25.5622909,45.9164873],[25.5597479,45.917082],[25.5582549,45.9177055],[25.5575808,45.918479],[25.5574642,45.9192452],[25.5574232,45.9195144],[25.5577121,45.9206411],[25.5573619,45.9213537],[25.5541913,45.9222148],[25.5527831,45.9232112],[25.5505463,45.9254722],[25.5492703,45.9258884],[25.5479032,45.9259188],[25.546877,45.9261135],[25.5458879,45.926466],[25.5456878,45.9271331],[25.545869,45.9277007],[25.5460646,45.9288028],[25.5459553,45.9293495],[25.5452202,45.9302472],[25.5451431,45.9303391],[25.5447641,45.9307903],[25.5444748,45.9314495],[25.544063,45.9328671],[25.543287,45.9340782],[25.5419392,45.9359457],[25.5408059,45.9379459],[25.5402915,45.9389878],[25.5403489,45.9394662],[25.5405354,45.9398099],[25.5412045,45.9400832],[25.5417544,45.9404061],[25.5430446,45.9424417],[25.5441053,45.9434529],[25.5446534,45.9439309],[25.5449166,45.9444187],[25.545243,45.9455874],[25.5456316,45.9466955],[25.5464253,45.9480191],[25.5465367,45.9485564],[25.546368,45.9489832],[25.5460723,45.9498478],[25.5444071,45.9514631],[25.5438421,45.9520559],[25.5423257,45.9531644],[25.5405505,45.9544229],[25.5397681,45.9550616],[25.5390096,45.9560813],[25.5395329,45.9581246],[25.5406144,45.9597914],[25.5413742,45.9605884],[25.5418452,45.9613043],[25.5416545,45.9617424],[25.5398281,45.9634212],[25.5389307,45.9644121],[25.5384742,45.9653782],[25.5386989,45.9676373],[25.5386444,45.9691644],[25.5387806,45.9700455],[25.538921,45.9706392],[25.5391959,45.9718015],[25.5395466,45.9724725],[25.5401594,45.9734416],[25.5411809,45.9740604],[25.5418404,45.974499],[25.5421467,45.9751959],[25.5420792,45.9755368],[25.5420436,45.9757167],[25.5417947,45.9766122],[25.5417875,45.9772364],[25.5413087,45.9817362],[25.5412451,45.9830274],[25.5411853,45.9836794],[25.5413123,45.9842926],[25.5418759,45.9848562],[25.5427757,45.9853289],[25.5434476,45.985581],[25.5440355,45.9859628],[25.5443785,45.9864997],[25.5444103,45.9872527],[25.5440482,45.9880133],[25.5435367,45.9888],[25.5432435,45.9894792],[25.5433205,45.9901654],[25.5437957,45.9911627],[25.5438747,45.9915822],[25.5446578,45.9945084],[25.5449019,45.9955407],[25.5450149,45.9960703],[25.5450908,45.9961824],[25.5453498,45.9965656],[25.546181,45.9970912],[25.546824,45.9972482],[25.5474741,45.9971879],[25.5487457,45.9967674],[25.5494912,45.9965209],[25.5499951,45.9963896],[25.5506229,45.996226],[25.5511648,45.9960848],[25.55176,45.9958684],[25.5525802,45.9957596],[25.5540831,45.9956078],[25.5541853,45.99563],[25.55544,45.9959042],[25.5565967,45.9963192],[25.557295,45.9968324],[25.5577655,45.9974679],[25.5585176,45.9996037],[25.5585965,46.0002679],[25.558827,46.0008876],[25.5591506,46.0011837],[25.560084,46.0017092],[25.5604472,46.0018121],[25.5616363,46.0021492],[25.5626016,46.0022817],[25.5637028,46.0021697],[25.5650421,46.0016944],[25.5661617,46.0015908],[25.5669707,46.0018611],[25.5675106,46.0022575],[25.5685163,46.0026575],[25.5690648,46.0032125],[25.5694135,46.0039613],[25.5698864,46.0046777],[25.5707862,46.0059878],[25.5709458,46.006773],[25.5708599,46.0076257],[25.5711001,46.0085707],[25.5723547,46.0105759],[25.5730764,46.0121829],[25.5743679,46.0136576],[25.5779102,46.0151441],[25.5797284,46.0162731],[25.5803522,46.0183055],[25.5809134,46.0192488],[25.5815346,46.0199824],[25.5818796,46.0206915],[25.5820459,46.0216451],[25.5819601,46.0221368],[25.5816275,46.0227142],[25.5809408,46.0234033],[25.5806407,46.0238816],[25.5805868,46.0244127],[25.5807316,46.024815],[25.5812895,46.025478],[25.5814826,46.0258393],[25.5814612,46.0261522],[25.5811393,46.0265023],[25.5807102,46.0267667],[25.5798948,46.026912],[25.5784571,46.0268449],[25.5772608,46.0268934],[25.5758339,46.0275117],[25.5742514,46.0282454],[25.5728674,46.0289642],[25.5713278,46.0298134],[25.5709255,46.0301374],[25.5706036,46.0306402],[25.570448,46.0311505],[25.5702227,46.0317017],[25.5698848,46.0320294],[25.569343,46.0321746],[25.5688226,46.0322715],[25.5681843,46.0324167],[25.567342,46.0328189],[25.566709,46.0332956],[25.5663764,46.0336532],[25.5662423,46.0338803],[25.5654752,46.0350013],[25.5647993,46.0357424],[25.5646169,46.0361483],[25.5643809,46.0371649],[25.5640858,46.037582],[25.563131,46.0383044],[25.5626374,46.0388891],[25.5622443,46.0397827],[25.5613869,46.0410863],[25.5606914,46.0418855],[25.5596967,46.0429335],[25.5593229,46.0433568],[25.5590135,46.0437949],[25.5585851,46.0453441],[25.557942,46.0460309],[25.5571007,46.0467571],[25.5564867,46.047242],[25.5559395,46.047559],[25.5553676,46.0479101],[25.5541006,46.0484414],[25.5532855,46.0489466],[25.5526805,46.0494987],[25.5524122,46.0500445],[25.5524157,46.0504144],[25.5524512,46.0506953],[25.5525454,46.0509546],[25.5526658,46.0513016],[25.5527256,46.0515377],[25.5527552,46.0516967],[25.5527355,46.0518399],[25.5525333,46.052064],[25.5522394,46.0522518],[25.5518641,46.0523719],[25.5509564,46.0525472],[25.5499036,46.0524096],[25.5484267,46.0519511],[25.5470022,46.0518507],[25.5466306,46.0517577],[25.5461035,46.0513594],[25.5452887,46.0506702],[25.5449962,46.0503578],[25.544315,46.0498853],[25.5434277,46.0493414],[25.5429014,46.0491939],[25.5413634,46.0489796],[25.5400892,46.0486928],[25.5387185,46.0483939],[25.5362357,46.0478208],[25.5353809,46.047737],[25.5346146,46.0478132],[25.5341806,46.0479324],[25.5334271,46.0484295],[25.5328909,46.0486045],[25.5292592,46.0493007],[25.5280662,46.0495959],[25.52693,46.0497026],[25.5260861,46.0496004],[25.524705,46.0493838],[25.523618,46.0493917],[25.5223969,46.0492261],[25.5207593,46.0485431],[25.5194335,46.0482458],[25.5180745,46.0484372],[25.5173587,46.0482556],[25.5170856,46.0478843],[25.51691,46.0475299],[25.5164959,46.0472059],[25.5158458,46.0471984],[25.5111737,46.0455643],[25.5100449,46.0452901],[25.5094658,46.0450463],[25.5085005,46.0445457],[25.5081231,46.0445815],[25.5076995,46.0444405],[25.5072324,46.0438673],[25.5070816,46.0436822],[25.5052566,46.0425601],[25.5044479,46.0422557],[25.5037185,46.0422666],[25.5028217,46.0424677],[25.5025105,46.042446],[25.5021176,46.0423554],[25.5017947,46.0421851],[25.5013358,46.0417575],[25.5010793,46.0414374],[25.5010062,46.0411809],[25.5009777,46.0409896],[25.5009104,46.0398463],[25.5009101,46.0394215],[25.500795,46.0390914],[25.5005736,46.0387582],[25.5001793,46.0382907],[25.4992079,46.0376568],[25.4984371,46.0372594],[25.4955093,46.0361033],[25.4947349,46.0357975],[25.4939244,46.0357183],[25.4929619,46.0356009],[25.4903622,46.0358666],[25.4893534,46.0358503],[25.488358,46.0357217],[25.4876087,46.0354402],[25.4867587,46.0350073],[25.4858685,46.0342178],[25.4845599,46.0336451],[25.4836087,46.0330778],[25.482779,46.0325104],[25.481101,46.031785],[25.4805279,46.0316238],[25.4796541,46.0315805],[25.4788563,46.031631],[25.4784618,46.0315796],[25.4782027,46.0315459],[25.4776231,46.0313577],[25.4771023,46.031081],[25.4762625,46.0304602],[25.4757661,46.0300774],[25.4753946,46.0299418],[25.4749892,46.0298062],[25.474293,46.0297806],[25.4733117,46.0299688],[25.4724741,46.0301219],[25.4721735,46.0301506],[25.4718728,46.0301382],[25.4712904,46.0300245],[25.4701839,46.0297171],[25.468575,46.0296575],[25.4678509,46.0295638],[25.4670422,46.0293996],[25.4662616,46.0291449],[25.4655113,46.0286832],[25.4641979,46.0277869],[25.4634602,46.0271808],[25.4629253,46.0265689],[25.4619814,46.0253121],[25.4613793,46.0248936],[25.4605695,46.0246637],[25.4600015,46.0247852],[25.4587705,46.0243804],[25.4577232,46.0242094],[25.4572246,46.0243123],[25.4568397,46.0244027],[25.4566485,46.0245422],[25.4565594,46.0247755],[25.4564275,46.0250429],[25.4561269,46.0252586],[25.4556143,46.0254042],[25.4547462,46.0255244],[25.4540056,46.0258191],[25.4523888,46.02667],[25.451582,46.0268391],[25.4509031,46.0268554],[25.4502772,46.0267753],[25.4496273,46.0265847],[25.4490028,46.026265],[25.4476997,46.0251121],[25.446744,46.0243781],[25.4458941,46.0236102],[25.445671,46.023168],[25.4454209,46.0230104],[25.4451106,46.0229365],[25.4445876,46.0228729],[25.4437115,46.0229397],[25.4434043,46.0229071],[25.443068,46.0228234],[25.4412078,46.0226216],[25.4409787,46.0225967],[25.4392068,46.0223852],[25.4387911,46.0223147],[25.4383405,46.0221809],[25.4364795,46.0214277],[25.4354125,46.0210214],[25.4348149,46.0207832],[25.43432,46.0204679],[25.4337628,46.0200121],[25.4331526,46.0196668],[25.4327734,46.0195943],[25.4313317,46.0192663],[25.430476,46.0191594],[25.4300963,46.0191721],[25.4296682,46.0192459],[25.4292711,46.0193737],[25.4290708,46.0195125],[25.428679,46.0198699],[25.4280925,46.020422],[25.4277037,46.0206497],[25.4271799,46.0208085],[25.4266564,46.0208711],[25.4259842,46.0208919],[25.4234192,46.0209668],[25.4200213,46.0209652],[25.4190412,46.0209332],[25.4182172,46.0208604],[25.4171319,46.0207016],[25.416368,46.0205222],[25.41479,46.0199431],[25.4143469,46.0198502],[25.4140074,46.0198654],[25.4136672,46.0199199],[25.4133582,46.0200249],[25.4107684,46.0215893],[25.4102388,46.0217977],[25.4098226,46.0218575],[25.4093372,46.0218283],[25.4087807,46.0216111],[25.4079605,46.0211642],[25.4075699,46.0210563],[25.4071027,46.0209973],[25.4065351,46.0209663],[25.4051017,46.0210004],[25.4042919,46.0209958],[25.4034815,46.0209608],[25.4025716,46.0209082],[25.4019953,46.0209168],[25.4015017,46.0209525],[25.4010412,46.0210073],[25.4000195,46.02118],[25.3986997,46.0214438],[25.3978914,46.0216755],[25.3971249,46.0220397],[25.3945801,46.0233541],[25.3936685,46.0236835],[25.392765,46.0238259],[25.3922191,46.0239848],[25.3917807,46.0242727],[25.3913423,46.0247097],[25.3910123,46.0249194],[25.3906034,46.0250496],[25.3900578,46.0250442],[25.3895709,46.024844],[25.3893002,46.0245378],[25.3891857,46.0242452],[25.3891407,46.0229925],[25.3890193,46.0227947],[25.3888621,46.0226465],[25.3884788,46.0225552],[25.3881209,46.0226107],[25.3876715,46.02282],[25.3862995,46.0236141],[25.3847302,46.0243624],[25.3834111,46.0251645],[25.382822,46.0254301],[25.3818359,46.0257851],[25.3804512,46.0261994],[25.3785233,46.0266658],[25.3780438,46.0267374],[25.3777222,46.026723],[25.3772182,46.0266416],[25.3762559,46.0263966],[25.3758321,46.0263538],[25.3754405,46.0264078],[25.3738386,46.0269631],[25.3732704,46.02707],[25.3724289,46.0270413],[25.3717476,46.0268402],[25.371164,46.0265307],[25.3699843,46.0253265],[25.3697537,46.0249399],[25.3697298,46.0247343],[25.3699527,46.0241562],[25.3699629,46.0238353],[25.3698336,46.0236708],[25.3694814,46.0234468],[25.3691077,46.0233419],[25.3685712,46.0233292],[25.3679078,46.0234535],[25.3667549,46.0238388],[25.3662428,46.0243032],[25.3660431,46.024754],[25.3655215,46.0281158],[25.3653709,46.0285337],[25.3652164,46.0287911],[25.365067,46.0289248],[25.3647996,46.0290511],[25.3645806,46.0291264],[25.3642865,46.0291867],[25.3639491,46.0291927],[25.3636278,46.0291576],[25.363005,46.0289357],[25.3620632,46.0287431],[25.3610343,46.0281066],[25.360439,46.0275187],[25.3600392,46.0269307],[25.3596503,46.0248963],[25.3594634,46.0245372],[25.3591496,46.0242458],[25.3585428,46.0239852],[25.3572428,46.0233855],[25.3566773,46.0228873],[25.356268,46.0222535],[25.355882,46.0216307],[25.355662,46.0207774],[25.355657,46.020071],[25.3557211,46.0194691],[25.3559171,46.018966],[25.3563291,46.0186193],[25.3582174,46.0181425],[25.3602774,46.0180233],[25.3615414,46.0177113],[25.3626926,46.017308],[25.3631137,46.0169971],[25.3638822,46.0158775],[25.3648746,46.0154742],[25.3659422,46.0151622],[25.3690321,46.0145246],[25.3716334,46.0138244],[25.3737398,46.0129828],[25.3749262,46.0124351],[25.3766416,46.0115027],[25.3771271,46.0110577],[25.3774811,46.0106388],[25.3776819,46.009938],[25.3789398,46.008707],[25.3795027,46.0082653],[25.3796331,46.0080009],[25.3796791,46.0077495],[25.3794937,46.007458],[25.3786272,46.0070923],[25.3779108,46.0068785],[25.3776252,46.0066794],[25.3774876,46.0064918],[25.377389,46.0062145],[25.3774712,46.0059143],[25.3781301,46.0050282],[25.379237,46.0038521],[25.379873,46.0029352],[25.3800975,46.0023829],[25.3802147,46.0015474],[25.3805565,46.00032],[25.3809247,45.9997416],[25.3813144,45.9993867],[25.38225,45.9985891],[25.3831692,45.9982291],[25.3834407,45.9980277],[25.3836442,45.9978074],[25.3837102,45.9973541],[25.3836163,45.9969995],[25.3831571,45.9958777],[25.3826513,45.995448],[25.3819856,45.9952961],[25.3800382,45.9953463],[25.3793818,45.9952298],[25.3788751,45.9950092],[25.3785451,45.9948028],[25.3782559,45.9945302],[25.3777689,45.9938759],[25.3778279,45.9930299],[25.3779352,45.992646],[25.378477,45.9917664],[25.37911,45.9904806],[25.3796518,45.9891165],[25.3799683,45.9886469],[25.3807032,45.9879797],[25.3815186,45.9874728],[25.382098,45.9869584],[25.3824145,45.9864552],[25.3826344,45.9858477],[25.3825861,45.985378],[25.3824359,45.9849605],[25.3822882,45.9847098],[25.3818865,45.9843723],[25.3814168,45.9841768],[25.3809194,45.9841208],[25.3801932,45.9841265],[25.3797053,45.9842122],[25.379021,45.9844528],[25.3783321,45.9847108],[25.3773183,45.9849531],[25.3768569,45.9849904],[25.3763527,45.9849717],[25.375843,45.9848189],[25.3748702,45.9844201],[25.3743474,45.9840833],[25.373531,45.9834583],[25.3730106,45.9831601],[25.3719699,45.9828918],[25.3708629,45.9826583],[25.3696925,45.9822935],[25.3688598,45.9817681],[25.3676677,45.9805321],[25.3669059,45.9795256],[25.3664821,45.979179],[25.3659832,45.9788994],[25.3653341,45.978754],[25.3650176,45.978836],[25.3644812,45.9790075],[25.3639394,45.9792945],[25.3636658,45.9795853],[25.3635004,45.9800013],[25.3632769,45.9805859],[25.3630006,45.9816095],[25.3629416,45.9825171],[25.3627512,45.9829384],[25.3624991,45.9832477],[25.3618875,45.983764],[25.3616112,45.9839075],[25.3612465,45.9838982],[25.360879,45.9837771],[25.359849,45.9833931],[25.3593904,45.9833428],[25.3588271,45.9834136],[25.3580707,45.9835776],[25.3574592,45.9836932],[25.3566652,45.9837193],[25.3557426,45.9837006],[25.355351,45.9838386],[25.3546902,45.984253],[25.354203,45.984681],[25.3536451,45.9851767],[25.3526822,45.9858924],[25.3519875,45.9866304],[25.3504753,45.9887414],[25.3500447,45.9896717],[25.3501781,45.9905215],[25.3507203,45.9917169],[25.351118,45.9937309],[25.351036,45.9944238],[25.3511404,45.9950075],[25.351316,45.9953567],[25.3518463,45.9956595],[25.3524669,45.9957677],[25.352892,45.9960735],[25.3529526,45.9963884],[25.3527397,45.9967008],[25.3524996,45.9968618],[25.3519107,45.9969318],[25.3514095,45.9968713],[25.3485094,45.9951883],[25.3478061,45.9950426],[25.3472627,45.9950944],[25.346714,45.9954486],[25.346414,45.9959016],[25.3450869,45.9995715],[25.3440177,46.0015654],[25.34392,46.002051],[25.3439917,46.0029779],[25.3442277,46.0038384],[25.3444067,46.0041696],[25.3448407,46.0046204],[25.3452947,46.004901],[25.3457786,46.0051378],[25.3474338,46.0055532],[25.3478682,46.0056961],[25.3481254,46.0059279],[25.3483282,46.0062922],[25.3483389,46.0065443],[25.3481172,46.0069003],[25.3472669,46.007726],[25.3460616,46.0082793],[25.3439055,46.00881],[25.3433408,46.0088565],[25.3428901,46.0087885],[25.3421919,46.0085486],[25.341481,46.0081745],[25.3412573,46.0078377],[25.341405,46.0057612],[25.3413765,46.0053125],[25.3411863,46.0049443],[25.3407672,46.0045649],[25.3402408,46.0043589],[25.33914,46.0042283],[25.3382118,46.004379],[25.3375287,46.0045959],[25.3358432,46.0054224],[25.3351143,46.0056293],[25.3348264,46.0060337],[25.3344088,46.0064009],[25.3337189,46.0067303],[25.3327765,46.0069443],[25.331278,46.0071411],[25.3296796,46.0072172],[25.3282621,46.0071411],[25.3275781,46.0070922],[25.3267953,46.0069661],[25.3260329,46.0067654],[25.3254132,46.0065419],[25.3247261,46.0060551],[25.3242666,46.0058558],[25.3236177,46.0057537],[25.3227211,46.0058036],[25.321682,46.0061145],[25.320983,46.0061646],[25.3202656,46.006021],[25.318536,46.0050808],[25.3162854,46.0046903],[25.3153834,46.0043817],[25.313729,46.0033255]],[[25.313729,46.0033255],[25.3127073,46.0022747],[25.3126394,46.0018916],[25.3127619,46.0014423],[25.3135567,46.0005051],[25.3138621,45.9993117],[25.3154488,45.9988913],[25.315883,45.9987423],[25.3160713,45.9985561],[25.3161929,45.9982442],[25.3161884,45.9977396],[25.3161033,45.9973918],[25.3158949,45.9972389],[25.3147699,45.9970056],[25.3113369,45.9959391],[25.3090184,45.9955146],[25.3084228,45.9953873],[25.3034395,45.9933154],[25.3011684,45.9923484],[25.3004452,45.9920191],[25.2995998,45.9915036],[25.2990421,45.9910097],[25.2981287,45.9900813],[25.2976464,45.989528],[25.2968596,45.9877798],[25.2964752,45.987404],[25.2960173,45.9871134],[25.2954181,45.986958],[25.294868,45.9869218],[25.2943672,45.9869424],[25.2921586,45.9873926],[25.2900417,45.9874607],[25.2894521,45.9875142],[25.2887848,45.9877069],[25.2863955,45.9889063],[25.2850394,45.9898483],[25.2840248,45.9903947],[25.2832709,45.9906222],[25.2827529,45.9906959],[25.2821324,45.9906494],[25.2815009,45.9905154],[25.2808957,45.990273],[25.2800299,45.989798],[25.2797458,45.9894826],[25.2795912,45.9892078],[25.2794552,45.9888555],[25.2791607,45.9876589],[25.2791416,45.9872388],[25.2792123,45.9868632],[25.279393,45.9862828],[25.2800289,45.9853802],[25.2803005,45.9848525],[25.280507,45.9842656],[25.2805942,45.9838528],[25.2806016,45.9833587],[25.2805448,45.9828348],[25.2804074,45.9824503],[25.2800897,45.9820309],[25.2796822,45.9816773],[25.2791958,45.9813879],[25.2786981,45.9812028],[25.2782038,45.9811109],[25.2774193,45.9810765],[25.2768792,45.9811087],[25.2734809,45.9817031],[25.2728386,45.9817835],[25.2722557,45.9817777],[25.2703604,45.9814899],[25.2676354,45.9810774],[25.2662947,45.9812463],[25.2655431,45.9811575],[25.2650215,45.9809376],[25.2631267,45.9796482],[25.2622568,45.979189],[25.2582142,45.9780538],[25.2564022,45.9774354],[25.2553669,45.9773473],[25.2527581,45.977413],[25.2520913,45.977256],[25.2511936,45.9767683],[25.250514,45.9761014],[25.2500972,45.9754032],[25.2498234,45.9746645],[25.2498358,45.9740481],[25.2501665,45.9723082],[25.2506306,45.9716131],[25.2519166,45.9706342],[25.2521706,45.9702968],[25.2522613,45.9700084],[25.2522622,45.9697245],[25.2518208,45.9686926],[25.2516176,45.9683295],[25.2512735,45.9679039],[25.250406,45.9672931],[25.2499295,45.9666154],[25.2490364,45.9658018],[25.248265,45.9654204],[25.2459059,45.9646914],[25.2442005,45.9637663],[25.2431937,45.962513],[25.2408275,45.9588246],[25.2389382,45.9568295],[25.2359824,45.9554735],[25.2326682,45.954368],[25.2294582,45.9526562],[25.2262427,45.9516238],[25.2257785,45.9510831],[25.2255411,45.9506914],[25.2253115,45.9496694],[25.2262098,45.9477657],[25.2286131,45.946214],[25.2301115,45.9455799],[25.2319701,45.9443131],[25.2323678,45.9436558],[25.2319858,45.9428167],[25.2311447,45.9415423],[25.2294303,45.9400426],[25.2297595,45.939231],[25.230673,45.9382162],[25.2329046,45.9365448],[25.2349889,45.9341049],[25.2347588,45.9325341],[25.2343496,45.9319799],[25.2334489,45.931316],[25.2330329,45.931201],[25.2325104,45.9311597],[25.2319048,45.9311761],[25.2310398,45.9314304],[25.2298036,45.9321835],[25.2275831,45.9327245],[25.2260382,45.9340377],[25.224303,45.9369231],[25.2228846,45.939498],[25.221912,45.940046],[25.2212316,45.9402456],[25.2200404,45.9402814],[25.2172627,45.9392801],[25.2157853,45.9373313],[25.2141545,45.9334184],[25.2136441,45.9317305],[25.2134955,45.9310711],[25.2135087,45.9304868],[25.2136214,45.9299405],[25.214146,45.9290097],[25.2153176,45.9275688],[25.2153755,45.926318],[25.2142919,45.9256471],[25.2119619,45.9254411],[25.20912,45.9268215],[25.2083311,45.9270079],[25.2077548,45.9269277],[25.2073942,45.9263187],[25.2075939,45.9258799],[25.2084009,45.9249855],[25.2097303,45.9243665],[25.2129177,45.9232579],[25.2143652,45.9220977],[25.2149972,45.9202271],[25.2150266,45.9197995],[25.2150291,45.9197628],[25.2150952,45.9188004],[25.214699,45.9170238],[25.2139124,45.9157657],[25.2126418,45.914825],[25.2112315,45.9141321],[25.2106509,45.9135161],[25.2105542,45.913121],[25.2107695,45.9121248],[25.2111232,45.9114941],[25.2115815,45.9111273],[25.2121707,45.9110059],[25.2128455,45.9110078],[25.213382,45.9110866],[25.2141686,45.9113078],[25.2166835,45.9126546],[25.2180002,45.9137609],[25.2186545,45.9140841],[25.2192949,45.9141956],[25.2196834,45.9141336],[25.2199612,45.9139946],[25.22027,45.9134811],[25.2203713,45.9130638],[25.2202549,45.912692],[25.2197791,45.912224],[25.2190649,45.911631],[25.2169681,45.9105762],[25.2163404,45.9099553],[25.2160818,45.9088057],[25.2162948,45.9063113],[25.2157611,45.9049425],[25.2158126,45.904525],[25.217003,45.9028668],[25.2170459,45.9025172],[25.2169797,45.902209],[25.2160562,45.9016507],[25.2138954,45.9011445],[25.2124781,45.9012722],[25.2117595,45.9014863],[25.2107643,45.9019699],[25.210056,45.9021261],[25.2094217,45.9020765],[25.2077733,45.901464],[25.2070796,45.9008946],[25.2058927,45.8994157],[25.2055474,45.8991389],[25.2051191,45.8990931],[25.2042625,45.8991362],[25.2024664,45.8987413],[25.2017786,45.8988439],[25.2003045,45.9001244],[25.1991346,45.9015492],[25.1966938,45.9026766],[25.1963698,45.9044773],[25.1971326,45.906013],[25.1969288,45.9066872],[25.1958688,45.9068506],[25.1956329,45.9067198],[25.1949547,45.9063437],[25.1941726,45.9045117],[25.1946081,45.9029088],[25.1941532,45.9014283],[25.1940096,45.9008345],[25.1942808,45.9002406],[25.1953903,45.8990435],[25.196192,45.8977704],[25.198744,45.8968956],[25.2000956,45.8964637],[25.2010643,45.8958628],[25.2012556,45.8954035],[25.2010125,45.8946516],[25.2004682,45.8942043],[25.1995439,45.893786],[25.1989091,45.8932051],[25.1988996,45.8927392],[25.1994973,45.8925301],[25.2006227,45.8924786],[25.2019837,45.8930059],[25.2026781,45.8931818],[25.2033633,45.8931432],[25.2044881,45.8929563],[25.2052262,45.8929497],[25.2065246,45.8934861],[25.2071222,45.8938229],[25.207598,45.894389],[25.2077074,45.8947176],[25.2074717,45.8957046],[25.2074768,45.8963016],[25.2078883,45.8969409],[25.2084465,45.8972341],[25.2092382,45.8973453],[25.2104642,45.8972457],[25.2112418,45.8968698],[25.2117696,45.896378],[25.2118524,45.8955567],[25.2115028,45.8948241],[25.2090561,45.8932478],[25.2084684,45.8924544],[25.2082936,45.8918301],[25.2082005,45.8907358],[25.2076351,45.8895894],[25.2065396,45.8887416],[25.2060254,45.8885458],[25.2049722,45.8885641],[25.2028639,45.8894881],[25.1997408,45.8895498],[25.197977,45.8887426],[25.1953785,45.8864955],[25.1951972,45.8849697],[25.1963215,45.8839719],[25.1980697,45.8830615],[25.1985147,45.8826169],[25.1985007,45.8821882],[25.1983466,45.8815974],[25.197874,45.8810214],[25.1973354,45.8806035],[25.1960472,45.8800157],[25.1946295,45.8799569],[25.1923908,45.880313],[25.1915172,45.8808475],[25.190289,45.8821308],[25.1894313,45.8824887],[25.1884533,45.8826741],[25.1872446,45.8826319],[25.1866328,45.8826106],[25.185638,45.8823356],[25.1853946,45.8819914],[25.1855241,45.8816752],[25.1860394,45.8813348],[25.1861089,45.8808184],[25.1863405,45.8802487],[25.186978,45.8791603],[25.1874822,45.8784881],[25.1880026,45.878081],[25.1887536,45.8778532],[25.1893812,45.8775395],[25.1897514,45.8769569],[25.1899499,45.8762547],[25.1899391,45.8755713],[25.1897407,45.8751231],[25.1892203,45.8744994],[25.1884693,45.8739989],[25.1881528,45.873603],[25.1879543,45.8729905],[25.1880509,45.8721165],[25.1880026,45.8717504],[25.1873696,45.871235],[25.1866205,45.8709199],[25.1853544,45.8706064],[25.1836378,45.8714431],[25.1826809,45.8722369],[25.1813698,45.8746654],[25.1805479,45.8752677],[25.1787434,45.8754266],[25.1770676,45.8748305],[25.1738092,45.8722922],[25.1728427,45.8705178],[25.1727998,45.8696102],[25.1730788,45.868893],[25.1735294,45.868512],[25.1740551,45.8681759],[25.1745486,45.8676454],[25.1746666,45.86713],[25.1744735,45.8666593],[25.1741892,45.8663044],[25.1736957,45.8659047],[25.1730627,45.8656507],[25.1724511,45.8656134],[25.1716143,45.8657927],[25.1705682,45.8663679],[25.1698708,45.8667116],[25.1691681,45.8669768],[25.1687014,45.8671972],[25.1681274,45.8677388],[25.1677573,45.8679256],[25.1669526,45.8680152],[25.1663464,45.8682506],[25.1658368,45.868639],[25.1652414,45.8688333],[25.1645333,45.8687922],[25.1639485,45.8686166],[25.1625001,45.8680152],[25.161456,45.867674],[25.1610196,45.8674512],[25.1603758,45.8669245],[25.1600593,45.8664912],[25.1599467,45.8660056],[25.159952,45.8654341],[25.1601452,45.8648252],[25.1603758,45.8643732],[25.1611376,45.8635439],[25.161497,45.8629238],[25.1616418,45.862143],[25.1617008,45.8615864],[25.1615828,45.8612763],[25.1613092,45.8610484],[25.1605904,45.8607384],[25.1599359,45.8606711],[25.1589972,45.8607384],[25.1584071,45.8609177],[25.1575612,45.861389],[25.1572752,45.8617171],[25.1569962,45.8622177],[25.1567978,45.8628752],[25.1564544,45.8633347],[25.1560628,45.8637157],[25.1552206,45.8641565],[25.1548451,45.8644852],[25.1544803,45.8651614],[25.1543087,45.8656657],[25.1542658,45.866155],[25.1543999,45.866607],[25.1546305,45.8669619],[25.1550034,45.8672551],[25.1555237,45.867651],[25.155749,45.8679461],[25.1557517,45.8682954],[25.1556069,45.8686297],[25.1553762,45.8688818],[25.1550785,45.8690182],[25.154373,45.8690873],[25.1539546,45.869091],[25.1533163,45.8689603],[25.1527154,45.8685942],[25.1525652,45.8684261],[25.1521736,45.8679704],[25.1515943,45.8669955],[25.1512188,45.8664912],[25.150677,45.8661214],[25.1499474,45.8657889],[25.1493412,45.8654901],[25.1489925,45.8651614],[25.148161,45.8643919],[25.1469954,45.8638105],[25.1448877,45.8622348],[25.143872,45.8590656],[25.1437673,45.8586043],[25.1435741,45.8580863],[25.143115,45.8574331],[25.1429431,45.8571523],[25.1421774,45.8563673],[25.1410483,45.855543],[25.1393912,45.8550574],[25.1384171,45.8550256],[25.1371289,45.8551379],[25.1359159,45.8554247],[25.1352512,45.8557136],[25.1349875,45.8561508],[25.13398,45.8581914],[25.1331748,45.8589826],[25.1304282,45.8591579],[25.1257837,45.8598195],[25.1244146,45.8604459],[25.1239046,45.860959],[25.1237286,45.861733],[25.1240534,45.8631918],[25.1249123,45.8646865],[25.1246404,45.8657451],[25.1241322,45.8661188],[25.1227477,45.8666285],[25.1192861,45.8672004],[25.1178554,45.8667462],[25.1171666,45.866085],[25.1165894,45.8625725],[25.1146828,45.8608806],[25.1129303,45.8598005],[25.1108902,45.8592005],[25.1086457,45.8593223],[25.1064115,45.8595297],[25.105175,45.8607801],[25.1061636,45.8622777],[25.1068621,45.8631026],[25.1066126,45.8640424],[25.1059469,45.8643928],[25.1041654,45.8642393],[25.102364,45.8628964],[25.1014977,45.861279],[25.100657,45.8605992],[25.0990091,45.8595752],[25.0968376,45.8587724],[25.0960227,45.8580185],[25.0962185,45.8568618],[25.0964621,45.853902],[25.0968837,45.8518422],[25.0961536,45.850861],[25.0955039,45.850591],[25.0946746,45.8504668],[25.0931007,45.8502248],[25.0921243,45.8504752],[25.0914377,45.8507965],[25.0910461,45.8512224],[25.0909817,45.851611],[25.0911508,45.8525398],[25.0910622,45.8528515],[25.0908889,45.8529933],[25.0905901,45.8532401],[25.0900322,45.8533073],[25.0886955,45.8526548],[25.0872374,45.8508091],[25.086738,45.8488145],[25.0869788,45.8463987],[25.0871291,45.8446899],[25.0868559,45.844006],[25.086216,45.84366],[25.0842435,45.8431645],[25.08223,45.8432312],[25.080126,45.8443048],[25.0793024,45.845679]],[[25.0793024,45.845679],[25.07943,45.8468766],[25.0790065,45.8474639],[25.0777848,45.8485909],[25.0769139,45.8490402],[25.0760814,45.8490613],[25.0738135,45.8487157],[25.0710929,45.8481701],[25.069677,45.8479155],[25.0678045,45.8478996],[25.0658968,45.8481741],[25.0651914,45.84849],[25.0633032,45.8494466],[25.0619632,45.8499226],[25.0613809,45.8500495],[25.0606294,45.8501027],[25.0597328,45.8500077],[25.0581167,45.8496179],[25.056005,45.8486738],[25.0542696,45.8478482],[25.0532882,45.8476183],[25.0523279,45.8476685],[25.0513488,45.8478302],[25.0503063,45.8484046],[25.048957,45.8489142],[25.048438,45.8490274],[25.0479824,45.8488753],[25.0474522,45.848512],[25.0469641,45.8479949],[25.0464126,45.8468587],[25.0464809,45.8450968],[25.0458981,45.8439621],[25.0454889,45.8432175],[25.0450374,45.8427825],[25.0444676,45.8426065],[25.0436015,45.8423421],[25.0423157,45.8418952],[25.0421304,45.8417137],[25.0419421,45.8413153],[25.0418596,45.8409391],[25.0419782,45.8402214],[25.0419556,45.8399168],[25.0417637,45.8396268],[25.0408508,45.8390985],[25.0387785,45.8385702],[25.036524,45.8385646],[25.0360096,45.8386679],[25.0343655,45.8387154],[25.0333371,45.8384964],[25.0316284,45.8382248],[25.0308217,45.838306],[25.0299621,45.8385715],[25.0293326,45.8389802],[25.0287666,45.8398902],[25.0278634,45.8415879],[25.0274323,45.8420197],[25.0266627,45.8423556],[25.0254962,45.842336],[25.0239065,45.842169],[25.0230497,45.8418554],[25.022214,45.8412764],[25.0208748,45.8387288],[25.0194581,45.8378593],[25.0184978,45.8375282],[25.0179057,45.837367],[25.0172801,45.8373114],[25.0165592,45.8374326],[25.015836,45.8376932],[25.0154807,45.8379668],[25.0153124,45.8383186],[25.0153609,45.8388371],[25.0156241,45.8397474],[25.0157016,45.8405323],[25.0156927,45.8407593],[25.0155813,45.8409564],[25.0152875,45.8413151],[25.0148673,45.8415346],[25.01434,45.8415844],[25.0138865,45.8414595],[25.0128321,45.8408713],[25.012607,45.8408201],[25.0123888,45.8408244],[25.0121706,45.841072],[25.0120584,45.8413586],[25.0120958,45.8416495],[25.0122246,45.8419289],[25.0131502,45.8426537],[25.0139061,45.8433777],[25.0143313,45.8440359],[25.0145675,45.8448389],[25.0146809,45.8453391],[25.0147281,45.8458196],[25.0147093,45.8461948],[25.0145014,45.8465699],[25.0141801,45.8468924],[25.0137266,45.8471294],[25.0113915,45.8476784],[25.0076197,45.8486684],[25.0056456,45.8488699],[25.003789,45.8494686],[24.9992735,45.8508814],[24.9978915,45.8510802],[24.9961929,45.851292],[24.9949417,45.8516472],[24.9944803,45.8518499],[24.9940374,45.8520819],[24.9933405,45.8525187],[24.99259,45.8531497],[24.9923544,45.8532851],[24.9920117,45.8534141],[24.9916596,45.8534841],[24.9911958,45.8534989],[24.9906672,45.8534723],[24.9901387,45.8533224],[24.9892546,45.8527206],[24.9880871,45.8520022],[24.9864248,45.8515309],[24.9857223,45.8512391],[24.9850568,45.8508442],[24.9844283,45.8503377],[24.9841571,45.8500802],[24.9839543,45.8497209],[24.9834545,45.8495052],[24.982775,45.8492934],[24.9822592,45.8491906],[24.981474,45.8491024],[24.980639,45.8491082],[24.9800295,45.849175],[24.9794013,45.8493082],[24.9782946,45.8496519],[24.9771002,45.8499868],[24.9732206,45.8508934],[24.9713669,45.8512648],[24.9694369,45.8516515],[24.9673399,45.851718],[24.9626107,45.8520156],[24.9613559,45.8519976],[24.9602128,45.8518779],[24.9577719,45.8517163],[24.9555116,45.8512074],[24.9521403,45.8505062],[24.9516268,45.850501],[24.9511198,45.8503095],[24.950183,45.8497168],[24.9491946,45.8490822],[24.9486531,45.8488787],[24.9480429,45.8488069],[24.9469772,45.8488069],[24.9459115,45.8489745],[24.9439691,45.8493636],[24.9426284,45.8496569],[24.9414595,45.8498246],[24.9406602,45.8497288],[24.9398093,45.8495671],[24.9372138,45.8488428],[24.9348675,45.8476215],[24.9330025,45.8476694],[24.9314297,45.8481364],[24.9299084,45.8488009],[24.9279832,45.8494833],[24.9272201,45.8496624],[24.9239524,45.8504292],[24.921503,45.8503454],[24.9190019,45.8496809],[24.9162001,45.8488967],[24.9074537,45.8478954],[24.9048037,45.8475137],[24.8968505,45.8454471],[24.8946207,45.8412158],[24.8921558,45.8392227],[24.8915825,45.8390405],[24.8908932,45.8388187],[24.8868803,45.8382822],[24.8811759,45.8377765],[24.8746473,45.8354818],[24.8600547,45.832338]],[[25.7802454,46.5571563],[25.7797091,46.5569944],[25.7794813,46.5569145],[25.7792582,46.5568731],[25.7786952,46.5568097],[25.778249,46.5566981],[25.7778835,46.5565945],[25.7772387,46.5564081],[25.7763654,46.5560882],[25.7762129,46.5559888],[25.7760978,46.5558557],[25.7758923,46.5556041],[25.7757698,46.5554399],[25.7756358,46.5553227],[25.7753348,46.5551341],[25.7751707,46.5549886],[25.7750478,46.5547427],[25.7747221,46.5544788],[25.7743046,46.5540953],[25.7737695,46.5535447],[25.7735456,46.5530624],[25.773433,46.5526745],[25.7733036,46.5523115],[25.773159,46.5520973],[25.7726556,46.5517046],[25.7720473,46.5513883],[25.7718585,46.551266],[25.7716554,46.5511485],[25.7711536,46.5509652],[25.7706939,46.5507305],[25.7703507,46.5504288],[25.7700655,46.5500788],[25.7698116,46.5498126],[25.7695719,46.5496561],[25.7693724,46.5495902],[25.7689638,46.549326],[25.7685965,46.5489768],[25.7685294,46.548862],[25.7684622,46.5487673],[25.7672872,46.5478664],[25.7671807,46.5478066],[25.767149,46.5477724],[25.7671297,46.5477297],[25.7671294,46.5473052],[25.767157,46.5470241],[25.7671114,46.5469303],[25.7669813,46.5468213],[25.7668539,46.5466959],[25.7666125,46.546585],[25.7663988,46.5464851],[25.765891,46.5464157],[25.7650719,46.5464644],[25.7647195,46.5462627],[25.7641776,46.5461731],[25.7638698,46.5460826],[25.7635686,46.5459063],[25.7628099,46.5453074],[25.7625198,46.5450532],[25.7625272,46.5447881],[25.7625862,46.5446806],[25.7626945,46.5445942],[25.7631343,46.544438],[25.763514,46.5442816],[25.7638656,46.5440367],[25.7639587,46.5439581],[25.7639065,46.5437689],[25.7637441,46.5432308],[25.7637131,46.5429134],[25.763756,46.5426088],[25.7639573,46.5419275],[25.7644056,46.5411978],[25.7645206,46.5409706],[25.7645863,46.5407477],[25.7645288,46.5406089],[25.7643973,46.5405019],[25.7640666,46.5403515],[25.763739,46.540269],[25.7634052,46.5402584],[25.7627649,46.5403634],[25.7626127,46.5403457],[25.7624791,46.5403055],[25.7623399,46.5402008],[25.76228,46.5400865],[25.7622721,46.5399921],[25.7623061,46.5398849],[25.7623689,46.5396271],[25.762382,46.5394138],[25.7623959,46.5393427],[25.7623494,46.5392685],[25.7622539,46.5390754],[25.7621985,46.5389933],[25.7620976,46.5389444],[25.7618421,46.5388872],[25.761123,46.5386608],[25.7608856,46.538595],[25.7602137,46.5384077],[25.7599868,46.5381658],[25.7596794,46.5373792],[25.7591741,46.5369147],[25.7592123,46.5367059],[25.7593533,46.5363718],[25.7596672,46.5362],[25.7600461,46.5360025],[25.7605868,46.5357486],[25.7606567,46.5355999],[25.7606805,46.5352816],[25.7606382,46.5349247],[25.7605095,46.5346305],[25.7604155,46.5343581],[25.7603426,46.5341939],[25.7602404,46.5340805],[25.7596833,46.5337527],[25.7594359,46.5336976],[25.7593922,46.5336033],[25.7593694,46.5334262],[25.7593898,46.5333191],[25.7594344,46.5332214],[25.7594046,46.5331734],[25.7592207,46.5328488],[25.7590704,46.5325107],[25.7588181,46.5310989],[25.7587494,46.5306517],[25.7586736,46.5305063],[25.7581591,46.5300307],[25.7579913,46.5297055],[25.7579331,46.5293695],[25.7579529,46.5290791],[25.7581215,46.5287641],[25.7586418,46.5281371],[25.7587362,46.5279018],[25.7588022,46.5275838],[25.7594087,46.5267672],[25.7601993,46.5260122],[25.7604092,46.5257976],[25.7605256,46.5255746],[25.7609933,46.5253746],[25.7613004,46.5252433],[25.7615659,46.5250437],[25.7616266,46.5249547],[25.7616669,46.5247286],[25.7616247,46.5242489],[25.761659,46.524036],[25.7618796,46.523582],[25.7620113,46.5233458],[25.7620423,46.5232369],[25.7620109,46.5231668],[25.7619526,46.5231114],[25.7615454,46.5229183],[25.7613541,46.5228301],[25.761297,46.5227012],[25.761211,46.522553],[25.7611536,46.5223936],[25.7611118,46.5220551],[25.7609826,46.5211523],[25.7610473,46.5209913],[25.7612722,46.5208177],[25.7623209,46.5204973],[25.7624687,46.5203513],[25.7629783,46.5196647],[25.7632358,46.5194949],[25.7639225,46.5187419],[25.7640941,46.5186016],[25.7640566,46.5184761],[25.763901,46.518417],[25.7636274,46.5183506],[25.7635952,46.5181107],[25.7637776,46.5178892],[25.7640029,46.517771],[25.7643033,46.5177378],[25.7644751,46.5176397],[25.7644267,46.5174388],[25.7641531,46.5171915],[25.7637293,46.516815],[25.7634719,46.5165676],[25.7633431,46.5162945],[25.7628764,46.5161579],[25.7625653,46.5158921],[25.7622058,46.515235],[25.7621576,46.5150334],[25.7621352,46.5149589],[25.7620578,46.5148488],[25.7618304,46.5147147],[25.7613583,46.5141644],[25.7608701,46.5135405],[25.7607521,46.5132267],[25.7606633,46.513143],[25.760559,46.5131123],[25.7603286,46.5131112],[25.7601518,46.5131716],[25.7600981,46.5131196],[25.7600676,46.5130476],[25.7600178,46.5130056],[25.7600879,46.5128218],[25.7600771,46.5126353],[25.759896,46.5123605],[25.7595435,46.5122662],[25.759181,46.511998],[25.758736,46.5114884],[25.7583907,46.5111701],[25.7582658,46.5109445],[25.7573955,46.509922],[25.7569415,46.5094894],[25.7567548,46.5091079],[25.7558061,46.508047],[25.75533,46.5075908],[25.7551048,46.5074296],[25.7547912,46.5073213],[25.7542966,46.506926],[25.7537589,46.5065923],[25.7534914,46.506328],[25.7532503,46.5063307],[25.7529506,46.5060786],[25.7524058,46.5056613],[25.7523357,46.5055541],[25.7523085,46.5053517],[25.7520129,46.5052216],[25.7515541,46.5051431],[25.7514628,46.505035],[25.7514685,46.5048277],[25.7513884,46.5046913],[25.751259,46.5045943],[25.7512902,46.5044372],[25.7515541,46.5043006],[25.7516054,46.5038685],[25.7513546,46.5033327],[25.7508533,46.5029367],[25.7506728,46.5028346],[25.7505275,46.5027523],[25.750388,46.5026305],[25.7503129,46.5022834],[25.7504685,46.5019067],[25.7504739,46.5012864],[25.7504593,46.5011899],[25.7504814,46.5011068],[25.7505171,46.5009778],[25.7505892,46.5007362],[25.7506133,46.5002894],[25.7507528,46.4995897],[25.7510827,46.4991613],[25.7512705,46.4987366],[25.7513263,46.4984154],[25.7511088,46.4981736],[25.7508584,46.4978669],[25.7507582,46.497675],[25.7505919,46.4973906],[25.7505962,46.497108],[25.7506214,46.4969623],[25.7508139,46.4967475],[25.751235,46.4962954],[25.751482,46.4959706],[25.75165,46.4955855],[25.7519587,46.4950632],[25.7520155,46.4947205],[25.7521007,46.494392],[25.752244,46.49384],[25.7524786,46.4932545],[25.7524716,46.4927356],[25.7522352,46.4923702],[25.7517313,46.4920752],[25.7517173,46.491921],[25.7516551,46.491625],[25.7517121,46.4913968],[25.752432,46.4907301],[25.7524579,46.4905803],[25.7523698,46.4903486],[25.7524268,46.4901952],[25.7527634,46.4899064],[25.752779,46.4897353],[25.7530431,46.4894286],[25.7531104,46.4892717],[25.7530638,46.4891541],[25.7529033,46.4890614],[25.7527945,46.4889187],[25.7528308,46.4886442],[25.7529292,46.4884659],[25.7531312,46.4883019],[25.7533694,46.4881949],[25.7534574,46.488063],[25.7534885,46.4879275],[25.7534419,46.4877064],[25.7538148,46.4865297],[25.7540219,46.4857487],[25.754312,46.4851532],[25.7548558,46.4842083],[25.7549234,46.4831354],[25.755009,46.4828511],[25.7551158,46.4826885],[25.7553426,46.4826107],[25.7558087,46.4826071],[25.7562112,46.4825828],[25.7563625,46.4824571],[25.7563761,46.4822663],[25.7562964,46.4821052],[25.7564219,46.4819147],[25.756627,46.4817584],[25.7569481,46.4815444],[25.7573365,46.4814124],[25.7577145,46.4813918],[25.7578751,46.4812983],[25.7579165,46.4811949],[25.7578205,46.4808411],[25.7577987,46.4808024],[25.7577421,46.4807714],[25.7577119,46.4807581],[25.7576905,46.4807073],[25.757706,46.4806579],[25.7578181,46.4804781],[25.7579735,46.4803069],[25.7581289,46.480207],[25.7584395,46.4801829],[25.75845,46.4801821],[25.7586468,46.4801143],[25.7587348,46.4800002],[25.7587348,46.4798076],[25.7587762,46.4796828],[25.7592579,46.4792834],[25.7598742,46.4790195],[25.760071,46.4788804],[25.7602315,46.4786414],[25.7602367,46.4784774],[25.7601331,46.478267],[25.7601539,46.4781671],[25.7604232,46.4779603],[25.7605889,46.4778533],[25.7607857,46.4778354],[25.7613616,46.4778588],[25.761402,46.4778604],[25.7615418,46.477839],[25.761604,46.4777356],[25.7615734,46.4769824],[25.7616428,46.4766582],[25.7618459,46.4764671],[25.7623266,46.4763409],[25.7624357,46.4762351],[25.7624555,46.4761122],[25.7623712,46.4759109],[25.762168,46.4758153],[25.7618063,46.4757709],[25.7615288,46.4757744],[25.7613752,46.475689],[25.7613553,46.4755389],[25.7614594,46.475358],[25.7616204,46.4752119],[25.7617048,46.4750979],[25.7617529,46.474851],[25.7621089,46.4741995],[25.762258,46.4736298],[25.7621813,46.4733543],[25.7621078,46.4732097],[25.7619276,46.4730213],[25.7618363,46.4728719],[25.7617934,46.472747],[25.7617839,46.4726255],[25.7618433,46.4725247],[25.7619528,46.4724491],[25.7623299,46.4722366],[25.762394,46.472166],[25.7624114,46.4720912],[25.7623948,46.4720373],[25.7623783,46.4719828],[25.762308,46.4719221],[25.7621314,46.4718105],[25.7620772,46.4717537],[25.7620588,46.4716933],[25.7619555,46.471166],[25.7618644,46.4708067],[25.7617478,46.4706057],[25.7616545,46.4704621],[25.761635,46.4704423],[25.7614627,46.4702672],[25.7612868,46.4701268],[25.7611202,46.4700533],[25.7609734,46.4700055],[25.7606642,46.4699175],[25.7604668,46.4699027],[25.7602913,46.469906],[25.7602057,46.4699185],[25.7601487,46.4699218],[25.7600906,46.4699188],[25.7600236,46.4699068],[25.7599337,46.4698592],[25.7598491,46.4698142],[25.759748,46.469742],[25.7596742,46.4696262],[25.7595761,46.4695165],[25.7593206,46.4693453],[25.7587984,46.4691952],[25.7586519,46.469072],[25.7577519,46.468735],[25.7574841,46.4686157],[25.7572706,46.4684982],[25.7569304,46.4680264],[25.7567433,46.4679505],[25.7565833,46.4677861],[25.7564639,46.4675918],[25.7563045,46.4672767],[25.7563214,46.4670177],[25.7564034,46.4667549],[25.7563098,46.4666181],[25.7560427,46.4663424],[25.7559229,46.4660463],[25.7559627,46.4657245],[25.7558491,46.4653443],[25.7545003,46.4608412],[25.7543323,46.4603537],[25.7540645,46.4599998],[25.7538374,46.4596806],[25.753571,46.4594301],[25.7528402,46.4589712],[25.7524606,46.4588147],[25.752105,46.4585916],[25.7519678,46.4584808],[25.7517469,46.4583018],[25.7508269,46.4572653],[25.7499894,46.4562744],[25.7496677,46.4558235],[25.7493838,46.4553965],[25.7490996,46.4551416],[25.7485156,46.4548635],[25.7483631,46.4547861],[25.7483074,46.4547544],[25.7470399,46.454174],[25.7469056,46.4540647],[25.7468406,46.4538686],[25.7467798,46.4535369],[25.7467913,46.4534133],[25.7467425,46.4532564],[25.7463968,46.4528725],[25.7463602,46.4527576],[25.7466332,46.452081],[25.7466901,46.4518821],[25.7469727,46.4515042],[25.7483511,46.4500692],[25.749728,46.4485281],[25.7503665,46.4479144],[25.7505251,46.4476258],[25.7507339,46.4473727],[25.7509549,46.4471868],[25.7510294,46.4468608],[25.7511677,46.4467291],[25.751611,46.4466507],[25.7518916,46.4465302],[25.7520746,46.446348],[25.7523349,46.4455354],[25.7526236,46.4451403],[25.7527009,46.4448152],[25.7528635,46.4445098],[25.7528513,46.4442268],[25.7527415,46.4441147],[25.7525789,46.4440586],[25.7519745,46.4440769],[25.7516749,46.4440215],[25.7515408,46.443938],[25.7514869,46.4437441],[25.7515728,46.4432757],[25.7514614,46.4427564],[25.751512,46.4425007],[25.7518346,46.4422959],[25.7521253,46.4419194],[25.7538107,46.4389644],[25.7546547,46.4381053],[25.7546559,46.4379863],[25.7546105,46.437785],[25.754592,46.4377047],[25.7542093,46.4376543],[25.7540629,46.4375612],[25.7539673,46.4373983],[25.7540174,46.4359981],[25.7539731,46.435617],[25.7541023,46.4351446],[25.7543162,46.4346985],[25.7543162,46.4342718],[25.7541244,46.4340246],[25.7532658,46.4332086],[25.7531616,46.4330582],[25.7530873,46.432631],[25.7531481,46.4320756],[25.7530917,46.4318215],[25.7530119,46.4314321],[25.7528094,46.4307107],[25.7528939,46.43029],[25.753003,46.429726],[25.7531517,46.4295996],[25.7534096,46.4295381],[25.7536773,46.4294014],[25.7538013,46.4291826],[25.7537269,46.4290152],[25.7535534,46.4288648],[25.7531369,46.4288409],[25.7528592,46.4288785],[25.7526955,46.4288477],[25.7526162,46.4287657],[25.7526311,46.4286529],[25.7528542,46.4284854],[25.7529198,46.4282882],[25.752761,46.4280374],[25.7527062,46.4276649],[25.7526503,46.4276011],[25.7524581,46.4275512],[25.7523081,46.4275712],[25.7522571,46.4276241],[25.7522062,46.4276963],[25.7521295,46.427817],[25.7519881,46.4278095],[25.7517732,46.4277916],[25.7515867,46.4278329],[25.751498,46.4277916],[25.7514559,46.427713],[25.75156,46.4272174],[25.7515204,46.4270568],[25.7511286,46.4266535],[25.7509947,46.4264142],[25.751051,46.4258952],[25.7511105,46.4258286],[25.7515964,46.4256081],[25.7516733,46.4254885],[25.7516733,46.4253296],[25.7515741,46.4249792],[25.7515964,46.424699],[25.7516609,46.4245622],[25.7516386,46.4244802],[25.7515568,46.4244135],[25.7513659,46.424405],[25.7508526,46.4241692],[25.7507634,46.4240427],[25.75087,46.4238513],[25.7510335,46.4236913],[25.7515769,46.4234132],[25.7519055,46.4232293],[25.7522699,46.423153],[25.7523741,46.4231755],[25.7528719,46.4235657],[25.7529825,46.4235971],[25.7530931,46.4235971],[25.7533046,46.4235366],[25.7534934,46.4235657],[25.75363,46.4235388],[25.7537342,46.4234581],[25.7538155,46.4232181],[25.7537472,46.4229153],[25.7536333,46.4227538],[25.7534348,46.4226708],[25.7528524,46.4221841],[25.7528231,46.4220966],[25.752924,46.4219553],[25.7534413,46.4216188],[25.7537374,46.4214999],[25.7544728,46.4213497],[25.7545704,46.4212846],[25.7545411,46.4211411],[25.7544533,46.4209953],[25.7538806,46.4203851],[25.7535877,46.4199724],[25.7534771,46.4197616],[25.7534901,46.4194745],[25.7534446,46.4193668],[25.7531229,46.4191199],[25.7529301,46.4190369],[25.7527607,46.4190117],[25.7525431,46.4189661],[25.7524007,46.418927],[25.7522925,46.4188728],[25.7522366,46.4187939],[25.7522374,46.4186961],[25.7522472,46.418557],[25.7525628,46.4180276],[25.752784,46.4177181],[25.7528133,46.4175902],[25.7526799,46.4171326],[25.7525042,46.4169038],[25.7522634,46.4168051],[25.752156,46.4166952],[25.7521268,46.4164709],[25.7520357,46.4163497],[25.7519061,46.4163377],[25.7518189,46.4161244],[25.7518133,46.4160602],[25.7513408,46.415875],[25.7512189,46.4158368],[25.7511573,46.4157826],[25.7511724,46.4156547],[25.7512905,46.4155623],[25.7518502,46.415264],[25.7522081,46.4151159],[25.7527092,46.4150038],[25.7531777,46.4149522],[25.7536138,46.4148153],[25.7538898,46.4146479],[25.754027,46.4144058],[25.754046,46.4142853],[25.7539833,46.4141192],[25.7538822,46.4139093],[25.7539797,46.4136861],[25.754219,46.4134985],[25.7544826,46.4132989],[25.7545295,46.4132051],[25.7545152,46.4128825],[25.7544388,46.4127063],[25.754202,46.4124188],[25.7540549,46.412273],[25.7540975,46.4121891],[25.7541807,46.4121276],[25.754455,46.4119185],[25.7545564,46.4117298],[25.7545885,46.4115387],[25.7545187,46.411419],[25.7543923,46.4111915],[25.7543264,46.4100541],[25.7543493,46.4099607],[25.7544034,46.4097406],[25.7544206,46.4080514],[25.7544359,46.4056872],[25.7545031,46.4051963],[25.7546172,46.404611],[25.7548613,46.4040694],[25.7553233,46.4035668],[25.7554469,46.4033873],[25.755486,46.4031853],[25.7554307,46.4029363],[25.7553298,46.4027725],[25.755294,46.4026513],[25.7553493,46.4024471],[25.7556517,46.4018253],[25.7558833,46.4007773],[25.7559589,46.3994583],[25.7559911,46.3992425],[25.7560338,46.3991622],[25.756461,46.3983778],[25.7565369,46.3981362],[25.7564892,46.3979094],[25.7564308,46.3974838],[25.7565122,46.3965509],[25.7564993,46.3964696],[25.7564823,46.3963911],[25.756129,46.3956825],[25.7560353,46.395371],[25.7559733,46.3948356],[25.7558827,46.3942346],[25.7558224,46.3934871],[25.7554303,46.3923483],[25.7553092,46.3921582],[25.7552226,46.3919468],[25.7551614,46.391688],[25.7551926,46.3911979],[25.7553652,46.3910225],[25.7555875,46.3907003],[25.7557085,46.3904225],[25.7557023,46.3902405],[25.7557155,46.3900495],[25.7556582,46.3897638],[25.755644,46.3893622],[25.7556755,46.3888066],[25.755686,46.3884991],[25.7558109,46.3881432],[25.7560035,46.3878898],[25.7564385,46.3874005],[25.7565536,46.3871976],[25.756628,46.3868955],[25.7566435,46.3867491],[25.7566346,46.3865625],[25.7566029,46.3863731],[25.7565278,46.3862145],[25.7563455,46.3859654],[25.7556315,46.3852432],[25.7554794,46.3849485],[25.7555308,46.3845477],[25.755656,46.3843368],[25.7560517,46.3840416],[25.756428,46.3839636],[25.7569628,46.3839241],[25.7572159,46.3838607],[25.7577727,46.3835813],[25.7580948,46.3835051],[25.7592728,46.3834416],[25.7599765,46.3832691],[25.7601886,46.383102],[25.760276,46.3829496],[25.7602622,46.3827274],[25.7603496,46.3823909],[25.7604002,46.3816735],[25.7602438,46.3808069],[25.7602603,46.380406],[25.7603382,46.3785125],[25.7604009,46.3769899],[25.760345,46.3764994],[25.7604139,46.3762356],[25.7606237,46.3757848],[25.7610224,46.375405],[25.7615118,46.3750895],[25.763364,46.3740675],[25.7641949,46.373609],[25.7652605,46.3733218],[25.7657896,46.37311],[25.765935,46.3730308],[25.7660769,46.3729293],[25.7661781,46.3727633],[25.7662153,46.3725503],[25.7662499,46.3720456],[25.7663298,46.371587],[25.7664447,46.3707079],[25.7666442,46.3704745],[25.7669365,46.3701631],[25.7672897,46.3696164],[25.7674063,46.3694371],[25.7681934,46.3678146],[25.7686843,46.3646476],[25.7687739,46.3643086],[25.7688319,46.3640856],[25.7689797,46.3639213],[25.7740337,46.3591265],[25.7797951,46.3534556],[25.7803511,46.3527386],[25.7821685,46.3498476],[25.7825687,46.3492109],[25.7827404,46.3490766],[25.7829834,46.3488867],[25.7833069,46.3486948],[25.7852725,46.3476713],[25.7858577,46.3474587],[25.787228,46.3470515],[25.7928615,46.3457481],[25.7932852,46.3456314],[25.7938278,46.3455049],[25.7942996,46.3453089],[25.7957652,46.3440843],[25.7960729,46.343832],[25.7967688,46.3433849],[25.7980259,46.3423898],[25.7987959,46.3418782],[25.8007512,46.3404494],[25.8009618,46.340288],[25.8020138,46.3396075],[25.8021941,46.3393904],[25.8022343,46.339312],[25.8025433,46.3384761],[25.8029585,46.3376308],[25.8031651,46.3374262],[25.8035278,46.3372033],[25.8040085,46.3367247],[25.8043436,46.3365214],[25.8044972,46.3364381],[25.8049288,46.3363219],[25.8052215,46.3361678],[25.8053934,46.3358875],[25.8056728,46.3349765],[25.8057024,46.3346746],[25.8059574,46.3340517],[25.8058842,46.3335426],[25.8058602,46.33338],[25.805904,46.3332046],[25.8063021,46.3323989],[25.806515,46.3320629],[25.8067932,46.3318915],[25.807641,46.3316468],[25.8104695,46.3304956],[25.8107004,46.3304249],[25.8120428,46.3301682],[25.812957,46.3299014],[25.8132497,46.3297473],[25.8149762,46.3284111],[25.8152323,46.3281207],[25.8154408,46.3277999],[25.8156273,46.327224],[25.8157992,46.3270194],[25.8171198,46.3260873],[25.8179073,46.3258551],[25.8197827,46.3255568],[25.8204704,46.3255113],[25.8221641,46.3255947],[25.8226176,46.3255694],[25.8233382,46.3254558],[25.8238787,46.325255],[25.82403,46.3251729],[25.8242478,46.3249543],[25.8247749,46.3243164],[25.8250633,46.3240552],[25.8251917,46.3239132],[25.8252251,46.3237817],[25.8251173,46.3233904],[25.8250254,46.3228401],[25.8253063,46.3223112],[25.825845,46.3218861],[25.8263584,46.3209347],[25.8264174,46.3207351],[25.8265238,46.3198941],[25.8266251,46.3197248],[25.8271996,46.3191238],[25.8272797,46.3189942],[25.8275193,46.3182485],[25.8276687,46.317821],[25.8284293,46.3164922],[25.8287565,46.3161597],[25.8297399,46.3150637],[25.8299518,46.3148707],[25.8303285,46.3144678],[25.8305597,46.3141874],[25.8306427,46.3140088],[25.8308017,46.3134604],[25.831171,46.3130671],[25.8314805,46.3130028],[25.8322959,46.3123995],[25.8325944,46.3122113],[25.8327309,46.3119925],[25.8328127,46.3116994],[25.8328416,46.3111945],[25.832816,46.3110151],[25.832933,46.310861],[25.8331305,46.3108079],[25.8333354,46.3108029],[25.8339299,46.3108257],[25.8346632,46.3108711],[25.8352338,46.3108686],[25.8354972,46.3109267],[25.8356606,46.3110195],[25.8361982,46.3113251],[25.8364887,46.3115133],[25.8372464,46.3117733],[25.8386461,46.3121057],[25.8388686,46.3121586],[25.8394408,46.3120044],[25.8402848,46.3117122],[25.8409901,46.3115635],[25.8421994,46.3113773],[25.8434191,46.3110746],[25.8437022,46.3110592],[25.8445511,46.3111429],[25.8451978,46.3110969],[25.8459067,46.3111492],[25.8461379,46.3111262],[25.8472282,46.3109864],[25.8480115,46.3108192],[25.8488279,46.3106179],[25.8497084,46.3102112],[25.8504494,46.3099674],[25.8507627,46.309856],[25.8529957,46.3091201],[25.8533899,46.3087358],[25.8537469,46.3083081],[25.8543645,46.3079389],[25.855446,46.3069368],[25.8563864,46.3061711],[25.8585771,46.3042727],[25.8591366,46.3038945],[25.8594459,46.3035498],[25.860345,46.3028186],[25.860804,46.3023596],[25.8612612,46.3017818],[25.8617963,46.3000504],[25.8621473,46.2993326],[25.8622862,46.2988745],[25.8628783,46.2973428],[25.8633198,46.2961701],[25.8637551,46.2950232],[25.8637532,46.2945141],[25.8637824,46.2938717],[25.8635882,46.2934105],[25.8635107,46.2931043],[25.8629508,46.290844],[25.8628698,46.2905299],[25.862847,46.2903753],[25.8627281,46.2898986],[25.8624951,46.2890131],[25.8622253,46.2878166],[25.8621009,46.2872384],[25.8615002,46.2839264],[25.8609377,46.2818808],[25.860791,46.2812298],[25.8604275,46.2801774],[25.8599765,46.2792083],[25.8598435,46.279025],[25.8596994,46.278903],[25.8595269,46.2788202],[25.8590936,46.2787638],[25.8586957,46.2787564],[25.8583523,46.2787045],[25.8581004,46.2786294],[25.8578909,46.2784857],[25.8577515,46.2783263],[25.8576979,46.2780519],[25.8576925,46.2775959],[25.8576919,46.27745],[25.8576908,46.2772001],[25.8576032,46.2766027],[25.8575155,46.2760053],[25.8574215,46.2755473],[25.8573351,46.2752927],[25.8573625,46.2749503],[25.8573907,46.2746453],[25.8574725,46.2743478],[25.8577477,46.2737248],[25.8579215,46.2733725],[25.8580953,46.2731574],[25.8583737,46.2727641],[25.8586736,46.2724116],[25.8591003,46.2719475],[25.8595164,46.2714949],[25.8602091,46.2706153],[25.8605748,46.2703145],[25.8607636,46.2699551],[25.8615701,46.2690498],[25.8617699,46.2686242],[25.8622024,46.2672465],[25.8637699,46.263016],[25.8639361,46.2626641],[25.8642364,46.2622307],[25.8646654,46.2619088],[25.8651694,46.2616165],[25.8660875,46.2612771],[25.8664286,46.2611408],[25.8668179,46.2609673],[25.8671226,46.2607708],[25.8673147,46.2605966],[25.8675231,46.2603756],[25.8676563,46.2601323],[25.8678282,46.2596955],[25.8679633,46.2593137],[25.8686051,46.2576667],[25.8719854,46.2497419],[25.8724003,46.2487642],[25.8727617,46.2481962],[25.8730529,46.2478853],[25.8733689,46.2476003],[25.8741195,46.2471247],[25.8776582,46.244849],[25.8810782,46.242634],[25.8825716,46.2416441],[25.8831859,46.2410748],[25.8835133,46.2403204],[25.8836835,46.2396959],[25.8836176,46.2385518],[25.8835284,46.236097],[25.8834205,46.2331265],[25.8832891,46.2315349],[25.8833078,46.2306345],[25.8833054,46.2301471],[25.8833147,46.2297521],[25.8836565,46.2290873],[25.8845297,46.2280823],[25.8862337,46.2261946],[25.8885923,46.2234834],[25.8908824,46.2209745],[25.8910043,46.220841],[25.892027,46.2195711],[25.8926929,46.2188672],[25.8927488,46.2188096],[25.8930437,46.2184377],[25.8933654,46.2178026],[25.8937021,46.2134427],[25.8937389,46.2126789],[25.893801,46.2119799],[25.8939367,46.2113974],[25.8939746,46.2109099],[25.8939742,46.2104799],[25.8939549,46.2100829],[25.8936754,46.2096387],[25.8932997,46.2092966],[25.8927516,46.2089791],[25.8922686,46.2087058],[25.8917254,46.2083214],[25.891445,46.2080904],[25.8912705,46.2076323],[25.891266,46.2073625],[25.8912685,46.2071421],[25.8912117,46.2068603],[25.890674,46.2064563],[25.890398,46.2057573],[25.8901354,46.2055218],[25.8899957,46.2053423],[25.889794,46.204745],[25.8897056,46.2044755],[25.8896623,46.2043134],[25.8896262,46.2041384],[25.8896303,46.2039264],[25.8897592,46.2036445],[25.8901099,46.2033063],[25.8905475,46.2030126],[25.8912617,46.2021247],[25.8916169,46.2016767],[25.8924093,46.2006556],[25.8930706,46.1997065],[25.8940129,46.1987894],[25.8957125,46.1972323],[25.8960238,46.1969257],[25.8964788,46.1965921],[25.8972938,46.1961562],[25.8978531,46.1957417],[25.8982623,46.1953696],[25.898419,46.1951214],[25.8984231,46.1951091],[25.8984972,46.194918],[25.8984228,46.1944744],[25.8984113,46.1943897],[25.8982863,46.1936982],[25.8982391,46.1931205],[25.8982855,46.1925643],[25.8982441,46.1914434],[25.8981168,46.1909253],[25.898043,46.1906369],[25.8979298,46.1903438],[25.8977409,46.1900537],[25.8975121,46.1898334],[25.897247,46.1895522],[25.8969962,46.1890688],[25.8969231,46.1886989],[25.8967807,46.1884107],[25.8963946,46.1882064],[25.8960534,46.1881355],[25.8954735,46.1878674],[25.8939025,46.1873483],[25.8923302,46.1869357],[25.8914479,46.1865245],[25.8911991,46.1864744],[25.8905462,46.186313],[25.8896911,46.1863021],[25.8890433,46.1864354],[25.8889222,46.1864603],[25.8886642,46.1866639],[25.8884477,46.1868501],[25.8881489,46.18713],[25.8875918,46.1873298],[25.8865496,46.1874856],[25.8863291,46.1874822],[25.8861244,46.1874791],[25.8856047,46.187366],[25.8851493,46.1871194],[25.8847325,46.1867292],[25.8843335,46.1863889],[25.8841967,46.186005],[25.8842864,46.1856325],[25.8843126,46.1853672],[25.8844653,46.1851508],[25.8850311,46.1844743],[25.8850444,46.183939],[25.8850876,46.1835841],[25.88506,46.1834003],[25.8847513,46.1831496],[25.8844489,46.1830213],[25.884166,46.1828122],[25.8841675,46.1826529],[25.8841968,46.182503],[25.8843598,46.1821811],[25.8851082,46.1814346],[25.8852241,46.1807583],[25.8853018,46.1804308],[25.885611,46.1798835],[25.8855565,46.1793961],[25.8855757,46.1791284],[25.8857656,46.1790146],[25.886346,46.1787464],[25.8865263,46.1785969],[25.8866176,46.1784473],[25.8865596,46.1778506],[25.8866887,46.1771001],[25.8866633,46.1769648],[25.8865079,46.1768417],[25.8862561,46.1767474],[25.8856621,46.1767184],[25.885169,46.1765728],[25.8846841,46.1763041],[25.8844199,46.1760644],[25.8840556,46.1758457],[25.8835879,46.1755571],[25.8833969,46.1753395],[25.8833086,46.1750292],[25.8832249,46.174156],[25.8832178,46.1739413],[25.8830714,46.1737267],[25.8828755,46.1735042],[25.8825449,46.1733428],[25.8821586,46.1731855],[25.8817981,46.1730964],[25.8816288,46.1730011],[25.8815239,46.172896],[25.8813495,46.1726082],[25.8812576,46.172115],[25.881034,46.171774],[25.8806494,46.1715901],[25.8802578,46.1714224],[25.8797731,46.1710941],[25.8795722,46.1708559],[25.8794353,46.1706715],[25.8793453,46.1705853],[25.8792263,46.1705377],[25.8789184,46.1704778],[25.8783716,46.1703276],[25.8780261,46.1702472],[25.8773841,46.1700533],[25.8771471,46.1699717],[25.8767642,46.1697906],[25.8764692,46.169508],[25.876271,46.1691818],[25.8761558,46.1689469],[25.8760611,46.1686892],[25.8760849,46.1684378],[25.8761662,46.1682062],[25.8764068,46.167983],[25.8765014,46.1678359],[25.8765366,46.1677811],[25.876553,46.1677194],[25.8765447,46.1675301],[25.8763894,46.16706],[25.8761585,46.1663924],[25.8759635,46.1659103],[25.8753843,46.1654893],[25.8751654,46.1654098],[25.874957,46.1650723],[25.874743,46.1649731],[25.8740533,46.1648166],[25.8737539,46.1647486],[25.8735423,46.1646636],[25.8733554,46.1645445],[25.8731188,46.1642043],[25.8729956,46.1640668],[25.872899,46.1638678],[25.8728266,46.1636228],[25.8727809,46.1633547],[25.8729351,46.1627168],[25.87303,46.1625495],[25.8735184,46.1616792],[25.8737556,46.161046],[25.8739968,46.1604021],[25.8739702,46.160247],[25.8737709,46.1600496],[25.8734368,46.1597514],[25.8728275,46.1595098],[25.8722995,46.1593051],[25.8714326,46.1589674],[25.8713738,46.1589431],[25.870272,46.158488],[25.8698658,46.1581314],[25.8696331,46.1579248],[25.8693761,46.1578186],[25.8692531,46.1577756],[25.867087,46.1570175],[25.8664093,46.1566668],[25.8651185,46.1563141],[25.8638754,46.1556639],[25.8630402,46.1552304],[25.862474,46.1550153],[25.8621071,46.1547019],[25.8617144,46.1540778],[25.8611283,46.1538234],[25.8610605,46.153794],[25.8605771,46.1534401],[25.860328,46.1531253],[25.8602894,46.1528432],[25.86035,46.1524248],[25.8603097,46.1518862],[25.8601844,46.1515268],[25.8600866,46.1513781],[25.8598758,46.1511963],[25.8591574,46.1508349],[25.8586157,46.150235],[25.8583222,46.1498754],[25.8578225,46.1490125],[25.8574404,46.1487067],[25.8572335,46.1486099],[25.8565507,46.1484493],[25.8557942,46.1482044],[25.8552127,46.1479195],[25.8545606,46.1475412],[25.8544274,46.1473249],[25.8543959,46.1471855],[25.8544044,46.1470369],[25.8544503,46.1468644],[25.8546974,46.1465416],[25.8557191,46.145528],[25.8557703,46.1454701],[25.8560541,46.145019],[25.8561308,46.1448877],[25.8561867,46.1448082],[25.8562061,46.1445839],[25.8560744,46.1442422],[25.8558755,46.1439258],[25.8553937,46.1435598],[25.8546485,46.1430855],[25.8539732,46.1424917],[25.8536756,46.1421822],[25.85338,46.1416076],[25.8532119,46.141457],[25.8525953,46.1410226],[25.8524166,46.1408898],[25.8522547,46.1407414],[25.8522351,46.1406415],[25.8522279,46.1406048],[25.8522121,46.1404565],[25.8522806,46.1402876],[25.8524246,46.1401363],[25.8526446,46.1399791],[25.8531703,46.1397617],[25.8533822,46.1396427],[25.8534924,46.13951],[25.8535136,46.1390896],[25.8536719,46.1387804],[25.8537979,46.1383102],[25.8537522,46.1380447],[25.8536573,46.1377978],[25.8534675,46.1373666],[25.8534256,46.1372681],[25.8534115,46.1371429],[25.853417,46.1365476],[25.853519,46.1357918],[25.8534936,46.1355286],[25.8535971,46.1352029],[25.8537579,46.1349292],[25.8540669,46.1344998],[25.8543887,46.1342842],[25.8550773,46.1336766],[25.8553429,46.1334182],[25.8556725,46.1330081],[25.8557574,46.132754],[25.8557841,46.1325397],[25.8558339,46.1321784],[25.8558703,46.1318705],[25.8559169,46.1314963],[25.8556719,46.1313787],[25.8553253,46.1305391],[25.8552785,46.1304436],[25.8550157,46.1299878],[25.8548526,46.1297283],[25.8546359,46.1293812],[25.8544723,46.1291784],[25.8544283,46.1290273],[25.8543521,46.1287653],[25.854481,46.1280158],[25.8543124,46.1274291],[25.8542485,46.127154],[25.8541571,46.1265093],[25.8541715,46.1263174],[25.8545613,46.1257805],[25.8548386,46.1253328],[25.854891,46.1252482],[25.8548226,46.1250912],[25.8547705,46.1250019],[25.8544398,46.1247894],[25.8540064,46.1241617],[25.8539035,46.1239459],[25.8539588,46.123791]],[[25.8539588,46.123791],[25.8538543,46.1236879]],[[24.2917203,45.6469967],[24.2901884,45.6450316],[24.2874265,45.6418523],[24.2852466,45.6396369],[24.2810209,45.6349835],[24.2777742,45.6325828],[24.276894,45.6322598],[24.2759623,45.6320569],[24.2682585,45.6313204],[24.2670937,45.631165],[24.2658087,45.6309255],[24.2654101,45.6308003],[24.2648742,45.630567],[24.2642914,45.6301867],[24.2639757,45.6298068],[24.2637287,45.6294869],[24.2633539,45.628831],[24.2629162,45.6278019],[24.2627417,45.6269043],[24.2628081,45.6263645],[24.2630177,45.6259384],[24.2633262,45.6254768],[24.2639009,45.6248831],[24.2675961,45.6203107],[24.267909,45.6194353],[24.2677989,45.6184554],[24.267077,45.6170223],[24.2665297,45.6166527],[24.2655657,45.616392],[24.2632575,45.6152133],[24.2621646,45.6146697],[24.2612618,45.6138986],[24.2605078,45.6129025],[24.2602909,45.612544],[24.2602671,45.6120791],[24.260595,45.6108433],[24.2607842,45.6085942],[24.2623096,45.6052425],[24.2625188,45.604553],[24.2629537,45.6026283],[24.2629462,45.6019235],[24.2628904,45.6018432],[24.2622167,45.6008238],[24.2620441,45.5999182],[24.262229,45.5992688],[24.2630382,45.5979306],[24.2632037,45.5973542],[24.2631993,45.5967777],[24.2629683,45.5960784],[24.2626145,45.5954188],[24.2619154,45.5950063],[24.2616127,45.5948908],[24.261404,45.5948112],[24.2612285,45.594655],[24.2610783,45.5943605],[24.2610263,45.5932299],[24.2608849,45.5919551]],[[24.2608849,45.5919551],[24.2604148,45.5891307],[24.2603333,45.5889174],[24.2598036,45.5874457],[24.25935,45.5869117],[24.2580351,45.5863523],[24.257355,45.5857941],[24.253849,45.583033],[24.2536492,45.5826316],[24.2535156,45.5822235],[24.2534047,45.580937],[24.2516182,45.5783985],[24.2514156,45.5777508],[24.2513323,45.5770834],[24.2514915,45.5764394],[24.2522218,45.5753712],[24.2525768,45.5743423],[24.2527053,45.5732994],[24.2525431,45.5717519],[24.2522764,45.5710078],[24.2518888,45.5704447],[24.2518414,45.5703758],[24.2512833,45.5692201],[24.2510962,45.5679397],[24.2511048,45.5673279],[24.2513591,45.5665126],[24.2520099,45.5654773],[24.2532643,45.5639002],[24.2539166,45.5632739],[24.2553585,45.5622248],[24.2559743,45.5618718],[24.2566389,45.5616425],[24.2573315,45.5615113],[24.2583007,45.5614875],[24.2593485,45.5617065],[24.260721,45.5621882],[24.2616373,45.5622987],[24.2626285,45.5622479],[24.2646307,45.5618673],[24.2652833,45.5616686],[24.2656606,45.5614048],[24.2662936,45.5602743],[24.2674953,45.5589409],[24.2676454,45.5584924],[24.2676539,45.5579909],[24.2673504,45.5572131],[24.2672738,45.5570539],[24.267191,45.5569293],[24.2670378,45.5567749],[24.2668484,45.5566172],[24.2666713,45.5565156],[24.2664942,45.5564441],[24.2663553,45.5563491],[24.2661548,45.5561678],[24.2658278,45.5558353],[24.2654806,45.5550629],[24.2651889,45.5541462],[24.2650746,45.5528343],[24.2655053,45.5509504],[24.2659145,45.5505731],[24.2663258,45.5504441],[24.2670054,45.5503468],[24.2691493,45.5500397],[24.2696049,45.5498113],[24.2700483,45.5495446],[24.2703404,45.5491391],[24.2707882,45.5486439],[24.2716904,45.5479406],[24.2718489,45.5477493],[24.2718799,45.5475777],[24.2718995,45.5473636],[24.2718673,45.5471691],[24.2718374,45.5470512],[24.2718281,45.5470143],[24.2716718,45.546784],[24.2709517,45.545992],[24.2705115,45.5455828],[24.2701698,45.5452902],[24.2698317,45.5449812],[24.2691495,45.5443138],[24.2688369,45.5440779],[24.2684337,45.5438479],[24.2681707,45.5436941],[24.2679324,45.5434971],[24.2677942,45.5432068],[24.2677547,45.5429682],[24.2677741,45.5427242],[24.2679649,45.5423104],[24.2681461,45.5419173],[24.2683853,45.5414679],[24.2687084,45.5410382],[24.2689777,45.5407781],[24.2699237,45.5398641],[24.2714077,45.5384305],[24.2727405,45.5362683],[24.2729897,45.5352284],[24.2729037,45.5348575],[24.2728636,45.5346848],[24.2724724,45.5340807],[24.2720555,45.5332116],[24.2717973,45.532292],[24.2717863,45.5317225],[24.2717525,45.5299692],[24.271751,45.529893],[24.2717234,45.5291865],[24.2718694,45.5287597],[24.2726471,45.5274805],[24.2731081,45.5264579],[24.2734324,45.5257385],[24.2738943,45.5247139],[24.2740406,45.5237719],[24.2744065,45.522771],[24.2745424,45.5226224],[24.2753253,45.521766],[24.2764919,45.5205966],[24.2774427,45.5199369],[24.2775202,45.5198977],[24.277975,45.519668],[24.278242,45.519571],[24.2783477,45.5195536],[24.2800259,45.519278],[24.2811924,45.5188285],[24.2817374,45.5184294],[24.2832106,45.5173508],[24.2835087,45.5166965],[24.2835414,45.5165097],[24.2836033,45.5161566],[24.2835548,45.5156831],[24.2834952,45.5151005],[24.2840494,45.5140017],[24.2846644,45.5132345],[24.2852511,45.5125188],[24.285893,45.5117358],[24.2863699,45.5107691],[24.2865061,45.5095159],[24.2859992,45.5090693],[24.2855465,45.5086703],[24.2845917,45.5079635],[24.2843234,45.5072116],[24.284914,45.505674],[24.2853861,45.5049922],[24.2855694,45.5047544],[24.2860845,45.5039464],[24.2866738,45.5032432],[24.2885881,45.5021286],[24.2901763,45.5012383],[24.2920242,45.5010055],[24.2926445,45.5010996],[24.2943063,45.5013517],[24.2973208,45.5017575],[24.2980157,45.5017413],[24.3007618,45.501626],[24.3019788,45.5012383],[24.3029155,45.5005041],[24.3035797,45.4989344],[24.3044227,45.4977347],[24.3048559,45.4969168],[24.3049507,45.4967379],[24.3053373,45.4948743],[24.3053413,45.4944702],[24.3051992,45.4931795],[24.3047939,45.4923691],[24.3036161,45.4900139],[24.3017149,45.4875582],[24.2994785,45.4858129],[24.2992576,45.4857028],[24.2959553,45.4840572],[24.295299,45.4837886],[24.2941903,45.4833348],[24.2933266,45.4824801],[24.2929082,45.4820661],[24.2928674,45.479951],[24.2928654,45.4798447],[24.292419,45.4789046],[24.2920632,45.4781554],[24.2920127,45.4780491],[24.2920807,45.4771574],[24.294582,45.4743077],[24.2946224,45.473684],[24.2940289,45.471519],[24.2911487,45.4687702],[24.2904641,45.4677961],[24.2885148,45.4650223],[24.288178,45.464543],[24.28821,45.4637778],[24.2882234,45.4634557],[24.2888913,45.4622552],[24.2909153,45.4574549],[24.291911,45.4565247],[24.2927452,45.4558699],[24.2939241,45.4549445],[24.2960323,45.4536741],[24.2966609,45.4532953],[24.2987182,45.4524733],[24.2989508,45.4523503],[24.3035084,45.4498665],[24.3052995,45.4488423],[24.3067124,45.4480343],[24.3069637,45.4473826],[24.3071703,45.446847],[24.3072849,45.4452901],[24.3071655,45.4436425],[24.3063742,45.4417406],[24.3051302,45.4394433],[24.3021352,45.4385553],[24.3011114,45.4378144],[24.2996985,45.436792],[24.2992548,45.4363134],[24.298349,45.4353365],[24.2985051,45.433585],[24.2985923,45.4326061],[24.2975597,45.4292831],[24.297243,45.4282639],[24.2966007,45.4263045],[24.2959573,45.4243418],[24.2951572,45.4232179],[24.2937962,45.421306],[24.2931157,45.4186123],[24.2954403,45.4161371],[24.2967658,45.4140434]],[[24.305829,45.3929895],[24.3058369,45.3925435]],[[24.2967658,45.4140434],[24.2995518,45.4088052],[24.3026515,45.4050838],[24.303694,45.4019351],[24.3053584,45.3969075],[24.3057218,45.3938823],[24.305829,45.3929895]],[[24.8591235,45.8318606],[24.8478211,45.8263598],[24.8430217,45.8241418],[24.842272,45.8239395],[24.8413888,45.8237212],[24.8321369,45.8232671],[24.8237879,45.8204785],[24.8229032,45.8200643],[24.8225961,45.8198829],[24.8222276,45.8195786],[24.822,45.8193208],[24.8217355,45.8189515],[24.8210425,45.8174015],[24.8199767,45.8163517],[24.8198358,45.8162283],[24.8187102,45.8159394],[24.8159863,45.8165665],[24.8123487,45.8179574],[24.810142,45.8179105],[24.8077145,45.8176318],[24.8030199,45.8180097],[24.8016553,45.8181493],[24.8008905,45.818358],[24.7989924,45.8189334],[24.7966861,45.8194339],[24.7936068,45.8187826],[24.7924445,45.8188243],[24.7916222,45.8189187],[24.7891472,45.8194146],[24.7878905,45.8195353],[24.7869886,45.8195146],[24.7860705,45.8194343],[24.7852374,45.8192685],[24.7672998,45.813101],[24.7570298,45.8092727],[24.7528853,45.8079],[24.7499447,45.80715],[24.7481395,45.8068512],[24.7431369,45.8060353],[24.735272,45.8048394],[24.7331369,45.804711],[24.7228711,45.8052814],[24.7206307,45.8050921],[24.7172693,45.8043509],[24.7109646,45.8022516],[24.7052936,45.7995986],[24.699622,45.7973423],[24.6970177,45.796521],[24.6945315,45.7961455],[24.6924358,45.7958357],[24.6891284,45.795682],[24.6856481,45.7960927],[24.6822149,45.7977683],[24.6806066,45.7989706],[24.6804472,45.8017943],[24.6794675,45.8033243],[24.6770061,45.8036623],[24.6744579,45.80269],[24.673031,45.8009473],[24.6695969,45.8006492],[24.6612722,45.8012389],[24.655129,45.7998445],[24.6377546,45.7933399],[24.6209318,45.7890309],[24.618902,45.7892142],[24.5933441,45.7915224],[24.5821629,45.7918868],[24.5776741,45.792208],[24.5759432,45.7926163],[24.5747243,45.793076],[24.5724726,45.7942508],[24.5699573,45.7948739],[24.5671364,45.7958644],[24.5651977,45.7969888],[24.5644925,45.7974512],[24.563817,45.7976937],[24.5633227,45.7976795],[24.5616812,45.7973589],[24.5598774,45.7964832],[24.5592382,45.7963331],[24.5579258,45.7961421],[24.5561685,45.7959756],[24.554821,45.7957682],[24.5538718,45.7954598],[24.5522493,45.7947228],[24.5506867,45.7935812],[24.5488382,45.7921093],[24.548102,45.7916579],[24.5463466,45.7910507],[24.5446937,45.7905967],[24.5418056,45.7900976],[24.5393074,45.7894816],[24.5360679,45.7884285],[24.5333845,45.7873551],[24.5322624,45.7867678],[24.5309899,45.7859534],[24.529093,45.784123],[24.5268653,45.7802345],[24.5258383,45.7795287],[24.5236112,45.7787516],[24.5127464,45.7757477],[24.507056,45.7742864],[24.5037469,45.7734366],[24.5015326,45.7727428],[24.4989995,45.7715386],[24.497984,45.7710269],[24.4973946,45.7708124],[24.4968484,45.7707927],[24.4949739,45.7710002],[24.4928924,45.7710766],[24.4911878,45.7712937],[24.4896573,45.771654],[24.4881471,45.7721725],[24.4872076,45.7725099],[24.4852148,45.7732268],[24.4818711,45.7747934],[24.4800036,45.7750813],[24.4778675,45.7751817],[24.4767188,45.7748882],[24.4754058,45.7746443],[24.47459,45.7747318],[24.4738229,45.7742467],[24.4698131,45.7731443],[24.4629461,45.7707225],[24.4586748,45.7707578],[24.4579006,45.7706319],[24.4571264,45.7702564],[24.4555943,45.7690632],[24.4539286,45.7684802],[24.4518924,45.7682867],[24.4506195,45.7684566],[24.4495448,45.7687449],[24.4481716,45.7689125],[24.4411781,45.7695508],[24.4378752,45.7696802],[24.4360331,45.7693104],[24.4342371,45.7685708],[24.4330055,45.7676603],[24.4313318,45.765295],[24.4255812,45.7558642],[24.3904263,45.743181],[24.3867201,45.742112],[24.3842628,45.7414032],[24.3811725,45.7405313],[24.3783728,45.739432],[24.3769079,45.738419],[24.3757235,45.737527],[24.3737518,45.735881],[24.3720525,45.7347106],[24.3715486,45.7345552],[24.3712248,45.7344762],[24.3707531,45.7343971],[24.3701056,45.7343594],[24.3687612,45.7343012],[24.3656713,45.7346607],[24.3635524,45.735578],[24.362957,45.7364965],[24.3617508,45.7385589],[24.3602376,45.7390129],[24.3578252,45.7383728],[24.3552998,45.7367301],[24.3528597,45.7350285],[24.3520218,45.7342826],[24.349194,45.7325737],[24.3459219,45.7317955],[24.3437975,45.7310927],[24.3426123,45.7303554],[24.3416935,45.7293478],[24.3413568,45.7288288],[24.341186,45.72832],[24.3411448,45.7265715],[24.3411757,45.7261229],[24.341223,45.7253963],[24.3412983,45.7248069],[24.3415204,45.7235777],[24.3418829,45.7221133],[24.3419223,45.7217419],[24.3418762,45.721263],[24.3417701,45.720817],[24.3416363,45.7204238],[24.3412862,45.7197466],[24.3404959,45.7182144],[24.3399789,45.7170146],[24.3395742,45.7158736],[24.338823,45.7132567],[24.3382539,45.7110402],[24.3373741,45.7092531],[24.3364101,45.7078974],[24.3350044,45.7078735],[24.3339132,45.7079058],[24.3333423,45.7078823],[24.332707,45.707739],[24.3320711,45.7074931],[24.3317142,45.7071872],[24.3313859,45.7067931],[24.3312293,45.706369],[24.3311858,45.7058208],[24.3312926,45.7053625],[24.3319117,45.703954],[24.3322798,45.7033215],[24.3326908,45.7027939],[24.3332298,45.7023197],[24.3337371,45.701498],[24.3341061,45.6997809],[24.3340572,45.6990226],[24.3339439,45.6982644],[24.3329013,45.6953064],[24.3306358,45.6929579],[24.3282909,45.6914935],[24.3252179,45.6906644],[24.3239825,45.690318],[24.3227827,45.6897232],[24.3214724,45.6889051],[24.3208081,45.6880129],[24.3195311,45.6861942],[24.3189348,45.6842359],[24.3189024,45.6839939],[24.3187455,45.6815704],[24.3184698,45.6808486],[24.3184332,45.680363],[24.3183634,45.6794381],[24.3181296,45.6779233],[24.3174368,45.6748487],[24.3167371,45.6731401],[24.316409,45.6720656],[24.3161854,45.6706259],[24.3158504,45.6698412],[24.3153824,45.6690564],[24.3147968,45.6684137],[24.3142191,45.6678026],[24.3134287,45.6670471],[24.3121309,45.6657276],[24.3054168,45.6603502],[24.3042748,45.6597745],[24.3020674,45.6583754],[24.3007086,45.6573561],[24.299829,45.6567813],[24.2990292,45.6553471],[24.2981628,45.6541939],[24.2968097,45.6525998],[24.2962235,45.6519529],[24.2939943,45.6494674],[24.2929612,45.6483239],[24.2921115,45.6474696],[24.2917203,45.6469967]],[[24.8600547,45.832338],[24.8591235,45.8318606]],[[24.3767995,45.1204471],[24.3770687,45.120325],[24.3780725,45.1195823],[24.3840542,45.113945],[24.3847519,45.112931],[24.3849684,45.1126164],[24.3852893,45.1120038],[24.3855286,45.1112356],[24.3855956,45.1104042],[24.3854326,45.1097027],[24.3851088,45.1090248],[24.3845744,45.1084421],[24.3818884,45.1065574],[24.3813229,45.1060069],[24.3809892,45.1055109],[24.380273,45.1039592],[24.3797269,45.1025352],[24.3794367,45.1011493],[24.3793408,45.100035],[24.3793712,45.0988909],[24.3800143,45.0964838],[24.3820779,45.087909],[24.382051,45.0866039],[24.3817006,45.0854282],[24.3799391,45.0827332],[24.3781736,45.0812568],[24.3625436,45.0719483],[24.3609339,45.0709234],[24.3563636,45.069691],[24.3549618,45.0690909],[24.3537806,45.0683717],[24.3377379,45.0541703],[24.3350623,45.0533574],[24.3324209,45.0517859],[24.3316506,45.0500107],[24.331404,45.0494503],[24.3309409,45.0488797],[24.3305093,45.048559],[24.3257331,45.0465351],[24.3201355,45.0438948],[24.3177115,45.0422461],[24.3160091,45.0410882],[24.3118538,45.0370574],[24.3102527,45.021773],[24.2975309,45.0100946],[24.2966763,45.009191],[24.2942736,45.0078236],[24.2901448,45.0062498],[24.2839559,45.0000867],[24.2829505,44.9971128],[24.2812687,44.9921378],[24.2822712,44.984081],[24.2781002,44.9755551],[24.2768173,44.9702108],[24.2757823,44.965899],[24.2743109,44.9552424],[24.2623764,44.9446191],[24.2549488,44.9380066],[24.2470182,44.9171354],[24.2470386,44.9165139],[24.2471471,44.915028],[24.247181,44.9145197],[24.2472507,44.9134739],[24.2478757,44.9040884],[24.2560445,44.8863752],[24.2562379,44.8859558],[24.2435918,44.858435],[24.246703,44.8554601],[24.2470007,44.8552044],[24.2477566,44.8545753],[24.2650111,44.8417153],[24.2664461,44.834157],[24.2727517,44.8297536],[24.2733518,44.7737126],[24.2734679,44.7734067],[24.2735952,44.7730951],[24.2740726,44.7719628],[24.2753451,44.7698101],[24.2773913,44.7663482],[24.2805529,44.7609991],[24.2783517,44.7061854],[24.2944997,44.6820875],[24.2973622,44.6787016],[24.3019773,44.6644589],[24.3021769,44.6597923],[24.2975546,44.6563418],[24.2958146,44.6518983],[24.2958118,44.6457474],[24.3077267,44.6332931],[24.3194176,44.6210704],[24.31977,44.6148138],[24.3228069,44.542234],[24.3228939,44.5365007],[24.3228409,44.5361711],[24.3228147,44.536011],[24.3227643,44.5357027],[24.3202437,44.5145351],[24.315202,44.5092983],[24.3103417,44.5040971],[24.3113228,44.4496535],[24.3132003,44.4478111],[24.3133129,44.4476977],[24.3135568,44.4474518],[24.3192356,44.4428455],[24.3275476,44.4362821],[24.3293819,44.4346145],[24.3467467,44.4164847],[24.3463614,44.3940487],[24.3464519,44.393797],[24.3465272,44.3935874],[24.3466744,44.3932055]],[[24.3466744,44.3932055],[24.3527145,44.371355],[24.3638133,44.3559798],[24.3727552,44.3500801],[24.3787014,44.3023332],[24.3807627,44.2857724],[24.4032946,44.2646526],[24.4036729,44.2644079],[24.4037871,44.2643158],[24.4043015,44.263901],[24.4056,44.2628646],[24.4075441,44.2606327],[24.4130664,44.2567588],[24.4317363,44.2331936],[24.4325002,44.2234304],[24.4375001,44.2151461],[24.4650261,44.191787],[24.4824126,44.1648821],[24.4827742,44.1640578],[24.4828615,44.1638635],[24.4831824,44.1631492],[24.4851796,44.1586335],[24.4854089,44.1564541],[24.4847998,44.1552578],[24.483471,44.1541648],[24.4812721,44.1536818],[24.4767108,44.1537839],[24.4751194,44.1533461],[24.4738667,44.1527013],[24.4733596,44.1519448],[24.473164,44.1508028],[24.4736082,44.149592],[24.4747664,44.1483964],[24.4758927,44.1477976],[24.4792252,44.1467548],[24.4813594,44.1456039],[24.4828633,44.1443378],[24.4839293,44.1422903],[24.4851391,44.1406156],[24.4861629,44.1391983],[24.4883261,44.1378275],[24.4906574,44.1367279],[24.4921473,44.1360152],[24.4937884,44.1348144],[24.4969642,44.1304195],[24.4999918,44.1271814],[24.5035952,44.1239661],[24.5041897,44.1233487],[24.5048642,44.1225246],[24.5051344,44.1211953],[24.5054047,44.1199004],[24.5057852,44.1188031],[24.5064473,44.1180966],[24.5074933,44.1172753],[24.5124395,44.1138064],[24.5200687,44.1060736],[24.5249006,44.1024579],[24.533861,44.093303],[24.5409347,44.0837776],[24.5440412,44.079594],[24.5483017,44.0771871],[24.553224,44.0764145],[24.5603,44.0688652],[24.573998,44.0436278],[24.5747041,44.0422761],[24.5747776,44.0421164],[24.5749025,44.0418451],[24.5750725,44.0414787],[24.585625,44.0170887],[24.5899567,43.9948401],[24.5851282,43.986302],[24.5942741,43.9754962],[24.5983066,43.9593647],[24.6196938,43.9457253],[24.6265178,43.9168308],[24.6265096,43.9165741],[24.6264711,43.9153731],[24.627094,43.9101801],[24.6275931,43.9072788],[24.626997,43.9034977],[24.6268515,43.8995311],[24.6288911,43.8946441],[24.6299133,43.8922136],[24.6318367,43.889814],[24.6406304,43.8840499],[24.6422663,43.8820347],[24.6427649,43.8797102],[24.6429475,43.8743223],[24.6436406,43.8689664],[24.6441039,43.8661264],[24.6455865,43.8633068],[24.6491152,43.861327],[24.653073,43.8595019],[24.6613749,43.8557279],[24.6629024,43.8545306],[24.6634715,43.8524062],[24.6639512,43.8370338],[24.6651923,43.8328347],[24.6660941,43.8316356],[24.6675967,43.8302817],[24.6695184,43.8289652],[24.6716547,43.8276487],[24.6759272,43.8258207],[24.683784,43.8206642],[24.6908683,43.8152909],[24.6946582,43.8127699],[24.6964015,43.8119656],[24.6968125,43.8118535],[24.6971686,43.8117519],[24.6988347,43.8114838],[24.7002337,43.8113915],[24.7016943,43.811129],[24.7081879,43.8097926],[24.7151368,43.8088083],[24.7177948,43.808036],[24.723001,43.8055881],[24.7236478,43.8048373],[24.7262435,43.8022251],[24.7306817,43.795291],[24.7321582,43.7936294],[24.7325086,43.7915557],[24.7326814,43.7905326],[24.7341114,43.788854],[24.7351927,43.787914],[24.741689,43.7859497],[24.7434267,43.7858912],[24.7448585,43.7862183],[24.749669,43.7878325],[24.7517466,43.788368],[24.7526047,43.7884334],[24.7535491,43.7882286],[24.7546907,43.7878007],[24.7555156,43.7871026],[24.7557864,43.7862491],[24.7558269,43.785458],[24.7556506,43.7843497],[24.7552871,43.7835428],[24.7548517,43.7819303],[24.7548043,43.7808006],[24.7549009,43.7798787],[24.7551447,43.7787551],[24.7569719,43.7758646],[24.7572445,43.774489],[24.7574596,43.7719701],[24.7578958,43.7710127],[24.7586775,43.7701177],[24.7607429,43.768999],[24.7624563,43.7682834],[24.7643712,43.7678797],[24.7656366,43.7678105],[24.7673051,43.7680115],[24.7697975,43.7685313],[24.7707147,43.76868],[24.7716319,43.7686623],[24.7725664,43.7684824],[24.7737887,43.7681154],[24.7745931,43.7678485],[24.7752535,43.7671658],[24.775629,43.7665382],[24.775771,43.7656753],[24.7752897,43.7648412],[24.7744918,43.7640278],[24.7736037,43.7627517],[24.7731782,43.7620293],[24.7732166,43.761356],[24.7734853,43.7605995],[24.774127,43.7598126],[24.774698,43.7594145],[24.775414,43.7591328],[24.7765574,43.7589268],[24.7779023,43.7589704],[24.7791297,43.7588776],[24.7801988,43.758525],[24.7815901,43.7576776],[24.7822333,43.7570481],[24.7825599,43.7564185],[24.7825934,43.7554033],[24.7821951,43.7543881],[24.7785687,43.7512727],[24.7777104,43.7497847],[24.777317,43.7490048],[24.7769956,43.7480169],[24.7768619,43.747371],[24.7768722,43.746725],[24.7771374,43.7460303],[24.7776047,43.7456257],[24.7781943,43.7452212],[24.7788269,43.7448629],[24.7798308,43.7443352],[24.7804472,43.7439235],[24.7822796,43.7429441],[24.7833889,43.7426931],[24.7845237,43.7426618],[24.7855415,43.7427645],[24.7865593,43.7429648],[24.7911847,43.7443291],[24.7924599,43.7446314],[24.793295,43.7447722],[24.7943232,43.7447503],[24.7953044,43.7445563],[24.7968397,43.7440581],[24.7982735,43.74334],[24.7993872,43.7425417],[24.8004343,43.7413609],[24.8008559,43.7406442],[24.8014216,43.7398742],[24.8016998,43.7387867],[24.8017161,43.7379434],[24.8014618,43.7370757],[24.8008999,43.7357535],[24.800152,43.7348222],[24.7985542,43.733621],[24.7928234,43.7300525],[24.7912659,43.7286152],[24.7908608,43.7269228],[24.7906797,43.7243554],[24.7906106,43.7229477],[24.7912711,43.719586],[24.7921272,43.7181154],[24.7933453,43.7152057],[24.793101,43.7135683],[24.7933254,43.7119402],[24.7947498,43.7110328],[24.7974891,43.7104057],[24.8017197,43.7077506]],[[25.8538543,46.1236879],[25.8536255,46.1234552],[25.8533995,46.1234173],[25.8531916,46.123286],[25.8531515,46.1232244],[25.8530095,46.1228873],[25.8531091,46.12265],[25.8534452,46.1221171],[25.8538484,46.1216697],[25.854533,46.1210748],[25.8547855,46.12094],[25.8548497,46.1208568],[25.8549384,46.1207703],[25.8549371,46.1206201],[25.8548935,46.120526],[25.8548792,46.1204953],[25.8546663,46.1202743],[25.8544033,46.1200741],[25.8541399,46.1199237],[25.854019,46.1198571],[25.8539431,46.1197698],[25.8528908,46.118317],[25.8527274,46.1178816],[25.8526575,46.1174485],[25.8525477,46.1164932],[25.8524455,46.1163223],[25.8524034,46.1161803],[25.8524054,46.1160437],[25.8523946,46.115922],[25.8523547,46.1157411],[25.8522838,46.1148159],[25.8519501,46.114101],[25.8519553,46.1137243],[25.8525222,46.1126987],[25.8523616,46.112324],[25.851979,46.1117578],[25.8511069,46.1108819],[25.850982,46.1107304],[25.8505999,46.1103734],[25.8485289,46.1094908],[25.8473678,46.1090143],[25.8467402,46.1086939],[25.8465758,46.108443],[25.8465141,46.1079348],[25.8467414,46.1072101],[25.846879,46.1068507],[25.847079,46.106411],[25.8473587,46.1055548],[25.8473977,46.1054354],[25.8475396,46.1049207],[25.8476631,46.1045783],[25.8478748,46.1042022],[25.8486851,46.1036633],[25.8495327,46.1017287],[25.8496479,46.1013817],[25.8506205,46.099521],[25.8503088,46.0987272],[25.8495951,46.0979744],[25.8494561,46.0978805],[25.8483984,46.0971657],[25.8481969,46.0968906],[25.8479843,46.0959264],[25.8465827,46.0956507],[25.8458496,46.095334],[25.8446979,46.0940951],[25.843686,46.0937175],[25.8433385,46.0932995],[25.8429175,46.0929706],[25.842265,46.0927668],[25.8414181,46.0923152],[25.8408817,46.0918611],[25.8407249,46.0913461],[25.840311,46.0909062],[25.8400136,46.0903217],[25.8400799,46.090115],[25.8402988,46.0899044],[25.8405411,46.0897156],[25.8406977,46.0894019],[25.8402156,46.0870418],[25.8386584,46.0846822],[25.8389824,46.0839366],[25.838909,46.0834213],[25.8388959,46.0833296],[25.8389794,46.0825909],[25.8387284,46.0818256],[25.8383279,46.0810226],[25.8379174,46.0803684],[25.8375572,46.0794037],[25.8373754,46.0785021],[25.8369974,46.0770822],[25.8365309,46.0763091],[25.8355495,46.0755774],[25.8350505,46.0745727],[25.8346981,46.0738633],[25.8340264,46.073465],[25.8330824,46.0731036],[25.8316872,46.0719382],[25.8307674,46.0717535],[25.8306134,46.0716666],[25.8298782,46.0706306],[25.8294267,46.0697974],[25.8293788,46.0693613],[25.8283329,46.0687386],[25.8277441,46.0672372],[25.8276026,46.0668373],[25.8273472,46.0665052],[25.8264073,46.0642501],[25.826238,46.0638523],[25.8263085,46.0634178],[25.8265356,46.0631977],[25.8274782,46.0629437],[25.8275246,46.0628722],[25.8276447,46.0626868],[25.8271225,46.0615578],[25.8267987,46.0601301],[25.8247458,46.0581557],[25.8231492,46.0567373],[25.8223422,46.0557053],[25.8221155,46.0553172],[25.822002,46.0549651],[25.8223573,46.0544176],[25.8224718,46.0540971],[25.8227013,46.0536874],[25.8231496,46.0533151],[25.8236746,46.0532046],[25.8251129,46.0529018],[25.825654,46.0525162],[25.8256886,46.0521638],[25.8257626,46.0514098],[25.8256068,46.0511585],[25.8255673,46.0502887],[25.8257398,46.0496561],[25.8259167,46.0492767],[25.8260732,46.0485072],[25.8266561,46.0479275],[25.8272491,46.0472481],[25.8274971,46.0461087],[25.8276109,46.0455859],[25.8283442,46.0441668],[25.8282419,46.0434852],[25.827709,46.0425823]],[[24.3765575,45.1207144],[24.3767995,45.1204471]],[[24.2889756,45.3053663],[24.2881071,45.3040786],[24.2872813,45.3033329],[24.2866677,45.3027788],[24.2858079,45.3018745],[24.2853736,45.3012756],[24.2850628,45.300606],[24.2851105,45.2999887],[24.2854977,45.2995437],[24.2861521,45.2993205],[24.2870324,45.2993093],[24.2881497,45.2993536],[24.2893893,45.2995255],[24.2899138,45.2994571],[24.2904256,45.299335],[24.2910988,45.2989834],[24.2914051,45.2985738],[24.2915107,45.2979871],[24.2913794,45.2973504],[24.2912748,45.2964657],[24.2913747,45.2958363],[24.2916151,45.2953967],[24.2917599,45.295132],[24.2923504,45.2945444],[24.2947586,45.2932903],[24.2954332,45.2927931],[24.2962491,45.2921917],[24.2977361,45.2908428],[24.2989389,45.2899493],[24.3001228,45.2892559],[24.3012971,45.288568],[24.3019968,45.2880794],[24.303099,45.2873097],[24.3035236,45.2870132],[24.3046684,45.2859251],[24.306097,45.2834225],[24.3072582,45.2808804],[24.3076912,45.2801863],[24.3080413,45.2796251],[24.3094032,45.2778665],[24.3098696,45.2774488],[24.3111662,45.276388],[24.3135214,45.274461],[24.3157093,45.2731096],[24.3169183,45.2723628],[24.317323,45.2719936],[24.3181932,45.2711997],[24.3194123,45.2700268],[24.3203541,45.268943],[24.3210239,45.2681339],[24.3214568,45.2672504],[24.3217153,45.2664698],[24.3218443,45.2657836],[24.3218146,45.2652137],[24.3216236,45.2647052],[24.3209475,45.2638323],[24.3206523,45.263258],[24.3204606,45.2627275],[24.3204202,45.2623281],[24.3205089,45.2619666],[24.3206491,45.2617507],[24.3208958,45.2615425],[24.3211944,45.2614281],[24.3213754,45.2613665],[24.3219901,45.2612373],[24.3252328,45.2609578],[24.3279564,45.260493],[24.3299411,45.2601322],[24.3311846,45.2597733],[24.3322681,45.2593424],[24.3332683,45.2587594],[24.3340393,45.2580987],[24.3349774,45.2569247],[24.3358908,45.2556249],[24.3378808,45.2524726],[24.3382303,45.251919],[24.3385409,45.2512956],[24.3390625,45.2502487],[24.3395313,45.2494191],[24.3399742,45.2487584],[24.3399971,45.2484058],[24.3401111,45.2479738],[24.3402587,45.2475058],[24.3407362,45.2466866],[24.3414384,45.2456174],[24.3426318,45.2442708],[24.3433666,45.2436374],[24.3453509,45.2422041],[24.3456205,45.241895],[24.3458492,45.2413722],[24.3460415,45.24053],[24.3461239,45.2401084],[24.3465015,45.2382581],[24.3465825,45.2372354],[24.3465894,45.2363625],[24.3465918,45.2358862],[24.3465255,45.2354696],[24.3464336,45.2351745],[24.3463255,45.234942],[24.3461173,45.2344906],[24.3459216,45.2342351],[24.345585,45.2339796],[24.345106,45.2337577],[24.3436662,45.2327905],[24.3431261,45.2322856],[24.3427247,45.2317549],[24.3423824,45.2310577],[24.3421994,45.2302982],[24.3421734,45.2296995],[24.3422112,45.2291367],[24.3424106,45.2282865],[24.3429667,45.2266556],[24.3435502,45.2252791],[24.3444281,45.2240121],[24.3446394,45.2238277],[24.3458028,45.2228123],[24.3488337,45.2210146],[24.3511382,45.2197443],[24.3539422,45.2181985],[24.3574159,45.2160568],[24.3600104,45.2144571],[24.3683987,45.210824],[24.3697053,45.2101228],[24.3711709,45.2090597],[24.374031,45.2066711],[24.375299,45.2053882],[24.3761593,45.2043309],[24.376454,45.203847],[24.3769145,45.2033635],[24.3780509,45.2017755],[24.3791569,45.2002298],[24.3808499,45.1978638],[24.3814732,45.1908736],[24.3813402,45.1894273],[24.3813001,45.188991],[24.3803757,45.1871331],[24.3784988,45.1847674],[24.3763712,45.1830642],[24.372188,45.1811928],[24.3693278,45.1799132],[24.3689018,45.1796009],[24.3685824,45.1793189],[24.3683536,45.1789437],[24.3681685,45.1785297],[24.3681336,45.17805],[24.3680993,45.1773305],[24.3678783,45.174061],[24.3679223,45.173524],[24.3679828,45.1733001],[24.3680704,45.1729764],[24.3683713,45.1724944],[24.3695552,45.1711874],[24.3727051,45.1677096],[24.3731161,45.1672558],[24.3740592,45.16528],[24.3740878,45.1644451],[24.3742072,45.1609635],[24.3746385,45.1595942],[24.3791358,45.1526445],[24.3827077,45.1487069],[24.3882214,45.1447465],[24.3905711,45.1425443],[24.3944475,45.1389111],[24.3957839,45.1373298],[24.3961692,45.1362273],[24.3961567,45.1351375],[24.3959378,45.1341003],[24.3951707,45.1330412],[24.3941146,45.1322786],[24.3921956,45.1313168],[24.3784991,45.1260187],[24.3774343,45.125361],[24.3767818,45.1246021],[24.376088,45.1234742],[24.3758436,45.1227071],[24.3757432,45.1222019],[24.3757888,45.1217359],[24.3759463,45.12138],[24.3765575,45.1207144]],[[24.3399742,45.2487584],[24.3404782,45.2486254],[24.3431068,45.2474017],[24.3440952,45.2468835],[24.3445331,45.2465708],[24.3448878,45.2462346],[24.3450766,45.2459724],[24.3452708,45.2456071],[24.3453652,45.245318],[24.3454725,45.2448789],[24.3454135,45.244233],[24.3451619,45.2436043],[24.3451159,45.2431308],[24.3451614,45.2427978],[24.3453509,45.2422041]],[[24.3058369,45.3925435],[24.3060114,45.3913776],[24.3060807,45.3905595],[24.3060386,45.390264],[24.30595,45.3900252],[24.3058094,45.3897795],[24.3056367,45.3895301],[24.3046673,45.3886715],[24.30369,45.3878986],[24.3033483,45.3876722],[24.3026884,45.387235],[24.3016644,45.3866602],[24.3003523,45.3861381],[24.2995612,45.3858051],[24.2985696,45.3852961],[24.2977283,45.384798],[24.2972192,45.3844804],[24.2967871,45.3841582],[24.2961609,45.3834927],[24.2958161,45.3828779],[24.2956054,45.3821238],[24.2955778,45.3820249],[24.2954343,45.380787],[24.2958377,45.3798512],[24.296801,45.3788412],[24.2973286,45.378288],[24.2981984,45.3774579],[24.2983746,45.3773197],[24.2987892,45.376996],[24.2991424,45.3765462],[24.2991878,45.3764581],[24.2993079,45.3762252],[24.2993254,45.3759613],[24.2993366,45.3757913],[24.2990704,45.3752748],[24.2986627,45.3746123],[24.2978981,45.3733707],[24.2975937,45.3724514],[24.297457,45.3716107],[24.2973884,45.3704723],[24.2976956,45.3668423],[24.2977038,45.3666851],[24.2977213,45.3663521],[24.297668,45.3657792],[24.2975705,45.3651909],[24.2972706,45.3639381],[24.2967281,45.3627559],[24.2962975,45.3617602],[24.2961277,45.3609608],[24.2962911,45.3601605],[24.2966522,45.3595637],[24.2975629,45.3588033],[24.2983479,45.3580911],[24.2985048,45.3578803],[24.2993688,45.3565916],[24.2995726,45.3562115],[24.2996641,45.3555755],[24.2995239,45.3549163],[24.2990999,45.3541773],[24.2984384,45.3530241],[24.2981649,45.352678],[24.297781,45.3522543],[24.2961751,45.3511512],[24.2948184,45.3504996],[24.2938076,45.3500333],[24.2928078,45.349784],[24.2913878,45.3495258],[24.2896148,45.3492986],[24.2884499,45.3493645],[24.2858942,45.3498301],[24.2851823,45.3499973],[24.2849336,45.3500557],[24.283879,45.3503034],[24.2808169,45.3510578],[24.2792396,45.3515209],[24.2780152,45.3519917],[24.2735655,45.353814],[24.2725857,45.3541709],[24.2718045,45.3543574],[24.2703861,45.3545818],[24.2693978,45.3546667],[24.268506,45.354698],[24.268099,45.3546287],[24.267856,45.3545874],[24.2672888,45.3543444],[24.266879,45.3541186],[24.2667217,45.354032],[24.2658831,45.3535286],[24.2649948,45.3525738],[24.2644012,45.3512183],[24.2642582,45.3504572],[24.2643739,45.3497913],[24.2645128,45.3496489],[24.2650985,45.3490484],[24.2688808,45.347794],[24.2700344,45.3474114],[24.273296,45.3456017],[24.275363,45.3451116],[24.277339,45.3442225],[24.2790976,45.3427759],[24.2792338,45.3422547],[24.2791954,45.341601],[24.2788819,45.3407465],[24.278673,45.3401769],[24.2781541,45.3392846],[24.2777096,45.3387584],[24.277137,45.3382222],[24.2764829,45.33775],[24.2761846,45.3373878],[24.2759923,45.337137],[24.2758687,45.3368236],[24.2758875,45.3364802]],[[24.2758875,45.3364802],[24.2760948,45.3361906],[24.2787608,45.3340769],[24.2792864,45.3335541],[24.2797721,45.3330244],[24.2801494,45.3324541],[24.2804379,45.3319714],[24.280718,45.3311717],[24.2808155,45.3307757],[24.2808409,45.330339],[24.2808142,45.3300601],[24.280698,45.329415],[24.280641,45.3286154],[24.2806979,45.3279959],[24.2808684,45.327242],[24.2811243,45.3266782],[24.2815618,45.3259197],[24.2819993,45.3252952],[24.2828329,45.3244162],[24.2832856,45.3239837],[24.2837618,45.3235288],[24.2844053,45.3226913],[24.2847407,45.3216149],[24.2848707,45.3211976],[24.2850112,45.3202421],[24.2849772,45.3198298],[24.2849497,45.3194969],[24.284881,45.3193044],[24.2847787,45.3190176],[24.2843337,45.3185051],[24.2833336,45.3178018],[24.283231,45.3177271],[24.2831118,45.3176404],[24.2822288,45.3169976],[24.2795678,45.3151924],[24.2773579,45.3136933]],[[24.2773579,45.3136933],[24.2769118,45.3134393],[24.2762479,45.3130613],[24.2758805,45.312926],[24.2746737,45.3124816],[24.2720067,45.3113259],[24.2712904,45.3109142],[24.2701299,45.3102471],[24.2700863,45.310222],[24.26969,45.3099942],[24.2693985,45.3092232],[24.2696506,45.3085236],[24.2700968,45.3081512],[24.2709398,45.3078458],[24.2733071,45.3080075],[24.2758492,45.3083301],[24.2772243,45.3085046],[24.2792288,45.3088672],[24.2836809,45.3097739],[24.2842144,45.3098346],[24.2844621,45.3098628],[24.285417,45.3098739],[24.2863193,45.3097345],[24.2867713,45.3095783],[24.2872689,45.3094063],[24.2878839,45.3091505],[24.2884988,45.308828],[24.288778,45.3085592],[24.2890876,45.3081254],[24.2891204,45.3080794],[24.2892998,45.3075224],[24.2893844,45.3068876],[24.289259,45.3062325],[24.2889756,45.3053663]],[[25.7931686,46.6788594],[25.793455,46.6786502],[25.7936004,46.6783736],[25.7937855,46.678116],[25.7940162,46.6776412],[25.7943258,46.6770448],[25.7945051,46.676806],[25.7944734,46.6765918],[25.7944579,46.6764705],[25.7944833,46.676386],[25.7946755,46.6761629],[25.7948948,46.6760746],[25.7953173,46.6756207],[25.7953683,46.6754712],[25.7953051,46.6753844],[25.795257,46.6752922],[25.7950874,46.6750921],[25.7950226,46.6748791],[25.794973,46.6746215],[25.7947887,46.6742086],[25.7947294,46.6740312],[25.7947364,46.6737457],[25.7949042,46.6734602],[25.7949882,46.6733852],[25.7953797,46.6730356],[25.796086,46.6725389],[25.7963928,46.6724038],[25.7968217,46.6723253],[25.7970684,46.6722615],[25.7972828,46.6721511],[25.7974545,46.6720137],[25.7977669,46.6714506],[25.7979937,46.6709954],[25.7980719,46.6708165],[25.7981172,46.6704163],[25.7979691,46.6697221],[25.797876,46.669089],[25.7978696,46.6689808],[25.7978513,46.6686734],[25.7975914,46.6678907],[25.7975152,46.6675667],[25.7974794,46.6673656],[25.7975295,46.6671792],[25.7978512,46.6667966],[25.7981101,46.6662531],[25.7983476,46.6659974],[25.7985961,46.6658419],[25.7989214,46.6657366],[25.7996997,46.6654732],[25.7999665,46.6653504],[25.8003197,46.66508],[25.8005112,46.66472],[25.801252,46.6634369],[25.8013705,46.6632031],[25.8013769,46.6630535],[25.8013103,46.6628738],[25.801128,46.6626495],[25.8010135,46.6625329],[25.8010001,46.6623495],[25.8010826,46.6622428],[25.8015942,46.6618196],[25.8018128,46.6615917],[25.8019211,46.6613781],[25.8019437,46.6611778],[25.8018817,46.6608878],[25.8020079,46.6604493],[25.8021477,46.6601094],[25.802268,46.6598865],[25.8025546,46.6595359],[25.8027014,46.6593884],[25.8029444,46.6588977],[25.8030557,46.6587593],[25.8033397,46.6585181],[25.8036501,46.6578734],[25.8038072,46.6574822],[25.8040072,46.6572002],[25.8045137,46.6566962],[25.8051878,46.6559144],[25.8052914,46.6557399],[25.8053726,46.6555625],[25.8068378,46.6545014],[25.8073194,46.6542595],[25.8076377,46.6540295],[25.8078164,46.6538229],[25.8078844,46.6536922],[25.8079265,46.6534073],[25.808024,46.6532342],[25.8083394,46.6529724],[25.8092027,46.6522559],[25.8094006,46.6521534],[25.8095482,46.6521364],[25.8097325,46.6521811],[25.8099399,46.652199],[25.8100867,46.6521875],[25.8101808,46.6521382],[25.8102849,46.6520443],[25.810365,46.6519532],[25.8103984,46.6517698],[25.8104542,46.6516758],[25.8105523,46.6516154],[25.811362,46.6515334],[25.8115073,46.6514973],[25.8117421,46.6513964],[25.8120432,46.6511214],[25.8123484,46.6508569],[25.8125319,46.6507646],[25.8130434,46.6505193],[25.8132082,46.6504388],[25.8133308,46.6503671],[25.8134403,46.6502509],[25.8134744,46.650129],[25.8134845,46.6500184],[25.8134568,46.6496267],[25.8134943,46.6495471],[25.8135732,46.6494463],[25.8137812,46.6493326],[25.8143361,46.6489827],[25.8148807,46.6485359],[25.8149993,46.6484735],[25.8150902,46.6484521],[25.8152102,46.6484418],[25.8153726,46.6484666],[25.8155694,46.6485213],[25.8156743,46.6485379],[25.8157675,46.6485306],[25.8159063,46.6484807],[25.8162877,46.6482655],[25.8169927,46.6476081],[25.8171187,46.6474419],[25.817249,46.6472371],[25.8172751,46.6471374],[25.817269,46.647041],[25.8172343,46.6469886],[25.8169004,46.64671],[25.8168834,46.6466516],[25.8169029,46.6465414],[25.816961,46.6464291],[25.8173549,46.6459847],[25.8175444,46.6458775],[25.817781,46.6457874],[25.8181298,46.6457026],[25.8182513,46.6456448],[25.8183687,46.6455516],[25.818442,46.645441],[25.8184436,46.6452976],[25.8184197,46.6451479],[25.8183666,46.6450022],[25.8177166,46.6441754],[25.8176823,46.6441287],[25.8176646,46.6440666],[25.817669,46.6439789],[25.8176926,46.6438798],[25.8177411,46.6438084],[25.8178055,46.6437295],[25.8179283,46.6436289],[25.8180724,46.6435485],[25.8183412,46.643457],[25.8186709,46.6433532],[25.8188036,46.6432913],[25.8189517,46.6432023],[25.8190315,46.6431238],[25.8190851,46.6430133],[25.819101,46.6429145],[25.8191066,46.6428799],[25.8190994,46.6427539],[25.8189924,46.6425403],[25.8189816,46.6424715],[25.8190839,46.6421333],[25.81916,46.641591],[25.8192332,46.6413844],[25.8196965,46.6404554],[25.8197773,46.6399833],[25.8198197,46.6399006],[25.820357,46.6393397],[25.8204497,46.639267],[25.8208105,46.6390102],[25.8210275,46.6387464],[25.8212555,46.6383795],[25.8215723,46.6380673],[25.8219293,46.6376482],[25.8228438,46.636626],[25.8233075,46.6359523],[25.8234995,46.635691],[25.8235704,46.6355946],[25.823606,46.6354961],[25.8236303,46.6350044],[25.8236561,46.6347997],[25.8237248,46.6344682],[25.8238287,46.63419],[25.8250196,46.6325582],[25.8250464,46.6322451],[25.8250196,46.6319393],[25.8255507,46.6310221],[25.8255775,46.6308011],[25.8253844,46.6302411],[25.8252986,46.6295375],[25.8252335,46.6294767],[25.8246828,46.6290157],[25.8244522,46.6288131],[25.824311,46.6286496],[25.824274,46.6284655],[25.8242686,46.6281524],[25.8241488,46.6281853],[25.8227712,46.6276338],[25.8219359,46.6270688],[25.821581,46.6268372],[25.8206852,46.6266788],[25.819505,46.6261409],[25.8189627,46.6258346],[25.8188398,46.6257652],[25.8184482,46.6257615],[25.8182658,46.6258609],[25.8181322,46.625974],[25.8178664,46.6260613],[25.8171715,46.6259825],[25.8163047,46.6255475],[25.8158239,46.6254624],[25.8154495,46.6254004],[25.8152296,46.625231],[25.8149989,46.6247152],[25.8143391,46.6242915],[25.8138509,46.6241884],[25.8125361,46.6240343],[25.8122791,46.623971],[25.8120645,46.6238457],[25.811748,46.6230831],[25.8115066,46.6224826],[25.8115871,46.6221289],[25.8109809,46.6212557],[25.8106883,46.6211196],[25.8106428,46.6210985],[25.8100097,46.6209711],[25.8098048,46.6208992],[25.8097949,46.6207527],[25.8096541,46.6205716],[25.8094096,46.6202931],[25.8087064,46.620003],[25.8085723,46.6197377],[25.8085991,46.619524],[25.8088083,46.6190782],[25.8087815,46.6188534],[25.8081126,46.6185996],[25.80795,46.6184518],[25.8078642,46.6182749],[25.8077784,46.6179507],[25.8078427,46.6176817],[25.8082075,46.6171843],[25.8088584,46.6164799],[25.8093662,46.6161636],[25.8095218,46.6159536],[25.8095111,46.615762],[25.8094306,46.6155372],[25.8098115,46.6149956],[25.8098115,46.614675],[25.8097525,46.6141186],[25.8096667,46.6138717],[25.8095969,46.6136764],[25.80979,46.6134037],[25.8097096,46.6132563],[25.8093126,46.6131347],[25.8091624,46.6132195],[25.809039,46.6133705],[25.8088674,46.6133668],[25.8085294,46.6132932],[25.8080788,46.6126741],[25.8074672,46.612464],[25.8073707,46.612383],[25.8072964,46.6120914],[25.8073149,46.612019],[25.8073868,46.6117381],[25.8072151,46.6115502],[25.8071622,46.6115032],[25.8070864,46.6114359],[25.8070939,46.6111876],[25.8067815,46.6108845],[25.8067366,46.6107586],[25.8067358,46.6106347],[25.8068289,46.6104852],[25.807762,46.6100132],[25.8079608,46.6098992],[25.8080627,46.6095971],[25.8080466,46.6094202],[25.8080192,46.609398],[25.8078374,46.6092505],[25.8078159,46.6087862],[25.8073921,46.6082518],[25.8074082,46.6080455],[25.8074726,46.6076659],[25.8072956,46.6074632],[25.8069201,46.6073047],[25.8067001,46.6072642],[25.8066572,46.6071757],[25.8068664,46.6069251],[25.8068396,46.6067188],[25.8066089,46.6065234],[25.8064212,46.6062249],[25.8061744,46.606107],[25.8061208,46.6059669],[25.8062173,46.6058158],[25.806448,46.6056795],[25.8065767,46.6055099],[25.8065124,46.6053846],[25.8062817,46.6052409],[25.806271,46.6051525],[25.8065821,46.6050013],[25.8065392,46.6048797],[25.8061851,46.6048318],[25.8058901,46.6048724],[25.8056112,46.6048392],[25.8054341,46.6047507],[25.8048494,46.6047507],[25.8047099,46.6046955],[25.8045973,46.6045812],[25.8046134,46.6043564],[25.8047904,46.6041426],[25.8050372,46.6039583],[25.8053644,46.6038846],[25.805418,46.6037704],[25.8053,46.6036414],[25.8051605,46.603623],[25.8051337,46.6034682],[25.8051444,46.6032028],[25.8053537,46.6031143],[25.8052839,46.6029632],[25.8048011,46.6027826],[25.8039535,46.6024362],[25.8033688,46.6022187],[25.802988,46.6021635],[25.8025567,46.6022098],[25.8024315,46.6022322],[25.8022148,46.6022802],[25.8019505,46.6023246],[25.8016917,46.6023601],[25.801148,46.6023035],[25.8009012,46.6021929],[25.800751,46.6020529],[25.8007724,46.6019718],[25.8009441,46.6018833],[25.8011158,46.6017433],[25.8010568,46.601489],[25.8009495,46.6012641],[25.801046,46.6008292],[25.8008529,46.6006965],[25.8006705,46.6005229],[25.800205,46.5999404],[25.799147,46.599395],[25.7990076,46.5991591],[25.7988529,46.5988707]],[[25.7988529,46.5988707],[25.798807,46.5987851]],[[25.798807,46.5987851],[25.7987071,46.5985988],[25.798396,46.5984145],[25.7978488,46.5982008],[25.7977308,46.5980681],[25.7977416,46.5977142],[25.7978274,46.5974562],[25.7979776,46.597353],[25.7982136,46.5973088],[25.7984604,46.597036],[25.7984926,46.5968959],[25.7984175,46.5967706],[25.7983209,46.59666],[25.7986642,46.5962619],[25.7991041,46.5953256],[25.7994904,46.5951413],[25.8000804,46.5948686],[25.8002092,46.5946769],[25.8002269,46.5945716]],[[25.7987876,46.5871927],[25.7981916,46.5871002],[25.7980571,46.5870513],[25.7979464,46.5869861],[25.7976297,46.5867225]],[[25.8002269,46.5945716],[25.8002438,46.594471]],[[25.8002438,46.594471],[25.8002736,46.5942935],[25.7999302,46.5930254],[25.7998442,46.5922536],[25.7999442,46.5918296],[25.7999498,46.5916636],[25.7997764,46.5911333],[25.799783,46.5909636],[25.799941,46.5906662],[25.8000383,46.5904805],[25.7998766,46.5900542],[25.7995762,46.5900247],[25.7993294,46.5898109],[25.7993294,46.5895971],[25.7996513,46.5891768],[25.7996298,46.5889851],[25.7992865,46.5887271],[25.799426,46.5881741],[25.7994582,46.5877464],[25.7996513,46.5876653],[25.7997049,46.5875916],[25.7996298,46.5874736],[25.7987876,46.5871927],[25.798632,46.5871123],[25.7983624,46.586979],[25.7980769,46.5867859],[25.7976297,46.5867225],[25.7972511,46.5866284],[25.7970916,46.5865328],[25.7969741,46.5864335],[25.7969004,46.5863505],[25.7968939,46.5862222],[25.7970711,46.5858452],[25.7970782,46.5857527],[25.7969683,46.5855694],[25.796796,46.5853511],[25.7961966,46.5848634],[25.7961703,46.5847384],[25.7965936,46.5840301],[25.7965965,46.5839302],[25.7965882,46.5838015],[25.7964858,46.5836588],[25.7963226,46.5835158],[25.7958153,46.5831942],[25.7953674,46.5828587],[25.7949655,46.5825369],[25.7947769,46.5823402],[25.7946378,46.5822553],[25.7943531,46.5822313],[25.7940294,46.582076],[25.7939114,46.5817958],[25.7935358,46.5810883],[25.7934822,46.5808597],[25.7935895,46.5800411],[25.7933427,46.579547],[25.7933856,46.5789792],[25.7932676,46.5781606],[25.7933535,46.5779099],[25.7933964,46.5777476],[25.7933535,46.5775559],[25.7934607,46.5770692],[25.7934607,46.5769864],[25.7934607,46.5767004],[25.7934822,46.5763981],[25.7935466,46.5762801],[25.7936968,46.5760367],[25.7936861,46.5759187],[25.7934393,46.5756827],[25.7930852,46.5752107],[25.7930316,46.5748862],[25.7931174,46.5745617],[25.7932448,46.5742647],[25.793256,46.5742109],[25.7932843,46.5740853],[25.7930423,46.5737726],[25.7927205,46.5735292],[25.7920978,46.5730977],[25.791872,46.5726583],[25.7918085,46.57215],[25.7916892,46.5713939],[25.7916215,46.5710902],[25.7918085,46.5707929],[25.7919783,46.5701951],[25.7919051,46.5697677],[25.7915403,46.5687424],[25.7912966,46.568134],[25.7909609,46.5673314],[25.7909722,46.5667542],[25.7909786,46.5666917],[25.7908,46.5659248],[25.7901026,46.5642798],[25.7902064,46.5639042],[25.7900596,46.5636713],[25.7898719,46.56345],[25.7893787,46.563022],[25.7888906,46.5627897],[25.7888047,46.5626163],[25.7886592,46.5622095],[25.7884794,46.562038],[25.7879658,46.5617549],[25.7874857,46.5615861],[25.7873623,46.5615723],[25.7872215,46.5616036],[25.7870418,46.5617457],[25.7869774,46.5618932],[25.78696,46.5620241],[25.7869113,46.562092],[25.7867964,46.5621334],[25.7865885,46.5621535],[25.7857798,46.562085],[25.7850288,46.5618167],[25.7848826,46.5616608],[25.7847606,46.5613611],[25.7846037,46.5612182],[25.7845245,46.5611057],[25.7845728,46.5609812],[25.7846801,46.5608143],[25.7847418,46.5606742],[25.7847431,46.5605755],[25.7846975,46.5604224],[25.7845916,46.5601946],[25.7843368,46.5599816],[25.7840042,46.559812],[25.7836689,46.5596552],[25.7835335,46.5595519],[25.7833229,46.5594099],[25.7830694,46.5594274],[25.7826295,46.5594966],[25.782301,46.5594579],[25.7820462,46.5593537],[25.7819282,46.559255],[25.7818651,46.5592089],[25.781845,46.5591563],[25.7818182,46.5590752],[25.7818149,46.5589536],[25.7819329,46.5588393],[25.7821038,46.5586685],[25.7821491,46.5585613],[25.7821856,46.558343],[25.7821736,46.5582627],[25.7821441,46.5581383],[25.7820797,46.5579206],[25.7819044,46.5576995],[25.7817458,46.557561],[25.781562,46.5574918],[25.7811409,46.5573839],[25.7807077,46.5573479],[25.7805777,46.5573083],[25.7804047,46.5572465],[25.7802454,46.5571563]],[[25.7927965,46.6792496],[25.7931686,46.6788594]],[[25.7096386,46.7211021],[25.7097243,46.7211127],[25.7097816,46.721139],[25.7098409,46.7211771],[25.7098906,46.7212699],[25.7098745,46.72152],[25.7098799,46.7216303],[25.7099228,46.7217002],[25.7100247,46.7217296],[25.7103519,46.7218547],[25.7106509,46.7219582],[25.7114526,46.7222644],[25.7121199,46.7224968],[25.7130346,46.7228951],[25.7142023,46.723323],[25.7149559,46.7235294],[25.7155397,46.7236892],[25.7164461,46.7239391],[25.7166363,46.7239673],[25.716968,46.7240165],[25.7174846,46.7240755],[25.7181626,46.7240682],[25.719115,46.7239501],[25.7198199,46.7238358],[25.7217143,46.7234262],[25.722932,46.7232105],[25.7236382,46.7229118],[25.7239604,46.7227139],[25.7241159,46.7226124],[25.7241536,46.7225378],[25.7242588,46.7225377],[25.7243201,46.722554],[25.7243617,46.7225866],[25.7244092,46.7226083],[25.7244547,46.7226178],[25.7245201,46.7226164],[25.7245834,46.7226002],[25.7246765,46.7225717],[25.7247339,46.7225608],[25.7247735,46.7225703],[25.7247834,46.7225974],[25.7247913,46.7226219],[25.724821,46.7226517],[25.7248922,46.7226897],[25.7250684,46.7227331],[25.7256049,46.7227372],[25.7260861,46.7226913],[25.7265047,46.7226391],[25.7268015,46.7226495],[25.7270374,46.7227382],[25.7272657,46.7228999],[25.7275853,46.7230251],[25.7280342,46.7230721],[25.728643,46.7230408],[25.7293812,46.7229208],[25.7301421,46.7226443],[25.7303674,46.7225343],[25.736923,46.7193328],[25.7416129,46.7174409],[25.7464134,46.7150601],[25.7476055,46.7144666],[25.7479289,46.7141993],[25.7482727,46.7137374],[25.7486064,46.7133273],[25.7488076,46.7129642],[25.7489798,46.7126545],[25.749344,46.7125865],[25.7495262,46.7124698],[25.7498849,46.712276],[25.7499167,46.7120917],[25.7501603,46.7117503],[25.750581,46.7116212],[25.750595,46.7114109],[25.7513406,46.710566],[25.7525421,46.7098365],[25.7530728,46.7092801],[25.7539542,46.7089112],[25.7552298,46.7074298],[25.7553968,46.707271],[25.755876,46.7069892],[25.7560318,46.7066669],[25.7569437,46.7061359],[25.7571344,46.705968],[25.7573806,46.7059351],[25.757624,46.7059025],[25.7587389,46.7055805],[25.7590793,46.7053662],[25.7608952,46.7045949],[25.7611275,46.7040098],[25.7621365,46.7033745],[25.7641909,46.7032491],[25.7650328,46.7028791],[25.7652338,46.7027114],[25.766368,46.7021106],[25.7678349,46.7008305],[25.7695647,46.6998088],[25.7711508,46.697774],[25.7720149,46.6962088],[25.7724454,46.6950989],[25.7733479,46.6940674],[25.7746363,46.6937851],[25.7755888,46.6936849],[25.7759676,46.693645],[25.7776513,46.6927657],[25.7782677,46.6921714],[25.779208,46.6918126],[25.7795205,46.6915934],[25.7795811,46.6913933],[25.7795483,46.691206],[25.7794606,46.6906156],[25.7793594,46.6904516],[25.7792417,46.6903554],[25.7787324,46.6899473],[25.7785873,46.6898472],[25.7785156,46.6897058],[25.7784981,46.689096],[25.7784954,46.6889641],[25.7785226,46.6888046],[25.7786237,46.6887206],[25.7787453,46.6886591],[25.7790731,46.6885639],[25.7795188,46.6883889],[25.7798808,46.6883463],[25.7804655,46.6880743],[25.7812605,46.6879992],[25.7818769,46.6880032],[25.7821545,46.6879913],[25.7822683,46.6879235],[25.7824121,46.6878786],[25.7828436,46.6879654],[25.7830206,46.6880353],[25.7831708,46.6879286],[25.7833961,46.6876636],[25.7837931,46.6875422],[25.7841895,46.6874914],[25.7845065,46.6876379],[25.7849303,46.6876857],[25.7850049,46.6875613],[25.7852517,46.687554],[25.7856701,46.6873037],[25.7859281,46.6873471],[25.7862173,46.6871933],[25.7866469,46.6872809],[25.7869581,46.6870822],[25.7873121,46.687016],[25.7875912,46.6869851],[25.7881656,46.6866726],[25.7883636,46.6864051],[25.7882557,46.6860231],[25.7885347,46.6855889],[25.7892321,46.6854858],[25.7904015,46.6840727],[25.790819,46.6839172],[25.7913886,46.6836679],[25.7916468,46.6833464],[25.7918075,46.6826882],[25.7919476,46.6822824],[25.7920006,46.6821288],[25.7923756,46.6811727],[25.7923756,46.6802379],[25.7927965,46.6792496]],[[25.2506306,45.9716131],[25.250406,45.9672931]],[[25.33914,46.0042283],[25.3383992,46.0041243],[25.3381037,46.0040962],[25.3377503,46.0041203],[25.3374143,46.0041766],[25.3370551,46.0042813],[25.3366235,46.0044724],[25.3361224,46.004744],[25.3357226,46.0050458],[25.3353866,46.0053235],[25.3351143,46.0056293]]]},"properties":{"name":"Olt","name_ro":"Olt","type":"river","source":"manual_premap","source_detail":"HOTOSM Waterways HDX snapshot 2026-08-07, waterway=river name match (32 segments, 6312 points), ANCPI validation: see README","osm_type":"way","osm_id":"way/1304444712","geocode_tier":"tier1","confidence":"high"}}]}