{"type":"FeatureCollection","metadata":{"pipeline":"tier1_premap","pipeline_version":"1.0","generated_at":"2026-08-11T10:41:03.119901+00:00"},"features":[{"type":"Feature","id":"prut","geometry":{"type":"MultiLineString","coordinates":[[[26.3445561,48.1825684],[26.345243,48.1825131],[26.34751,48.1827292],[26.3487768,48.1832673],[26.3500302,48.1841141],[26.3503961,48.1848302],[26.3505793,48.1855671],[26.3504454,48.1864439],[26.3498553,48.1881191],[26.3492481,48.1894853],[26.3489305,48.190478],[26.3488734,48.1908244],[26.348864,48.1911204],[26.3489699,48.1913751],[26.349206,48.191511],[26.3494098,48.1915897],[26.3503575,48.191621],[26.3514054,48.1915539],[26.3519775,48.1914479],[26.3526714,48.1912535],[26.3531971,48.1909889],[26.3537607,48.1906568],[26.35427,48.1901234],[26.3547863,48.1892335],[26.3551283,48.1884426],[26.3551897,48.1878401],[26.3552356,48.1868117],[26.3554,48.1863452],[26.3558257,48.185796],[26.3564235,48.1853223],[26.3570809,48.1850521],[26.3577998,48.1848804],[26.3585285,48.1848301],[26.3600949,48.1849561],[26.3613939,48.1852452],[26.3624832,48.1857909],[26.3643497,48.1865721],[26.3650954,48.1870335],[26.3657064,48.1874815],[26.3667691,48.1885499],[26.3669407,48.1889361],[26.3670695,48.1893939],[26.3672733,48.1897157],[26.3676917,48.1900591],[26.3680887,48.1903166],[26.368935,48.1906919],[26.3699019,48.1909531],[26.3712323,48.191182],[26.3725304,48.1914609],[26.3730961,48.1916582],[26.3736784,48.1919974],[26.3740003,48.1922334],[26.3742149,48.1924908],[26.3743222,48.1929701],[26.3740754,48.1935923],[26.373025,48.1947923],[26.3719608,48.196088],[26.3718009,48.1965674],[26.3718867,48.1968893],[26.3721477,48.1972449],[26.3726914,48.1975973],[26.3744628,48.1982387],[26.3765108,48.1987915],[26.3771202,48.1988728],[26.3778841,48.1987915],[26.3784021,48.1985562],[26.3803966,48.1970592],[26.3826197,48.1959578],[26.3846056,48.1951763],[26.3861883,48.194472],[26.3863882,48.194303],[26.386498,48.1939288],[26.3864565,48.1934206],[26.3863718,48.1932151],[26.3860273,48.1928985],[26.3854651,48.1925212],[26.3847077,48.1921762],[26.3839245,48.1919616],[26.3830727,48.1918701],[26.3798861,48.1916192],[26.3791823,48.1914252],[26.3785762,48.1910364],[26.3783777,48.1906742],[26.3782704,48.1903309],[26.3782107,48.1898782],[26.3783347,48.1893867],[26.3788049,48.1887052],[26.3795471,48.1879133],[26.3803407,48.1874202],[26.3814783,48.1869333],[26.3827139,48.1866538],[26.3841605,48.1865542],[26.3856376,48.1866151],[26.3873487,48.186919],[26.3897748,48.1873459],[26.391654,48.1878531],[26.3952859,48.1888151],[26.3956618,48.1889647],[26.3961444,48.1893539],[26.3967991,48.1898588],[26.3974965,48.1901664],[26.3984406,48.1904024],[26.3992341,48.1904651],[26.400007,48.1903237],[26.4018593,48.1895633],[26.4032686,48.1892079],[26.4045598,48.1894439],[26.4061535,48.190429],[26.4094187,48.1925023],[26.4126361,48.194155],[26.4160448,48.1962031],[26.4182027,48.1974812],[26.4212243,48.1996234],[26.4220614,48.2007331],[26.4224839,48.2016734],[26.4229542,48.2021861],[26.4236319,48.2023528],[26.4242327,48.2023528],[26.425208,48.2019494]],[[26.425208,48.2019494],[26.428889,48.2005436],[26.4316356,48.19995],[26.4330823,48.1997875],[26.4338698,48.2000257],[26.4344637,48.2007261],[26.4358876,48.2020383],[26.4381684,48.2037659],[26.4391941,48.2045802],[26.4395645,48.2046573],[26.4399612,48.2046231],[26.4417526,48.2043404],[26.4451056,48.2039061],[26.4477127,48.203723],[26.4503718,48.2039768],[26.4540799,48.2049045],[26.4563227,48.2063213],[26.458061,48.2069269],[26.4592999,48.2073259],[26.4604699,48.2078531],[26.4613438,48.2083376],[26.462143,48.209092],[26.462707,48.2098433],[26.462819,48.2103753],[26.4626312,48.2110259],[26.4623581,48.2117794],[26.4601421,48.2146363],[26.4599866,48.2150367],[26.4601099,48.2153655],[26.4603018,48.2156347],[26.4608395,48.2158195],[26.461435,48.2158731],[26.4618356,48.2158566],[26.4651433,48.2154135],[26.4659303,48.2154692],[26.468689,48.2161244],[26.4709362,48.2167409],[26.4740038,48.217764],[26.4747009,48.217835],[26.475656,48.2178176],[26.4762676,48.2176961],[26.4768684,48.2173207],[26.4774086,48.2167914],[26.4783577,48.2147454],[26.4800119,48.2135139],[26.4819446,48.2134779],[26.4842583,48.2144905],[26.4884816,48.2152547],[26.4898882,48.2161309],[26.4910572,48.2180789],[26.4922595,48.21847],[26.4940254,48.2183196],[26.4968334,48.2178248],[26.4995153,48.2171583],[26.505142,48.2160395],[26.5064551,48.2154097],[26.5073244,48.2149298]],[[26.5239359,48.2136967],[26.5250153,48.2137181],[26.5258354,48.2134352],[26.526871,48.2127627],[26.5275666,48.2116282],[26.5281189,48.2107264],[26.5284204,48.2102729],[26.5290606,48.2099363],[26.5300256,48.2098488],[26.5308993,48.2098721],[26.5325241,48.2100442],[26.5343931,48.2108939],[26.5351958,48.2118163],[26.5359727,48.2128787],[26.5368145,48.2136791],[26.5375399,48.2141073],[26.5384076,48.2145143],[26.5398467,48.2149831],[26.5419512,48.2152949],[26.54372,48.2150433],[26.5459351,48.2149943],[26.5476697,48.2155505],[26.5495463,48.2163277],[26.550345,48.2166076],[26.5508776,48.2170335],[26.5510521,48.2175081],[26.5513158,48.2185223],[26.5504055,48.2198434],[26.5489745,48.2213964],[26.5476876,48.2227448],[26.5475018,48.2236146],[26.5478727,48.2241968],[26.5483839,48.2246161],[26.5496311,48.2253254],[26.5508062,48.2255518],[26.5519742,48.2256312],[26.5536839,48.2253236],[26.5554116,48.2245336],[26.5574831,48.2230347],[26.5584079,48.2223485],[26.5590758,48.2217992],[26.5613211,48.2210074],[26.5636354,48.2206504],[26.5671554,48.2206049],[26.568756,48.220009],[26.5705472,48.2194433],[26.5720032,48.2194056],[26.572595,48.220185],[26.5726327,48.2214339],[26.57301,48.2230276],[26.5729068,48.2246438],[26.5720187,48.2263283],[26.5718454,48.2268885],[26.5711904,48.2278319],[26.5698926,48.2291571],[26.5690857,48.2300815],[26.5687435,48.2312426],[26.5687014,48.2316253],[26.5688951,48.2324059],[26.570232,48.2332608],[26.5709056,48.2337092],[26.5714214,48.2343929],[26.571958,48.2354138],[26.5723121,48.2362577],[26.5726204,48.2368393],[26.5729209,48.2378917],[26.5730309,48.2389088],[26.5731589,48.2399936],[26.5734765,48.2406558],[26.5736939,48.2408447],[26.5748817,48.2415562],[26.5761079,48.2422067],[26.5762025,48.2422628]],[[26.5073244,48.2149298],[26.5091193,48.213939],[26.5107003,48.2131728],[26.5117824,48.2128443],[26.5131446,48.2122689],[26.5149678,48.2113685],[26.5158659,48.2107414],[26.5178355,48.2097806],[26.5189791,48.2098462],[26.5200734,48.2101823],[26.5208945,48.2110947],[26.5211713,48.2118661],[26.5212587,48.2127361],[26.521856,48.2135288],[26.5230512,48.2136792],[26.5239359,48.2136967]],[[26.5762025,48.2422628],[26.5772867,48.2429044],[26.5784064,48.2433099],[26.5796826,48.2435311],[26.5812106,48.2434178],[26.5823818,48.2436006],[26.5829542,48.2437832],[26.5836448,48.244067],[26.585392,48.2453188],[26.5864384,48.2464592],[26.5875524,48.2468292],[26.5885622,48.2466313],[26.5896513,48.2459508],[26.5911099,48.2442901],[26.5927164,48.2419054],[26.594175,48.240247],[26.5959539,48.2391909],[26.5977461,48.2385916],[26.5990877,48.2381494],[26.6003094,48.2378599],[26.6021693,48.2379116],[26.6038195,48.2382722],[26.6046714,48.2387171],[26.606037,48.2395382],[26.6071594,48.2403665],[26.6089007,48.2410026],[26.6110302,48.241172]],[[26.630225,48.2596252],[26.6305368,48.2600509],[26.6308785,48.2604737],[26.6311241,48.2607238],[26.6314122,48.2609738],[26.6318097,48.2612396],[26.6325128,48.261551],[26.6333231,48.2618053],[26.6338703,48.2619567],[26.6344706,48.2620798],[26.6350711,48.2620882],[26.6356717,48.262047],[26.6364188,48.2618548],[26.6371766,48.2616273],[26.6377767,48.2613779],[26.6383555,48.2610508],[26.6407551,48.2588577],[26.6426681,48.2575698],[26.6439944,48.2564355],[26.6447526,48.2547748],[26.6449158,48.253873],[26.6451839,48.2530972],[26.645536,48.2526474],[26.6460154,48.2525181],[26.646768,48.2526576],[26.6478662,48.2529819],[26.648564,48.2531298],[26.6495449,48.253259],[26.650609,48.2535079],[26.6522322,48.2540202],[26.6529659,48.2543282],[26.6536714,48.2547493],[26.6552149,48.2560444],[26.6560082,48.2570851],[26.6565674,48.2579737],[26.6569143,48.2586267],[26.6571532,48.2593206],[26.657441,48.2608003],[26.6575024,48.2615259],[26.6576185,48.2621663],[26.6579297,48.262827],[26.6583298,48.2634013],[26.6591688,48.2640509],[26.6599345,48.2643697],[26.6607231,48.2645099],[26.6614902,48.2644197],[26.6619296,48.2642292],[26.6627493,48.263854],[26.6656642,48.2621783],[26.6664684,48.2614485],[26.6668611,48.2605633],[26.6668601,48.2591958],[26.6664708,48.2580076],[26.6653604,48.2566936],[26.663436,48.254617],[26.6625146,48.2526367],[26.6623195,48.2517872],[26.6623509,48.2509754],[26.662812,48.2498071],[26.6633299,48.2491006],[26.6645046,48.2474282],[26.6656401,48.246608],[26.6662323,48.2463898],[26.6672113,48.2464264],[26.6696395,48.2473128],[26.6719958,48.2478962],[26.67478,48.2483512],[26.6762657,48.2484172],[26.6774581,48.2483487],[26.6783585,48.2483708],[26.6794011,48.2485693],[26.6815708,48.249032],[26.6829579,48.2494186],[26.6831376,48.2494741],[26.6843114,48.2498571],[26.6855741,48.2503966],[26.686203,48.2510138],[26.6865785,48.2516968],[26.6865432,48.2520779],[26.6867512,48.2524457],[26.6870372,48.252796],[26.6872979,48.2529892],[26.6875902,48.2531585]],[[26.7034826,48.2646246],[26.7041552,48.2639563],[26.7045222,48.2632545],[26.7048054,48.2626791],[26.7049429,48.261907],[26.7052986,48.2595656],[26.7056391,48.2584789],[26.7064104,48.2565896],[26.7070188,48.2552313],[26.7079143,48.2535869],[26.7083955,48.2530264],[26.7092635,48.2523396],[26.7107306,48.2517397],[26.7127259,48.2511245],[26.7137304,48.250803],[26.714832,48.2503342],[26.7163905,48.2493308],[26.7178139,48.2481652],[26.7192404,48.2471533],[26.7202891,48.2466486],[26.7211962,48.2463512],[26.7229664,48.2459183],[26.7240554,48.2457288],[26.7251444,48.2456539],[26.7265255,48.2456709],[26.72795,48.2458637],[26.7288064,48.2461711],[26.7303497,48.2472161],[26.7312498,48.2485853],[26.7317042,48.2497802],[26.7317806,48.2502783],[26.7316294,48.2507818],[26.7292277,48.2532162],[26.7276147,48.2553588],[26.7267534,48.256216],[26.7263889,48.2566556],[26.7264318,48.2571128],[26.726618,48.2574576],[26.7269914,48.2577693],[26.7274948,48.257951],[26.7282772,48.2581557],[26.7306557,48.2582437],[26.7325692,48.2581077],[26.7376899,48.2562697],[26.7407115,48.2553252],[26.7415835,48.2549221],[26.7422658,48.2546599],[26.7430063,48.2541663],[26.7428362,48.2535054],[26.7425036,48.2528839],[26.7420401,48.2523173],[26.7405885,48.2513646],[26.7392689,48.25073],[26.7388397,48.2506514],[26.7377192,48.2502109],[26.7371286,48.2500006],[26.7365883,48.2495681],[26.7360315,48.2486738],[26.7359278,48.2477951],[26.7361129,48.2469919],[26.7361341,48.2467224]],[[27.569634,47.3770012],[27.5697452,47.3765795],[27.5696725,47.3757734],[27.5691792,47.3749678],[27.5688734,47.3744639],[27.5687254,47.3738089],[27.5689753,47.373078],[27.5694871,47.3726075],[27.5700907,47.3722873],[27.5710106,47.3721003],[27.5721568,47.372073],[27.5733607,47.3722069],[27.5744696,47.3726642],[27.575453,47.3733151],[27.5771781,47.3746779],[27.5783405,47.375662],[27.5793453,47.3771728],[27.5802674,47.3784889],[27.5807025,47.3789437],[27.5814056,47.3791234],[27.5820308,47.3791217],[27.5828516,47.3789527],[27.5836041,47.378446],[27.5838407,47.3779756],[27.5839318,47.3767748],[27.5838473,47.3763157]],[[27.5845338,47.4083184],[27.5840195,47.4057377],[27.5833638,47.4041219],[27.5830489,47.4022842],[27.5830215,47.4012048],[27.5827698,47.399709],[27.5819626,47.3986837],[27.5815416,47.3982515],[27.5804416,47.3980189],[27.5796741,47.3980708],[27.5784869,47.3983358],[27.5778844,47.3986437],[27.5773128,47.3987333],[27.5755596,47.3985084],[27.5749218,47.398302],[27.572201,47.3967015],[27.5707853,47.3958209],[27.5696362,47.3947776],[27.5689968,47.393845],[27.5688493,47.3928162],[27.5689651,47.3918611],[27.5692795,47.3906431],[27.5692194,47.3896498],[27.5690311,47.3887415],[27.5682844,47.3870759],[27.5680875,47.3863869],[27.5681691,47.385565],[27.5686932,47.3847612],[27.5697891,47.3835008],[27.5700289,47.3824762],[27.5699645,47.3819938],[27.5696185,47.381538],[27.5686594,47.3809761],[27.5680006,47.3807],[27.5674856,47.3802427],[27.5672405,47.3795493],[27.5672796,47.3789993],[27.5677764,47.3785463],[27.5689308,47.3779015],[27.5694742,47.3772437],[27.569634,47.3770012]],[[27.5838473,47.3763157],[27.5837432,47.3758518],[27.5834708,47.3750807],[27.5829323,47.3744391],[27.5822331,47.3738651],[27.5812471,47.3733545],[27.5798042,47.3728143],[27.5778342,47.3722246],[27.5749153,47.3714476],[27.5739504,47.3709542],[27.5732079,47.3702399],[27.5730094,47.3695747],[27.5731794,47.3687925],[27.5735429,47.368089],[27.574386,47.367658],[27.5747659,47.3674672],[27.5752181,47.3673518],[27.5763434,47.3674318],[27.5770139,47.3676487],[27.5783368,47.3682871],[27.5789741,47.3684618],[27.5806062,47.3684145],[27.5816718,47.3684466],[27.5830098,47.3681194],[27.5842385,47.3677161],[27.5859884,47.3668855],[27.5870134,47.365981],[27.5874472,47.3654676],[27.5880292,47.3650265],[27.5886011,47.3647805],[27.5892915,47.3647853],[27.5901133,47.3649408],[27.5907736,47.3652369],[27.5929923,47.3662793],[27.5937618,47.3670528],[27.5938952,47.3677061],[27.5940819,47.3685087],[27.5939328,47.3693632],[27.5935143,47.3703253],[27.5933513,47.3711852],[27.5934521,47.3718737],[27.5941827,47.3724826],[27.5951811,47.3728219],[27.5956818,47.3728387],[27.5960479,47.3727525],[27.5964038,47.3726447],[27.5966917,47.3724996],[27.5970945,47.3719307],[27.5972324,47.3713269],[27.5969272,47.3700942],[27.5968757,47.3692582],[27.5972635,47.3684455],[27.5978236,47.3681],[27.5985574,47.3679056],[27.599849,47.3674951],[27.6006242,47.3672882],[27.6010891,47.3669355],[27.6012949,47.3666997],[27.6012632,47.3661819],[27.6007302,47.3657528],[27.6000017,47.3646924],[27.599419,47.3631147],[27.5992162,47.3613335],[27.599239,47.3604345],[27.5983718,47.3564352],[27.5978679,47.3544863],[27.5962985,47.3525395],[27.595706,47.3510179],[27.595203,47.350245],[27.594655,47.3488311],[27.5947846,47.3478273],[27.5949997,47.3473099],[27.5953647,47.3468691],[27.5957292,47.3464657],[27.5967421,47.3461034],[27.5976203,47.3460278],[27.5985043,47.3460877],[27.5992215,47.3463916],[27.5999581,47.3469499],[27.6005138,47.3475809],[27.6008378,47.348049],[27.6014746,47.3485179],[27.6035458,47.3495948],[27.6041745,47.3497823],[27.6049191,47.3498605],[27.6056808,47.3497184],[27.6063203,47.3493211],[27.606662,47.3485328],[27.6068331,47.3473428],[27.6068937,47.3457999],[27.6066513,47.3443794],[27.6060429,47.3433536],[27.6051149,47.3424445],[27.6045216,47.3411577],[27.6044197,47.3406051],[27.6045944,47.3398084],[27.6051083,47.3392312],[27.6059035,47.3387159],[27.6066191,47.3384709],[27.607913,47.3383277],[27.6088464,47.3384469],[27.6098983,47.3387959],[27.6111552,47.3394717],[27.612585,47.3411624],[27.6128931,47.3414518],[27.6131188,47.3417156],[27.6134007,47.3419111],[27.6136005,47.3420297],[27.6137835,47.3421198],[27.614115,47.3421249],[27.614383,47.3419796],[27.6146278,47.3417608],[27.6147905,47.3415019],[27.6151254,47.340925],[27.6151742,47.3401217],[27.6151517,47.3387094],[27.6147712,47.3382663],[27.6132592,47.3372142],[27.6119481,47.3364309],[27.6098888,47.3353052],[27.6068996,47.3337252],[27.6056004,47.3331039],[27.6042968,47.3323451],[27.6033757,47.3316569],[27.6024118,47.3305654],[27.6015272,47.3295019],[27.6008044,47.3290324],[27.6001356,47.3287769],[27.5994311,47.3286542],[27.5986213,47.3287362],[27.597972,47.3289626],[27.5974373,47.3292168],[27.596985,47.329585],[27.5965447,47.3300204],[27.5960819,47.3307774],[27.5955129,47.3316828],[27.5952626,47.3319902],[27.5946504,47.3322784],[27.5940207,47.3323931],[27.5925389,47.3322203],[27.5906052,47.3321986],[27.5886084,47.3320904],[27.5868641,47.3320411],[27.5851571,47.3317739],[27.5835929,47.3314112],[27.5829357,47.3311802],[27.5821104,47.3306837],[27.5816201,47.3304431],[27.5810775,47.3300106],[27.5806943,47.3294629],[27.580438,47.3289511],[27.5805827,47.3283924],[27.5809283,47.3278297],[27.5815404,47.3274581],[27.5823508,47.3271707],[27.583396,47.3269912],[27.5846425,47.3269497],[27.5857917,47.3270163],[27.5875343,47.3272557],[27.5885338,47.3273627],[27.5902139,47.3278039],[27.5919428,47.3278676],[27.5931656,47.3277825],[27.5941327,47.327602],[27.594822,47.3272696],[27.5957283,47.3268639],[27.5961525,47.3264484],[27.5965189,47.3261357],[27.5969055,47.3252423],[27.5967548,47.3245824],[27.5965397,47.3242312],[27.595904,47.3237584],[27.5944038,47.3232329],[27.5934226,47.3228465],[27.5927898,47.322458],[27.5924613,47.3221107],[27.5923415,47.3213818],[27.5928849,47.320287],[27.593815,47.319513],[27.5946752,47.3188858],[27.5955611,47.3182139],[27.5966164,47.3176592],[27.5976582,47.3173855],[27.5991865,47.3171215],[27.5999403,47.3170705],[27.600425,47.3171988],[27.6013645,47.3176175],[27.6017531,47.3180386],[27.6020137,47.3186429],[27.6020132,47.3193644],[27.6015629,47.3202978],[27.6012412,47.3207183],[27.6005318,47.321269],[27.5995276,47.3222698],[27.599518,47.3231436],[27.6000636,47.3241091],[27.6010312,47.3251087],[27.6018249,47.3260688],[27.6028712,47.3273384],[27.6041377,47.3286273],[27.605354,47.3289792],[27.60688,47.3288899],[27.60763,47.3286906],[27.608454,47.3284077],[27.6091141,47.3279974],[27.6102993,47.3268544],[27.610646,47.3262162],[27.6107955,47.3256198],[27.6108541,47.3249104],[27.610887,47.3241423],[27.6109213,47.3233413],[27.6102727,47.3224938],[27.6089858,47.3213422],[27.6072286,47.320239],[27.6060591,47.3193812],[27.6056456,47.3189917],[27.6052508,47.3184755],[27.6051236,47.318155],[27.6051186,47.3177775],[27.6052817,47.317438],[27.6056241,47.3170913],[27.6060243,47.3169689],[27.6064806,47.3169224]],[[27.6107332,47.3176671],[27.6110014,47.3177632],[27.6118634,47.3180399],[27.6134245,47.3186626],[27.6140834,47.318817],[27.6154106,47.3191071],[27.6165355,47.3194208],[27.6173832,47.3198512],[27.617826,47.320335],[27.6181963,47.320756],[27.6185556,47.3213017],[27.6192699,47.322821],[27.6197113,47.323653],[27.6200807,47.3243782],[27.620385,47.3249173],[27.6207351,47.3254692],[27.6211326,47.3259153],[27.621317,47.325987],[27.6215241,47.326028],[27.6217836,47.3260479],[27.621991,47.326008],[27.622309,47.3258608],[27.6226714,47.325576],[27.62331,47.3246124],[27.6242242,47.3236445],[27.6247764,47.3229363],[27.6254579,47.3221791],[27.6258817,47.3214576],[27.6264765,47.3203438],[27.6267359,47.319565],[27.6270925,47.3184059],[27.6273232,47.3172595],[27.6273706,47.3163408],[27.6273899,47.3156477],[27.6275409,47.3147371],[27.6273907,47.3136994],[27.6272205,47.3127803],[27.6271482,47.3120679],[27.6272039,47.3114001],[27.6274519,47.3107586],[27.6281998,47.3098457],[27.6284694,47.3096165],[27.6291899,47.3093153],[27.6299352,47.3092017],[27.6305594,47.3092121],[27.6313089,47.3094482],[27.6318348,47.3099013],[27.6324057,47.3104235],[27.6328346,47.3112381],[27.6331585,47.3118727],[27.6336261,47.3122186],[27.6340929,47.312483],[27.6352257,47.3127705],[27.6356962,47.3127962],[27.6363238,47.3127599],[27.6370474,47.3126276],[27.6376389,47.3123568],[27.6380493,47.3119161],[27.6384339,47.3113504],[27.6384863,47.3108949],[27.6385489,47.310377],[27.6382833,47.3098433],[27.6378957,47.3094418],[27.636916,47.3084782],[27.6360439,47.3075876],[27.6355957,47.3069665],[27.6343632,47.3058467],[27.6336538,47.3053683],[27.6331801,47.3047258],[27.6328786,47.3041855],[27.632689,47.3035375],[27.6329906,47.3029963],[27.6340754,47.3022542],[27.6348935,47.3021784],[27.6356471,47.3021273],[27.6364654,47.302039],[27.6378991,47.3019237],[27.6384059,47.3017897],[27.6392441,47.3015954],[27.6406335,47.3013736],[27.6415904,47.3012238],[27.6425477,47.3010428],[27.643571,47.3007373],[27.6447715,47.3002394],[27.6458799,47.2997596],[27.6464717,47.2994575],[27.6477762,47.2993849],[27.6486537,47.2996467],[27.6489929,47.3003296],[27.6488699,47.3012343],[27.6487732,47.3022328],[27.6486079,47.3028812],[27.6484741,47.303255],[27.6481561,47.3039081],[27.6472625,47.3050032],[27.6467829,47.3053358],[27.6461948,47.3060189],[27.6462213,47.3067372],[27.6464765,47.3069671],[27.6471782,47.3072368],[27.6480468,47.3074923],[27.648843,47.3076723],[27.6497695,47.3077284],[27.6507771,47.3078911],[27.6522729,47.3079446],[27.6532552,47.307951],[27.6541561,47.3078694],[27.6551792,47.3075826],[27.6559402,47.3072445],[27.6568022,47.3064191],[27.6571862,47.3058783],[27.6575228,47.3054121],[27.6578487,47.3051145],[27.6588777,47.3044093],[27.6597365,47.3040464],[27.6608264,47.3042345],[27.6616243,47.3049516],[27.6619157,47.3070953],[27.6620256,47.3077767],[27.6621666,47.3080416],[27.6625074,47.3081233],[27.6630101,47.3082826],[27.6636734,47.3081245],[27.6647173,47.3076566],[27.665173,47.3072412],[27.6656024,47.3067256],[27.6659659,47.306339],[27.6664601,47.3057882],[27.6670233,47.3042244],[27.6672197,47.3039418]],[[27.6797133,47.2986347],[27.6800157,47.2980183],[27.6802008,47.2976915],[27.6805206,47.2973159],[27.6809959,47.2970674],[27.6815955,47.2969136],[27.6827982,47.2968962],[27.6839124,47.2969781],[27.6843974,47.2969701],[27.6846899,47.2968393],[27.6848797,47.2966412],[27.6848657,47.296397],[27.6839581,47.2952923],[27.6831458,47.2935856],[27.6828265,47.2924283],[27.6827972,47.2899601],[27.6828621,47.2877575],[27.6831212,47.2869161],[27.6836931,47.2860267],[27.6842419,47.2854806],[27.6856333,47.2843777],[27.6861213,47.2842621],[27.6867809,47.2843474],[27.6873391,47.2846116],[27.6879954,47.2851767],[27.6887,47.2863202],[27.6886476,47.2874876],[27.6885269,47.2882737],[27.6885228,47.2885859],[27.6886894,47.2898483],[27.6893358,47.2909202],[27.6901327,47.2917307],[27.6909365,47.2919555],[27.6916805,47.2919775],[27.6932056,47.291814],[27.6966576,47.2911027],[27.7010208,47.2901365],[27.7035652,47.289284],[27.7044327,47.2892013],[27.7056947,47.2892638],[27.7062652,47.2895543],[27.7065577,47.2899454],[27.7066815,47.2901454],[27.7067456,47.2903149],[27.7063146,47.291163],[27.7055385,47.2920322],[27.7046791,47.2930356],[27.7036022,47.2948545],[27.7028731,47.2969317],[27.7028017,47.297859],[27.7029241,47.2986963],[27.7036584,47.2996632],[27.704275,47.2999557],[27.7050494,47.3001278],[27.7071252,47.3001603],[27.7096776,47.2998682],[27.7117641,47.2991536],[27.713923,47.298114],[27.7157833,47.2962205],[27.7170092,47.2947743],[27.7176911,47.2941899],[27.7184045,47.2936758],[27.7188931,47.2934682],[27.7195197,47.2933202],[27.7200804,47.2933269],[27.7204583,47.2933791],[27.7213452,47.2935661],[27.7233799,47.2943485],[27.7243966,47.294985],[27.7259468,47.2953253],[27.727,47.2955126],[27.7273945,47.2954956],[27.72816,47.2952384],[27.7295614,47.2941146],[27.7300699,47.2937321],[27.7310676,47.2932196],[27.7322679,47.2926583],[27.7343281,47.2903866],[27.7357796,47.2885573],[27.7360994,47.2882487]],[[27.7360994,47.2882487],[27.7363846,47.2876928],[27.7370676,47.286835],[27.7381411,47.2846493],[27.7383167,47.2827992],[27.7386474,47.2815799],[27.7388408,47.2807879],[27.738699,47.2796506],[27.7379256,47.2780104],[27.7374325,47.2768411],[27.7374106,47.2763352],[27.737767,47.2756548],[27.7384231,47.2752777],[27.7393221,47.2752954],[27.7401824,47.2754752],[27.7431102,47.2770873],[27.7441718,47.277536],[27.7453107,47.2777714],[27.7462165,47.2777082],[27.7471395,47.2774471],[27.7479227,47.2768808],[27.748257,47.2762478],[27.7483784,47.2755675],[27.7484157,47.2744919],[27.7481118,47.2730043],[27.74784,47.2722],[27.7473741,47.2711513],[27.7463778,47.2699035],[27.7453148,47.2685693],[27.7445876,47.2671796],[27.7443878,47.2665247],[27.7443075,47.2658495],[27.7447046,47.2646441],[27.7451852,47.264006],[27.7462593,47.2631722],[27.748838,47.2619497],[27.7501168,47.2614564],[27.7526841,47.2607966],[27.7556921,47.2599416],[27.7566027,47.2595466],[27.7573922,47.259087],[27.7577988,47.258815],[27.7581663,47.2584723],[27.7584174,47.258217],[27.758601,47.2579078],[27.7587179,47.2575638],[27.7587269,47.2571836],[27.7587102,47.2569635],[27.7585945,47.256705],[27.7584646,47.2564753],[27.7581896,47.2562716],[27.7578233,47.256107],[27.7568164,47.2558626],[27.7558273,47.2557623],[27.7537278,47.25563]],[[27.6672197,47.3039418],[27.6677551,47.3030863],[27.6681124,47.3024766],[27.668648,47.3015808],[27.6693708,47.3007672],[27.6707512,47.2997687],[27.6713203,47.2995121],[27.6723425,47.299275],[27.6737193,47.2992838],[27.6746031,47.2996796],[27.6752418,47.3000553],[27.6759577,47.3007342],[27.6762507,47.3014667],[27.676391,47.3022828],[27.6763673,47.3030098],[27.6766014,47.3036111],[27.6767591,47.3045735],[27.6767256,47.3050104],[27.676694,47.3053099],[27.6759964,47.3066419],[27.6752315,47.3075238],[27.6749871,47.307951],[27.6743597,47.3088359],[27.6745157,47.3095113],[27.6751892,47.3099464],[27.6760229,47.3100828],[27.6780831,47.3098211],[27.6792277,47.3094745],[27.6801077,47.3087972],[27.6801953,47.307763],[27.6803636,47.3066862],[27.6804898,47.3053383],[27.6807003,47.3043735],[27.680531,47.3033171],[27.6799917,47.3017726],[27.6797664,47.3008082],[27.6795785,47.2994929],[27.6797133,47.2986347]],[[27.7459171,47.2416311],[27.7471087,47.2405009],[27.749025,47.2390131],[27.7498602,47.2384166],[27.7509082,47.2379746],[27.7527563,47.2375542],[27.7538066,47.2375292],[27.7546491,47.237654],[27.7552819,47.2380228],[27.7555976,47.238407],[27.7570497,47.2400405],[27.7575514,47.2402945],[27.758132,47.2403696],[27.7586039,47.2403717],[27.7590839,47.2401819],[27.7593311,47.2399077],[27.7594021,47.2395376],[27.7592898,47.2388891],[27.7589052,47.2378448],[27.7586003,47.237365],[27.7579557,47.2367467],[27.7564929,47.2359935],[27.7557899,47.2353981],[27.7551018,47.2345255],[27.7543337,47.2333255],[27.7540559,47.2324721],[27.7540048,47.231849],[27.7541546,47.2311425],[27.7546018,47.2306972],[27.7553484,47.2302188],[27.7563299,47.2298822],[27.7572887,47.2297301],[27.7589849,47.2297209],[27.7624602,47.2304209],[27.7661753,47.2314531],[27.7683456,47.231807],[27.769749,47.2319288],[27.7704615,47.2319364],[27.7711166,47.2318888],[27.7718196,47.2317967],[27.7731821,47.2315604],[27.7739976,47.2313317],[27.7746586,47.2309515],[27.7751569,47.2304647],[27.7754493,47.2297681],[27.7754985,47.2293648],[27.7753245,47.2286933],[27.7740699,47.2265993],[27.7733473,47.2253291],[27.7728345,47.2247209],[27.7719978,47.2239416],[27.769647,47.2225],[27.7694149,47.2222227],[27.7693137,47.2218406],[27.769552,47.2214803],[27.7699789,47.2211642],[27.77052,47.221011],[27.7722179,47.2208267],[27.7742262,47.2207441],[27.7760876,47.2206918],[27.7779299,47.2208378],[27.7796138,47.2209046],[27.7808792,47.2208801],[27.7819928,47.2206998],[27.7830706,47.2203318],[27.7839858,47.2200121],[27.7846794,47.2196204],[27.7857691,47.2186938],[27.7865174,47.2178357],[27.7866666,47.2173955],[27.7865377,47.2166516],[27.7864051,47.21628]],[[27.7569502,47.2486185],[27.7566445,47.2478788],[27.756172,47.2472069],[27.7555351,47.246581],[27.7550604,47.2462639],[27.7543138,47.2459621],[27.7532985,47.2459388],[27.752415,47.2460014],[27.7516611,47.2462625],[27.7509671,47.2466676],[27.7505583,47.2473199],[27.750502,47.2485841],[27.7502504,47.2490365],[27.7499981,47.2492542],[27.7496778,47.2493642],[27.7491776,47.2494556],[27.7486837,47.2492535],[27.7479668,47.2482929],[27.7471142,47.24752],[27.7457222,47.2466128],[27.74514,47.2457876],[27.744807,47.2449777],[27.7448522,47.2440164],[27.745141,47.2429352],[27.7459171,47.2416311]],[[27.7537278,47.25563],[27.752543,47.2558463],[27.7517137,47.2560009],[27.7512421,47.2561885],[27.7505916,47.2565417],[27.7500224,47.2569721],[27.7494045,47.2574578],[27.7487215,47.2578109],[27.7480222,47.2580317],[27.7473555,47.2581089],[27.7464773,47.2580758],[27.7454529,47.2579324],[27.7444446,47.2577558],[27.7436315,47.2575571],[27.742981,47.2573143],[27.7423631,47.256928],[27.7420866,47.2565306],[27.7419403,47.2561333],[27.7419728,47.2556587],[27.742168,47.2551289],[27.7424119,47.2545329],[27.742607,47.2539368],[27.7428997,47.2532746],[27.7432575,47.2525902],[27.7437454,47.251961],[27.744347,47.2514754],[27.7448349,47.2512104],[27.7453553,47.2510669],[27.746022,47.251078],[27.7464611,47.2511332],[27.7468026,47.251376],[27.7469489,47.2517734],[27.7468514,47.2522039],[27.7468514,47.2526675],[27.747079,47.253098],[27.7474205,47.2534953],[27.7479247,47.2538817],[27.7485101,47.2542459],[27.7491443,47.2546322],[27.749811,47.2548088],[27.7507217,47.2549523],[27.7515511,47.2549965],[27.7521202,47.2549633],[27.7525268,47.2547867],[27.7526747,47.2546433]],[[27.7864051,47.21628],[27.7863113,47.2159487],[27.7860987,47.2149757],[27.7859263,47.214679],[27.7856388,47.2143238],[27.7846963,47.213407],[27.7822817,47.2114082],[27.7800006,47.2097597],[27.779483,47.2093234],[27.7788859,47.2086859],[27.7781393,47.2074891],[27.7768644,47.2050209],[27.7769442,47.2045877],[27.7772335,47.2042279],[27.7774376,47.2039864],[27.7777199,47.2038437],[27.7784193,47.2036477],[27.778761,47.2036714],[27.7791459,47.2037732],[27.7798109,47.2039718],[27.7804041,47.2042291],[27.7815046,47.2049344],[27.7829154,47.2057601],[27.7848053,47.2070017],[27.7858915,47.2076862],[27.7864742,47.2079908],[27.7871949,47.2082269],[27.787982,47.2082943],[27.7887893,47.2082557],[27.7893512,47.2081394],[27.7897399,47.2079884],[27.7899544,47.2078716],[27.7901104,47.2077478],[27.7902745,47.2075218],[27.7905049,47.2072154],[27.790651,47.206903],[27.7907165,47.2067629],[27.7907875,47.2064126],[27.7905736,47.2059697],[27.789623,47.2049655],[27.7889909,47.2044772],[27.7881141,47.203109],[27.7872823,47.2013373],[27.7869246,47.1998768],[27.7869223,47.1998689],[27.7867779,47.1993702],[27.7860143,47.1979473],[27.785867,47.1975271],[27.7858084,47.1967579],[27.7859148,47.196115],[27.7860384,47.195542],[27.7864695,47.1947447],[27.7866008,47.1942348],[27.7865947,47.1935616],[27.7863877,47.1923088],[27.7863147,47.1917607],[27.7863564,47.1910226],[27.7864719,47.1906225],[27.7867419,47.1901875],[27.7870283,47.1898417],[27.7875846,47.1894287],[27.7881445,47.1890979],[27.7886186,47.1888547],[27.7891578,47.1886739],[27.7905421,47.1882342],[27.7921611,47.1878738],[27.793724,47.1876331],[27.7945843,47.1877064],[27.795792,47.1878376],[27.7976765,47.1885415],[27.798634,47.1891049],[27.7987105,47.1891499],[27.7991707,47.1894207],[27.8005436,47.1903745],[27.8011457,47.1907085],[27.8016407,47.1908731],[27.8021012,47.1907826],[27.802505,47.1906537],[27.80288,47.1902863],[27.8032172,47.1898124],[27.8034465,47.1892862],[27.8037654,47.1883103],[27.8036992,47.187673],[27.8031322,47.186777],[27.8021938,47.1855044],[27.802085,47.1853668],[27.8009294,47.1839054],[27.7996552,47.1823688],[27.7989258,47.1812718]],[[27.7973167,47.1753311],[27.7969659,47.1747735],[27.7964046,47.1740533],[27.7962675,47.1733648],[27.7960654,47.1726143],[27.7960656,47.17179],[27.7961381,47.1714532],[27.7961353,47.1711156],[27.7963023,47.1706984],[27.7967013,47.1699847],[27.7972006,47.1694105],[27.7985801,47.1688807],[27.8004372,47.1682285],[27.802271,47.1672014],[27.8037893,47.1665349],[27.8050639,47.1660937],[27.8058752,47.1658894],[27.8064988,47.1657996],[27.8073276,47.1658233],[27.8080154,47.1659055],[27.8099971,47.1662053],[27.8103397,47.1661866],[27.8106224,47.1661474],[27.8108557,47.1660579],[27.8111372,47.1658674],[27.81126,47.1656525],[27.8113153,47.1654823],[27.8113458,47.165312],[27.8113149,47.1649939],[27.811197,47.1642439],[27.8111392,47.1637775],[27.810765,47.1630866],[27.8101531,47.1625403],[27.8083624,47.1612381],[27.8067038,47.1594814],[27.8046693,47.1582526],[27.8026463,47.1570858],[27.8018648,47.1565221],[27.8012841,47.1550972],[27.801412,47.1539093],[27.8017299,47.1528055],[27.8015153,47.1521252],[27.8008989,47.1516732],[27.8001393,47.1514101],[27.7993475,47.1515469],[27.7974403,47.1530691],[27.7960162,47.1534614],[27.7923502,47.1536975],[27.7890654,47.1537492],[27.7880883,47.1535379],[27.7866835,47.1525977],[27.7849872,47.1509547],[27.7842268,47.1496911],[27.7844209,47.1484662],[27.7846909,47.1479693],[27.7851667,47.1474419],[27.786214,47.1469708],[27.7875164,47.1467405],[27.7896241,47.1473263],[27.7921222,47.1490007],[27.7931425,47.1494307],[27.793845,47.1496097],[27.7945084,47.1496294],[27.795115,47.1495379],[27.7957086,47.1491633],[27.7973541,47.1477356],[27.7985455,47.1462799],[27.8002632,47.1442549],[27.8004299,47.1428371],[27.7999274,47.1419415],[27.7992967,47.1414555],[27.7984805,47.141197],[27.797647,47.1414746],[27.7942176,47.1426233],[27.7912543,47.1431528],[27.7884744,47.1438168],[27.7861232,47.1445161],[27.7846195,47.1447454],[27.7821315,47.1446071],[27.7811708,47.1442736],[27.780763,47.1432118],[27.7812675,47.1423706],[27.7821661,47.141616],[27.7837537,47.1408068],[27.7848237,47.1405312],[27.7886696,47.1403645],[27.7911884,47.1401905],[27.7926415,47.1398928],[27.7956455,47.1391156],[27.7980853,47.13852],[27.8010727,47.1377572],[27.8059241,47.1376701],[27.8083496,47.1376451],[27.8100506,47.1377601],[27.8137512,47.1382909],[27.8145932,47.1383025],[27.8155093,47.1382468],[27.8160211,47.1381094],[27.8171294,47.1378593],[27.8178179,47.1375043],[27.8194739,47.1363594],[27.8205433,47.1356342],[27.8223519,47.1351],[27.8235417,47.1350935],[27.825072,47.1355754],[27.8272443,47.1371417],[27.828669,47.1382728],[27.8296257,47.1386648],[27.8301004,47.1387115],[27.8305407,47.1386881],[27.8309459,47.1385538],[27.8312213,47.1383667],[27.8313763,47.1381725],[27.8314455,47.1379432],[27.8313828,47.1376243],[27.8313096,47.1373672],[27.8311688,47.1371577],[27.8304623,47.1365957],[27.8293383,47.1359225],[27.829153,47.1355214],[27.8291791,47.1350718],[27.8292895,47.1346292],[27.8295549,47.1341619],[27.8301478,47.1336715],[27.8307998,47.1332751],[27.8316558,47.1330821],[27.8325316,47.1329695],[27.833733,47.1329651],[27.8358431,47.1331689],[27.8378348,47.1337845],[27.8387609,47.1341699],[27.8402817,47.134883],[27.841893,47.1357124],[27.8425869,47.1356355],[27.8445602,47.1343282],[27.8461279,47.1332628],[27.848535,47.1317993],[27.8497492,47.1308448],[27.8511013,47.1289847],[27.8516922,47.1278753],[27.8517617,47.127338],[27.8517551,47.1272789],[27.8516944,47.1267324],[27.8515075,47.126174],[27.8509522,47.1250929],[27.8503544,47.1244967],[27.8496569,47.1238189],[27.8480221,47.1226558],[27.8472467,47.1224335],[27.8465248,47.1223488],[27.8453791,47.1224194],[27.8447227,47.1226703],[27.8442498,47.1229248],[27.8439326,47.1235165],[27.8438707,47.1241844],[27.8438898,47.1249838],[27.8438558,47.1256144],[27.8435958,47.1267533],[27.8433236,47.1275165],[27.8423415,47.1286795],[27.8417139,47.1291948],[27.8409066,47.1297245],[27.8401857,47.1300741],[27.8393059,47.1302072],[27.8382954,47.1299949],[27.8379718,47.1297508],[27.8376946,47.1293643],[27.837529,47.1276116],[27.8372177,47.1269184],[27.8363189,47.1262458],[27.8349646,47.125396],[27.8333321,47.1248946],[27.8315803,47.1244363],[27.8296711,47.1241458],[27.8280722,47.1239443],[27.8273157,47.1236657],[27.8266782,47.123394],[27.8260971,47.1229789],[27.8258617,47.1227529],[27.8257022,47.1222713],[27.8257622,47.121797],[27.8261042,47.1213618]],[[27.7989258,47.1812718],[27.7982688,47.1798013],[27.7981485,47.179532],[27.7980192,47.178789],[27.7977346,47.1771538],[27.797529,47.1759942],[27.7973167,47.1753311]],[[27.5743401,47.4156526],[27.5741402,47.4140096],[27.5737979,47.4124842],[27.5739264,47.4112105],[27.5740281,47.410692],[27.5746072,47.4094357],[27.5758934,47.4083647],[27.5767741,47.4079982],[27.5773847,47.407701],[27.5790567,47.4077248],[27.5798892,47.4079144],[27.5804423,47.4082734],[27.5813854,47.4093843],[27.5817019,47.4100334],[27.5820608,47.4103152],[27.5827167,47.4102807],[27.5831816,47.4099592],[27.5839189,47.4092714],[27.584407,47.4086441],[27.5845338,47.4083184]],[[27.5737303,47.4590003],[27.5738771,47.4586477],[27.5741809,47.4578714],[27.5737083,47.4562011],[27.5722232,47.4535486],[27.5709063,47.4510185],[27.5702359,47.4499561],[27.5688376,47.4489026],[27.5679043,47.448406],[27.5661092,47.4477162],[27.5640119,47.4474438],[27.562165,47.4474819],[27.5597737,47.4477399],[27.5584769,47.4475805],[27.5577265,47.4472615],[27.5571916,47.4466649],[27.5572244,47.4458089],[27.5574517,47.4449428],[27.558862,47.4430301],[27.5603174,47.4409024],[27.5611827,47.4394867],[27.5609947,47.4384788],[27.5607483,47.4378035],[27.5603187,47.4371568],[27.5592789,47.436165],[27.5573349,47.4351937],[27.5551443,47.4350336],[27.5541165,47.4347436],[27.5535203,47.4345752],[27.5531642,47.4343715],[27.5528016,47.4340772],[27.5525409,47.4333359],[27.5527265,47.4326842],[27.5531518,47.4315329],[27.553387,47.4301637],[27.5542121,47.4277732],[27.5556229,47.42623],[27.5565896,47.4253905],[27.5580504,47.4249517],[27.5593671,47.4246429],[27.5608181,47.4239166],[27.5618877,47.4232001],[27.5624334,47.4228626],[27.5631998,47.4224792],[27.5637032,47.4223581],[27.5647179,47.4222716],[27.5653987,47.4222765],[27.5658287,47.4224358],[27.5663861,47.4226771],[27.5670157,47.4232913],[27.5675763,47.4241863],[27.5680645,47.4249249],[27.5687248,47.4252435],[27.5696148,47.4253552],[27.5701873,47.425223],[27.5706926,47.4248131],[27.5710848,47.4241708],[27.571145,47.4237295],[27.5709329,47.4231722],[27.5705528,47.4227698],[27.5703213,47.4224805],[27.5700209,47.4220115],[27.5699396,47.4213853],[27.5702919,47.4206323],[27.5718415,47.4199989],[27.5734438,47.4197121],[27.5746225,47.4192457],[27.5750685,47.4187746],[27.5752909,47.4170657],[27.5743401,47.4156526]],[[27.4733394,47.4874308],[27.4733994,47.4869487],[27.474028,47.4859808],[27.474917,47.4851887],[27.4757894,47.484821],[27.4778294,47.4851122],[27.4797144,47.486032],[27.4807636,47.4864221],[27.4841632,47.4869452],[27.4846592,47.4870215],[27.4859682,47.4875003],[27.4865886,47.4876674],[27.4902515,47.488596],[27.4919222,47.4889209],[27.4934631,47.4887215],[27.4934646,47.4887213],[27.4944741,47.4884108],[27.4955423,47.4876698],[27.495861,47.487078],[27.4955669,47.4861676],[27.4936618,47.4849173],[27.4918749,47.4843086],[27.4912476,47.4836124],[27.491349,47.4826537],[27.4920734,47.4810787],[27.4930754,47.4802882],[27.495746,47.479254],[27.4988962,47.4786702],[27.5020428,47.4782823],[27.5044358,47.4782492],[27.5067522,47.4782225],[27.5085039,47.4792103],[27.5088,47.479987],[27.5091274,47.4807033],[27.5090813,47.4815206],[27.5086153,47.4823472],[27.5075531,47.483205],[27.5070731,47.48384],[27.5069716,47.4848433],[27.5077023,47.4858044],[27.5089861,47.4864638],[27.5103129,47.4869201],[27.5111274,47.4871956],[27.5118043,47.4877049],[27.5122869,47.4883105],[27.5131237,47.4902208],[27.513585,47.4906231],[27.5142395,47.4909385],[27.5152963,47.4910019],[27.5163531,47.4908044],[27.516994,47.4904851],[27.517313,47.4900064],[27.5176399,47.4894744],[27.5175805,47.4888845],[27.5173198,47.4882791],[27.5166728,47.4875287],[27.5145408,47.4861522],[27.5130869,47.4843787],[27.5123523,47.4815069],[27.5123244,47.4789609],[27.512083,47.4765462],[27.5128126,47.4751321],[27.5141105,47.4739022],[27.516315,47.4737069],[27.5180751,47.4751249],[27.5197606,47.4775051],[27.5200638,47.4785601],[27.5203322,47.479564],[27.5205274,47.4808586],[27.5209271,47.4819405],[27.5217293,47.4823705],[27.5226301,47.4824317],[27.5234561,47.4823666],[27.5253781,47.4817308],[27.5272927,47.4809784],[27.5287367,47.4803491],[27.5308993,47.4790013],[27.5324091,47.478187],[27.5335708,47.4779504],[27.5347727,47.4778847],[27.5358252,47.4779957],[27.5370651,47.4787216],[27.5375211,47.479773],[27.5373816,47.4806395],[27.5370598,47.4814553],[27.5363117,47.4821757],[27.5350779,47.482694],[27.533648,47.4828982],[27.5328702,47.4830976],[27.5321192,47.4834021],[27.5315398,47.4838226],[27.5314486,47.4849283],[27.5321349,47.4861918],[27.5331974,47.4874804],[27.5354934,47.4888579],[27.5362766,47.4890116],[27.5382054,47.4890226],[27.5402583,47.4880279],[27.5408012,47.4873198],[27.5408585,47.4864603],[27.5406164,47.4851277],[27.5406164,47.4836414],[27.5413084,47.4807809],[27.5419268,47.4788783],[27.5443518,47.4756587],[27.5461779,47.4741596],[27.548377,47.4729429],[27.550818,47.4721262],[27.5541435,47.4712259],[27.5561575,47.4702603],[27.5571495,47.4691419],[27.5574398,47.4672412],[27.5576169,47.4653754],[27.5581419,47.4644783],[27.5594437,47.4634218],[27.5613366,47.4625177],[27.5628423,47.4625435],[27.5642347,47.4627224],[27.5659418,47.4632126],[27.5670576,47.4637203],[27.5686991,47.4647902],[27.5696503,47.4655136],[27.5703718,47.4655688],[27.571336,47.4652166],[27.5718688,47.4648145],[27.5723156,47.4642636],[27.5731884,47.4629681],[27.5734927,47.4616069],[27.5735074,47.4595358],[27.5737303,47.4590003]],[[27.471984,47.4902426],[27.4725236,47.4898027],[27.473208,47.4888647],[27.4733394,47.4874308]],[[27.4571499,47.5354554],[27.4571277,47.5348747],[27.456851,47.5342403],[27.4560753,47.5336794],[27.4543182,47.5332534],[27.452259,47.5325989],[27.4499433,47.5322964],[27.4471442,47.5322287],[27.4449184,47.5316512],[27.444341,47.5313253],[27.4440837,47.5309734],[27.4439638,47.5305591],[27.4443103,47.5297855],[27.4454536,47.529083],[27.4475662,47.5279565],[27.4487988,47.5271313],[27.4502624,47.526238],[27.4509856,47.5244768],[27.4508959,47.5229368],[27.4509989,47.5222039],[27.4519522,47.5214812],[27.4529626,47.5211711],[27.4546016,47.5212783],[27.4551773,47.5216857],[27.4562885,47.5228221],[27.4587532,47.5236666],[27.460919,47.5250768],[27.4620504,47.5259104],[27.4638352,47.5273351],[27.4647215,47.5276057],[27.4657811,47.5276393],[27.4669925,47.5272076],[27.4677467,47.5264177],[27.4678041,47.5257618],[27.4673266,47.5251888],[27.465819,47.5244675],[27.4642954,47.5239924],[27.4628635,47.523428],[27.4616922,47.5227986],[27.4599585,47.5214076],[27.4587601,47.5207068],[27.4571943,47.5198889],[27.4561374,47.5187162],[27.4554125,47.5169983],[27.4551769,47.5159315],[27.4556331,47.5152754],[27.4567062,47.514433],[27.4572149,47.513371],[27.4568449,47.5123547],[27.4560571,47.5114979],[27.4549252,47.5099286],[27.4542669,47.5083916],[27.4543449,47.507438],[27.4564566,47.5052181],[27.4581403,47.503795],[27.4598817,47.5028132],[27.461704,47.5021464],[27.4633394,47.5016612],[27.4657699,47.500809],[27.4673624,47.499802],[27.4682152,47.4986138],[27.4682527,47.4973988],[27.4674399,47.495737],[27.4673704,47.4946691],[27.4676549,47.4935592],[27.4686319,47.4926249],[27.4701691,47.4915156],[27.471984,47.4902426]],[[27.3912556,47.5894225],[27.3940002,47.5883678],[27.3969837,47.5871732],[27.399026,47.5860795],[27.4001736,47.5851114],[27.4009171,47.5845705]],[[27.3634947,47.6128156],[27.3635178,47.6113848],[27.3664739,47.6075774],[27.3678739,47.6058791],[27.3690792,47.6042164],[27.3700161,47.6025826],[27.3715688,47.6020924],[27.3725509,47.6018498],[27.3740724,47.601366],[27.3746644,47.6009445],[27.3746671,47.6003326],[27.3742373,47.5999736],[27.3728806,47.5996297],[27.3718752,47.599353],[27.3715103,47.5989048],[27.3718483,47.5981281],[27.3727625,47.5973719],[27.3737407,47.5967213],[27.3777027,47.5947397],[27.3814573,47.5929685],[27.3876494,47.59115],[27.3912556,47.5894225]],[[27.4009171,47.5845705],[27.4024641,47.5838037],[27.404876,47.5827585],[27.407803,47.5826839],[27.4095398,47.5825928],[27.4124295,47.5826531],[27.4147849,47.5829252],[27.4199556,47.5837875],[27.423777,47.5840678],[27.4250735,47.5840247],[27.4267602,47.5836519]],[[27.4267602,47.5836519],[27.4278692,47.5830097],[27.4286705,47.5821632],[27.4289062,47.5808975],[27.4281541,47.5796485],[27.426907,47.5788729],[27.425221,47.5780688],[27.4234922,47.5772778],[27.4222865,47.5760831],[27.4199766,47.5742587],[27.4174984,47.572564],[27.4165236,47.5714005],[27.4163727,47.5705874],[27.4169847,47.5694437],[27.4174324,47.568692],[27.4178834,47.5677654],[27.4182368,47.5661395],[27.4185349,47.5649922],[27.4203476,47.5632718],[27.4210489,47.5628473],[27.4219768,47.5624802],[27.4229513,47.5624918],[27.4255156,47.562532],[27.427981,47.5625749],[27.4304689,47.5633874],[27.4317338,47.5632392],[27.4324858,47.562917],[27.4328852,47.5622792],[27.4329151,47.561655],[27.4326131,47.5613164],[27.4318199,47.5605155],[27.4296373,47.5598102],[27.428657,47.5594397],[27.4281893,47.5587926],[27.4263364,47.5572282],[27.4246264,47.5559211],[27.4239119,47.5546599],[27.4239808,47.5539299],[27.4246001,47.5534902],[27.4262361,47.5526815],[27.4283115,47.5521808],[27.4295009,47.55171],[27.430573,47.5513012],[27.4336414,47.5511182],[27.4360127,47.5510687],[27.4369597,47.5509703],[27.4377717,47.5507523],[27.43887,47.5501164],[27.4395561,47.5495583],[27.4401796,47.5488088],[27.4400604,47.5483055],[27.4394187,47.5475411],[27.43855,47.5469689],[27.4370568,47.5465377],[27.4353407,47.5466201],[27.4333904,47.5475526],[27.4323145,47.5476812],[27.4309829,47.5473702],[27.4299148,47.546795],[27.4297693,47.5456957],[27.4300113,47.5450453],[27.4308321,47.5441071],[27.4317348,47.5435185],[27.4327122,47.5431074],[27.4327589,47.5427099],[27.4336425,47.5421675],[27.4344884,47.5417258],[27.4355448,47.5413574],[27.4366988,47.5411334],[27.4379386,47.5409963],[27.4391952,47.5408236],[27.4397742,47.5405469],[27.4402888,47.5401834],[27.4411249,47.5394563],[27.4420272,47.5375094],[27.4432451,47.5362775],[27.445318,47.5350328],[27.4462161,47.5347525],[27.4471709,47.5345487],[27.4483761,47.5346501],[27.4508366,47.535803],[27.452917,47.5370191],[27.45333,47.5371287],[27.4540201,47.5372093],[27.4547947,47.5372094],[27.4555823,47.5369974],[27.4565865,47.5365373],[27.4571499,47.5354554]],[[27.3179557,47.6409432],[27.3199516,47.6400378],[27.3219012,47.6391383],[27.3236016,47.637768],[27.3255691,47.6355322],[27.3260549,47.6351873],[27.3279128,47.6338682],[27.3283961,47.6329634],[27.3287267,47.632015],[27.3305578,47.6300632],[27.3315698,47.6289443],[27.3332679,47.6276613],[27.3391244,47.6253677],[27.3453516,47.6239098],[27.349239,47.6230442],[27.3528948,47.622649],[27.3550943,47.6221423],[27.3589395,47.6209199],[27.3603696,47.6197362],[27.3618123,47.6187065],[27.3627676,47.61761],[27.3636775,47.6159196],[27.3641996,47.6141193],[27.3634947,47.6128156]],[[28.0968797,46.9439568],[28.0968144,46.9422761],[28.0965204,46.94107],[28.0957869,46.9401625],[28.0946376,46.9395647],[28.0932934,46.939319],[28.0923357,46.9393662],[28.0914504,46.9395327],[28.0904751,46.9398437],[28.0896923,46.9402829],[28.0886091,46.9418907],[28.0883284,46.9420391],[28.0879122,46.9420528],[28.0876028,46.94194],[28.087317,46.94159],[28.0872702,46.9411718],[28.0873881,46.9407372],[28.0876045,46.9402942],[28.0882224,46.9395614],[28.0902194,46.9379556],[28.0905063,46.9375852],[28.090598,46.937126],[28.0904519,46.936617],[28.0900478,46.9361004],[28.0885224,46.9349971],[28.0875115,46.934807],[28.0866716,46.9348362],[28.0863885,46.9349536],[28.0863026,46.9351721],[28.0864026,46.9355531],[28.0867737,46.9361192],[28.0867371,46.9366669],[28.0865481,46.9371825],[28.0861438,46.9379632],[28.0856665,46.9386105],[28.0850794,46.9391094],[28.0841199,46.9392924],[28.0832636,46.9391859],[28.0823768,46.9388884],[28.0817956,46.9385143],[28.0812294,46.9381131],[28.0809635,46.9376996],[28.0809642,46.9373256],[28.081162,46.937019],[28.0828606,46.935019],[28.084072,46.934012],[28.0857113,46.9337865],[28.0879876,46.9339646],[28.0903034,46.9336417],[28.0927066,46.9335296],[28.0968827,46.9334545],[28.1005563,46.9331651],[28.1027699,46.932672],[28.1052044,46.9313659],[28.1063363,46.9299658],[28.1066076,46.9292329],[28.1060821,46.9283239],[28.1042358,46.9277658],[28.1026514,46.9277834],[28.1013041,46.9285488],[28.1018615,46.9299492],[28.1011103,46.9306092],[28.0998696,46.9307683],[28.0976775,46.9298758],[28.0961318,46.9290867],[28.0960219,46.928422],[28.0975604,46.9274678],[28.0993501,46.9267387],[28.1020818,46.9259132],[28.1056816,46.9248943],[28.1087069,46.9237902],[28.1113181,46.9231618]],[[28.1113181,46.9231618],[28.1121373,46.9228094],[28.112742,46.9222519],[28.1125928,46.9211711],[28.1115175,46.9200418],[28.1104192,46.9185865],[28.1091167,46.9165394],[28.106191,46.9136295],[28.1051411,46.9112096],[28.1042481,46.9102779],[28.1029051,46.9093745],[28.1012455,46.9092992],[28.1002446,46.9098153],[28.098396,46.9106867],[28.0967104,46.9106385],[28.0955542,46.9104187],[28.0941804,46.9100447],[28.0934653,46.9091935],[28.0935512,46.908513],[28.0945729,46.9076166],[28.0952106,46.9067439],[28.095736,46.9059333],[28.0959054,46.904741],[28.0949775,46.9044638],[28.0923678,46.9051],[28.090479,46.9055633],[28.0888649,46.9067097],[28.0874325,46.9076534],[28.0866306,46.9076512],[28.0854996,46.9062679],[28.0844788,46.9047476],[28.0833376,46.9035829],[28.0829309,46.9030072],[28.083055,46.9020458],[28.083889,46.9012362],[28.0857439,46.9003296],[28.0876951,46.9000851],[28.0889261,46.899903],[28.0892657,46.8994836],[28.0889044,46.8989456],[28.086471,46.8979213],[28.0855729,46.8968444],[28.0852524,46.8955632],[28.0859485,46.8949344],[28.086987,46.8949435],[28.0901899,46.8963864],[28.0914231,46.8966417],[28.0927993,46.896558],[28.0942232,46.8960997],[28.0950202,46.8953274],[28.0955777,46.8940302],[28.095785,46.8921882],[28.0968161,46.8918911],[28.0978257,46.8921686],[28.1000702,46.8939718],[28.101662,46.8954074],[28.1029152,46.8960039],[28.1038484,46.8958931],[28.1046697,46.8948889],[28.1058327,46.8926251],[28.1069275,46.8905121],[28.1078818,46.8890534],[28.1091209,46.8890129],[28.1100302,46.8900052],[28.1100554,46.8914008],[28.1096819,46.8930798],[28.1092174,46.8947523],[28.1095424,46.8952965],[28.1099123,46.895612],[28.1108618,46.8956058],[28.112024,46.8946408],[28.1134222,46.893054],[28.1139535,46.8918724],[28.1143629,46.8899503],[28.1137766,46.8871448],[28.1129609,46.8853587],[28.1125215,46.8843949],[28.1122658,46.8834814],[28.1122142,46.882682],[28.1124014,46.8819705],[28.113081,46.8814417]],[[28.1147118,46.8376187],[28.1152787,46.8369427],[28.1156682,46.8359835],[28.1156251,46.8337976],[28.1159465,46.8315189],[28.1160797,46.8287027],[28.1155854,46.82581],[28.1140988,46.8230334],[28.1143591,46.8219849],[28.1155033,46.82067],[28.1167283,46.8195427],[28.1173491,46.8190929],[28.1180334,46.818759],[28.1186552,46.8186694],[28.1192981,46.8187247],[28.1198074,46.8189472],[28.1202956,46.8193579],[28.1211641,46.8202967],[28.1229447,46.8225556],[28.1232507,46.8228555],[28.1235355,46.823083],[28.1242135,46.8233008],[28.1249973,46.8232725],[28.1254486,46.8231241],[28.1257729,46.8228309],[28.1259271,46.8223692],[28.1259071,46.8221275]],[[28.1114395,46.8398994],[28.1120898,46.8394474],[28.1139719,46.8383774],[28.1147118,46.8376187]],[[28.1119571,46.8404532],[28.1116775,46.8403627],[28.1115173,46.8402531],[28.1114187,46.8401182],[28.1114395,46.8398994]],[[28.1119571,46.8404532],[28.1116742,46.8408822],[28.1113768,46.841594],[28.1109789,46.8426528],[28.1104112,46.8436534],[28.1101843,46.8440088],[28.1099152,46.8442687],[28.109462,46.8443738],[28.1091705,46.844381],[28.1088932,46.8442526],[28.1083503,46.8438879],[28.1078215,46.8430536],[28.1075412,46.8424757],[28.1074223,46.8421867],[28.1074732,46.8419655],[28.1076011,46.8417664],[28.1078705,46.841548],[28.1084093,46.8412855],[28.1114395,46.8398994]],[[28.1149202,46.8466358],[28.1146871,46.8459732],[28.1143289,46.8431371],[28.1138989,46.8418495],[28.1129303,46.8408603],[28.1124237,46.840598],[28.1119571,46.8404532]],[[28.113081,46.8814417],[28.1141647,46.8809632],[28.1169197,46.8801269],[28.1180991,46.8793615],[28.1187111,46.8786814],[28.1189006,46.8782148],[28.1188287,46.8777298],[28.1185915,46.8774207],[28.1179228,46.877384],[28.1166111,46.877586],[28.1154759,46.8775754],[28.1140074,46.8773175],[28.112974,46.8767187],[28.1126356,46.8763604],[28.1115361,46.8748366],[28.1107127,46.8741848],[28.1093872,46.8734321],[28.1083313,46.8730579],[28.1075785,46.8728909],[28.1065704,46.8729499],[28.1056634,46.8732789],[28.104833,46.8737363],[28.1039475,46.8739677],[28.103083,46.8740407],[28.1020899,46.8739379],[28.1011599,46.8736548],[28.1000279,46.8731331],[28.0990303,46.8722562],[28.0986182,46.8717495],[28.0983348,46.8712302],[28.0982644,46.8704963],[28.0985965,46.8698223],[28.0991458,46.8697908],[28.1002761,46.8697111],[28.1017917,46.8696314],[28.1039213,46.8695038],[28.1048922,46.8694362],[28.1087783,46.8698334],[28.1101453,46.8699493],[28.1112731,46.8698834],[28.1118428,46.869693],[28.112339,46.8693645],[28.1124139,46.869086],[28.1123234,46.8687573],[28.1121,46.868433],[28.1110683,46.8679956],[28.1081927,46.8670534],[28.1076832,46.8667457],[28.1073941,46.86635],[28.1073742,46.8660974],[28.1074646,46.86587],[28.1083902,46.8649937],[28.1111021,46.8627199],[28.1136773,46.8612962],[28.1163524,46.8598727],[28.1184091,46.8591275],[28.1214498,46.8580385],[28.1228158,46.8572779],[28.1234614,46.8566302],[28.1235821,46.8561683],[28.1234076,46.8557611],[28.1229391,46.8555173],[28.1217043,46.8555531],[28.1207635,46.8555387],[28.1188979,46.8553638],[28.117954,46.8552303],[28.117498,46.855052],[28.1172348,46.8548611],[28.1170909,46.8546669],[28.1170389,46.8543848],[28.1171835,46.8538737],[28.1175698,46.8534183],[28.1181991,46.8530359],[28.1189938,46.8526911],[28.1196585,46.8525302],[28.1204151,46.8524573],[28.1212284,46.8525924],[28.1235222,46.8529718],[28.1252633,46.8531751],[28.126551,46.8531232],[28.1270448,46.8530163],[28.1273964,46.8527204],[28.1274762,46.852348],[28.127268,46.8519529],[28.1254786,46.8506916],[28.1249932,46.8501465],[28.1245262,46.8493125],[28.1239065,46.8479568],[28.12381,46.8474268],[28.1236327,46.8472408],[28.1233636,46.8471302],[28.1227915,46.8470875],[28.1224229,46.8471839],[28.1221094,46.8473683],[28.1215203,46.8479355],[28.1202853,46.8494031],[28.1199382,46.8498088],[28.1195176,46.8499883],[28.1191485,46.8499877],[28.1181181,46.8495474],[28.116458,46.8484632],[28.1156659,46.8476497],[28.1149202,46.8466358]],[[28.0792226,46.9640481],[28.0785579,46.963435],[28.078327,46.9628091],[28.0785206,46.9619879],[28.0795424,46.96078],[28.0816863,46.9584091],[28.083505,46.9571656],[28.0851416,46.9564461],[28.0865308,46.9560124],[28.0887842,46.9558998],[28.0932217,46.9566546],[28.0937614,46.9563754],[28.093761,46.9548579],[28.0932376,46.9538822],[28.0920226,46.9526362],[28.0904977,46.9513769],[28.0897858,46.9498761],[28.0895908,46.9489076],[28.0896791,46.94784],[28.0902309,46.9470359],[28.0912999,46.9466766],[28.0925719,46.9474856],[28.0936014,46.9492619],[28.0951082,46.9502622],[28.0957831,46.950498],[28.0971265,46.9500082],[28.0981995,46.9489369],[28.098476,46.9484068],[28.0982367,46.9471759],[28.0977792,46.945832],[28.0968797,46.9439568]],[[27.986931,47.0345291],[27.9869814,47.0346312],[27.9870816,47.0348543],[27.9872692,47.0355081],[27.9875903,47.0365209],[27.9877438,47.0367525],[27.9880149,47.0371344],[27.9890293,47.0378812],[27.9895997,47.0380997],[27.9901373,47.0382072],[27.9905335,47.0382338],[27.9909404,47.0381855],[27.9913268,47.038057],[27.9931605,47.0373091],[27.9941579,47.0368019],[27.9950337,47.0362215],[27.99566,47.0355779],[27.9961149,47.0348959],[27.9961241,47.0340665],[27.9959429,47.033234],[27.9951599,47.0320578],[27.9944748,47.0308894],[27.9943975,47.0301909],[27.9944126,47.0297939],[27.994584,47.0293296],[27.9947599,47.029147],[27.9951169,47.0289697],[27.9955213,47.0289067],[27.9964169,47.0288898],[27.9983811,47.0288093],[28.0010623,47.0281193],[28.0051239,47.0272216],[28.0076319,47.0264683],[28.0096007,47.0257444],[28.0116803,47.024846],[28.0147666,47.0236449],[28.0163405,47.0232068],[28.0170446,47.0230655],[28.0185579,47.0229229],[28.0197306,47.0229121],[28.0211181,47.0229978],[28.0227319,47.0233529],[28.023515,47.0236802],[28.0239053,47.024025],[28.0243667,47.0246447],[28.0244279,47.0250259],[28.0243507,47.0256251],[28.0238354,47.0271064],[28.0237931,47.0275201],[28.0238882,47.0278638],[28.0240931,47.0281566],[28.0257308,47.0295526],[28.0267406,47.030071],[28.0274329,47.0302252],[28.0286553,47.0304415],[28.0298335,47.0304391],[28.0313986,47.0301353],[28.0319074,47.0301018],[28.0338277,47.0302944],[28.0351285,47.0303064],[28.0355182,47.0301642],[28.0369154,47.0292079]],[[28.0369154,47.0292079],[28.0376035,47.0287794],[28.0382934,47.028191],[28.0394243,47.0262544],[28.0400934,47.0250251],[28.0403091,47.0234715],[28.0402907,47.0230909],[28.0402746,47.0227591],[28.0406448,47.0212997],[28.0409921,47.0206876],[28.041308,47.0204462],[28.0421596,47.0201054],[28.0435743,47.0202035],[28.0443923,47.0207806],[28.0450469,47.0216728],[28.0451619,47.0230774],[28.0456077,47.0241527],[28.0461817,47.0246939],[28.0470581,47.0250541],[28.0479352,47.0249819],[28.0485592,47.0247348],[28.0495254,47.0234193],[28.0515461,47.0206975],[28.0525306,47.0190945],[28.0537677,47.0155823],[28.0538238,47.0139651],[28.0527871,47.0133249],[28.0516815,47.0134729],[28.0495678,47.0155383],[28.0475932,47.0172808],[28.0461628,47.0181882],[28.0444956,47.0189886],[28.0424756,47.0192696],[28.0392199,47.0186411],[28.0375177,47.0178489],[28.0352688,47.0155499],[28.0333757,47.0139973],[28.0324364,47.0131615],[28.0320277,47.0115115],[28.032919,47.0106838],[28.0343472,47.0101139],[28.0357817,47.0099498],[28.0361052,47.011118],[28.0372283,47.0120465],[28.0383882,47.012265],[28.0398502,47.0118112],[28.0429802,47.0091457],[28.0432588,47.0086244],[28.0434283,47.0078444],[28.0432565,47.0073927],[28.0427489,47.0070554],[28.0421926,47.0070056],[28.0415811,47.0072411],[28.0408052,47.0078132],[28.0404093,47.0079637],[28.0399006,47.0080183],[28.0393857,47.0078725],[28.0391926,47.0076609],[28.039242,47.0073467],[28.0396632,47.0067899],[28.0403052,47.00628],[28.0414218,47.0059192],[28.0423286,47.0057301],[28.043337,47.005455],[28.0439677,47.0049796],[28.0454296,47.0034229],[28.0468306,47.0027653],[28.0490551,47.0018104],[28.050555,47.0013841],[28.0521078,47.0012327],[28.0532647,47.0016046],[28.0534304,47.0027979],[28.0522613,47.0037808],[28.0514312,47.0042032],[28.0508514,47.0049196],[28.0508385,47.0053626],[28.0511474,47.0057324],[28.0516902,47.0059913],[28.052359,47.0061357],[28.0531042,47.0060602],[28.0533287,47.0059771]],[[28.0533287,47.0059771],[28.0538493,47.0057843],[28.0547002,47.0052756],[28.0552936,47.0046921],[28.0556771,47.0041658],[28.0560967,47.0034684],[28.0562349,47.0028815],[28.0562191,47.0024048],[28.0559724,47.0017578],[28.0550129,47.0008855],[28.0543871,47.0004421],[28.0542228,47.000158],[28.0543184,46.9998684],[28.0546252,46.999567],[28.0551681,46.9993826],[28.0586512,46.9986357],[28.0615368,46.997802],[28.0630231,46.9972498],[28.068304,46.9949484],[28.0718464,46.9932974],[28.0736497,46.9924408],[28.0759727,46.9916418],[28.0776911,46.991222],[28.0804128,46.9908861],[28.0821892,46.9899043],[28.0825739,46.9888741],[28.081819,46.9876989],[28.0782824,46.9867898],[28.07763,46.9860462],[28.0779217,46.985316]],[[28.0779217,46.985316],[28.0781124,46.9850791],[28.0788885,46.9848305],[28.0825996,46.9851679],[28.0840708,46.9850073],[28.0856336,46.9846119],[28.0874386,46.9833678],[28.0888371,46.9813857],[28.0898182,46.9808089],[28.0907488,46.9806041],[28.0910567,46.9805344]],[[28.0910567,46.9805344],[28.0937235,46.9799305],[28.0951167,46.9795042],[28.095868,46.9789629],[28.096242,46.9784822],[28.0963487,46.977865],[28.0960187,46.9765277],[28.094284,46.9751242],[28.0924552,46.9742263],[28.090419,46.9740451],[28.0882732,46.9739572],[28.0867933,46.973549],[28.0847542,46.9721124],[28.0843164,46.9711878],[28.0845144,46.9701017],[28.0861269,46.9674522],[28.0863261,46.96606],[28.0854299,46.9648772],[28.0844376,46.9645373],[28.083589,46.9645786],[28.0819542,46.9648988],[28.0804767,46.9648448],[28.0792226,46.9640481]],[[27.9457041,47.060141],[27.9466655,47.0599483],[27.9476,47.0599021],[27.949218,47.0600075],[27.9493388,47.0600154],[27.9500899,47.0599098],[27.9531287,47.0591668],[27.9547309,47.0588108],[27.9563425,47.0584111],[27.9576979,47.0579422],[27.958763,47.05744],[27.9596359,47.0568626],[27.9602079,47.0563554],[27.9603206,47.0558141],[27.9603079,47.0552829],[27.9601543,47.0546551],[27.9600579,47.0544412],[27.9597882,47.0542453],[27.9592934,47.0540698],[27.9583023,47.05386],[27.9574886,47.0537793],[27.9566647,47.0537162],[27.9557502,47.0538126],[27.9536086,47.05452],[27.9523826,47.0547772],[27.9518388,47.0547603],[27.9512158,47.0546389],[27.9493957,47.0538453],[27.9471671,47.0532264],[27.946154,47.0529631],[27.9450983,47.0524594],[27.944482,47.0518699],[27.9441042,47.0511752],[27.9440776,47.0504904],[27.9442509,47.05011],[27.9446004,47.0497658],[27.9455737,47.0498019],[27.9460815,47.0496543],[27.9468064,47.0492875],[27.9482056,47.0480565],[27.9494073,47.0474867],[27.9506905,47.0469984],[27.9512218,47.0469068],[27.9519622,47.0467786],[27.9529737,47.04688],[27.9541516,47.0471743],[27.9555354,47.0474556],[27.9570307,47.048141],[27.9585069,47.048615],[27.9613707,47.0493299],[27.9633051,47.0495514],[27.9638547,47.0493787],[27.964162,47.0492376],[27.9643394,47.0488569],[27.9642303,47.0484687],[27.9639135,47.0477677],[27.9631781,47.0471966],[27.962519,47.0468447],[27.9614569,47.0465218],[27.9610113,47.0465671],[27.9594715,47.046765],[27.9588463,47.0467055],[27.9585518,47.0464982],[27.9581689,47.0461727],[27.9580292,47.0456094],[27.958325,47.0444447],[27.9583394,47.04357],[27.9583373,47.0431302],[27.9584182,47.0426889],[27.9588645,47.0418095],[27.9592244,47.0413737],[27.9594977,47.0411891],[27.9598193,47.0410219],[27.9602649,47.0409948],[27.9606144,47.0411143],[27.9608699,47.0414511],[27.961008,47.0423617],[27.9613819,47.042818],[27.9624246,47.0432594],[27.9629621,47.0434426],[27.9640381,47.0436903],[27.9668,47.0442955],[27.9685159,47.0446564],[27.9697298,47.0447984],[27.9713376,47.0448107],[27.9725451,47.0446153],[27.9730516,47.044481],[27.9738773,47.0442114],[27.9745754,47.0438693],[27.9754953,47.0432689],[27.9759126,47.0427731],[27.9761543,47.0424958],[27.9762264,47.04222],[27.9762399,47.0406573],[27.9765052,47.039453],[27.9770324,47.0386307],[27.9774303,47.0379889],[27.9784272,47.036965],[27.9791048,47.0364713],[27.9813893,47.0351807],[27.9829459,47.0346931],[27.9839977,47.0345158],[27.9848939,47.0343817],[27.9856894,47.0342721],[27.9863105,47.0342744],[27.986931,47.0345291]],[[27.8748453,47.1079062],[27.8752364,47.1075783],[27.8754399,47.1072274],[27.8754829,47.1068039],[27.8753109,47.1063725],[27.8751309,47.1061762],[27.8745951,47.1055916],[27.8731013,47.1049199],[27.8722903,47.1046102],[27.8715044,47.1045441],[27.8692707,47.1047589],[27.8683006,47.1046756],[27.8675504,47.1043776],[27.8670953,47.1040206],[27.8668097,47.1036178],[27.8666932,47.1031839],[27.8668907,47.1027199],[27.8674051,47.1022836],[27.8680289,47.1021202],[27.8686788,47.1020675],[27.8693099,47.1024314],[27.8698574,47.1029149],[27.8706386,47.1032807],[27.8715231,47.1034123],[27.8731663,47.1033498],[27.8747081,47.1030493],[27.8761502,47.1023647],[27.8774118,47.1014346],[27.8786366,47.1004867],[27.8803234,47.0996261],[27.8812585,47.099393],[27.8830396,47.0991669],[27.8836954,47.0989419],[27.8839283,47.0984995],[27.8835571,47.097174],[27.8830683,47.0963535],[27.8814106,47.0950223],[27.8802346,47.0939927],[27.8795638,47.0928977],[27.8797502,47.091834],[27.8801822,47.0912628],[27.8808162,47.0907845],[27.8825016,47.0901599],[27.8839401,47.0898433],[27.8851625,47.0898834],[27.8874682,47.0906174],[27.8881305,47.090731],[27.888801,47.0906737],[27.8896497,47.0902284],[27.8902978,47.0897453],[27.8916268,47.0885218],[27.8932122,47.0870789],[27.8949513,47.0850966],[27.8956168,47.0836492],[27.8962559,47.0822162],[27.8968953,47.0795216],[27.8971783,47.077323],[27.8969171,47.0751201],[27.897294,47.0737965],[27.8975666,47.0733843],[27.8981219,47.0731265],[27.8987258,47.07308],[27.8998535,47.0733606],[27.9011452,47.0740223],[27.9023174,47.074747],[27.9029253,47.0755644],[27.9039545,47.0764996],[27.9045963,47.07679],[27.9049423,47.0769351],[27.9057479,47.0768137],[27.906429,47.0764011],[27.9068732,47.0757195],[27.9077637,47.0743182],[27.9097297,47.0728952],[27.9117473,47.0715952],[27.9130133,47.0707913],[27.9140562,47.069905],[27.9148809,47.068774],[27.9156158,47.0675635],[27.9158181,47.06731],[27.9161754,47.0670163],[27.9165244,47.0668304],[27.9169727,47.0667824],[27.9174385,47.0668218],[27.9180761,47.0670618],[27.9185125,47.0673134],[27.9194929,47.0680544],[27.9204046,47.0683081],[27.9208613,47.0682782],[27.9222577,47.0680629],[27.9227707,47.0679308],[27.9233438,47.0677208],[27.9240552,47.0673709],[27.9243379,47.0672428],[27.925578,47.0662313],[27.9271206,47.0647985],[27.9286539,47.0635837]],[[27.8261042,47.1213618],[27.8274461,47.120483],[27.8279528,47.1199035],[27.828794,47.1184628],[27.82947,47.1177511],[27.8303421,47.1170768],[27.8309228,47.1165958],[27.831577,47.1162448],[27.8325145,47.1157419],[27.8345798,47.1150839],[27.8367246,47.1146886],[27.8397341,47.1146971],[27.8413272,47.1145675],[27.8440776,47.1139814],[27.8478908,47.1132317],[27.8501343,47.1130052],[27.8537942,47.1129165],[27.8550568,47.1128976],[27.8555785,47.1128688],[27.8559081,47.1128392],[27.8566422,47.1126178],[27.8569183,47.1124505],[27.8570848,47.1122702],[27.8572457,47.111965],[27.8571212,47.1116993],[27.8566678,47.1110006],[27.8550417,47.1098297],[27.8542578,47.1088878],[27.8541773,47.1083957],[27.8543937,47.1075591],[27.8548387,47.1070282],[27.8561782,47.1056572],[27.8572994,47.1046525],[27.8597716,47.1035699],[27.8604954,47.1033562],[27.8616021,47.1033489],[27.8629997,47.1035179],[27.8639839,47.1038722],[27.864328,47.1042542],[27.864442,47.1046466],[27.8643415,47.1049177],[27.8636426,47.1059814],[27.8633946,47.1066863],[27.8634728,47.1073344],[27.8637659,47.1077614],[27.8642533,47.10802],[27.8648274,47.108235],[27.8655209,47.1083944],[27.8660856,47.1084506],[27.868665,47.1078838],[27.8693232,47.1077564],[27.8723274,47.1082636],[27.8737564,47.1082312],[27.8743559,47.1081221],[27.8748453,47.1079062]],[[28.2379856,46.5880617],[28.237361,46.5875117],[28.2362507,46.5869268],[28.2344656,46.5863005],[28.2318499,46.5855847],[28.2311502,46.5852907],[28.2309097,46.5849588],[28.2308896,46.5847417],[28.23109,46.5844867],[28.2314373,46.5842696],[28.2319408,46.5841535],[28.2347447,46.5838715],[28.2372375,46.583263],[28.2405102,46.582337],[28.2411345,46.582074],[28.2415015,46.5817732],[28.2416574,46.581428],[28.241501,46.5811206],[28.2409611,46.5808203],[28.2388044,46.5802549],[28.2362874,46.5799141],[28.2336965,46.5800665],[28.2321832,46.5803141],[28.2285684,46.5805648],[28.2254436,46.5805414],[28.2243735,46.5804123],[28.2235789,46.5802075],[28.2228646,46.5798067],[28.2227032,46.579313],[28.2234629,46.5768723],[28.2243594,46.5740944],[28.2251367,46.5717786],[28.2253115,46.570917],[28.2269573,46.5688335],[28.227459,46.5683457],[28.2277873,46.5678748],[28.2278309,46.5674733],[28.2276922,46.566998],[28.2268922,46.5665101],[28.2262362,46.5659846],[28.2257455,46.5654717],[28.2253514,46.5646677],[28.2253063,46.5640658],[28.2253696,46.5636664],[28.2256349,46.5632544],[28.2260147,46.563008],[28.2265598,46.5628373],[28.228063,46.5628021],[28.2294749,46.5629978],[28.2309134,46.5633809],[28.2325809,46.5636087],[28.2328613,46.5635586],[28.2330615,46.5634214],[28.2331881,46.5631262],[28.2331731,46.5617355],[28.2330894,46.5594808],[28.2330672,46.5578694],[28.2333701,46.5565396],[28.2338994,46.5551539],[28.2346191,46.5536622],[28.2356189,46.5523584],[28.2359018,46.5516156],[28.2357866,46.5513337],[28.2355611,46.5511403],[28.2351218,46.5510044],[28.234609,46.5510391],[28.2311118,46.5519771],[28.2295246,46.5529178],[28.2281727,46.5538588],[28.2276698,46.5540027],[28.2272037,46.5539698],[28.2266871,46.5537585],[28.2248294,46.5518037],[28.2237306,46.550136],[28.2219543,46.5479849],[28.221107,46.5468844],[28.2207493,46.5455598],[28.2208123,46.5451729],[28.2210958,46.5447859],[28.2219116,46.5444374],[28.2228122,46.544117],[28.2229963,46.5438865],[28.2229784,46.5436813],[28.2226668,46.5432394],[28.2183173,46.5408098]],[[28.2486085,46.6051194],[28.2494422,46.6048825],[28.2501955,46.6044588],[28.2505102,46.6042223],[28.2506591,46.6039098],[28.2504029,46.6036056],[28.2499809,46.603428],[28.2483321,46.6032947],[28.2468736,46.6030745],[28.2448642,46.6026421],[28.2438319,46.6023437],[28.2427812,46.6019819],[28.2417938,46.601466],[28.2409723,46.6008615],[28.2403258,46.6000999],[28.2398802,46.5993986],[28.2385371,46.5970734],[28.2383341,46.5964114],[28.2382965,46.5957116],[28.2383691,46.5953714],[28.2385703,46.5950312],[28.2403486,46.5941718],[28.2407178,46.5939026],[28.2410133,46.5936207],[28.2412723,46.5932821],[28.24143,46.5928801],[28.2413761,46.5923327],[28.2409457,46.591356],[28.2394759,46.5894593],[28.2392217,46.5892302],[28.2379856,46.5880617]],[[28.2446868,46.6371785],[28.2444976,46.6354906],[28.2441473,46.634316],[28.243379,46.6334968],[28.2399922,46.6321369],[28.239242,46.6313614],[28.2390366,46.6303244],[28.239315,46.6293496],[28.2399849,46.6284834],[28.2408663,46.6277601],[28.2418095,46.627624],[28.2430235,46.6278943],[28.2448084,46.6282589],[28.2459042,46.6284907],[28.2475552,46.6282626],[28.248628,46.6271524],[28.2499583,46.6247247],[28.2508064,46.6228709],[28.2515997,46.6211795],[28.2515405,46.6196181],[28.2510101,46.6180248],[28.25046,46.6169874],[28.2492041,46.6155805],[28.2499128,46.6149382],[28.2510395,46.6139154],[28.2518117,46.61326],[28.2523308,46.6127504],[28.252558,46.6123545],[28.2523938,46.6120247],[28.2519599,46.6117924],[28.2507807,46.6112222],[28.2491753,46.6106157],[28.2474903,46.6098887],[28.2455051,46.6087219],[28.2445747,46.607835],[28.2442323,46.6069753],[28.2445918,46.6063884],[28.2460735,46.6058182],[28.2486085,46.6051194]],[[28.2364166,46.6774729],[28.2361636,46.6768331],[28.2355532,46.6758791],[28.2350975,46.6752988],[28.2349849,46.6750482],[28.2349413,46.6747027],[28.2350483,46.6742951],[28.23524,46.674036],[28.2354778,46.6738243],[28.2363931,46.6733137],[28.2372442,46.6725946],[28.2380389,46.6717595],[28.2389535,46.6705567],[28.2396286,46.6691253],[28.2397844,46.6684564],[28.2397789,46.6677241],[28.2394461,46.6666736],[28.2390636,46.6661957],[28.2388032,46.6659883],[28.2384426,46.6659479],[28.238059,46.6660339],[28.237459,46.6665274],[28.236859,46.666926],[28.2362195,46.6671896],[28.2357181,46.6672792],[28.2353144,46.6672846],[28.2350118,46.6671555],[28.2348835,46.6669875],[28.2348026,46.6667431],[28.2350679,46.6664435],[28.2355909,46.6659679],[28.2359517,46.6655158],[28.2362665,46.665032],[28.2366053,46.6640176],[28.2367292,46.6632079],[28.2365602,46.6619249],[28.2364541,46.6609615],[28.236564,46.6596959],[28.2368385,46.6585829],[28.2372187,46.6576303],[28.2378174,46.6562226],[28.2379871,46.6539053],[28.2376104,46.6529876],[28.237376,46.6520308],[28.2373782,46.6511791],[28.2375798,46.650601],[28.2379723,46.6501976],[28.2385071,46.6498528],[28.2409138,46.6486821],[28.2441569,46.6467692],[28.2452114,46.6462223],[28.2457603,46.6457661],[28.2461099,46.6454468],[28.2461997,46.6451845],[28.2460594,46.6449165],[28.2455205,46.6447072],[28.2447953,46.6446322],[28.2436973,46.6448077],[28.2411862,46.6454724],[28.2404272,46.6456293],[28.2397251,46.6456494],[28.2392323,46.6455332],[28.2386936,46.6450754],[28.2382463,46.6445852],[28.2379774,46.6439318],[28.2379995,46.6435269],[28.2381641,46.6432198],[28.2388277,46.6426774],[28.2408207,46.6419938],[28.2418738,46.6415839],[28.2428964,46.6409175],[28.2435885,46.6403552],[28.244309,46.6393334],[28.2446253,46.6383949],[28.2446868,46.6371785]],[[28.1709807,46.7825408],[28.1730395,46.7813604],[28.1753761,46.7795706],[28.1765802,46.7779301],[28.1764571,46.7771329],[28.1758855,46.7768695],[28.1747391,46.777117],[28.1732989,46.7780447],[28.1724251,46.7783115],[28.1712699,46.7784716],[28.1672439,46.7782012],[28.1637164,46.7782564],[28.1615079,46.7781394],[28.1605287,46.7775628],[28.1606967,46.7765764],[28.1625517,46.7751582],[28.1641368,46.7741027],[28.1655082,46.7738635],[28.1663706,46.774115],[28.1683828,46.7754681],[28.1698535,46.7759332],[28.171707,46.776143],[28.1727266,46.7757828],[28.1730109,46.7751963],[28.1728415,46.7744029],[28.1718904,46.7736016],[28.1691724,46.7727742],[28.1679697,46.7721885],[28.167229,46.7711004],[28.1671326,46.7702696],[28.1686647,46.7690798],[28.1700214,46.7685018],[28.1711042,46.7682354],[28.1724201,46.7687002],[28.174578,46.769966],[28.1766189,46.7709817],[28.177874,46.770803],[28.1787051,46.7698429],[28.1787565,46.7683878],[28.1788384,46.766146],[28.1786382,46.7640017]],[[28.1259071,46.8221275],[28.1258697,46.8216758],[28.1255668,46.8204136],[28.1254718,46.8190588],[28.1251909,46.8179904],[28.1247829,46.8171392],[28.1238267,46.8155569],[28.1233493,46.8146315],[28.1234942,46.8139928],[28.1238242,46.8136801],[28.1244469,46.813511],[28.1252283,46.8134505],[28.1295818,46.8133744],[28.1302921,46.8132493],[28.1307804,46.8131063],[28.1310619,46.8129452],[28.131166,46.8127714],[28.1311213,46.8125004],[28.1309588,46.8122625],[28.1306189,46.8120695],[28.1300397,46.8118316],[28.1295353,46.8116071],[28.1290566,46.8113177],[28.1286713,46.8110155],[28.1282369,46.8105389],[28.1279938,46.8100024],[28.127731,46.8080096],[28.1278495,46.8076019],[28.1280862,46.8071807],[28.1285564,46.8066637],[28.1301088,46.8054298],[28.1326477,46.8034446],[28.1337109,46.8026638],[28.1347002,46.8020806],[28.1360953,46.8017168],[28.1373019,46.801644],[28.1390129,46.8016351],[28.1403607,46.8018032],[28.1418019,46.802112],[28.1432207,46.8023311],[28.1445304,46.8023153],[28.1451543,46.8020622],[28.1453636,46.801859],[28.1454794,46.8016429],[28.1455922,46.8008265],[28.1457053,46.8003037],[28.1460047,46.7998185],[28.1464348,46.7993524],[28.1471154,46.7988416],[28.147952,46.798438],[28.1490266,46.7982735],[28.1499771,46.7983769],[28.1510054,46.7988199],[28.1516899,46.7991462],[28.1520716,46.7992777],[28.1525415,46.7992596],[28.1528939,46.7991714],[28.1531448,46.7990059],[28.1532463,46.7988275],[28.1532639,46.7986292],[28.1531321,46.7983669],[28.1528608,46.798014],[28.1521554,46.7974795],[28.1500304,46.7963695],[28.1494617,46.7960186],[28.1489232,46.7955545],[28.1486835,46.79518],[28.1486295,46.7947695],[28.1486865,46.7942636],[28.1487716,46.7938665],[28.1489861,46.7935493],[28.1494996,46.7932959],[28.1507855,46.7929176],[28.1534344,46.7923113],[28.1546469,46.7919999],[28.1553472,46.7915723],[28.1566473,46.7896141],[28.158606,46.7867204],[28.1588388,46.7861196],[28.1593112,46.7855728],[28.1599878,46.7847124],[28.1602764,46.7844972],[28.1606079,46.7843078],[28.1608576,46.7842317],[28.1611449,46.7841777],[28.1616885,46.7843586],[28.1621249,46.7845982],[28.1624206,46.7850734],[28.1626555,46.7857015],[28.1627634,46.7861921],[28.1628542,46.7865214],[28.162887,46.7870292],[28.1626835,46.7878344],[28.1623158,46.7887454],[28.1615372,46.790049],[28.1612065,46.7907915],[28.1611858,46.7913723],[28.1617115,46.7917543],[28.1622265,46.7918976],[28.1628896,46.7919357],[28.1636113,46.7918597],[28.1644282,46.791614],[28.1651381,46.7912821],[28.1658259,46.7907448],[28.1664915,46.7900229],[28.1665599,46.78921],[28.1651454,46.7862219],[28.164951,46.7849225],[28.1655292,46.7836747],[28.1661495,46.7831951],[28.1670953,46.7831471],[28.1683443,46.7832948],[28.1696042,46.7832208],[28.1709807,46.7825408]],[[28.1786382,46.7640017],[28.1784506,46.7628029],[28.1781123,46.7614669],[28.1777051,46.7605819],[28.1774476,46.7595796],[28.1774733,46.7590654],[28.177606,46.7586244],[28.1777967,46.7583319],[28.1782013,46.7580687],[28.178739,46.7579505],[28.179373,46.7579862],[28.1804055,46.7582628],[28.1813314,46.7587252],[28.1836893,46.759935],[28.1842691,46.7600646],[28.1848702,46.7600622],[28.1852215,46.7598934],[28.1854445,46.7596073],[28.1854122,46.7591704],[28.1851659,46.7588215],[28.184133,46.7580623],[28.1836455,46.7576368],[28.1833505,46.7571527],[28.182568,46.7557593],[28.1822108,46.7552737],[28.1816502,46.754876],[28.1806726,46.7545338],[28.18015,46.754427],[28.1797665,46.7544669],[28.179508,46.7547143],[28.1793243,46.7550057],[28.1791282,46.7555737],[28.1789072,46.7559914],[28.178404,46.7563925],[28.1776869,46.7566323],[28.1770743,46.7566752],[28.1763333,46.7565422],[28.1757783,46.7562385],[28.1753088,46.7559348],[28.1749477,46.7554154],[28.1746896,46.7544939],[28.17441,46.7536311],[28.1736081,46.7522905],[28.1732462,46.7516212],[28.1730841,46.7511747],[28.1730504,46.7506403],[28.1731752,46.7503385],[28.1735781,46.7500221],[28.1739801,46.7498399],[28.1744035,46.7498484],[28.1748224,46.7499313],[28.1751868,46.750164],[28.1757434,46.7506725],[28.1761931,46.7509025],[28.1769197,46.7509726],[28.1773503,46.750778],[28.1775242,46.7504661],[28.1774408,46.7500616],[28.1769176,46.7494781],[28.1765014,46.748836],[28.1763168,46.74827],[28.176278,46.7477378],[28.1763442,46.7474277],[28.1765174,46.7471469],[28.1767723,46.7468467],[28.1773589,46.7466124],[28.1779569,46.7464999],[28.1786191,46.7464607],[28.1794686,46.7467159],[28.1800614,46.7470005],[28.1807701,46.7473919],[28.1813719,46.747622],[28.1820134,46.7476447],[28.1824945,46.7474548],[28.1827238,46.7471968]],[[28.1960327,46.7195631],[28.1962533,46.7195766],[28.196547,46.7196519],[28.1969381,46.7197261],[28.1970576,46.7197689],[28.1973418,46.7199467],[28.1979045,46.7204475],[28.1986066,46.7209402],[28.1994175,46.7213932],[28.2008241,46.7216642],[28.2019205,46.7215516],[28.2025157,46.721332],[28.202815,46.7210618],[28.2026538,46.7204558],[28.2017498,46.7193301],[28.2013503,46.7180932],[28.2012407,46.7166758],[28.2014814,46.7157511],[28.2018189,46.715327],[28.2021105,46.7150527],[28.2025649,46.7149348],[28.2035997,46.7150365],[28.2052799,46.7151357],[28.2064154,46.7147915],[28.207289,46.7142496],[28.2083746,46.7133655],[28.2090302,46.7125553],[28.2094975,46.7118119]],[[28.194684,46.7215829],[28.1947267,46.7210875],[28.1948253,46.7208087],[28.1949413,46.7205492],[28.1953114,46.7200307],[28.1957513,46.7196868],[28.1960327,46.7195631]],[[28.1863936,46.7236944],[28.1867322,46.7233003],[28.1873058,46.7230513],[28.1885775,46.7229912],[28.1903009,46.7235189],[28.1916629,46.7235776],[28.1924089,46.7234998],[28.1931079,46.723293],[28.1942466,46.7223707],[28.1944041,46.7222283],[28.1945979,46.7219353],[28.194684,46.7215829]],[[28.1867633,46.7257543],[28.1864195,46.7250598],[28.1862831,46.7243126],[28.1863936,46.7236944]],[[28.1819414,46.7355752],[28.1830831,46.734341],[28.1845214,46.7335693],[28.1859749,46.733522],[28.1876163,46.7341809],[28.1886885,46.7346679],[28.1901371,46.7353159],[28.1916876,46.7360182],[28.1926415,46.7359887],[28.1935514,46.7355844],[28.1939409,46.7352106],[28.194354,46.734724],[28.1947661,46.7338504],[28.1953255,46.73244],[28.1955918,46.7316848],[28.1955506,46.7305731],[28.1951741,46.7298356],[28.1948009,46.7293803],[28.1944041,46.7291426],[28.1937279,46.7291557],[28.193237,46.7293637],[28.1926756,46.729475],[28.1917998,46.7295489],[28.1909123,46.7294295],[28.1900624,46.7291687],[28.1891656,46.7287296],[28.1884569,46.7282019],[28.1875278,46.7270144],[28.1867633,46.7257543]],[[28.1827238,46.7471968],[28.1829351,46.7469003],[28.18316,46.7465294],[28.1838638,46.7451042],[28.1840764,46.7442573],[28.1840982,46.7436518],[28.1839326,46.7430713],[28.1834442,46.742722],[28.182737,46.7427297],[28.1821472,46.7429988],[28.1813202,46.7435181],[28.1804095,46.7438122],[28.1794107,46.7439454],[28.1787114,46.7438816],[28.1780964,46.7436629],[28.1778666,46.7432243],[28.1778345,46.7428244],[28.1790633,46.7400227],[28.1802007,46.7373269],[28.1819414,46.7355752]],[[28.2094975,46.7118119],[28.2098611,46.7109689],[28.2102431,46.7081779],[28.2103052,46.7048291],[28.2096075,46.7036645],[28.2089551,46.7031343],[28.2081028,46.7027493],[28.2073424,46.702529],[28.2058063,46.7023249],[28.2046107,46.7021793],[28.2033409,46.7017076],[28.2026805,46.7012845],[28.2021729,46.7008212],[28.2020318,46.7003872],[28.2022666,46.6999106],[28.2026894,46.6994341],[28.2034951,46.6989347],[28.2041848,46.6986522],[28.2049215,46.6984826],[28.2063375,46.6982923],[28.2079181,46.6981504],[28.2093289,46.6981069],[28.2106691,46.6979989],[28.2116524,46.6977457],[28.2126593,46.6973152],[28.2135669,46.6967104],[28.2139384,46.6963757],[28.2142159,46.6960249],[28.2145829,46.6954602],[28.2148088,46.6946375],[28.2147256,46.6935874],[28.2144543,46.692505],[28.2136175,46.6905593],[28.2125568,46.6876098],[28.2117874,46.687009],[28.2110956,46.6870027],[28.2103803,46.6871254],[28.2089911,46.6873291],[28.2083695,46.6873321],[28.207741,46.6872145],[28.2072579,46.6869952],[28.2072371,46.6867323],[28.2074515,46.686421],[28.209072,46.6849623],[28.2107913,46.6837911],[28.2122211,46.6832411],[28.2131786,46.6829748],[28.2141362,46.6829423],[28.2146816,46.6829925],[28.2151448,46.6831798],[28.2152616,46.6833718],[28.2152924,46.6835834],[28.2151675,46.6838199],[28.2149321,46.6841846],[28.2147485,46.6847518],[28.2147228,46.685821],[28.2146707,46.6867131],[28.2148259,46.6875261],[28.215165,46.6882538],[28.2159993,46.6890447],[28.2170958,46.6899029],[28.2181469,46.6904386],[28.2190484,46.6906662],[28.2198699,46.6907347],[28.2204151,46.6906451],[28.2208932,46.6904642],[28.2212676,46.6900778],[28.2216659,46.6892246],[28.2218453,46.6881027],[28.221725,46.6862769],[28.2217834,46.6854235],[28.2219163,46.6847834],[28.2222334,46.6841591],[28.22341,46.6823373],[28.2241702,46.6812057],[28.2244735,46.6806384],[28.2246962,46.6799287],[28.2247375,46.6789515],[28.2246636,46.6779111],[28.2242894,46.6770115],[28.2238177,46.6765099],[28.2237067,46.6763008],[28.2236768,46.675989],[28.2238256,46.675729],[28.2241497,46.6754962],[28.2247732,46.6752793],[28.2268959,46.6741224],[28.2281941,46.6736955],[28.2290935,46.6735419],[28.2298198,46.6734958],[28.2306152,46.6736236],[28.2310326,46.6738194],[28.2314038,46.6741021],[28.2316097,46.6744349],[28.2317004,46.6747993],[28.231824,46.6754083],[28.2316711,46.6770525],[28.2314096,46.6785483],[28.2304304,46.6804993],[28.2300168,46.6813678],[28.2300135,46.6816777],[28.2301328,46.6818603],[28.2303442,46.6819481],[28.2308886,46.6820323],[28.231433,46.6820059],[28.2321752,46.6818634],[28.2327791,46.6816892],[28.2336658,46.6812785],[28.2347671,46.6807917],[28.2353038,46.6803316],[28.2358128,46.6798517],[28.2362527,46.6791664],[28.2364614,46.6786199],[28.2364166,46.6774729]],[[28.245726,46.4474433],[28.2485706,46.4472513],[28.25123,46.447196],[28.2547686,46.4473628],[28.2560587,46.4475371],[28.2565626,46.4475373],[28.2570731,46.4473588],[28.257359,46.4470449],[28.2576942,46.4453732]],[[28.1965997,46.3504208],[28.1966753,46.3503212],[28.1966893,46.3501525],[28.1966312,46.3499839],[28.1965596,46.3498245],[28.196425,46.3497087],[28.1944694,46.3492743],[28.1924761,46.3492957],[28.1893892,46.3498896],[28.186897,46.3506282],[28.1855231,46.3513751],[28.1852336,46.3517475],[28.1852402,46.3520382],[28.1854992,46.3522518],[28.1859161,46.3523564],[28.1881888,46.3524356],[28.1887407,46.3525381],[28.1890952,46.3527496],[28.1892592,46.3532051],[28.1889691,46.3535925],[28.1883313,46.353793],[28.1874705,46.3539207],[28.1863957,46.3538972],[28.1853603,46.3537919],[28.1840798,46.353422],[28.1837994,46.3532927]],[[28.1837994,46.3532927],[28.1834146,46.3531199],[28.1830088,46.3528491],[28.1825966,46.3524189],[28.182815,46.3519196],[28.1845234,46.350986],[28.18563,46.3494142],[28.1866105,46.3477672]],[[28.2224613,46.3936188],[28.2208965,46.3947988],[28.218727,46.3960204],[28.2184608,46.396245],[28.2178913,46.3962418],[28.2174379,46.3959376],[28.2167476,46.3949864],[28.2161649,46.3937738],[28.2159782,46.3929241],[28.2160812,46.3918188],[28.2165803,46.3913036],[28.2193079,46.3905186],[28.2210155,46.3899967],[28.222702,46.3894872],[28.2232731,46.3891944],[28.2235915,46.3889015],[28.2235538,46.3884079],[28.2229545,46.3877013],[28.2209994,46.3866553],[28.219361,46.3853598],[28.2178498,46.383846],[28.2174879,46.3833236],[28.2173507,46.3828205],[28.2174239,46.382379],[28.2177592,46.3819433],[28.2181426,46.3817066],[28.2185897,46.381591],[28.2199041,46.3816007],[28.2201893,46.3813871],[28.2202422,46.3811348],[28.220012,46.3809006],[28.2195843,46.3807757],[28.2180148,46.3806684],[28.2172841,46.3807743],[28.2166651,46.3809793],[28.2154473,46.3817311],[28.2148322,46.3817636],[28.2143014,46.3816606],[28.2129597,46.3807778],[28.2113313,46.3793324],[28.2106669,46.3785213],[28.2103533,46.3776881],[28.209505,46.3751198],[28.2088568,46.3728498],[28.2086445,46.3725967],[28.2082057,46.3725194],[28.2057198,46.3737893],[28.2045435,46.3742637],[28.2027074,46.3745566],[28.2014941,46.3745565],[28.1997616,46.3741684],[28.199069,46.3734774],[28.1981219,46.3714028],[28.197515,46.3701296],[28.1977051,46.3694285],[28.1982199,46.369292],[28.2001847,46.3698825],[28.2063506,46.3697043],[28.2075579,46.3694205],[28.2078394,46.3689026],[28.2055249,46.367687],[28.2042159,46.3670247],[28.203854,46.3666972],[28.2038601,46.3662916],[28.2057724,46.3654601],[28.2067979,46.3648911],[28.2062941,46.3644843],[28.2053649,46.3644703],[28.2030717,46.364941],[28.2009403,46.3655619],[28.1994246,46.3655405],[28.1988131,46.3650148],[28.1993209,46.3643162],[28.199994,46.3628059],[28.2000468,46.361901],[28.2000559,46.36067],[28.2005479,46.3593343],[28.2011276,46.3586982],[28.2018852,46.358737],[28.2035703,46.3603735],[28.2049002,46.3606971],[28.2067586,46.3606753],[28.2087312,46.359842],[28.2089103,46.3593486],[28.206436,46.3577396],[28.205165,46.3572687],[28.2011807,46.3564874],[28.1971662,46.3565802],[28.1938903,46.3569679],[28.1926856,46.3573941],[28.1922949,46.3576701],[28.192229,46.3581477],[28.1927924,46.3586834],[28.1935572,46.3592032],[28.19379,46.3596658],[28.1936545,46.3597155],[28.1926086,46.3595637],[28.1916734,46.3587813],[28.1910997,46.3578309],[28.1909331,46.3565753],[28.1913066,46.3550589],[28.1924155,46.3533802],[28.1937368,46.3522271],[28.1950841,46.3513115],[28.1961269,46.3506966],[28.1965997,46.3504208]],[[28.1866105,46.3477672],[28.1871024,46.3465065],[28.18801,46.3450217],[28.1889239,46.3442427],[28.1907032,46.3435402],[28.1928442,46.3425822],[28.1946127,46.3423231],[28.1950628,46.342891],[28.1941053,46.3453638],[28.1940351,46.3472437],[28.1948963,46.3472772],[28.1962824,46.3468167],[28.197674,46.3461009],[28.1987172,46.3449673],[28.1995992,46.3438709],[28.1999413,46.3426386],[28.1982311,46.3417612],[28.1969173,46.3409844],[28.1956763,46.3399907],[28.1951325,46.3383768],[28.1952269,46.3372278],[28.1965709,46.3361548],[28.1974168,46.3351581],[28.1973217,46.3340524],[28.1956815,46.3338247],[28.1934802,46.334133],[28.1920633,46.3348161],[28.1900991,46.3364502],[28.1888684,46.3375659],[28.1880662,46.3374833],[28.1871774,46.3364698],[28.185372,46.3346677],[28.1842141,46.3333164],[28.1841267,46.3326293],[28.1847415,46.3321932],[28.1886125,46.331451],[28.1903997,46.3309296],[28.1913505,46.3306436],[28.1926489,46.329822],[28.1923175,46.3292593],[28.1898308,46.3288113],[28.1880932,46.3281585],[28.1868766,46.3276125],[28.186404,46.3266434],[28.1867128,46.3260824],[28.1884358,46.3258108],[28.1896446,46.3256319],[28.1911801,46.3248727],[28.1925741,46.3233701],[28.193398,46.3226331],[28.194318,46.3227507],[28.1947846,46.3232733],[28.196249,46.3266681],[28.1970367,46.3282247],[28.1980287,46.328139],[28.1995295,46.327005],[28.2002825,46.3256947],[28.2004613,46.3236402],[28.2009103,46.3216423],[28.2014378,46.3203691],[28.202034,46.3200267],[28.2042772,46.3204178],[28.2069172,46.3207658],[28.2081522,46.3207803],[28.2091536,46.3205572],[28.2093096,46.3197642],[28.2087891,46.3190826],[28.2073235,46.3180058],[28.2063265,46.3170111],[28.2054432,46.3144489],[28.2040084,46.3123791],[28.2024294,46.3103465],[28.2001743,46.308369],[28.1977058,46.3056602],[28.1962712,46.3036965],[28.1948239,46.3027259],[28.1935618,46.3028485],[28.1915508,46.3032321],[28.1894778,46.303297],[28.1872724,46.3026683],[28.1858795,46.3016602],[28.184388,46.3005394],[28.1829761,46.2998247],[28.1817974,46.2993665],[28.1804001,46.29952],[28.1790447,46.3006775],[28.1783975,46.300047],[28.1782039,46.2988912],[28.1784164,46.2975863],[28.1792516,46.2960514],[28.1809324,46.2948243],[28.1823768,46.2941337],[28.183809,46.2942426],[28.1856733,46.2944647],[28.1864299,46.2945349],[28.186981,46.2941611],[28.1867902,46.2922371],[28.1861643,46.2910118],[28.1853023,46.2902607],[28.1841764,46.2901836],[28.181837,46.2910125],[28.1808748,46.2911954],[28.1798479,46.2911497],[28.1790127,46.2904735],[28.1790158,46.2896991],[28.1807313,46.2865233],[28.1808973,46.2855618],[28.1804119,46.285286],[28.1786983,46.2857699],[28.175326,46.2886926],[28.172516,46.2906669],[28.172812,46.2909798],[28.1737286,46.29155],[28.174943,46.2920395],[28.1757238,46.2927718],[28.1769354,46.2939546],[28.1772468,46.2949358],[28.1766124,46.2957434],[28.1751268,46.2967972],[28.1733604,46.2978199],[28.1718503,46.2980795],[28.1709546,46.2978026],[28.1695833,46.2960448],[28.1689412,46.2944571],[28.1689239,46.2921399],[28.1690328,46.289823],[28.1692208,46.2879497],[28.1694464,46.2857266],[28.1698142,46.2839411],[28.1698543,46.2829606],[28.1692979,46.2824723],[28.1663976,46.2823852],[28.1650569,46.2820265],[28.1636172,46.281874],[28.1625988,46.2817528],[28.1621193,46.2822203],[28.1634761,46.2839026],[28.1641986,46.2847041],[28.1652558,46.2860741],[28.164686,46.2865789],[28.1631255,46.2867707],[28.1611001,46.2866526],[28.1589821,46.2864099],[28.1577415,46.2862521],[28.1564265,46.2861931],[28.1557111,46.287016],[28.15513,46.2900626],[28.154047,46.2917256],[28.1532912,46.2922572],[28.1522166,46.2927857],[28.149876,46.2923622],[28.1488445,46.2913419],[28.1488115,46.290661],[28.1501391,46.2879845],[28.1525652,46.2838463],[28.1530819,46.2826883],[28.1532072,46.280871],[28.1528806,46.2793714],[28.1524421,46.2787271],[28.1522477,46.2786023]],[[28.1362228,46.2685977],[28.1351528,46.2676461],[28.1346546,46.2669827],[28.1348405,46.2657777],[28.1359762,46.2648332],[28.1360534,46.2644876],[28.1351826,46.2636574],[28.1329922,46.2628834],[28.1310649,46.2625586],[28.1273932,46.2625595],[28.1262038,46.262092],[28.1266139,46.2612364],[28.127922,46.2601253],[28.128003,46.2600565],[28.1291553,46.2588197],[28.1299584,46.2575258],[28.1306998,46.2561995],[28.1310454,46.2559615],[28.1314326,46.2559246],[28.1350909,46.2566162],[28.1367919,46.2569507],[28.1395899,46.257438],[28.1414645,46.2574465],[28.1423582,46.257141],[28.1435871,46.255776],[28.1457927,46.2537857],[28.1467334,46.2524459],[28.146612,46.251838],[28.1463976,46.2514574],[28.1448251,46.2507981],[28.1419683,46.2494801],[28.1400795,46.2484799],[28.1395793,46.2482756],[28.1391234,46.2481212]],[[28.1522477,46.2786023],[28.1519315,46.2783956],[28.1513548,46.2783318],[28.1470043,46.2781219],[28.1447426,46.2782855],[28.1439932,46.2786648],[28.1436837,46.2793636],[28.1449672,46.2822957],[28.1459981,46.2833848],[28.147121,46.2847687],[28.1476805,46.2858181],[28.1473455,46.2861983],[28.1453082,46.2864686],[28.143191,46.2864889],[28.1409906,46.2857098],[28.1389318,46.2841558],[28.1372758,46.2819535],[28.136727,46.2799162],[28.136738,46.2776115],[28.137051,46.2743207],[28.1369306,46.2720284],[28.1365416,46.2693238],[28.1362228,46.2685977]],[[28.2576942,46.4453732],[28.2579894,46.4443351],[28.2586902,46.4423624],[28.2593984,46.4410143],[28.2604885,46.4390188],[28.2609598,46.4380745],[28.2611236,46.437388],[28.2610346,46.4370691],[28.2606065,46.4366614],[28.2593956,46.4361672],[28.2584094,46.4356731],[28.256218,46.4342713],[28.2548935,46.4329956],[28.2547545,46.4326558],[28.2548683,46.4322773],[28.2557018,46.4313103],[28.2569184,46.4302733],[28.2584427,46.4276057],[28.2585461,46.4265449],[28.2577619,46.4250542],[28.2561569,46.4233594],[28.2542569,46.4222498],[28.2510857,46.4215051],[28.250239,46.4206983],[28.2498647,46.4188741],[28.2500229,46.4171693],[28.250167,46.416139],[28.249902,46.4157311],[28.2494405,46.4155072],[28.2488419,46.4153745],[28.2484117,46.4153773],[28.2469111,46.4158223],[28.2452204,46.4165383],[28.2421377,46.4171646],[28.2410393,46.4172582],[28.2398004,46.4171679],[28.2352873,46.4168706],[28.2328912,46.4167345],[28.2322782,46.4166372],[28.2314439,46.4163908],[28.2306377,46.4158928],[28.2303338,46.4154214],[28.2301141,46.414466],[28.2298362,46.4121874],[28.2301729,46.4097586],[28.2305326,46.4085576],[28.2312087,46.4073837],[28.2316346,46.4071853],[28.232257,46.4071418],[28.2346913,46.4075483],[28.2369328,46.4076048],[28.2380377,46.407547],[28.2385248,46.4073537],[28.2387973,46.4070719],[28.2388451,46.4067513],[28.2370487,46.4049459],[28.2358489,46.4038242],[28.2347342,46.4033408],[28.2338442,46.4032833],[28.2330698,46.403469],[28.2322532,46.4038677],[28.231537,46.4042017],[28.229241,46.4041867],[28.2272062,46.4036967],[28.2256173,46.4025617],[28.2249518,46.4019307],[28.2245951,46.4012803],[28.2244915,46.4004942],[28.2246126,46.3997855],[28.2249835,46.3991137],[28.2256635,46.3986857],[28.2276926,46.3983356],[28.2294096,46.3984885],[28.231745,46.3992224],[28.2355695,46.4008047],[28.2367264,46.4009654],[28.2377429,46.4009131],[28.2384405,46.4007717],[28.2389977,46.400456],[28.2404614,46.3984813],[28.2416637,46.3973487],[28.243047,46.3959991],[28.2433131,46.3954603],[28.2431861,46.3950184],[28.242906,46.3945171],[28.242317,46.3942288],[28.2415881,46.3942104],[28.2408592,46.39425],[28.2382734,46.3931797],[28.2375108,46.3926005],[28.2366921,46.3912272],[28.2360614,46.3904578],[28.235535,46.3902497],[28.2350086,46.3901772]],[[28.2117763,46.4986733],[28.2128186,46.4985375],[28.2158579,46.4983925],[28.2170318,46.4989065],[28.2181816,46.5012629],[28.21896,46.5021083],[28.2199221,46.502802],[28.2204056,46.5030134],[28.2208891,46.5030983],[28.221374,46.5031234],[28.221712,46.5030474],[28.22218,46.5027487],[28.2225377,46.5021212],[28.2233812,46.4987666],[28.2233225,46.49733],[28.223164,46.496364],[28.2232564,46.4954063],[28.2234137,46.4951469],[28.2236826,46.4949204],[28.2240901,46.4947956],[28.2246692,46.4946701],[28.2256815,46.4949541],[28.2279321,46.495326],[28.2294061,46.4953595],[28.2303456,46.4952552],[28.2308358,46.495093],[28.2309489,46.4949103],[28.2310059,46.4947082],[28.2296865,46.492437],[28.2289044,46.4909619],[28.2285458,46.4899621],[28.228338,46.4891668],[28.2283695,46.4885253],[28.2286017,46.4878054],[28.2288977,46.4872391],[28.2294069,46.4864409],[28.2306983,46.4854347],[28.2318578,46.4844865],[28.232095,46.4842864],[28.232093,46.4840533],[28.2320108,46.4837956],[28.2317851,46.4836147],[28.2298049,46.48289],[28.2269773,46.4817859],[28.226195,46.4813834],[28.2252682,46.480852],[28.224743,46.4802633],[28.2246443,46.4798855],[28.2248087,46.4795077],[28.2258326,46.4787723],[28.2276215,46.4783761],[28.2299577,46.4779478],[28.2320119,46.4773013],[28.2340035,46.4764236],[28.2354881,46.4757762],[28.2359008,46.4757734],[28.2361474,46.4759708],[28.2367422,46.4765899],[28.2378773,46.4779218],[28.2387058,46.479016],[28.2395858,46.4795572],[28.2402858,46.4797552],[28.2408648,46.4797852],[28.2414161,46.4796818],[28.243218,46.4787287],[28.2455917,46.4769332],[28.2462604,46.476257],[28.2464722,46.4756666],[28.2466349,46.4745089],[28.2465483,46.4743239],[28.2460553,46.4740455],[28.2456454,46.4739292],[28.2449911,46.4736264],[28.2447798,46.4731758],[28.2448086,46.4725603],[28.2446716,46.4698683],[28.2449942,46.4691667],[28.2457599,46.4686082],[28.2468697,46.4681584],[28.2482842,46.4677372],[28.2497676,46.4673519],[28.2505093,46.4671655],[28.2508118,46.4670366],[28.250962,46.4668601],[28.2509904,46.4666412],[28.2508803,46.4664414],[28.2500693,46.4661095],[28.2474865,46.4652879],[28.2459092,46.4646367],[28.2455561,46.4643415],[28.2453831,46.4640654],[28.2453982,46.4637024],[28.245621,46.463368],[28.246097,46.4631936],[28.2471131,46.4630765],[28.2486319,46.4629411],[28.2512729,46.4629933],[28.2542785,46.4631262],[28.2556358,46.4631562],[28.2565033,46.4630229],[28.257191,46.4628772],[28.2576434,46.4627028],[28.2581341,46.4624801],[28.2584309,46.4621621],[28.2585137,46.4617893],[28.2583612,46.4612735],[28.257587,46.4600984],[28.2568306,46.4593563],[28.2561287,46.4588681],[28.2552815,46.4585516],[28.2540855,46.4581953],[28.2510501,46.4577667],[28.2482509,46.4569449],[28.2456787,46.455761],[28.2432074,46.4540776],[28.2400762,46.4525244],[28.2399386,46.4521372],[28.2401056,46.45175],[28.2404259,46.4510778],[28.2406215,46.4504437],[28.2408621,46.4495214],[28.2412464,46.4484694],[28.2417067,46.4477497],[28.2422224,46.4473926],[28.2425764,46.4472574],[28.2429442,46.4472081],[28.2444943,46.4474259],[28.245726,46.4474433]],[[28.2229036,46.5117668],[28.2230328,46.5112622],[28.2228086,46.5107695],[28.2223492,46.5101817],[28.2212543,46.51028],[28.2188634,46.5111256],[28.2164707,46.5124583],[28.2152133,46.5124688],[28.2144388,46.511437],[28.2138266,46.5105804],[28.212329,46.5093975],[28.2107598,46.5080334],[28.2098226,46.5070264],[28.2092938,46.5056327],[28.2093732,46.5049231],[28.2114146,46.5045149],[28.2125886,46.5042217],[28.2139318,46.5036231],[28.215105,46.50302],[28.2153139,46.5026602],[28.2152656,46.5023762],[28.2151023,46.5020634],[28.2145532,46.501738],[28.2125836,46.5011352],[28.2110854,46.5002271],[28.2108535,46.4992899],[28.2113438,46.4987286],[28.2117763,46.4986733]],[[28.2183173,46.5408098],[28.2166787,46.5394015],[28.2155978,46.5378697],[28.214985,46.536557],[28.2149601,46.5364197],[28.214972,46.5362296],[28.2151709,46.5360841],[28.2155994,46.5360333],[28.2172782,46.5360612],[28.2181022,46.5359064],[28.2193525,46.5354962],[28.2207563,46.5345993],[28.2217283,46.5340634],[28.2235409,46.5332731],[28.223907,46.5332385],[28.2243099,46.5333429],[28.2245133,46.5335613],[28.2246249,46.5338556],[28.2239646,46.5348669],[28.2238866,46.5354845],[28.2240019,46.5362404],[28.2246068,46.536691],[28.2252488,46.5368543],[28.2259393,46.5367697],[28.2268433,46.5363259],[28.2276422,46.5355652],[28.227445,46.5349403],[28.2264353,46.5337272],[28.2253473,46.5315521],[28.2252511,46.5305027],[28.2252785,46.5300092],[28.2254713,46.5295537],[28.225864,46.5292631],[28.2264771,46.5291368],[28.2270152,46.52909],[28.22759,46.5291822],[28.2288736,46.5295901],[28.2297144,46.5298662],[28.2300608,46.5299284],[28.2303061,46.5299337],[28.230504,46.5298047],[28.2305917,46.5296315],[28.2305224,46.5290269],[28.2302545,46.5278684],[28.2296741,46.5253756],[28.229099,46.5241069],[28.2277653,46.5223874],[28.2276434,46.522296],[28.2256847,46.5208267],[28.2246141,46.5203404],[28.2238606,46.5200802],[28.2232129,46.5199947],[28.2223377,46.5200715],[28.2215472,46.5202794],[28.2207579,46.5207415],[28.2199686,46.5215822],[28.2192857,46.5228356],[28.2187633,46.5231552],[28.2181985,46.5233219],[28.2173585,46.5233775],[28.2165396,46.5233167],[28.2151512,46.5227612],[28.2143928,46.5223915],[28.2141221,46.5221072],[28.2140524,46.5218083],[28.2140814,46.5215937],[28.214301,46.5212917],[28.2171059,46.5199789],[28.2188101,46.519001],[28.2201113,46.5177663],[28.2211583,46.5157243],[28.2219288,46.5142719],[28.2229036,46.5117668]],[[28.107332,46.0948903],[28.1070129,46.093404],[28.1062704,46.0920165],[28.1052932,46.0907722],[28.1051824,46.0903942],[28.1052271,46.0900593],[28.1053806,46.0897518],[28.1056171,46.0895162],[28.1061119,46.0891702],[28.1071875,46.0887666],[28.108848,46.0882897],[28.1111265,46.0875534],[28.1115946,46.0870825],[28.1114617,46.0864244],[28.1103363,46.0853899],[28.1087843,46.0845618],[28.1077048,46.0838982],[28.1070669,46.0832067],[28.107154,46.0824938],[28.1077909,46.0817824],[28.1083707,46.0808389],[28.109095,46.0789533],[28.1090765,46.0784983],[28.1089278,46.0781741],[28.1086552,46.0779573],[28.1082071,46.0778259],[28.1075486,46.0777802],[28.1053111,46.0780544],[28.104065,46.078479],[28.1025966,46.0794501],[28.1016588,46.0803404],[28.1003305,46.0810326],[28.0994478,46.0809723],[28.0988485,46.0807056],[28.0983557,46.0802732],[28.0981883,46.0797226],[28.0976034,46.0785268],[28.0965269,46.0780625],[28.0958842,46.0782215],[28.0950034,46.0786822],[28.093826,46.0791892],[28.0933629,46.0792931],[28.0928757,46.0792968],[28.0926643,46.0791847],[28.0924529,46.0789806],[28.09227,46.0785746],[28.0922316,46.0780266],[28.0928189,46.0762837],[28.0933539,46.0751378],[28.0936127,46.0740812],[28.0930578,46.0735116],[28.091345,46.07287],[28.0898438,46.0717927],[28.0889947,46.0702309],[28.089035,46.0689846],[28.0897396,46.068088],[28.0914848,46.0672927],[28.0956825,46.0657734],[28.0967001,46.0654863],[28.0986094,46.0651029],[28.1004278,46.0645917],[28.1006815,46.0638793],[28.0999486,46.0623353],[28.0989904,46.0609066],[28.0975374,46.060097],[28.0956307,46.0600513],[28.0916479,46.0604465],[28.0908521,46.0603989],[28.0900669,46.0602161],[28.0891114,46.0598193],[28.0887544,46.0593255],[28.0887086,46.0588964],[28.0892762,46.0571761],[28.0899977,46.0562158],[28.090767,46.0548425],[28.0914426,46.0539297],[28.0924117,46.05337],[28.0931129,46.0530356],[28.0942364,46.0531488],[28.0992775,46.0540434],[28.1028324,46.0541454],[28.104726,46.0535126],[28.1049535,46.0532928],[28.1050964,46.0530453]],[[28.1050964,46.0530453],[28.1051373,46.0527725],[28.105056,46.0524715],[28.1039289,46.0515221],[28.1027358,46.0504233],[28.1014085,46.0493725],[28.1004847,46.0481471],[28.1003728,46.047438],[28.1003493,46.0467705],[28.1004195,46.046346],[28.1006756,46.0459429],[28.1012807,46.0454164],[28.1034525,46.0440771],[28.1037514,46.0437339],[28.1038644,46.0433477],[28.1036798,46.0430037],[28.1032163,46.0427351],[28.1018319,46.0425401],[28.1006225,46.042656],[28.0991806,46.0431805],[28.0980856,46.0435586],[28.097596,46.0435358],[28.0971373,46.0434054],[28.0966025,46.0429528],[28.0962604,46.0422712],[28.0960732,46.0416112],[28.0955249,46.0398879],[28.094687,46.0390596],[28.0934568,46.0380219],[28.0907624,46.0358671],[28.0902654,46.0347635],[28.0900587,46.0331132],[28.0903501,46.0320468],[28.0907496,46.030408],[28.090126,46.0288005],[28.0893761,46.0274651],[28.0888184,46.0258248],[28.0888627,46.0241298],[28.0884444,46.0222605],[28.08775,46.0206841],[28.087652,46.0201724],[28.0890488,46.0190464],[28.0913675,46.0180845],[28.093742,46.017546],[28.0951935,46.0169005],[28.095665,46.0158873],[28.0957234,46.0149193],[28.0951342,46.0140655],[28.0936254,46.0130527],[28.0901326,46.0112345],[28.0884654,46.0103024],[28.085927,46.0089794],[28.0853488,46.0082441],[28.0854854,46.00761],[28.086399,46.0065473],[28.0868403,46.0062527],[28.0873745,46.0060441],[28.0888893,46.0059323],[28.0902114,46.0055408],[28.0912236,46.0050632],[28.0927011,46.0026613],[28.0930321,46.0019821]],[[28.1234788,46.1924583],[28.1252075,46.1930478],[28.1315645,46.1952114],[28.1325914,46.1954639],[28.13325,46.1956166],[28.1338372,46.1956781],[28.1342802,46.1956842],[28.1346645,46.1955613],[28.1349368,46.1952942],[28.1365983,46.1930157],[28.137522,46.1920451],[28.1379664,46.1917353],[28.1384108,46.1915696],[28.13908,46.1916123],[28.1397332,46.1919653],[28.1403907,46.1923149],[28.1409361,46.1924095],[28.141316,46.1922421],[28.1415358,46.1920303],[28.1417196,46.1885701],[28.1415228,46.1856339],[28.1414122,46.1848061],[28.141142,46.183966],[28.140918,46.183547],[28.1406312,46.1831552]],[[28.1391234,46.2481212],[28.1383731,46.2480358],[28.1376412,46.2481587],[28.1370442,46.2487486],[28.1360515,46.2498663],[28.1351815,46.2506666],[28.1342623,46.2512425],[28.1334341,46.2512295],[28.1325894,46.2504389],[28.1310584,46.2491364],[28.1287895,46.2473635],[28.1270499,46.2459728],[28.1253741,46.2444261],[28.1236776,46.2424746],[28.1223378,46.2413708],[28.1216827,46.2411696],[28.1209347,46.2411613],[28.1203381,46.2416408],[28.1199454,46.2424593],[28.1197816,46.2430947],[28.1189887,46.2432426],[28.1183426,46.242835],[28.1189425,46.2417185],[28.1194973,46.2405957],[28.1196476,46.2393656],[28.1194339,46.2389091],[28.1191743,46.238615],[28.1183465,46.2385629],[28.1175663,46.2391278],[28.1164839,46.2401947],[28.1156514,46.2415587],[28.1150738,46.2432401],[28.1145836,46.2451652],[28.1141667,46.2461162],[28.1136801,46.246289],[28.1131218,46.2462385],[28.1117365,46.2453007],[28.1108258,46.2443727],[28.1098546,46.2427076],[28.1093093,46.2402767],[28.1097809,46.2378982],[28.110873,46.2356275],[28.1118466,46.2336001],[28.112023,46.2325825],[28.1110872,46.2291012],[28.1105549,46.2276384],[28.1095224,46.2254809],[28.1083021,46.2239573],[28.1074557,46.2232147],[28.106489,46.2222316],[28.1062151,46.2213003],[28.1074504,46.2208163],[28.1090436,46.2207142],[28.1108978,46.2206065],[28.1119984,46.2200721],[28.1121106,46.2192667],[28.1118641,46.2182293],[28.1110893,46.2167033],[28.1100781,46.2156515],[28.1095888,46.2154889],[28.1088152,46.215474],[28.1080736,46.2153292],[28.1077302,46.215177],[28.1075052,46.214787],[28.1076307,46.2144682],[28.108088,46.2142723],[28.1094667,46.2140358],[28.1102767,46.2138157],[28.1127391,46.2128799],[28.113857,46.2121758],[28.1148455,46.2114717],[28.1148537,46.2108292],[28.1128195,46.2092814],[28.1115321,46.2082085],[28.1100849,46.2068783],[28.1093482,46.2056188],[28.1095786,46.2045764],[28.1103915,46.2039539],[28.1115121,46.2029574],[28.11247,46.2021228],[28.1135874,46.2017384],[28.1153925,46.2022988],[28.1172566,46.2036525],[28.1179433,46.2048097],[28.1178652,46.2060024],[28.117653,46.2070387],[28.1167089,46.2086978],[28.1162783,46.2102144],[28.1163731,46.2110141],[28.1172326,46.2118282],[28.1182475,46.2121805],[28.119965,46.2123409],[28.1215268,46.2120452],[28.1229123,46.2112862],[28.1246468,46.2098726],[28.1256349,46.2083635],[28.1259973,46.2060347],[28.1258181,46.2040918],[28.1252678,46.2025978],[28.1242248,46.200709],[28.1224037,46.1987424],[28.1209213,46.1976218],[28.1174242,46.1955271],[28.1173312,46.195181],[28.1174751,46.1943593],[28.117751,46.1931732],[28.118026,46.1921683],[28.1184969,46.1915324],[28.1194872,46.1913288],[28.1220743,46.1919222],[28.1234788,46.1924583]],[[28.1406312,46.1831552],[28.1401739,46.1829851],[28.1393943,46.1830323],[28.1389573,46.1832189],[28.1385677,46.1834711],[28.1364626,46.1850808],[28.1350629,46.1859008],[28.133497,46.1861533],[28.1324937,46.1862284],[28.1316089,46.1860739],[28.1312439,46.1858308],[28.1310447,46.1856041],[28.1307786,46.1848602],[28.1317709,46.1823642],[28.1324574,46.18171],[28.1339979,46.1811203],[28.1366441,46.1805705],[28.1424569,46.1799204],[28.143737,46.1796915],[28.1442115,46.1794954],[28.1443498,46.1791341],[28.1442986,46.1787072],[28.1434676,46.1769447],[28.1428848,46.1765145],[28.1424205,46.1763468],[28.1416104,46.1761098],[28.1401549,46.1759758],[28.1388416,46.1760223],[28.1369733,46.1764492],[28.1352945,46.1770073],[28.131086,46.1789836],[28.1303215,46.1792115],[28.1296281,46.1792425],[28.1291388,46.1790707],[28.128839,46.1788498],[28.1284528,46.1783914],[28.1282433,46.1778496],[28.1281286,46.1772093],[28.1283847,46.1761042],[28.1288593,46.1753805],[28.1294524,46.1747388],[28.1319453,46.1734731],[28.1360281,46.1721247],[28.1371857,46.1714773],[28.1382011,46.1707806],[28.1396105,46.1693161],[28.1422266,46.1658691],[28.14288,46.1647439],[28.1429647,46.1643735],[28.1428215,46.1640387],[28.1423205,46.1638622],[28.1409072,46.1638335],[28.1395024,46.1636446],[28.1383915,46.1633687],[28.1370437,46.1627645],[28.1358091,46.1615181],[28.135186,46.1602556],[28.1340634,46.1579332],[28.1330697,46.1555164],[28.1323934,46.1541676],[28.1315494,46.1539576],[28.129469,46.1548396],[28.1272008,46.1555275],[28.1262851,46.1553129],[28.124945,46.1527625],[28.1240791,46.1507294],[28.1235223,46.1488115],[28.1236369,46.1475055],[28.1238749,46.1470234],[28.1244682,46.1467097],[28.125083,46.1465001],[28.1262878,46.1462255],[28.1272243,46.1458543],[28.1279517,46.1455144],[28.1286361,46.1451003],[28.1291009,46.1445592],[28.1292438,46.1439587],[28.129152,46.1425157],[28.128645,46.1414527],[28.1267752,46.1398181],[28.1250208,46.1384773],[28.1250081,46.1374279],[28.1271065,46.1334103],[28.1280319,46.1315987],[28.1289305,46.1308979],[28.1317596,46.1310357],[28.1337381,46.1310266],[28.1344485,46.1304549],[28.1340317,46.1293234],[28.1326357,46.1281984],[28.1309811,46.1267117],[28.12984,46.1257139],[28.1290852,46.1253234],[28.1287245,46.1252636],[28.1285041,46.1253248],[28.1278897,46.1256807],[28.1273349,46.1259556],[28.126609,46.1262017],[28.126153,46.1263357],[28.1256244,46.1263835],[28.1252516,46.1264059],[28.1248477,46.1263348],[28.1244841,46.1259948],[28.1243176,46.1256045],[28.1243681,46.1249389],[28.1245326,46.1242948],[28.1251929,46.1222906],[28.1255053,46.1198159],[28.1249691,46.1186841],[28.1239218,46.1163975],[28.1238444,46.1152031],[28.1242844,46.1138823],[28.1244989,46.1124401],[28.1244267,46.1119285],[28.124197,46.1115808],[28.1236194,46.1113494],[28.1227384,46.1113278],[28.1224044,46.1114603],[28.1212601,46.1119155],[28.119248,46.1125443],[28.1185641,46.1126548],[28.1179983,46.1124923],[28.1174376,46.1120366]],[[28.1174376,46.1120366],[28.116721,46.1111913],[28.115771,46.1095309],[28.1155117,46.1085371],[28.1159724,46.1076415],[28.1176352,46.1068224],[28.1199147,46.1061546],[28.122107,46.105559],[28.1226183,46.1053679],[28.122829,46.1052609]],[[28.122829,46.1052609],[28.1229347,46.1051184],[28.1229352,46.1048935],[28.1221337,46.1039406],[28.1201441,46.102635],[28.1189073,46.1022689],[28.1177135,46.1020814],[28.116227,46.1020634],[28.1151256,46.102132],[28.1130816,46.1025617],[28.1120709,46.1036883],[28.1111982,46.1038554],[28.1102424,46.1037919],[28.1093877,46.1031658],[28.1086202,46.1016979],[28.1078286,46.099899],[28.1074829,46.0990691],[28.1071576,46.0984061],[28.1067806,46.0982808],[28.1064037,46.0982346],[28.1057537,46.0982937],[28.1039763,46.098747],[28.1031977,46.09893],[28.1027804,46.0988792],[28.1024669,46.0987565],[28.1022485,46.0984781],[28.1021964,46.0980989],[28.1024986,46.0977522],[28.1030918,46.0974056],[28.1052878,46.0965823],[28.1069589,46.0957343],[28.1073008,46.0952316],[28.107332,46.0948903]],[[28.1640438,45.5062647],[28.1638346,45.5058393],[28.1635515,45.5048275],[28.1632604,45.5038969],[28.1620973,45.5007571],[28.1620912,45.5002922],[28.1624787,45.4999844],[28.1642196,45.5001598],[28.1668243,45.5003846],[28.1701655,45.5012119],[28.1708913,45.5012841],[28.1715259,45.5012698],[28.1718626,45.5011925],[28.1721914,45.5009184],[28.1727349,45.5001479],[28.1736807,45.498806],[28.1743859,45.4979503],[28.1761331,45.4957127],[28.1769577,45.4936644],[28.1775734,45.4914239],[28.1781132,45.4881177],[28.1784203,45.4869368],[28.1787078,45.4855128],[28.17922,45.4840867],[28.1795419,45.483705],[28.1798514,45.4834443],[28.1805444,45.4831476],[28.1808446,45.4830219],[28.1815206,45.4828313],[28.1819155,45.4826946],[28.182275,45.4824993],[28.1825605,45.4822868],[28.1830863,45.4817675],[28.1835012,45.4809588],[28.1838498,45.480082],[28.1842476,45.479067],[28.1843765,45.4787687],[28.1851905,45.4758496],[28.1856784,45.474687],[28.1860471,45.4742726],[28.1865666,45.4738713],[28.1871897,45.473603],[28.1884355,45.473194],[28.1894825,45.4729779],[28.1902946,45.4728103],[28.1924909,45.4724404],[28.1944684,45.4721713],[28.1966311,45.4716281],[28.1969915,45.4715342],[28.1971384,45.471488],[28.1979022,45.4712218],[28.1979078,45.4712199],[28.1983135,45.4710995],[28.1995363,45.4708554],[28.2010165,45.470664],[28.2019338,45.4705371],[28.203006,45.4703395],[28.2038958,45.4700971],[28.2060731,45.4695039],[28.2075399,45.4688739],[28.2079976,45.4685837],[28.2083414,45.4682935],[28.208689,45.4673793]],[[28.1621071,45.6599231],[28.1620893,45.6594015],[28.1623479,45.658965],[28.1628543,45.6583912],[28.1634739,45.6579361],[28.164689,45.6570476],[28.1655597,45.6557955],[28.1659774,45.6548402],[28.1661131,45.6541468],[28.1659373,45.6534534],[28.1653825,45.6527146],[28.1647316,45.652239],[28.1638946,45.6519316],[28.1625814,45.6516504],[28.1607014,45.6517034],[28.1595401,45.6518165],[28.1586197,45.6518383],[28.1581761,45.6516657],[28.1578819,45.6514409],[28.1578913,45.6507302],[28.1582067,45.650211],[28.1588988,45.6497598],[28.1592683,45.6496154],[28.1594754,45.6495345],[28.1601411,45.6493529],[28.1607199,45.6493197],[28.1613173,45.6493388],[28.161989,45.6493917],[28.1626047,45.6495229],[28.1631975,45.6495158],[28.1638091,45.6494042],[28.1648454,45.6490243],[28.1658944,45.6486056],[28.1675541,45.6484473],[28.1692877,45.6489051],[28.1697915,45.6490136],[28.1702391,45.6490437],[28.1709851,45.648856],[28.171857,45.6485369],[28.1719355,45.6484851],[28.1724872,45.6481207],[28.1726168,45.648035]],[[28.1717316,45.6406745],[28.171473,45.6404717],[28.171095,45.6403546],[28.1706732,45.6403003],[28.1702822,45.640302],[28.1699282,45.6403554],[28.1691361,45.6404002],[28.1687559,45.6403928],[28.1683634,45.640308],[28.1678295,45.6401113],[28.1670838,45.6399757],[28.1661965,45.6398846],[28.1659728,45.6397446],[28.1657742,45.6394461],[28.165604,45.6390981],[28.165122,45.6384714],[28.1644163,45.6379907],[28.1636353,45.6378151],[28.16151,45.6377732],[28.1609954,45.637707],[28.1604772,45.637601],[28.1599658,45.6374799],[28.1595292,45.6373718],[28.1586609,45.6372256],[28.1577738,45.6370011],[28.1575647,45.6369566],[28.1571736,45.636848],[28.1569513,45.6366954],[28.1567158,45.6365404],[28.1563777,45.6362287],[28.1556703,45.6350711],[28.1547439,45.6343146],[28.1536546,45.6331444],[28.1535954,45.6330789],[28.1515874,45.630858],[28.1510044,45.6296486],[28.150571,45.6282688],[28.1496401,45.6263751],[28.1494919,45.6260423],[28.1488877,45.6256533],[28.1478324,45.6254472],[28.1471331,45.6254117],[28.1464861,45.6253607],[28.1459962,45.6252565],[28.1456122,45.6250918],[28.145328,45.6247997],[28.1452906,45.62441],[28.1453423,45.6233893],[28.145158,45.6220288],[28.1449567,45.6216692],[28.144675,45.6214696],[28.1441225,45.6213222],[28.1432818,45.6214488],[28.1419934,45.6218843],[28.1412187,45.6223155],[28.1407989,45.622812],[28.1404186,45.6240376],[28.1399914,45.6253506],[28.1395192,45.6256062],[28.1390656,45.6257442],[28.1386302,45.6257622],[28.1372644,45.6256984],[28.1341091,45.6245734],[28.1324513,45.6241549],[28.1305693,45.6239192],[28.1301322,45.6237679],[28.1298713,45.6236038],[28.129727,45.6233953],[28.1296947,45.6231934],[28.1297583,45.6229418],[28.1298773,45.6226992],[28.1307229,45.6219679],[28.1316573,45.620961],[28.1319029,45.6203732],[28.1319804,45.6197853],[28.1318878,45.619328],[28.131515,45.6188968],[28.1309869,45.6187021],[28.1303281,45.6186903],[28.1288268,45.6193882],[28.1263211,45.6205788],[28.1239429,45.6219494],[28.1223016,45.6232677],[28.1218021,45.6240946],[28.1215828,45.6249738],[28.1212327,45.6262688],[28.1207536,45.6270897],[28.1198754,45.6273925],[28.1168865,45.6270349],[28.1138503,45.6267434],[28.1121572,45.6262972]],[[28.1633912,45.5461324],[28.1644889,45.5461309],[28.1652195,45.5458709],[28.1654895,45.5453967],[28.1655969,45.5448087],[28.1657937,45.5438919],[28.1659182,45.5428465],[28.165919,45.5413577],[28.1658662,45.5389175],[28.165681,45.537136],[28.1653972,45.5362065],[28.1651591,45.5356209],[28.1647087,45.5350718],[28.1642517,45.5346571],[28.1636519,45.5343541],[28.162935,45.5340547],[28.1624993,45.5337772],[28.1620631,45.5332528],[28.1624753,45.5328776],[28.1626125,45.5328192],[28.1638093,45.5323094],[28.1651144,45.5311143],[28.1662203,45.5294143],[28.166458,45.5286326],[28.1664272,45.5278251],[28.1659954,45.5267878],[28.1659478,45.5260231],[28.1657997,45.5252296],[28.1654322,45.5244318],[28.1647045,45.5239131],[28.1640922,45.5239571],[28.1635667,45.5245135],[28.1619039,45.5252339],[28.1590754,45.5255402],[28.1579944,45.5254124],[28.157005,45.5251519],[28.1567607,45.5245564],[28.1567285,45.524104],[28.157406,45.5235247],[28.1588903,45.5227942],[28.1609342,45.5220709],[28.1650614,45.5210332],[28.1659005,45.5205298],[28.1663296,45.5197622],[28.165972,45.5182498],[28.1654319,45.517219],[28.1633398,45.5137212],[28.1626488,45.5125627],[28.1620511,45.5118076],[28.1616701,45.5113781],[28.1611582,45.5110301],[28.160478,45.5108087],[28.1592648,45.510741],[28.1566872,45.5107625],[28.1547187,45.5104846],[28.1542326,45.5102601],[28.1539793,45.5099275],[28.1541614,45.5095701],[28.1545848,45.5093698],[28.1568913,45.5087891],[28.1585706,45.5086134],[28.1606397,45.5086589],[28.1624372,45.5086154],[28.1634613,45.5083648],[28.1641788,45.507924],[28.1644281,45.507521],[28.1643688,45.5070139],[28.1640438,45.5062647]],[[28.1565087,45.5755112],[28.1567226,45.5753617],[28.1569074,45.5749898],[28.1570052,45.5743319],[28.156992,45.5737431],[28.1569508,45.5717997],[28.1567471,45.5700836],[28.1561414,45.568288],[28.1553174,45.5663602],[28.1545095,45.5650956],[28.1543693,45.5649559],[28.1539909,45.5645787],[28.1531639,45.5642554],[28.1506271,45.5640077],[28.1496197,45.5637607],[28.148765,45.5632769],[28.1482971,45.5628098],[28.1480911,45.5621735],[28.1485699,45.5616014],[28.149331,45.5612352],[28.1508172,45.5609402],[28.1524346,45.5607871],[28.154569,45.5610815],[28.1567204,45.5612564],[28.1579707,45.5612609],[28.158927,45.5609813],[28.1590857,45.5603846],[28.1588187,45.5597777],[28.1582069,45.5589434],[28.1568318,45.5578175],[28.1561261,45.5570749],[28.1556537,45.5562041],[28.1553491,45.5554261],[28.1552744,45.5546155],[28.1555211,45.5539518],[28.1560565,45.553335],[28.1577323,45.5519067],[28.1591773,45.55058],[28.1599461,45.5489023],[28.1606236,45.5474957],[28.1609303,45.5469491],[28.1616381,45.5465115],[28.1624901,45.5462389],[28.1633912,45.5461324]],[[28.1022104,45.5937273],[28.1025192,45.5933219],[28.1041116,45.5912313],[28.1055048,45.5887039],[28.1060304,45.588037],[28.1068204,45.5875297],[28.1087901,45.587201],[28.1117536,45.5867801],[28.1130921,45.5863378],[28.1139947,45.5855689],[28.1153438,45.5839138],[28.1167849,45.5821452],[28.1178452,45.5809203],[28.1183003,45.5803967],[28.1189929,45.5799391],[28.1203045,45.5794335],[28.1210712,45.5791449],[28.12134,45.578853],[28.1212497,45.578522],[28.1207579,45.5781946],[28.119599,45.5777581],[28.1185499,45.5772004],[28.1174665,45.5761154],[28.1172531,45.5755059],[28.1175228,45.5748583],[28.118408,45.5741128],[28.1194677,45.573423],[28.1202103,45.5727688],[28.1212362,45.5720929],[28.121618,45.5718667],[28.1221118,45.5718012],[28.1226864,45.5719606],[28.1232447,45.5726421],[28.124029,45.5735228],[28.1245835,45.5739231],[28.1252847,45.5741286],[28.1256152,45.5739667],[28.1257049,45.5737674],[28.1258362,45.5732752],[28.1258109,45.5722477],[28.1257194,45.5714257],[28.1258439,45.5711012],[28.1262426,45.5708504],[28.1266872,45.5709001],[28.1270595,45.5710944],[28.1277589,45.5717856],[28.1290456,45.5735879],[28.1298021,45.5748788],[28.1304682,45.5754345],[28.130864,45.5755577],[28.1313133,45.5755685],[28.1317334,45.5753249],[28.1318861,45.5750064],[28.1320619,45.5740383],[28.1321111,45.5726548],[28.1322012,45.5717888],[28.1325068,45.5711607],[28.1328499,45.5708611],[28.1334913,45.5707376],[28.1342308,45.570952],[28.1348613,45.5713784],[28.1353532,45.5718977],[28.1356394,45.5723921],[28.1357877,45.5730005],[28.135556,45.5738582],[28.1351504,45.5748302],[28.134655,45.5761761],[28.1347961,45.5770043],[28.1353591,45.5776472],[28.1359679,45.5776979],[28.136443,45.5776738],[28.1375537,45.5776255],[28.138839,45.5774316],[28.13983,45.5771628],[28.1405427,45.5766404],[28.1407802,45.5763016],[28.140884,45.5758505],[28.1411543,45.5743816],[28.1422342,45.5721594],[28.142806,45.5710871],[28.1431873,45.5699408],[28.1435509,45.5684365],[28.1441814,45.5669423],[28.1445141,45.5664235],[28.1450849,45.565959],[28.1456197,45.5658588],[28.1461106,45.5659388],[28.1476375,45.5669658],[28.1484429,45.5675695],[28.1491273,45.5682808],[28.1496243,45.5690178],[28.1499784,45.5698152],[28.1508914,45.5711902],[28.1525258,45.5729463],[28.1541314,45.5744386],[28.1553325,45.5754036],[28.1558495,45.5755497],[28.1562863,45.5755648],[28.1565087,45.5755112]],[[28.0884093,45.6061682],[28.0883891,45.60588],[28.0885616,45.6045982],[28.0891251,45.6034138],[28.0902859,45.6011267],[28.0909433,45.5999299],[28.0917185,45.5988529],[28.0924353,45.5980236],[28.0936646,45.5973596],[28.0951599,45.5969018],[28.0965966,45.5965485],[28.0989036,45.5960498],[28.099524,45.5958834],[28.1001281,45.595683],[28.1007265,45.595373],[28.1022104,45.5937273]],[[28.0922343,45.6118005],[28.0905971,45.6109609],[28.0889274,45.6093974],[28.0886905,45.6078316],[28.0884093,45.6061682]],[[28.1223009,45.7880778],[28.1232512,45.7876068],[28.1235838,45.787315],[28.1247689,45.7860345]],[[28.1247689,45.7860345],[28.1263545,45.7839727],[28.127475,45.7829975],[28.1297564,45.7813313],[28.1309943,45.7806291],[28.1329549,45.7797063],[28.1338975,45.7790543],[28.1345324,45.7785774],[28.1350363,45.778362],[28.1355543,45.7783243],[28.1366031,45.7786006],[28.1375292,45.7790233],[28.1383133,45.7792872],[28.1393112,45.7794358],[28.1411019,45.7794758],[28.1422963,45.7800263],[28.143276,45.7807483],[28.1437622,45.7810224],[28.1442741,45.7811795],[28.1458243,45.7812021],[28.1470656,45.7812135],[28.1477429,45.7814678],[28.1492447,45.7825718],[28.1504364,45.7831418],[28.1510731,45.7834153],[28.151752,45.7836003],[28.1522584,45.7835375],[28.1527647,45.7834412],[28.1533189,45.7831459],[28.1537679,45.7827996],[28.1539547,45.7825141],[28.1540349,45.7822882],[28.1539981,45.7819515],[28.153218,45.7810585],[28.1524565,45.7802521],[28.1522818,45.7799876],[28.1523733,45.7797749],[28.1527037,45.7794876],[28.1530196,45.7793771],[28.1541306,45.7791266],[28.154798,45.7789364],[28.1552723,45.778735],[28.1555281,45.7784944],[28.1557223,45.7781248],[28.1556245,45.776363],[28.1554632,45.775929],[28.1551058,45.7750455],[28.1542831,45.7741134],[28.1538358,45.7738992],[28.1532892,45.7737666],[28.1526483,45.7737367],[28.15185,45.7737722],[28.1508156,45.7736206],[28.1504234,45.7735396],[28.149999,45.7733763],[28.1498313,45.7732604],[28.1497172,45.7730996],[28.1497346,45.7723826],[28.1499251,45.7711971],[28.1497898,45.7703076],[28.1497006,45.7698337],[28.149362,45.76927],[28.1489235,45.7689209],[28.1486901,45.7687101],[28.1482122,45.768338],[28.1480599,45.7680794],[28.1479935,45.7678058],[28.1480493,45.7671613],[28.1482789,45.7667251],[28.1484744,45.7663538],[28.1494454,45.765475],[28.1497521,45.7651863],[28.1499944,45.7648827],[28.1498959,45.7644303],[28.1496042,45.7640003],[28.1489817,45.7636748],[28.1478561,45.7635255],[28.1465315,45.7638565],[28.1457143,45.7641818],[28.1452404,45.7642302],[28.1448881,45.764168],[28.1444871,45.7637851],[28.1439126,45.7624627],[28.1434082,45.7610275],[28.1434891,45.760231],[28.1441157,45.7594303],[28.1449527,45.7588623],[28.1462012,45.7581349],[28.1470173,45.7573262],[28.1479999,45.7561615],[28.14856,45.755604],[28.1493132,45.7551364],[28.1511201,45.7544969],[28.1518572,45.7541712],[28.1519751,45.7539736],[28.1520287,45.7537834],[28.1519307,45.7534397],[28.1516933,45.7530436],[28.1511837,45.7526575]],[[28.1507972,45.7523291],[28.1502884,45.7518525],[28.1497523,45.7512924],[28.1497025,45.7509337],[28.1498061,45.7506016],[28.1501134,45.7500345],[28.1506465,45.7494861],[28.150993,45.7482273],[28.1509258,45.746156],[28.1508401,45.7447967],[28.1511488,45.7442688],[28.1514458,45.7440597],[28.15185,45.743948],[28.1528531,45.7438728],[28.1541469,45.7441011],[28.1554477,45.7442237],[28.1561267,45.7439341],[28.1563519,45.7435542],[28.1565559,45.7424876],[28.1566506,45.7412994],[28.1567932,45.7408734],[28.1569782,45.740556],[28.15724,45.7401829],[28.1576151,45.7397703],[28.1585099,45.7393356],[28.1589659,45.7391648],[28.1599429,45.7389102],[28.1610399,45.7385136],[28.162156,45.7381651],[28.1635617,45.7377612],[28.1650561,45.7372924],[28.1658309,45.7370157],[28.166587,45.7365792],[28.1668736,45.736241],[28.1669922,45.73588],[28.1668369,45.735386],[28.1664862,45.7348327],[28.1662103,45.7343968],[28.1655845,45.733721],[28.1652745,45.7330295],[28.1651104,45.7325784],[28.1651564,45.7320132],[28.1657077,45.731395],[28.1660651,45.7309035],[28.1661062,45.7304475],[28.1656645,45.7300598],[28.1647276,45.7296981],[28.163675,45.7295033],[28.1628529,45.7292407],[28.1621522,45.7287956],[28.1619665,45.72845],[28.1618089,45.7281175],[28.1616577,45.7274209],[28.1614614,45.7267292],[28.1609008,45.7258158],[28.1607975,45.7253844],[28.1608063,45.7250508],[28.1609143,45.7248013],[28.1611719,45.7245648],[28.161444,45.7244113],[28.1617406,45.7242426],[28.1622239,45.7241196],[28.1631533,45.7240169],[28.1639027,45.7240514],[28.1644093,45.7241186],[28.1655999,45.7243246],[28.1661783,45.7243499],[28.16671,45.7243296],[28.1671333,45.7240013],[28.1672628,45.7236081],[28.167209,45.7231634],[28.1668843,45.7225981],[28.1664502,45.7220834],[28.1659717,45.721642],[28.1652129,45.720842],[28.1648882,45.7201498],[28.1644887,45.7194577],[28.1641701,45.7181991],[28.1641531,45.7178482],[28.1640614,45.71753],[28.1641191,45.7172508],[28.1641395,45.716913],[28.164998,45.7158717],[28.1660496,45.7149468],[28.1672354,45.7136946],[28.168257,45.7123844],[28.1694206,45.7114016],[28.1702583,45.7105298],[28.1705539,45.7101476],[28.1707478,45.7097736],[28.1707859,45.7095578],[28.170711,45.7088679],[28.1704529,45.7083332],[28.1700168,45.7078139]],[[28.1150893,45.9531684],[28.1153195,45.9523374],[28.1153089,45.9505642],[28.1153702,45.949471],[28.1157057,45.9484249],[28.1163845,45.9474385],[28.1179059,45.9455946],[28.1185188,45.9444581],[28.1181952,45.9427354],[28.117165,45.9410458],[28.1157641,45.9387466],[28.1142372,45.9367368],[28.1142093,45.9356874],[28.1163362,45.9341042],[28.1186429,45.9330722],[28.1203014,45.9320675],[28.1214223,45.9306405],[28.1218959,45.9295735],[28.1220695,45.9284488],[28.1222745,45.9273021],[28.1229508,45.9257965],[28.1242858,45.9246688],[28.1251855,45.9234954],[28.1254756,45.9229078],[28.1256096,45.9219182],[28.1255131,45.9215794],[28.1253046,45.9212795],[28.1246878,45.9208031],[28.1234172,45.9202227],[28.1228048,45.9199752],[28.1212772,45.9190389],[28.1209477,45.9187308],[28.1204295,45.918184],[28.1201659,45.9175776]],[[28.1201659,45.9175776],[28.1201488,45.9174357],[28.1199793,45.9171255],[28.1198555,45.9166723],[28.1199692,45.9152179],[28.1198708,45.9143038],[28.1196556,45.9135159],[28.1182449,45.9119928],[28.1170601,45.9109321],[28.1166687,45.9105397],[28.1164088,45.9100617],[28.1160339,45.909234],[28.116003,45.9083642],[28.1163746,45.9076501],[28.1169757,45.9066322],[28.1176494,45.9059344],[28.1190108,45.9044376],[28.1200469,45.9026405],[28.1202111,45.9020886],[28.1200985,45.9015354],[28.120041,45.9012533],[28.1193511,45.9003406],[28.1188174,45.9000032],[28.1182977,45.8998503],[28.1177379,45.8998083],[28.1154645,45.899916],[28.1135177,45.8998401],[28.1121493,45.899308],[28.1120323,45.8983507],[28.1123446,45.8966006],[28.1126494,45.8952146],[28.1136619,45.8941309],[28.1148927,45.8934656],[28.1156223,45.8931453],[28.1162962,45.8927383],[28.1166346,45.8918295],[28.1164848,45.8898663],[28.1172176,45.8887584],[28.1181512,45.8878377],[28.1182733,45.8874908],[28.1179489,45.8871072],[28.1171267,45.886831],[28.1149542,45.8863468],[28.113253,45.8858326],[28.1124602,45.8850421],[28.112409,45.8847315],[28.1125276,45.8843027],[28.112727,45.8840134],[28.1134784,45.8834975],[28.1141319,45.883116],[28.1148501,45.8827917],[28.1154267,45.8826054],[28.1159853,45.8825285],[28.1164797,45.8825323],[28.1170423,45.8826195],[28.1180597,45.882939],[28.1188648,45.8831895],[28.1194282,45.8833314],[28.12017,45.8834664],[28.1209514,45.8835536],[28.1216479,45.8835028],[28.1221227,45.8833749],[28.1224559,45.8832174],[28.1227175,45.8830238],[28.1232456,45.8822594],[28.1235755,45.8821454],[28.1238064,45.8821898],[28.1239848,45.8823251],[28.1241568,45.8825314],[28.1244987,45.8834078],[28.1247295,45.8837613],[28.1253128,45.8846331],[28.1260157,45.8851856],[28.1264116,45.8852879],[28.1267509,45.8853114],[28.1270614,45.8852402],[28.1274411,45.8850159],[28.1280525,45.8844562],[28.1288286,45.8837487],[28.1298534,45.8829685],[28.1305366,45.882142],[28.1303945,45.8811336],[28.1292141,45.8798555],[28.1281246,45.8787371],[28.1279519,45.8784254],[28.1278711,45.8780585],[28.1279439,45.877747],[28.1281361,45.8774729],[28.1285547,45.8772974],[28.1290584,45.8772733],[28.1300659,45.8774418],[28.1304897,45.8774529],[28.13119,45.8774119],[28.1317808,45.8773224],[28.1322867,45.8771541],[28.1326964,45.8769341],[28.1328477,45.8766996],[28.1328292,45.8764453],[28.1325656,45.8761537],[28.1310211,45.8749417],[28.1290028,45.8730727],[28.1280088,45.8714328],[28.1273038,45.8696339],[28.1273193,45.8681614],[28.1277668,45.8658322]],[[28.110068,45.8374281],[28.110644,45.8366978],[28.1122844,45.8354496],[28.1127621,45.8344884],[28.1126935,45.8333172],[28.1109817,45.8323447],[28.1095247,45.8318366],[28.1090195,45.8312156],[28.1087516,45.8305939],[28.1102675,45.8291571],[28.1114614,45.8278006],[28.1119886,45.8268743],[28.111753,45.8259171],[28.1100392,45.8253968],[28.1095526,45.8248854],[28.1093314,45.8243514],[28.1108813,45.8229002],[28.1124824,45.8215341],[28.113106,45.8208303],[28.1119746,45.8199288],[28.1098591,45.8185552],[28.1082299,45.8170642],[28.1074403,45.8165257],[28.1078011,45.8157034],[28.1101693,45.8147064],[28.1129143,45.8145684],[28.1154262,45.8146095],[28.1186169,45.8148725],[28.1191222,45.8133258],[28.119673,45.8109443],[28.1203309,45.8087023],[28.1211436,45.806891],[28.1212594,45.8064085],[28.1211662,45.8047437],[28.1204944,45.8033923],[28.1196245,45.8024449],[28.1195612,45.801836],[28.1207549,45.8001635],[28.1220631,45.798781],[28.1227456,45.7982203],[28.1221125,45.7971752],[28.1211234,45.7960713],[28.1202573,45.7952575],[28.1191996,45.7946172],[28.1181481,45.7944001],[28.1169866,45.7946291],[28.1155215,45.7959009],[28.1146237,45.7964263],[28.1135958,45.7964469],[28.1130008,45.7961091],[28.1122099,45.7951853],[28.1128029,45.7926823],[28.1132913,45.7911761],[28.1142242,45.7902508],[28.1154277,45.7898944],[28.1203774,45.7911183],[28.120904,45.7909352],[28.1211099,45.7904824],[28.1209243,45.7894731],[28.1216506,45.7884023],[28.1221139,45.7881679],[28.1223009,45.7880778]],[[28.1277668,45.8658322],[28.1276555,45.8638952],[28.1274135,45.8630027],[28.1269278,45.8627443],[28.1263778,45.8626354],[28.1225525,45.863522],[28.1205461,45.8636897],[28.1194219,45.8634581],[28.1178586,45.8623],[28.1167586,45.8615177],[28.1154965,45.8605022],[28.1143102,45.8600653],[28.1130656,45.8601696],[28.1118821,45.8604726],[28.1105039,45.8605195],[28.1088698,45.8606297],[28.1067047,45.8603169],[28.1060525,45.8600658],[28.1054585,45.8594128],[28.1055766,45.8588568],[28.1079516,45.8563747],[28.1091319,45.8546157],[28.1098004,45.8521809],[28.1105945,45.8510408],[28.1120415,45.8503719],[28.1134383,45.8497957],[28.1139725,45.8491535],[28.1128645,45.8482021],[28.112132,45.8473168],[28.112673,45.8453586],[28.1123069,45.8448733],[28.1118574,45.844539],[28.1107999,45.8443189],[28.1096091,45.8442149],[28.1080178,45.8440424],[28.1060861,45.8438287],[28.1053663,45.8434616],[28.1051862,45.8430263],[28.1061622,45.8419795],[28.1087548,45.8410991],[28.1094171,45.8397558],[28.1095977,45.8385246],[28.1098255,45.8377856],[28.110068,45.8374281]],[[27.0294856,48.1361287],[27.0295608,48.1356722],[27.0294449,48.1348493],[27.0277189,48.1320688],[27.0255019,48.1302128],[27.023441,48.1281027],[27.0226478,48.126274],[27.0227406,48.125347],[27.0237322,48.1245347],[27.0258627,48.1236798],[27.0273632,48.1233668],[27.0289206,48.1237163],[27.0299859,48.1243347],[27.0312595,48.1258921],[27.032847,48.1275718],[27.0344336,48.1289394],[27.0361388,48.1297027],[27.0374582,48.1298931],[27.0387415,48.1296836],[27.039158,48.129443],[27.0399065,48.1290105],[27.0398203,48.1280355],[27.0393491,48.127162],[27.03832,48.1255202],[27.0373896,48.1236734],[27.0357074,48.1213432],[27.0346214,48.1192416],[27.0337142,48.11703],[27.033838,48.115091],[27.0343307,48.1141776],[27.0366637,48.1116328],[27.038607,48.1086588],[27.0398367,48.107058]],[[26.9641919,48.1312987],[26.9684265,48.1293286],[26.9744532,48.1289352],[26.9757323,48.1288887],[26.9794054,48.1289466],[26.9824493,48.1291653],[26.9873405,48.1280017],[26.9907442,48.1266574],[26.9932379,48.1254408],[26.9946794,48.1242829],[26.9965931,48.1228452],[26.9989844,48.1220128],[27.0008218,48.1218289],[27.0028275,48.1219784],[27.0043496,48.12259],[27.0060822,48.1240409],[27.0083164,48.1259162],[27.0099406,48.128627],[27.0126229,48.1315378],[27.0145799,48.1340278],[27.0162615,48.1362203],[27.0178572,48.1376129],[27.0206967,48.1386344],[27.0223366,48.138807],[27.023571,48.138821],[27.024857,48.138729],[27.0262129,48.1384972],[27.0276773,48.1380163],[27.0286385,48.1373394],[27.0290995,48.1367848],[27.0294856,48.1361287]],[[26.7361341,48.2467224],[26.7361647,48.2463346],[26.7365392,48.2452978],[26.7368831,48.2448988],[26.7375699,48.2446953]],[[26.7375699,48.2446953],[26.7384006,48.2446491],[26.7394894,48.2447518],[26.7406068,48.2450552],[26.7421118,48.2454483],[26.7453105,48.2462284],[26.7491373,48.2474084],[26.7510933,48.2479889],[26.7529428,48.2483153],[26.7544048,48.2483344],[26.7553605,48.2482039],[26.7562474,48.2479588],[26.7567235,48.2477795]],[[26.7567235,48.2477795],[26.7581087,48.2472579],[26.7587628,48.2471315],[26.7599002,48.2471888],[26.7610006,48.2474188],[26.7622826,48.2479383],[26.7637869,48.2483345],[26.7656152,48.2484179],[26.7685953,48.2480961],[26.7705935,48.2476016],[26.7720843,48.2472626],[26.7743162,48.2464796],[26.7769892,48.2450063],[26.7783653,48.2442913],[26.7800094,48.2435046],[26.7815793,48.243051],[26.7824703,48.2429871],[26.7832871,48.2430712],[26.7844702,48.2433616],[26.7852542,48.2436862],[26.7857047,48.2441341],[26.785928,48.244484],[26.7860031,48.2448585],[26.7858939,48.2455582],[26.7857349,48.2460417],[26.7854318,48.246539],[26.7850279,48.2478733],[26.7850326,48.2483338],[26.7851814,48.2488217],[26.7854465,48.2492419],[26.7858763,48.2496346],[26.7864081,48.2498713],[26.7870634,48.250012],[26.7878323,48.2501176],[26.7887452,48.2501546],[26.7894868,48.2501715],[26.7902078,48.2501199],[26.7914029,48.2500236],[26.7926703,48.2498845],[26.7942465,48.2497385],[26.7954843,48.2496411],[26.7967016,48.2496533],[26.7974252,48.2497847],[26.7983586,48.2500615],[26.7988547,48.2503126],[26.7991828,48.2505551],[26.8002621,48.251425],[26.8018457,48.2523643],[26.8028424,48.2528789],[26.8050837,48.2539958],[26.8058693,48.2542944],[26.8067255,48.2545685],[26.8075594,48.2546658]],[[26.8117569,48.2509393],[26.8119454,48.250493],[26.81228,48.2501436],[26.812549,48.2498137],[26.8131719,48.249446],[26.8138089,48.2492386],[26.8142619,48.2491444],[26.814899,48.2490407],[26.8156351,48.2489558],[26.8160174,48.2488239],[26.8165129,48.2485693],[26.8167264,48.2481235],[26.8166778,48.2478402]],[[26.8117569,48.2509393],[26.8110425,48.2495874],[26.8109498,48.2479034],[26.811603,48.246579],[26.8129084,48.2452289],[26.8152713,48.2440653],[26.8162829,48.2432728],[26.8175345,48.2431669],[26.8207863,48.2437644],[26.8238366,48.2442554],[26.8255506,48.2441512],[26.8261382,48.2438236],[26.8269667,48.243158]],[[26.8166778,48.2478402],[26.8165643,48.2475379],[26.8164138,48.2472684],[26.816074,48.2469007],[26.8158333,48.2466085],[26.8158475,48.2463445],[26.8159183,48.2460428],[26.8161731,48.2457412],[26.816612,48.2454112],[26.8171499,48.2452509],[26.8178294,48.2452038],[26.818424,48.2453263],[26.8189903,48.2454489],[26.8195141,48.2456374],[26.8201087,48.2457317],[26.8205617,48.2456563],[26.8211563,48.2454395],[26.8219066,48.2451944],[26.8225436,48.2450624],[26.823209,48.2450906],[26.8237045,48.2451189],[26.8244548,48.2452603],[26.8249786,48.2452792],[26.8256581,48.2451378],[26.8261253,48.2448644],[26.8265217,48.2443647],[26.8267341,48.2438745],[26.8269667,48.243158]],[[26.8075594,48.2546658],[26.8085334,48.2545905],[26.8094409,48.2543872],[26.8102798,48.2540581],[26.8107604,48.2536165],[26.810992,48.2532766],[26.8112783,48.2527544],[26.8116409,48.2516578],[26.8117569,48.2509393]],[[26.8269667,48.243158],[26.8276806,48.2416704],[26.8284266,48.2400031],[26.8288486,48.2379926],[26.8290496,48.2368322],[26.8293,48.2346785],[26.8292613,48.2332984],[26.8290266,48.2319908],[26.829031,48.2312311],[26.8291102,48.230481],[26.8294401,48.229272],[26.8300658,48.2282681],[26.8309408,48.2271051],[26.8317409,48.2265453],[26.8329477,48.2263221],[26.8339569,48.2262424],[26.8350893,48.2263843],[26.8361402,48.2265392],[26.8380517,48.2268522]],[[26.8380517,48.2268522],[26.8397842,48.2273441],[26.8412106,48.2279294],[26.8426335,48.228805],[26.8436317,48.2299258],[26.8441426,48.2307172],[26.8448569,48.2314026],[26.8458511,48.232209],[26.847435,48.2331199],[26.8482304,48.2335539],[26.8493067,48.2341413],[26.8502616,48.2343977],[26.8517383,48.2341735],[26.8526056,48.2338232],[26.8538956,48.2332506],[26.8554677,48.232037],[26.8564278,48.2305998],[26.8569726,48.2294694],[26.8578309,48.224986],[26.8585975,48.2229087],[26.8591579,48.2216737],[26.8601713,48.2187277],[26.8626322,48.2167314],[26.8658502,48.2147202],[26.8691733,48.2131066],[26.8701622,48.2126278]],[[26.9089322,48.180178],[26.9108565,48.1802252],[26.9125024,48.1803365],[26.9145936,48.1803386],[26.9152943,48.1801719],[26.9169537,48.1798108],[26.9180942,48.1802204],[26.9196765,48.1811531],[26.9203982,48.1819323],[26.9209112,48.1827116],[26.9210422,48.1839995],[26.9205541,48.1851239],[26.9195787,48.1876384],[26.9174463,48.1914895],[26.9162414,48.1931161],[26.9140696,48.1952359],[26.9132466,48.1972109],[26.913414,48.1979834],[26.9134484,48.1983061],[26.9145717,48.1988639],[26.9154606,48.1991314],[26.9178055,48.1994301],[26.9197031,48.1993734],[26.9214998,48.1989282],[26.9241564,48.199106],[26.9263971,48.1994594],[26.9290414,48.199743],[26.9309932,48.1997493],[26.9328074,48.1993416],[26.9358434,48.1989932],[26.9376403,48.1985353],[26.940084,48.197661],[26.9419903,48.1966362],[26.9434549,48.1956967],[26.9451754,48.1943102],[26.9476762,48.1917381],[26.9490493,48.1897387],[26.9500088,48.187734],[26.950186,48.1858569],[26.9496981,48.1841697],[26.9485299,48.1823394],[26.9468161,48.1804376],[26.9457053,48.1795173]],[[26.8701622,48.2126278],[26.8736268,48.2105092],[26.8744939,48.2096216],[26.8752533,48.2089011],[26.8773422,48.2071306],[26.8791493,48.2057247],[26.8816958,48.2045783],[26.8830051,48.2032594],[26.8855006,48.2016189],[26.8877209,48.2010737],[26.890044,48.200842],[26.8930992,48.2008072],[26.8981881,48.2012531],[26.9021869,48.2020873],[26.904987,48.2021937],[26.9082045,48.2016786],[26.9087534,48.2012652],[26.9090404,48.2007445],[26.9090866,48.2002035],[26.9088821,48.1996735]],[[26.9088821,48.1996735],[26.9089296,48.1990405],[26.9088867,48.1984255],[26.9087365,48.197882],[26.9084211,48.1971793],[26.908361,48.1970453],[26.907964,48.1963444],[26.9074276,48.1957795],[26.9067088,48.1953003],[26.9056037,48.1948354],[26.9044128,48.1943992],[26.9030502,48.1941345],[26.9018164,48.1941417]],[[26.9088821,48.1996735],[26.9084516,48.1990994],[26.9083007,48.1989688],[26.9080708,48.1986972],[26.9077672,48.1982919],[26.907323,48.1979984],[26.9067281,48.1976938],[26.9061496,48.197026],[26.9059612,48.19679],[26.905817,48.196554],[26.9055674,48.1962184],[26.9052513,48.1959523],[26.9050224,48.1958906],[26.9047131,48.1958073],[26.9041087,48.1952307],[26.9032772,48.1946665],[26.9018164,48.1941417]],[[26.9018164,48.1941417],[26.8998013,48.1942264],[26.8960657,48.194268],[26.8947096,48.1939788],[26.8937158,48.1936281],[26.8927,48.1927661],[26.8922136,48.1908865],[26.8931552,48.1887073],[26.8944693,48.187201],[26.8960034,48.1858287],[26.8971695,48.1845889],[26.8989817,48.1836011],[26.9011134,48.1818994],[26.903351,48.1807235],[26.905607,48.1801971],[26.9075883,48.1804477],[26.9089322,48.180178]],[[26.9854498,48.1570917],[26.9874011,48.1556282],[26.9897279,48.153685],[26.9906519,48.1525184],[26.9914167,48.1513362],[26.9916791,48.1504456],[26.9917744,48.1493478],[26.9912747,48.1481741],[26.9903156,48.1470821],[26.9887362,48.1461574],[26.9858695,48.1448859],[26.9839844,48.1442258],[26.9817961,48.1437367],[26.9787155,48.1438048],[26.9752374,48.1444174],[26.9710333,48.1459706],[26.9665207,48.147871],[26.9631842,48.149406],[26.9593381,48.1517613],[26.958072,48.1523703],[26.9562864,48.1524804],[26.9548401,48.152084],[26.9532676,48.1510049],[26.9517106,48.1498679],[26.9511159,48.149217],[26.9509663,48.1485658],[26.951155,48.1474942],[26.951641,48.1464701],[26.9515318,48.1447142],[26.9516115,48.1428795],[26.9530169,48.1410053],[26.9540493,48.1397882],[26.9547056,48.1383416],[26.9550514,48.136323],[26.9566676,48.1349072],[26.9593353,48.1332423],[26.9619787,48.132084],[26.9641919,48.1312987]],[[26.9457053,48.1795173],[26.9429825,48.1774552],[26.938324,48.1748993],[26.9362716,48.1731428],[26.9329301,48.1709418],[26.9322701,48.1700885],[26.932144,48.1686196],[26.9329881,48.1665137],[26.9349106,48.1643655],[26.9365264,48.1632058],[26.9398036,48.1618426],[26.9450118,48.1605038],[26.9488338,48.1603273],[26.9511387,48.1606686],[26.9530024,48.160767],[26.9558028,48.161077],[26.9585501,48.1615909],[26.9603928,48.1618027],[26.9628955,48.1617777],[26.9655638,48.1614427],[26.9676764,48.1616564],[26.969977,48.1618224],[26.9727717,48.1613327],[26.9775408,48.1603179],[26.9802476,48.1592899],[26.9829625,48.1584107],[26.9854498,48.1570917]],[[27.0398367,48.107058],[27.0401518,48.1066478],[27.0407409,48.1052716],[27.0405822,48.103406],[27.0401792,48.1022473],[27.0387462,48.0996547],[27.0365226,48.0975823],[27.0319847,48.0947186],[27.0294274,48.0934456],[27.0275465,48.0925341],[27.0267358,48.0919711],[27.0257208,48.0908912],[27.0253376,48.0895317],[27.0263481,48.0879828],[27.0270638,48.0873545],[27.0305123,48.0859346],[27.0336514,48.0845796],[27.0367445,48.0835486],[27.0409809,48.0822688],[27.0424643,48.0811375],[27.0426197,48.0803595]],[[27.0426197,48.0803595],[27.0428936,48.0789884],[27.0431922,48.0747073],[27.0435248,48.0719901],[27.043999,48.07035],[27.044626,48.069663]],[[27.044626,48.069663],[27.045253,48.068976],[27.0476741,48.0672374],[27.0522887,48.0653248],[27.0570572,48.0635699],[27.0612544,48.0619205],[27.0655587,48.0597626],[27.0688494,48.0580856],[27.0702172,48.0573773],[27.073798,48.0556432],[27.0749186,48.0549958],[27.076148,48.0542855],[27.079035,48.0526331],[27.0806929,48.0514359],[27.0824297,48.0499421],[27.0830591,48.0492145],[27.0835111,48.0483814],[27.0838016,48.0476939],[27.0839542,48.0469274],[27.0839832,48.0454206],[27.0836485,48.0436262],[27.0833252,48.0420363],[27.0825604,48.0394981],[27.0824091,48.0379382],[27.0827431,48.0360005],[27.0834445,48.0351374]],[[27.0834445,48.0351374],[27.0839445,48.034522],[27.0878524,48.033143],[27.0924094,48.0325893],[27.0958052,48.03304],[27.0989353,48.0333253],[27.1008918,48.0336347],[27.1047971,48.033454],[27.105926,48.032936],[27.1068244,48.032288],[27.1077647,48.031302],[27.1083921,48.0304099],[27.1081099,48.0290393],[27.1061267,48.0275684],[27.1038417,48.0263933],[27.1012983,48.0248928],[27.0993409,48.024607],[27.0952929,48.0239301],[27.0921421,48.0221838],[27.0908618,48.0198152],[27.0899563,48.0169826],[27.0894543,48.0140235],[27.0892942,48.0115303],[27.0892408,48.0088635],[27.090555,48.007531],[27.0920934,48.0064484],[27.0942955,48.005637],[27.0965724,48.0052006],[27.0985292,48.0053415],[27.1005234,48.0057074],[27.1028331,48.0070634],[27.1039999,48.0080694],[27.1054698,48.009466],[27.1098302,48.0115818],[27.1141886,48.0136911],[27.1170343,48.0137528]],[[27.1170343,48.0137528],[27.1195366,48.0138071],[27.1213428,48.013771],[27.1237704,48.013823],[27.1262177,48.0134505],[27.1274319,48.0125149],[27.1282907,48.0116503],[27.1277013,48.0106447],[27.1253917,48.0076969],[27.1234936,48.0056857],[27.1223786,48.0046163],[27.1187421,48.0019284],[27.1172805,47.9993395],[27.1192659,47.9958026],[27.1233361,47.9929632],[27.1292612,47.9918425],[27.1416914,47.9917296],[27.1568538,47.9955912],[27.1614654,47.9962179],[27.1632003,47.9958446],[27.1645825,47.99394],[27.1645077,47.9919103],[27.1634755,47.9907842]],[[27.1771734,47.9439033],[27.174525,47.9402007],[27.166162,47.9353412],[27.1621795,47.9320692],[27.1600924,47.929224],[27.1598952,47.9276882],[27.1568471,47.9245839],[27.1539644,47.9223798],[27.1520222,47.9209707],[27.1474661,47.9206606],[27.1453902,47.9204987],[27.14316,47.9202037],[27.1416047,47.919181],[27.1418101,47.9170963],[27.1426701,47.9155138],[27.1437667,47.9147611],[27.1452222,47.9142733],[27.147875,47.91388],[27.1505983,47.9139114],[27.1542605,47.9162388],[27.1585802,47.9174831],[27.1617576,47.9165697],[27.1685145,47.9152187],[27.1766418,47.9124583],[27.1857727,47.9096329],[27.1896713,47.9085721],[27.1938059,47.9066945],[27.1996505,47.9010117],[27.2067032,47.8911701],[27.2059633,47.8878156],[27.2011024,47.881633],[27.1973014,47.8773712],[27.1966265,47.8758359],[27.197096,47.8727456],[27.1988567,47.8716236],[27.2015565,47.8702653],[27.2027223,47.8686201],[27.2033761,47.8642045],[27.2050503,47.8611878],[27.2088513,47.859345],[27.2098318,47.8593563],[27.2099164,47.8593573],[27.2139258,47.8501286],[27.2113184,47.8488605],[27.2091848,47.8487832],[27.2078247,47.8489267],[27.2022759,47.8512058],[27.199358,47.8514626],[27.1965836,47.8507564],[27.1952443,47.8495045],[27.1949573,47.8481562],[27.1967271,47.8460375]],[[27.1496776,47.9599062],[27.1606911,47.9565451],[27.1685433,47.954597],[27.1724787,47.9524782],[27.1753307,47.949959],[27.1767887,47.9468029],[27.1771734,47.9439033]],[[27.1634755,47.9907842],[27.1628265,47.9900762],[27.1598392,47.9883312],[27.1577485,47.9859361],[27.1559231,47.9823607],[27.1545099,47.9741368],[27.1532264,47.9717178],[27.1513309,47.9702859],[27.1498856,47.9697998],[27.1470955,47.9691886],[27.1453631,47.9685539],[27.1440696,47.9678023],[27.1433738,47.9667255],[27.1435139,47.9656726],[27.1439867,47.9646058],[27.1468458,47.9617913],[27.1496776,47.9599062]],[[27.2417789,47.8157255],[27.2423603,47.8141766],[27.2418993,47.813023],[27.2405161,47.8116509],[27.2376183,47.8108692],[27.2352052,47.8095522],[27.2344205,47.8087856],[27.2336417,47.8077599],[27.2323019,47.8069532],[27.230684,47.80615],[27.2305453,47.8055148],[27.2311085,47.8043747],[27.2316897,47.8024293],[27.2318713,47.801354],[27.2311989,47.7993116],[27.2315353,47.7981536],[27.2326386,47.7973063],[27.2356702,47.7968344],[27.238834,47.7974971],[27.240775,47.7973138],[27.2431563,47.7964949],[27.2450005,47.7956517],[27.2469885,47.7952253],[27.2482075,47.7949837],[27.2490835,47.7945207],[27.2496271,47.7940367],[27.2502281,47.7934172],[27.2504686,47.7927489],[27.2503548,47.7919616],[27.2499546,47.7910734],[27.2489836,47.7894533],[27.2485647,47.7884755],[27.2484908,47.7876255],[27.249012,47.7866817],[27.2503131,47.7856582],[27.251011,47.7851032],[27.2517771,47.7848111],[27.2538946,47.7841579],[27.2544045,47.7837506],[27.2545358,47.7832277],[27.2544107,47.7821774],[27.2535141,47.7812381],[27.2523031,47.7798083],[27.2521798,47.7791454],[27.2524938,47.7783493],[27.2537251,47.777962],[27.2552001,47.7778705],[27.2584408,47.7787895],[27.2603354,47.7798386],[27.2621046,47.7806991],[27.2640699,47.7807221],[27.2654679,47.7802579],[27.2662836,47.7798101],[27.2663984,47.779218],[27.2662281,47.7785086],[27.2650367,47.7775361],[27.2646577,47.776622],[27.2651639,47.7754955],[27.2657763,47.7744471],[27.2657355,47.7730672],[27.26586,47.771601],[27.2664382,47.7701394],[27.2677382,47.7687098],[27.2681076,47.7679079],[27.2678793,47.7664757],[27.2671169,47.7654106],[27.265418,47.764241],[27.2643864,47.7632254],[27.2641642,47.7622741],[27.2648317,47.7604704],[27.265742,47.7594647],[27.2668833,47.7590291]],[[27.223303,47.8317214],[27.2227938,47.8311644],[27.2218335,47.8304757],[27.2206647,47.8296785],[27.2188482,47.8286108],[27.2170906,47.8272034],[27.2159746,47.8257152],[27.2153885,47.8245789],[27.2154921,47.8230845],[27.2147394,47.8215282],[27.2143697,47.8202537],[27.2149959,47.8186086],[27.215665,47.8177257],[27.2157679,47.8172772],[27.2163819,47.8165685],[27.2178628,47.8156534],[27.219923,47.8147411]],[[27.1967271,47.8460375],[27.2028499,47.840644],[27.2064375,47.839135],[27.2107904,47.8381396],[27.2150476,47.8377543],[27.2187787,47.8383002],[27.2217851,47.8397832]],[[27.2282961,47.8388114],[27.2296625,47.837678],[27.2298288,47.8374151],[27.2298717,47.8369758],[27.2297215,47.8365509],[27.2293192,47.8360684],[27.2284712,47.8354485],[27.2275472,47.834745],[27.2261344,47.8338813],[27.2255516,47.8336762],[27.2248902,47.8333095],[27.2244911,47.8329567],[27.2241126,47.8325987],[27.2236874,47.8321357],[27.223303,47.8317214]],[[27.2276505,47.8368662],[27.2281337,47.8365581],[27.2283723,47.8362429],[27.2285208,47.8358362],[27.2284712,47.8354485]],[[27.22485,47.8382724],[27.2276505,47.8368662]],[[27.2217851,47.8397832],[27.2247942,47.8383026],[27.22485,47.8382724]],[[27.2217851,47.8397832],[27.2228493,47.8400593],[27.2242176,47.8401877],[27.2256714,47.8402705],[27.2261381,47.8402273],[27.2264789,47.8401192]],[[27.2264789,47.8401192],[27.2282961,47.8388114]],[[27.2318584,47.8156212],[27.2324955,47.8158075],[27.2348483,47.8165951],[27.2376323,47.8170948],[27.2394208,47.8169162],[27.2417789,47.8157255]],[[27.2260428,47.814693],[27.2270384,47.8149299],[27.2318584,47.8156212]],[[27.2260428,47.814693],[27.2266014,47.8144759],[27.2274597,47.8141517],[27.2278782,47.8140148],[27.2283824,47.8139283],[27.2288759,47.8138851],[27.229348,47.8138635],[27.2298094,47.8139283],[27.2305175,47.8142598],[27.2309895,47.8146056],[27.2313543,47.8149298],[27.2316547,47.8153261],[27.2318584,47.8156212]],[[27.219923,47.8147411],[27.2223779,47.8142012],[27.2231572,47.8139688],[27.2242453,47.8140206],[27.2260428,47.814693]],[[27.2976244,47.7517293],[27.2979677,47.7508037],[27.2980535,47.7489259],[27.297909,47.7474609],[27.2964323,47.7463665],[27.2936983,47.7460654],[27.2917603,47.745772],[27.2881776,47.7457445],[27.2864717,47.7450086],[27.2856027,47.7445197],[27.2835796,47.7417213],[27.2814938,47.7387324],[27.2806674,47.7367078],[27.2807586,47.7348642],[27.2821627,47.7326659],[27.2836339,47.731635],[27.2847059,47.7310297],[27.2863194,47.730015],[27.2890961,47.7295736],[27.2922975,47.7297515],[27.2937405,47.7292175],[27.2948831,47.7282288]],[[27.2668833,47.7590291],[27.2688092,47.7592572],[27.2697201,47.7597408],[27.2707859,47.7609876],[27.2726503,47.762133],[27.2749811,47.7630343],[27.2768704,47.7637694],[27.2784526,47.7642723],[27.2800485,47.7641318],[27.2811711,47.7633903],[27.2823323,47.7612786],[27.2829258,47.7600521],[27.2832879,47.7592523],[27.2853935,47.7574772]],[[27.2853935,47.7574772],[27.2864344,47.7556581],[27.285949,47.7543234],[27.2844849,47.7535068],[27.2824645,47.7532288],[27.2803938,47.7530052],[27.2790742,47.7524714],[27.2784404,47.751484],[27.2786713,47.7506464],[27.2804658,47.7494307],[27.2841692,47.7483522],[27.2866582,47.7484201],[27.2878647,47.7486182],[27.2894919,47.7493263],[27.2911923,47.7511553],[27.292632,47.7527498],[27.2940838,47.7532288],[27.2949346,47.7532644],[27.2965354,47.7527671],[27.2976244,47.7517293]],[[27.2948831,47.7282288],[27.2954085,47.7264937],[27.2945186,47.7243746],[27.2930512,47.7233114],[27.2907859,47.7227837],[27.2874659,47.72312],[27.2837832,47.7239647],[27.2826088,47.72479],[27.2815406,47.7258411],[27.2800758,47.7276876],[27.2791022,47.7283432],[27.2779141,47.7287967],[27.2767322,47.7289913],[27.2755502,47.7289839],[27.2739512,47.7287176],[27.271848,47.7281315],[27.2697347,47.7270814],[27.2682327,47.726522],[27.2674222,47.7265144],[27.2668865,47.7267689],[27.266575,47.7271741],[27.2666919,47.7280861],[27.2678114,47.7303335],[27.2678889,47.7314582],[27.2677922,47.732104],[27.2675461,47.7327247],[27.2661568,47.7332207],[27.264882,47.7331082],[27.262605,47.7322614],[27.2613205,47.7317429],[27.2599286,47.7306392],[27.2579759,47.7284562],[27.2574931,47.72772],[27.2570568,47.7265302],[27.255332,47.7224605],[27.2546759,47.7215251],[27.2537275,47.7207454],[27.251603,47.7200949],[27.2509962,47.7195968],[27.2514407,47.7188874],[27.2521791,47.7184705],[27.2530596,47.7172176],[27.2555238,47.7160994],[27.2577792,47.7150187],[27.2586949,47.7142811],[27.2592701,47.7140391],[27.2611471,47.7138014],[27.2638661,47.7136923],[27.2658964,47.7130249],[27.2675675,47.7120464],[27.2681345,47.7107234],[27.2684058,47.7088778],[27.2691539,47.7072242],[27.2685399,47.7052449],[27.2676855,47.7038811],[27.2679771,47.7030414],[27.2688657,47.7021519],[27.2700137,47.7009713],[27.2702703,47.7000855],[27.2716842,47.6992876],[27.274846,47.6993624],[27.2772345,47.7004467],[27.2791174,47.7011834],[27.2812951,47.7013287],[27.2823465,47.7008775],[27.2827128,47.70002],[27.2823465,47.6987799],[27.2810214,47.6977147],[27.2792083,47.6964655],[27.2785968,47.6956856],[27.278409,47.6942342],[27.2785765,47.6931921],[27.2773629,47.691786],[27.2759065,47.6913364],[27.2740155,47.6910747],[27.273414,47.6904221],[27.2733289,47.6895996]],[[27.2733289,47.6895996],[27.2736303,47.6890116],[27.2759575,47.6865103],[27.2768432,47.6856195]],[[27.2768432,47.6856195],[27.2808848,47.6825681],[27.2824913,47.6819274],[27.2872424,47.6823302],[27.289744,47.6820863],[27.2920339,47.6818146],[27.2946076,47.6812275],[27.2960545,47.6805795],[27.296896,47.6792576],[27.2967766,47.6783448],[27.2951778,47.6766512],[27.2949106,47.6750482],[27.2961449,47.6732246],[27.2961047,47.6716257],[27.2950209,47.669973],[27.2932684,47.6684762],[27.2927296,47.6668537],[27.2933057,47.6658352],[27.2947824,47.6646318],[27.2950689,47.6637604],[27.2948875,47.6622787],[27.2955044,47.6615166],[27.2977685,47.6615384],[27.2990451,47.6610511],[27.3020813,47.6608367],[27.3039098,47.6609103],[27.3051536,47.6615466],[27.3064259,47.6617024],[27.3082696,47.6610518],[27.3088565,47.6599397],[27.3084184,47.6583432],[27.3095063,47.6566988],[27.3110377,47.6559453],[27.3126728,47.6541999],[27.3141682,47.6511668],[27.3151976,47.6483167],[27.3150242,47.6473379],[27.3149896,47.6458669],[27.3146331,47.6443399],[27.3145834,47.6431718],[27.3179557,47.6409432]]]},"properties":{"name":"Prut","name_ro":"Prut","type":"river","source":"manual_premap","source_detail":"HOTOSM Waterways HDX snapshot 2026-08-07, waterway=river name match (139 segments, 6327 points), ANCPI validation: see README","osm_type":"way","osm_id":"way/105034650","geocode_tier":"tier1","confidence":"high"}}]}