{"type":"FeatureCollection","metadata":{"pipeline":"tier1_premap","pipeline_version":"1.0","generated_at":"2026-08-11T10:41:03.160579+00:00"},"features":[{"type":"Feature","id":"somes","geometry":{"type":"MultiLineString","coordinates":[[[22.7299129,47.813794],[22.729538,47.8141234],[22.7293168,47.8142825],[22.7287076,47.8146743],[22.7284196,47.8147925],[22.7280036,47.8148784],[22.7271556,47.8150289],[22.7257316,47.8151471],[22.7250596,47.8151793],[22.7243716,47.8151793],[22.7233942,47.8150774]],[[22.7731006,47.8118912],[22.7722514,47.8119823],[22.7685945,47.8121073],[22.7672481,47.8121985],[22.7650985,47.8124188],[22.7642161,47.8124568],[22.7621004,47.8124644],[22.7600413,47.8123656],[22.7590231,47.8122516],[22.7581406,47.8120921],[22.7573713,47.8118945],[22.7567038,47.8116438],[22.7561268,47.8113399],[22.7556063,47.8110436],[22.7543844,47.8104661],[22.7535472,47.810185],[22.7526308,47.8099039],[22.7513297,47.8094784],[22.7501531,47.8090604],[22.7488747,47.8086349],[22.7478451,47.808331],[22.7468043,47.8080575],[22.7460575,47.8079967],[22.7452203,47.8080271],[22.74427,47.8081942],[22.7417357,47.8087033],[22.7406609,47.8089693],[22.740197,47.8091364],[22.7396427,47.8094708],[22.7391901,47.8099115],[22.7385679,47.8105725],[22.7380135,47.811112],[22.7374591,47.8115071],[22.7366785,47.8119021],[22.7359431,47.8121377],[22.7351059,47.812282],[22.7345289,47.8123428],[22.7339858,47.8124416],[22.733307,47.8126315],[22.7322888,47.813019],[22.7316665,47.8132698],[22.7307614,47.8135813],[22.7299129,47.813794],[22.7291209,47.8138472],[22.7280574,47.8139763],[22.7270618,47.8140827],[22.726168,47.8142574],[22.7247086,47.8146753],[22.7239619,47.814926],[22.7233942,47.8150774],[22.7228192,47.8152021],[22.7218123,47.8153287],[22.7206469,47.8153895],[22.7198776,47.8154503],[22.7192667,47.8155186],[22.7188141,47.8156326],[22.7184181,47.8158225],[22.7181353,47.8161036],[22.7179769,47.8164759],[22.7178298,47.8170381],[22.7177054,47.8176307],[22.7176149,47.8182992],[22.7176375,47.8189829],[22.7177393,47.8197122],[22.7177167,47.8203048],[22.717547,47.8209429],[22.7173547,47.8215354],[22.7172641,47.822014],[22.7173094,47.822409],[22.7175357,47.8237535],[22.7175017,47.8241637],[22.7173886,47.8245131],[22.7171963,47.8247942],[22.7168229,47.8251436],[22.7164496,47.8254095],[22.715997,47.8257133],[22.715454,47.8260171],[22.7147864,47.826321],[22.7129197,47.8270806],[22.7119693,47.8274983],[22.7112905,47.8278401],[22.710442,47.8282351],[22.7102447,47.8283354]],[[23.0750985,47.7659071],[23.0748351,47.766335],[23.0746814,47.7669105],[23.0747692,47.7675745],[23.0750766,47.7681204],[23.0755815,47.7686368],[23.0763937,47.769109],[23.0779084,47.7697434],[23.0788962,47.7702008],[23.0794011,47.7706139],[23.0797085,47.7709975],[23.0798402,47.7714401],[23.0797963,47.7718827],[23.0796426,47.7722368],[23.0793133,47.7725466],[23.0786987,47.7729007],[23.0777328,47.7734023],[23.076723,47.774022],[23.0749009,47.7751874],[23.0741107,47.775689],[23.072574,47.7768397],[23.0710374,47.7775921],[23.0704447,47.7779166],[23.0696324,47.7784182],[23.0692094,47.7785742],[23.068635,47.7786472],[23.0681073,47.7786159],[23.0676571,47.7785221],[23.0673001,47.7783656],[23.0670052,47.7781465],[23.0667413,47.7778649],[23.0664619,47.7773851],[23.0662446,47.7768843],[23.0661204,47.7763419],[23.0660738,47.7751318],[23.066167,47.7745164],[23.0663222,47.7739843],[23.0665705,47.7733375],[23.0667258,47.7726908],[23.0667258,47.7721796],[23.0666016,47.7716162],[23.0663532,47.7710111],[23.0660117,47.7705521],[23.0653908,47.7701452],[23.0647234,47.7697905],[23.0640404,47.7694984],[23.0631401,47.7691437],[23.0622553,47.7688411],[23.0611687,47.7684968],[23.0602529,47.7683299],[23.0592595,47.7682256],[23.0583592,47.7681734],[23.0576141,47.7682047],[23.0570242,47.768309],[23.0562947,47.7685385],[23.0555341,47.7688724],[23.0546648,47.7693315],[23.0540905,47.7697592],[23.0536403,47.7703017],[23.0533299,47.7708442],[23.0531746,47.7713658],[23.053097,47.7720127],[23.053066,47.7727325],[23.0531591,47.7735566],[23.0531591,47.7742034],[23.0530194,47.7746415],[23.05274,47.7749754],[23.0524296,47.7752362],[23.052057,47.775497],[23.0514982,47.7757682],[23.0500081,47.7762793],[23.0485955,47.7766549],[23.0475865,47.7768843],[23.0468415,47.77702],[23.0460498,47.7770825],[23.0453047,47.7770825],[23.0445752,47.7769782],[23.0436749,47.77678],[23.0418898,47.7761333],[23.0410361,47.775789],[23.0402444,47.7754135],[23.0395304,47.7750067],[23.0389716,47.7746103],[23.0384593,47.7741617],[23.0374504,47.7732332],[23.0369692,47.7729724],[23.0363638,47.7728055],[23.0357739,47.7727429],[23.0351375,47.7727325],[23.0343769,47.7727846],[23.0336939,47.7729098],[23.0329488,47.7731393],[23.032033,47.7734523],[23.0310241,47.7738174],[23.0297202,47.774412],[23.0291769,47.7745685],[23.0286336,47.7746833],[23.0279972,47.7747772],[23.0272831,47.7747876],[23.0265536,47.7747772],[23.0259172,47.7746833],[23.0252652,47.7745059],[23.0247685,47.7742764],[23.024427,47.7739948],[23.0241631,47.7737027],[23.0239458,47.7733584],[23.0238527,47.7729724],[23.0237906,47.7724404],[23.0237906,47.7720439],[23.023744,47.7715432],[23.0235733,47.771032],[23.0233559,47.7705834],[23.0230455,47.7701974],[23.0226419,47.7698844],[23.0222694,47.7696757],[23.0215864,47.7693941],[23.0209344,47.7692167],[23.0200031,47.7690185],[23.0191338,47.7688828],[23.0183732,47.768862],[23.0174419,47.7689141],[23.0168055,47.7689872],[23.0162466,47.7691124],[23.0156568,47.769321],[23.0150825,47.7696549],[23.0147099,47.7699887],[23.0140424,47.7706564],[23.0139183,47.7708755],[23.0138251,47.7712198],[23.0136544,47.7716371],[23.0133284,47.7721587],[23.0123971,47.7732541],[23.0119159,47.77388],[23.0116054,47.7743599],[23.0109535,47.7763211],[23.0108448,47.7766549],[23.0105809,47.7771869],[23.0103015,47.7776041],[23.0098514,47.7781465],[23.0092305,47.778835],[23.0086096,47.7794087],[23.0080508,47.7798364],[23.0074299,47.7802119],[23.0068711,47.7804205],[23.006126,47.7806291],[23.0053033,47.780723],[23.0041546,47.7806917],[23.0032078,47.7805665],[23.002028,47.7802849],[23.0011277,47.780045],[23.0001964,47.7796799],[22.9994668,47.7793148],[22.9986752,47.7788141],[22.9980853,47.7783865],[22.9973092,47.7778962],[22.9968577,47.7776391],[22.996326,47.7774034],[22.9957037,47.7771905],[22.9949344,47.7770005],[22.9943121,47.7770005],[22.9938483,47.7770385],[22.9933957,47.7771373],[22.9931513,47.7772423],[22.9928232,47.777478],[22.9923141,47.7781091],[22.99202,47.7783447],[22.9916353,47.7785348],[22.9907528,47.7788617],[22.9901193,47.7791278],[22.9894744,47.7794319],[22.9889426,47.7797589],[22.9885466,47.7801162],[22.9879244,47.7809448],[22.9871777,47.7820776],[22.9868948,47.7827086],[22.9865894,47.7832331],[22.9863405,47.7835752],[22.9860463,47.7838109],[22.9857295,47.7839401],[22.9853675,47.7840161],[22.9849602,47.7839933],[22.9845755,47.7839325],[22.9842022,47.7837957],[22.9831161,47.7832483],[22.9824486,47.7828834],[22.9808759,47.7818495],[22.9803103,47.781553],[22.9795749,47.7813022],[22.9775045,47.7806331],[22.9769727,47.7805115],[22.9765089,47.7804431],[22.9759545,47.7803899],[22.9753888,47.7803975],[22.97471,47.7804507],[22.9742461,47.7805191],[22.9735333,47.7806864],[22.972798,47.780884],[22.9721304,47.7811045],[22.9715648,47.781363],[22.9709878,47.7816823],[22.9706031,47.7819179],[22.9697998,47.7825793],[22.9693699,47.7828606],[22.96894,47.7830583],[22.9684422,47.7832027],[22.9678425,47.7832559],[22.9671977,47.7832559],[22.9664962,47.7831875],[22.9656024,47.7830203],[22.9626609,47.7822296],[22.9614164,47.7819256],[22.9608846,47.7817659],[22.9604999,47.7816291],[22.9602058,47.781477],[22.9597646,47.7812185],[22.9582259,47.7801618],[22.9578525,47.7798805],[22.9575697,47.779622],[22.9574113,47.7794015],[22.9572416,47.7791734],[22.9570153,47.778991],[22.9566533,47.7788313],[22.9559858,47.7786793],[22.9553522,47.7786184],[22.9546734,47.7786032],[22.9540285,47.7786032],[22.9533836,47.7785652],[22.9528179,47.778474],[22.9521844,47.7783447],[22.9513245,47.7781471],[22.9505552,47.7779418],[22.9497972,47.7777137],[22.9491749,47.7775769],[22.9485866,47.7774856],[22.9479644,47.7774476],[22.9473082,47.777478],[22.946652,47.7775845],[22.9461315,47.7777213],[22.9444684,47.7782459],[22.9436538,47.7785424],[22.9427714,47.7788389],[22.9419455,47.7791506],[22.9411309,47.7794319],[22.9404521,47.7796904],[22.9400334,47.7799109],[22.9396714,47.7801542],[22.9392867,47.7803443],[22.9388116,47.7804811],[22.9378273,47.7806255],[22.935655,47.780808],[22.934354,47.7808916],[22.9304055,47.7811121],[22.9295004,47.7811729],[22.9282446,47.7811881],[22.927611,47.7811729],[22.9254501,47.7812565],[22.9246807,47.7813174],[22.9241377,47.7814162],[22.9235267,47.7815987],[22.9227687,47.7818951],[22.9211622,47.7825869],[22.9208001,47.7827542],[22.9204494,47.7830279],[22.9196574,47.7837273],[22.919318,47.7839477],[22.9188429,47.7842214],[22.9183903,47.7845255]],[[22.9183903,47.7845255],[22.9174739,47.7849968],[22.9169874,47.7851716],[22.9165009,47.7852705],[22.9154487,47.7853009],[22.9146115,47.7852781],[22.9138535,47.7852096],[22.9128466,47.7850348],[22.9122583,47.7849284],[22.9116247,47.7847459],[22.9108667,47.7844723],[22.9103236,47.7841986],[22.9098598,47.7838641],[22.9094298,47.783522],[22.9090678,47.7832027],[22.9087171,47.7829823],[22.908355,47.7828074],[22.9079478,47.7826934],[22.9074386,47.7826402],[22.9069521,47.7826402],[22.9063978,47.7827238],[22.9059226,47.7828682],[22.9054587,47.7830507],[22.9049722,47.7832863],[22.9044858,47.7835828],[22.9040785,47.7837501],[22.9034675,47.7839629],[22.9028113,47.7841454],[22.9021438,47.7843126],[22.9014537,47.7844266],[22.9007635,47.7845103],[22.899949,47.7845787],[22.8990778,47.7846167],[22.8973382,47.7846431],[22.8963199,47.7846355],[22.895132,47.7846431],[22.8925412,47.7846811],[22.8913306,47.7846051],[22.8901992,47.7845518],[22.8890339,47.7844682],[22.8882759,47.7844378],[22.8875858,47.7844378],[22.8867825,47.7845138],[22.8859113,47.7846507],[22.8851307,47.7848179],[22.8839427,47.7851144],[22.8824833,47.7855553],[22.8808767,47.7860874],[22.8801526,47.7862926],[22.8794512,47.7864371],[22.8781275,47.7866499],[22.8776184,47.7867259],[22.8761507,47.786894],[22.8752425,47.786992],[22.8716334,47.7874253],[22.8702645,47.7875621],[22.8690313,47.7877217],[22.8681827,47.7878662],[22.8658747,47.7883299],[22.8648904,47.7885427],[22.8635102,47.7888923],[22.8625824,47.7891508],[22.8616774,47.7894092],[22.8595164,47.7901237],[22.8588376,47.7903062],[22.8581135,47.790481],[22.8575382,47.7907065],[22.8570842,47.7909254],[22.8565531,47.7912565],[22.8559138,47.7916909],[22.8555467,47.7919365],[22.8552398,47.7921],[22.8547873,47.792328],[22.8541424,47.7926244],[22.8517892,47.7935973],[22.8509633,47.7938937],[22.8492096,47.7944182],[22.8482932,47.794707],[22.8466414,47.7951858],[22.8430663,47.7963715],[22.8420933,47.7967135],[22.8401587,47.7975647],[22.8393101,47.7979675],[22.8383598,47.7984463],[22.8374208,47.7989555],[22.8365383,47.7994647],[22.8356332,47.7998978],[22.8338343,47.800711],[22.8321146,47.8014025],[22.8303044,47.8019041],[22.8292975,47.8021549],[22.828053,47.8023981],[22.8271932,47.8025501],[22.8262654,47.8026716],[22.8252019,47.8027476],[22.8244665,47.8027552],[22.8237538,47.8027172],[22.8230863,47.802664],[22.8223961,47.8025728],[22.8215137,47.8023753],[22.8207896,47.8021397],[22.8201447,47.8019117],[22.8189341,47.8014101],[22.8183685,47.8011214],[22.8177688,47.8007338],[22.8172597,47.8003006],[22.8167732,47.7998294],[22.8163886,47.7992519],[22.8161057,47.7986591],[22.815931,47.7982089],[22.8157953,47.7977909],[22.8156029,47.7974337],[22.8153088,47.7971449],[22.8148223,47.7968105],[22.8142114,47.7965825],[22.8136004,47.7964229],[22.8129668,47.7963165],[22.8123559,47.7962405],[22.8116771,47.7962253],[22.8109869,47.7962785],[22.8094483,47.7965521],[22.808826,47.7966433],[22.8079662,47.7966889],[22.8071516,47.7967573],[22.8063596,47.7968485],[22.8054432,47.7970081],[22.8045042,47.7972133],[22.8023546,47.7977529],[22.8015287,47.7980037],[22.8007933,47.7982849],[22.8002276,47.7985965],[22.7978517,47.8001696],[22.7971616,47.8007016],[22.7964828,47.80134],[22.7957926,47.8020315],[22.794616,47.8033082],[22.7940956,47.8038249],[22.7935186,47.8042885],[22.7917423,47.8054435],[22.7909617,47.805983],[22.789785,47.8070241],[22.7891515,47.8076547],[22.7882011,47.8088781],[22.7876694,47.8095087],[22.7871942,47.8099342],[22.7866964,47.8102914],[22.7860063,47.8106789],[22.7853274,47.8110056],[22.7846147,47.8113019],[22.7836191,47.8115678],[22.782714,47.8117882],[22.7817749,47.8119705],[22.7810735,47.8120845],[22.7803494,47.8121681],[22.7798064,47.8121605],[22.779071,47.8120921],[22.7772721,47.811849],[22.776548,47.8117882],[22.77579,47.8117654],[22.7747265,47.8118186],[22.7731006,47.8118912]],[[23.6152339,47.2755595],[23.6148306,47.275577],[23.6145474,47.2756119],[23.6142471,47.2757051],[23.6139811,47.275839],[23.6137408,47.2760486],[23.613346,47.276625],[23.6131572,47.2768404],[23.6129856,47.2770093],[23.6128705,47.2771025],[23.6127196,47.2772247],[23.6120159,47.2777079],[23.6111406,47.2785812],[23.6104198,47.2792333],[23.610128,47.2794254],[23.6098191,47.2795884],[23.6094844,47.2797048],[23.6091411,47.2797747],[23.6087979,47.2798213],[23.6083946,47.2798213],[23.6078024,47.2797747],[23.6071932,47.2796815],[23.6066783,47.279536],[23.606275,47.2793613],[23.6058459,47.279111],[23.6054855,47.2787908],[23.605125,47.2784182],[23.6048419,47.2780805],[23.6042926,47.2773586],[23.6040524,47.2770966],[23.6037692,47.276887],[23.6034688,47.2767298],[23.6029539,47.276561],[23.602379,47.2764212],[23.6016753,47.2763048],[23.6008944,47.2761942],[23.6001993,47.2761301],[23.5996329,47.2761243],[23.5989636,47.276165],[23.5983886,47.2762524],[23.5979424,47.2763688],[23.5975906,47.2764794],[23.5972559,47.2766366],[23.5970499,47.2767938],[23.5969126,47.2769918],[23.5968182,47.2772247],[23.5967772,47.2773583],[23.5966466,47.2777836],[23.5965179,47.2780223],[23.5963205,47.2782785],[23.5954881,47.2791401],[23.5938576,47.2806945],[23.593523,47.2809856],[23.593154,47.2812476],[23.592785,47.2814863],[23.592313,47.2817017],[23.5917724,47.281888],[23.5912146,47.2820335],[23.5906997,47.2821208],[23.5901247,47.2821732],[23.5895155,47.2822081],[23.589095,47.282214],[23.5885887,47.282179],[23.5881167,47.2820917],[23.5872242,47.281853],[23.5868552,47.2817773],[23.586409,47.2817308],[23.5859713,47.2817366],[23.5855508,47.2818064],[23.5851475,47.2819462],[23.5847356,47.2821441],[23.5843065,47.2824061],[23.583826,47.2827437],[23.5833111,47.2831279],[23.5828734,47.2835121],[23.5826074,47.2838032],[23.5823843,47.28417],[23.582247,47.2845192],[23.582144,47.2849675],[23.5820668,47.2855321],[23.5820582,47.2860036],[23.5821612,47.2865508],[23.5823156,47.2871329],[23.5824873,47.287552],[23.5827104,47.2879595],[23.5830365,47.2884426],[23.5834055,47.2888734],[23.5836801,47.2892343],[23.5838517,47.2895428],[23.5839719,47.2898804],[23.5841435,47.2907709],[23.5842636,47.2912191],[23.5844267,47.2915858],[23.584667,47.2919641],[23.5856881,47.2930816],[23.5859456,47.2934076],[23.5861344,47.2937219],[23.5862545,47.2940129],[23.5862888,47.2943272],[23.5862288,47.2946007],[23.5860915,47.2948743],[23.585834,47.2951303],[23.5855165,47.295369],[23.5852333,47.2956192],[23.5850703,47.2958288],[23.5849845,47.296079],[23.584993,47.2963584],[23.5850703,47.2966843],[23.5852677,47.297115],[23.5855594,47.297598],[23.5858941,47.2979821],[23.5862938,47.2983527],[23.5867914,47.2986572],[23.5872162,47.2988548],[23.5876409,47.2990111],[23.5880778,47.2991017],[23.5884905,47.2991264],[23.5888909,47.2991017],[23.5898254,47.2989041],[23.5902623,47.2988465],[23.5906628,47.298863],[23.5910633,47.2989535],[23.5915366,47.2991675],[23.5918764,47.2994309],[23.5928715,47.300509],[23.5932356,47.3010193],[23.5934177,47.3014225],[23.5934905,47.3017271],[23.5935026,47.3020562],[23.5933812,47.3028463],[23.5934177,47.303159],[23.5935269,47.3035623],[23.5937332,47.304163],[23.5942793,47.3054797],[23.5946191,47.3061298],[23.5961604,47.3088207],[23.5964638,47.3094049],[23.5967308,47.3099892],[23.5969492,47.3105323],[23.5972162,47.3110424],[23.5981021,47.3125729],[23.5984662,47.3131735],[23.5988424,47.3136919],[23.5992915,47.3141938],[23.5998254,47.3146957],[23.6004322,47.3151811],[23.6009662,47.3155349],[23.6016094,47.3158887],[23.602374,47.3162754],[23.6031628,47.3166292],[23.6037211,47.3168349],[23.6042793,47.3170735],[23.6047284,47.3173532],[23.6050803,47.3176083],[23.6053473,47.3179291],[23.6055172,47.3182418],[23.60559,47.3185379],[23.6056264,47.318867],[23.6056264,47.3192373],[23.6055657,47.3196404],[23.6054565,47.3200846],[23.6052987,47.3204137],[23.6050682,47.3207181],[23.604692,47.3210966],[23.6037332,47.3219028],[23.6026652,47.3228817],[23.602374,47.3231697],[23.6021434,47.3234411],[23.6016458,47.3241898],[23.6014274,47.3244612],[23.6009662,47.3248808],[23.6006021,47.3251029],[23.5994735,47.3256458],[23.5990002,47.325909],[23.5984905,47.3262381],[23.5980657,47.3266],[23.5976652,47.3270689],[23.5974589,47.3274062],[23.597374,47.3277516],[23.5973376,47.328237],[23.5973982,47.3289115],[23.5975716,47.3301952],[23.597579,47.3304253],[23.5975814,47.3304984],[23.597523,47.3308872],[23.5972313,47.3318823],[23.5971341,47.332304],[23.597066,47.3327257],[23.5970855,47.3330816],[23.5971924,47.3333847],[23.5973577,47.3336878],[23.5976397,47.3340437],[23.5986023,47.3350387],[23.5990496,47.3355395],[23.5994482,47.3360205],[23.5997107,47.336429],[23.5998857,47.3368046],[23.5999927,47.337279],[23.6001483,47.3389395],[23.6001969,47.3392294],[23.6002844,47.3395786],[23.6006928,47.3406592],[23.6007511,47.3409359],[23.6007219,47.341206],[23.6006052,47.3414762],[23.6004886,47.3416606],[23.6003136,47.3418253],[23.6000802,47.3419374],[23.5997982,47.3420098],[23.5993801,47.3420362],[23.5985245,47.3420494],[23.5981745,47.3420757],[23.5976786,47.342135],[23.5968813,47.3423063],[23.5956076,47.3426028],[23.5943436,47.34284],[23.5928171,47.3431035],[23.5913975,47.3433275],[23.5902307,47.3435318],[23.5895987,47.3436042],[23.5889181,47.3436306],[23.5868082,47.3436372],[23.5862637,47.3436833],[23.5855539,47.3437821],[23.5847372,47.3439271],[23.5821314,47.3445398],[23.5817717,47.3446122],[23.5812563,47.3446715],[23.5807216,47.3446847],[23.5800215,47.3446781],[23.5795159,47.3446386],[23.5788936,47.3445727],[23.5784561,47.3445134],[23.5779116,47.344408],[23.5774644,47.3442762],[23.5772116,47.3441774],[23.5767448,47.3439402],[23.5764434,47.3438612],[23.5761615,47.3438348],[23.5755489,47.343848],[23.5747808,47.3439007],[23.573964,47.3439864],[23.5733126,47.344072],[23.5728167,47.3441577],[23.5720097,47.3443289],[23.5705318,47.3446649],[23.567926,47.3452711],[23.5659522,47.3458047],[23.5654466,47.3459101],[23.5648341,47.3460023],[23.5640271,47.3461934],[23.5632395,47.3464833],[23.5622672,47.3470169],[23.5616838,47.3474846],[23.5612268,47.3479458],[23.5608574,47.3483872],[23.560624,47.3486836],[23.5604101,47.3490262],[23.5601184,47.3493556],[23.5597878,47.3495268],[23.5594475,47.349652],[23.559078,47.3497113],[23.5585335,47.3497376],[23.5580668,47.3497047],[23.5577795,47.3496634],[23.5567834,47.3495202],[23.5563847,47.3495071],[23.5560444,47.3495268],[23.5556652,47.3495927],[23.5546054,47.349876],[23.5537692,47.3500802],[23.5531567,47.3502119],[23.5522233,47.3503634],[23.5512121,47.3504293],[23.5503078,47.3504491],[23.5495008,47.35037],[23.5491411,47.3503569],[23.5482465,47.3503832],[23.5462533,47.3502383],[23.5450379,47.3501263],[23.5444837,47.3501197],[23.5441434,47.3501461],[23.543667,47.3502515],[23.5431128,47.3504161],[23.542296,47.350706],[23.5416446,47.3510024],[23.5411001,47.3512725],[23.5406431,47.3515624],[23.5401667,47.3519313],[23.5396416,47.3523792],[23.5392624,47.3527678],[23.5389902,47.353117],[23.5388054,47.3534792],[23.5384651,47.3545266],[23.5380957,47.355541],[23.5379012,47.3559098],[23.5376581,47.3562458],[23.5365302,47.3573128],[23.5352954,47.3584391],[23.5348482,47.3587882],[23.534469,47.3590517],[23.5341287,47.3591966],[23.5337397,47.359269],[23.5333605,47.359269],[23.5330105,47.3592229],[23.5326994,47.3591307],[23.532116,47.3588672],[23.5301325,47.3580505],[23.5294032,47.3578002],[23.5286351,47.3576158],[23.5269725,47.3572996],[23.5264183,47.3571547],[23.5258543,47.3569571],[23.5252418,47.3567859],[23.5246,47.3566673],[23.5236569,47.3565488],[23.5220818,47.3564236],[23.5215178,47.356338],[23.5209345,47.3561997],[23.5200399,47.3558637],[23.5197288,47.3557583],[23.5190773,47.3557979],[23.5186787,47.3558637],[23.5184453,47.3558901],[23.518212,47.3558769],[23.5178814,47.3558374],[23.5175508,47.3557715],[23.51723,47.3556991],[23.5162966,47.3553829],[23.5160243,47.355238],[23.5156159,47.3549745],[23.515334,47.3548428],[23.513263,47.3542368],[23.5127379,47.354138],[23.5121156,47.3540523],[23.511542,47.3539469],[23.5110364,47.3538218],[23.5105988,47.3536571],[23.5100543,47.3534068],[23.5094321,47.3530972],[23.5083192,47.3525966],[23.5082167,47.3525505],[23.5068846,47.3519774],[23.5062721,47.3517336],[23.5054942,47.3513911],[23.5048233,47.3510683],[23.5042983,47.3507521],[23.5038705,47.3504293],[23.5035302,47.3501395],[23.5032871,47.349955],[23.5028787,47.3497574],[23.5003118,47.3486309],[23.4997187,47.3483542],[23.499184,47.3480841],[23.4986103,47.347735],[23.4981339,47.347399],[23.497638,47.3469839],[23.4972328,47.3466706],[23.496416,47.3461435],[23.4959979,47.3459393],[23.4954243,47.3457878],[23.4949284,47.3456758],[23.4943936,47.3456165],[23.4938783,47.3456099],[23.4933338,47.345656],[23.4928671,47.3457417],[23.4923421,47.34588],[23.4917587,47.3461435],[23.4907572,47.3467694],[23.4903294,47.3469868],[23.4898335,47.347191],[23.4894154,47.347336],[23.4890557,47.3474018],[23.4888126,47.3474084],[23.4885695,47.3473821],[23.4883362,47.3473096],[23.4880834,47.3471844],[23.48785,47.3470263],[23.487568,47.3467562],[23.4870722,47.3461765],[23.4867027,47.3456824],[23.4863624,47.3451685],[23.486061,47.344681],[23.4859054,47.3443384],[23.4857984,47.3439694],[23.4857401,47.3436466],[23.4857207,47.3418677],[23.4856915,47.3411364],[23.4856137,47.3402667],[23.4854873,47.3393377],[23.4854581,47.3390082],[23.4854873,47.3388501],[23.485672,47.3386656],[23.4862068,47.338211],[23.4863332,47.3380528],[23.486411,47.3378815],[23.4863916,47.3376904],[23.4860318,47.337104],[23.4857596,47.3367613],[23.4854776,47.3365241],[23.4851859,47.3363396],[23.4849039,47.3361947],[23.4845442,47.3361024],[23.4837566,47.3360365],[23.483076,47.3359311],[23.4815592,47.3356478],[23.48083,47.3355357],[23.4798479,47.3354303],[23.4791479,47.3353974],[23.4783895,47.3353315],[23.4778936,47.3352458],[23.4773102,47.3351206],[23.4762698,47.3348307],[23.4758518,47.3347384],[23.4753559,47.3347055],[23.4748892,47.3347384],[23.47451,47.3348307],[23.4733918,47.3351799],[23.4730418,47.3352524],[23.472682,47.3352656],[23.4723028,47.3352195],[23.4709416,47.3348241],[23.4704068,47.3346132],[23.4697846,47.3343431],[23.4693373,47.3341322],[23.4690651,47.3340861],[23.468647,47.3340663],[23.4682775,47.3340136],[23.4679372,47.3339213],[23.4675774,47.3337961],[23.467276,47.3336577],[23.4669746,47.3334535],[23.4664398,47.3330515],[23.4661676,47.3328802],[23.4658662,47.3327813],[23.4653606,47.3326957],[23.4647577,47.3326298],[23.4640674,47.332577],[23.4634937,47.3325639],[23.4628715,47.3326034],[23.4623367,47.3326891],[23.4607032,47.3330713],[23.4602612,47.3331662],[23.4601198,47.3331965],[23.4596434,47.3332821],[23.4591961,47.333348],[23.4588461,47.3333612],[23.4584766,47.3333283],[23.4581558,47.3332492],[23.4578349,47.3331174],[23.457446,47.3328933],[23.4567557,47.3324518],[23.4563959,47.3321817],[23.4560848,47.3319774],[23.4558514,47.331806],[23.4555014,47.3315161],[23.4548305,47.3308703],[23.4545096,47.3304683],[23.4542763,47.330119],[23.4540721,47.3297566],[23.4538582,47.3293084],[23.4536637,47.3288537],[23.4535179,47.3284517],[23.4534012,47.3280563],[23.4530803,47.3273116],[23.452847,47.3270677],[23.45239,47.3267646],[23.4518261,47.326501],[23.4508926,47.3260923],[23.4500176,47.3257694],[23.4488022,47.3253608],[23.4484133,47.3251828],[23.4480438,47.3249719],[23.4474215,47.3243854],[23.4471395,47.3240492],[23.446809,47.3237724],[23.4464404,47.3235296],[23.445438,47.3228695],[23.4445338,47.3223224],[23.4436587,47.3218479],[23.4429975,47.3215117],[23.442453,47.3212679],[23.4419377,47.3210174],[23.4415585,47.3208131],[23.4411988,47.3206549],[23.440664,47.3205099],[23.4400223,47.320444],[23.4395361,47.3204374],[23.4390888,47.3204769],[23.4386027,47.3205494],[23.4381263,47.3206747],[23.4377665,47.3208328],[23.437397,47.3210503],[23.4370276,47.321347],[23.4367942,47.3215908],[23.4366095,47.3218413],[23.4364442,47.3221511],[23.4363275,47.3224938],[23.4362205,47.322909],[23.4360747,47.3233704],[23.4359191,47.3236999],[23.4357149,47.3240031],[23.435433,47.3243261],[23.4350538,47.3246029],[23.4347037,47.3247742],[23.434344,47.3248467],[23.4338967,47.3248401],[23.4334981,47.3247742],[23.4312715,47.324069],[23.4304645,47.3238449],[23.4295991,47.323634],[23.4278393,47.3232386],[23.4271586,47.323087],[23.4266142,47.3229947],[23.4261766,47.3228893],[23.4258071,47.3227443],[23.4250196,47.3223356],[23.4245723,47.3221972],[23.4241542,47.3221379],[23.4235903,47.3221313],[23.4230555,47.3221642],[23.4223068,47.3221906],[23.4217526,47.322184],[23.4213637,47.3221313],[23.4208678,47.3220258],[23.4202358,47.3218479],[23.4197205,47.3217226],[23.4193121,47.3216633],[23.4188551,47.321637],[23.4176884,47.3216172],[23.4171828,47.3215776],[23.4168522,47.321492],[23.4165994,47.3213799],[23.416298,47.3211229],[23.4160938,47.3208592],[23.4158118,47.3203846],[23.4155493,47.3200155],[23.4148104,47.3191718],[23.414577,47.3188225],[23.4144214,47.3184863],[23.4143048,47.3181633],[23.4142464,47.3178074],[23.414227,47.3174383],[23.4143339,47.3166209],[23.4144312,47.3162188],[23.41496,47.3148303],[23.415417,47.3134856],[23.4155629,47.3131164],[23.4157865,47.3126813],[23.4160879,47.3121869],[23.4164671,47.3116002],[23.4168755,47.3110267],[23.417245,47.3105652],[23.4177603,47.3097873],[23.4181103,47.3092994],[23.4184506,47.3088973],[23.4188007,47.3085281],[23.4198507,47.3076183],[23.4205216,47.3069985],[23.4207842,47.3066557],[23.4210175,47.3062469],[23.4211925,47.3058448],[23.4212995,47.3055283],[23.4213773,47.3051723],[23.4214939,47.304236],[23.4215815,47.3036888],[23.4217565,47.303069],[23.4222426,47.3017503],[23.4223593,47.3013547],[23.4225538,47.3003327],[23.4225927,47.2999041],[23.4225829,47.2993568],[23.422544,47.2989216],[23.4224565,47.2984534],[23.4223399,47.2980248],[23.4222037,47.2976819],[23.4219704,47.2972599],[23.4216592,47.2968313],[23.4209883,47.2959872],[23.420701,47.2957071],[23.4206772,47.2956839],[23.4202591,47.295308],[23.4198702,47.2949849],[23.418859,47.2943254],[23.4182076,47.2939232],[23.4177214,47.2936594],[23.4172061,47.2934879],[23.4165935,47.2934088],[23.4159421,47.293389],[23.4153101,47.2934022],[23.4148239,47.2934681],[23.4141433,47.2936132],[23.4133169,47.2938836],[23.4121598,47.2943716],[23.4116542,47.294642],[23.4112069,47.2949321],[23.4107694,47.2952553],[23.4102346,47.2957037],[23.409836,47.296007],[23.4094373,47.2962642],[23.4091359,47.2964158],[23.4088248,47.2965411],[23.4084942,47.2966335],[23.4081247,47.296706],[23.4077164,47.2967324],[23.4072399,47.2967192],[23.4065982,47.2966137],[23.405694,47.2964093],[23.4046342,47.2962048],[23.4036618,47.2959938],[23.4024173,47.2957564],[23.4020478,47.2956509],[23.4015811,47.2954663],[23.4008318,47.2951216],[23.3994499,47.2945248],[23.3989205,47.2942403],[23.3982674,47.2939605],[23.3976468,47.2937265],[23.3971557,47.293577],[23.3967348,47.293509],[23.3963139,47.2934886],[23.3957827,47.2935022],[23.3951513,47.2935974],[23.39456,47.2937537],[23.3939887,47.293978],[23.3936078,47.2942228],[23.3931568,47.2945898],[23.392786,47.2949977],[23.3921145,47.2958609],[23.3918539,47.2960716],[23.3915934,47.2961804],[23.3912526,47.2962416],[23.3908317,47.2962348],[23.3902403,47.2961872],[23.3897593,47.2960852],[23.3890778,47.2959017],[23.3882359,47.2956298],[23.3872838,47.2952492],[23.3858405,47.294651],[23.3853294,47.2943859],[23.3849586,47.2941548],[23.3835755,47.2932371],[23.3832147,47.292972],[23.3827336,47.2926797],[23.3822726,47.2924622],[23.3817214,47.2922786],[23.3803483,47.2919591],[23.3796367,47.2918436],[23.3790354,47.2918096],[23.3783438,47.2918436],[23.3776222,47.2919388],[23.3769107,47.2920883],[23.3763494,47.2921835],[23.3756478,47.2922379],[23.3747759,47.2922718],[23.373904,47.2922582],[23.3732224,47.2922107],[23.3718895,47.2920611],[23.3708772,47.2919048],[23.3698549,47.2916872],[23.3673293,47.291225],[23.3667981,47.2910754],[23.3663572,47.2909123],[23.3659462,47.2906879],[23.3654952,47.2903888],[23.3651745,47.2900761],[23.3650142,47.289743],[23.3649741,47.2893691],[23.3649941,47.2888525],[23.3650943,47.2881659],[23.3652046,47.287588],[23.3654151,47.2870577],[23.3658861,47.2860923],[23.3660364,47.2855689],[23.3660966,47.2850726],[23.3660465,47.2845967],[23.365856,47.2841751],[23.3656055,47.2838896],[23.365385,47.2837196],[23.3650142,47.283502],[23.3646033,47.2833457],[23.3640019,47.2831825],[23.3634106,47.2830397],[23.3627692,47.2829037],[23.3614863,47.2827066],[23.3611392,47.2826589],[23.3599529,47.2824958],[23.3593916,47.2824346],[23.3589206,47.2824006],[23.3571667,47.2823734],[23.3560943,47.2822714],[23.3547814,47.2821763],[23.3538192,47.2820811],[23.3505018,47.2816935],[23.3495998,47.2815779],[23.348758,47.281442],[23.3457613,47.2808776],[23.3429851,47.2803881],[23.3422835,47.2802453],[23.3417223,47.2800889],[23.341141,47.2798985],[23.3404795,47.279647],[23.3399684,47.2794022],[23.3396377,47.2791574],[23.3394172,47.2788922],[23.3392368,47.2785931],[23.3390764,47.2782599],[23.3388659,47.2778995],[23.3381644,47.2768932],[23.3375931,47.2758664],[23.3373826,47.2753496],[23.3372123,47.2747716],[23.3371421,47.2742004],[23.3371521,47.2736904],[23.3372724,47.2730308],[23.3374428,47.2725276],[23.3377434,47.2718815],[23.3381443,47.2713375],[23.3387156,47.2708275],[23.3390564,47.2704534],[23.3392668,47.2701406],[23.3393771,47.2698278],[23.3394673,47.2693041],[23.3394773,47.2687329],[23.3394272,47.268454],[23.3393169,47.2682636],[23.3390664,47.268114],[23.3385853,47.2679508],[23.3370619,47.2674747],[23.3358693,47.2671551],[23.3351777,47.2670327],[23.3345263,47.2668694],[23.3342056,47.2667266],[23.3338548,47.2665022],[23.333494,47.2662029],[23.3332534,47.2658629],[23.3331332,47.2655296],[23.3331131,47.265176],[23.3331632,47.2646999],[23.3333666,47.2638113],[23.3334871,47.2629793],[23.3336926,47.2618731],[23.3339265,47.261118],[23.3341958,47.2603341],[23.3342507,47.2600855],[23.3342595,47.2600455],[23.3343021,47.2597425],[23.3343304,47.2588334],[23.3342454,47.2576502],[23.3341816,47.2571115],[23.3341178,47.2567123],[23.3339902,47.2563323],[23.3337989,47.2558706],[23.3332461,47.2549422],[23.3327784,47.2542207],[23.3325729,47.2538503],[23.3321477,47.2529364],[23.332013,47.2525275],[23.3319209,47.2521378],[23.3317862,47.2514019],[23.3317579,47.2510844],[23.3317579,47.2507236],[23.3317862,47.250382],[23.3318925,47.2498432],[23.3321335,47.2491217],[23.332176,47.2487609],[23.3321689,47.2484193],[23.3321264,47.2481499],[23.3320343,47.2478757],[23.3318102,47.2475294],[23.3315595,47.2472214],[23.3302555,47.2457733],[23.3299224,47.2454414],[23.3295397,47.2451046],[23.3290932,47.2448015],[23.328668,47.2445417],[23.328179,47.2443252],[23.32769,47.244128],[23.3270806,47.2439307],[23.3263294,47.2437238],[23.3256703,47.2435843],[23.3249262,47.2434881],[23.3241679,47.2434544],[23.3233033,47.2434592],[23.3225379,47.2435122],[23.3219284,47.243618],[23.3214394,47.2437575],[23.3210355,47.2439115],[23.3205748,47.2441184],[23.3201851,47.2443445],[23.3195969,47.2447149],[23.3191008,47.2450565],[23.3187039,47.2453981],[23.3183567,47.2457301],[23.3179102,47.2461053],[23.3175275,47.2463891],[23.3170669,47.2466201],[23.316592,47.246774],[23.3161456,47.2468558],[23.3157133,47.2468943],[23.3152881,47.2468702],[23.3146928,47.246774],[23.3139841,47.2466104],[23.3131407,47.2463843],[23.3117234,47.2460572],[23.310306,47.2457493],[23.3097249,47.2455905],[23.3084067,47.2451672],[23.3077406,47.2449795],[23.3065925,47.2447005],[23.3052035,47.244383],[23.3045657,47.2441905],[23.3041263,47.2440221],[23.3033963,47.243719],[23.3028152,47.24344],[23.3023475,47.2432331],[23.3010647,47.2426269]],[[23.3010647,47.2426269],[23.3006183,47.2424393],[23.3000655,47.2422757],[23.2994773,47.242141],[23.2989033,47.2420399],[23.2983717,47.2419918],[23.2979394,47.2419966],[23.2974717,47.2420447],[23.2970678,47.2421506],[23.2967418,47.2422949],[23.2959906,47.2427568],[23.2955441,47.2429926],[23.2950834,47.2431898],[23.294233,47.2434496],[23.2935385,47.2436228],[23.2928794,47.2437527],[23.2914621,47.2439355],[23.2906046,47.2440318],[23.2897896,47.2441087],[23.2880391,47.2441857],[23.2874934,47.2442194],[23.2870186,47.2442723],[23.2861115,47.2444503],[23.2852469,47.2447053],[23.28485,47.2448545],[23.2845878,47.2450036],[23.284361,47.2451816],[23.2835852,47.2463054],[23.2822121,47.2481288],[23.2810997,47.2496663],[23.280789,47.2500609],[23.2805083,47.2503602],[23.2801275,47.2506732],[23.2796364,47.251027],[23.2788847,47.2515372],[23.2781431,47.2520202],[23.2775618,47.2523467],[23.2769504,47.2526392],[23.2764593,47.2529454],[23.2760484,47.2533127],[23.2757578,47.2536529],[23.2755473,47.2540134],[23.2753869,47.2544624],[23.2752967,47.2549998],[23.2753068,47.2556256],[23.2753769,47.2562378],[23.2754972,47.2568228],[23.2756207,47.2571101],[23.2757077,47.2573126],[23.2760484,47.25802],[23.2761988,47.2584757],[23.276299,47.2590335],[23.2763691,47.2595709],[23.2765295,47.2601558],[23.27678,47.2606932],[23.2771308,47.2612169],[23.2775618,47.2617134],[23.2780128,47.2621623],[23.278544,47.2625364],[23.2790451,47.2628357],[23.2796464,47.263135],[23.2804181,47.2634546],[23.2811398,47.2637063],[23.2824527,47.2641076],[23.2830239,47.2643184],[23.2833647,47.2644952],[23.2836052,47.2647333],[23.2838458,47.2651617],[23.2838758,47.2655018],[23.2837957,47.2658827],[23.2836153,47.2661615],[23.2833146,47.2664608],[23.2828435,47.2667192],[23.2822923,47.2669504],[23.2815807,47.2671749],[23.2807589,47.2673721],[23.2790952,47.2677053],[23.2784237,47.2678618],[23.2777322,47.2680862],[23.2766598,47.2685486],[23.275848,47.2689295],[23.2748658,47.2694395],[23.2739337,47.2699428],[23.2732622,47.2703372],[23.2726007,47.2708065],[23.2720295,47.2712621],[23.2715985,47.2716973],[23.2712978,47.2720781],[23.2710072,47.2725473],[23.2707867,47.272969],[23.2705963,47.2734586],[23.2704159,47.2740026],[23.2699949,47.2755394],[23.2698446,47.2759474],[23.2696041,47.2765389],[23.2689626,47.2778445],[23.2688123,47.2782185],[23.2686519,47.2786876],[23.2686119,47.2791024],[23.2686219,47.279456],[23.2687321,47.2798367],[23.2690328,47.2803807],[23.2693535,47.280877],[23.2698346,47.2813394],[23.2704159,47.2817881],[23.2709771,47.2821348],[23.2723602,47.2828555],[23.273182,47.2831819],[23.2739437,47.2834266],[23.2746653,47.2836034],[23.2753068,47.283719],[23.2761988,47.2838346],[23.2772511,47.2839502],[23.2787144,47.2840657],[23.279917,47.2841201],[23.2810195,47.2841541],[23.2819015,47.2842153],[23.282613,47.2843445],[23.283064,47.2845145],[23.2836052,47.2847728],[23.2841765,47.2851127],[23.2845273,47.2854187],[23.284848,47.2857654],[23.2851787,47.2862073],[23.2854293,47.2865948],[23.2856698,47.2870503],[23.2858903,47.2875942],[23.2860106,47.2881516],[23.2861208,47.2888791],[23.2861509,47.2894705],[23.2861509,47.2900211],[23.2861108,47.2904222],[23.2859705,47.291],[23.2857701,47.2914555],[23.2855095,47.2918362],[23.2851687,47.2921761],[23.2846676,47.2925159],[23.2836153,47.2930394],[23.2824827,47.2936308],[23.2820418,47.293923],[23.2815507,47.2943649],[23.2809994,47.2949087],[23.2799972,47.296037],[23.2796063,47.2963973],[23.2792756,47.2966216],[23.2782633,47.2971722],[23.2777923,47.297444],[23.2773112,47.2976412],[23.2768502,47.2977839],[23.2761988,47.2978587],[23.2757477,47.2978451],[23.2751765,47.2977227],[23.2746954,47.2975596],[23.2741442,47.2973149],[23.2736631,47.2971314],[23.2730517,47.296975],[23.2724504,47.2968391],[23.271809,47.2967439],[23.2712076,47.2967032],[23.2707867,47.2967235],[23.2703758,47.2968119],[23.2699749,47.2969682],[23.2696943,47.2971925],[23.2694136,47.2976072],[23.2692232,47.2980558],[23.269113,47.2985112],[23.2690729,47.2991977],[23.269113,47.2998977],[23.2692332,47.3003531],[23.2695339,47.3009036],[23.2699248,47.3014134],[23.2705261,47.3019775],[23.2714181,47.3026164],[23.2732522,47.3037785],[23.2739938,47.3042067],[23.274976,47.3048115],[23.2757077,47.3052805],[23.2761086,47.3056475],[23.2764393,47.3060824],[23.2767099,47.3065445],[23.2770106,47.3071629],[23.277221,47.3078017],[23.2775017,47.3088211],[23.2780028,47.3097657],[23.2783435,47.3104996],[23.278534,47.3110364],[23.2787043,47.3117567],[23.2788346,47.3124906],[23.278995,47.3131089],[23.2792856,47.3138972],[23.2795663,47.3145563],[23.279887,47.3151067],[23.2802077,47.3155347],[23.280789,47.3160987],[23.2820819,47.3172538],[23.282603,47.3176886],[23.2833346,47.3182593],[23.2840562,47.3187621],[23.2845874,47.3191018],[23.285279,47.3194823],[23.2877244,47.3205966],[23.2883458,47.3209091],[23.2887768,47.3212148],[23.2891275,47.3215681],[23.2893981,47.3219282],[23.2895785,47.3223086],[23.2896186,47.3226144],[23.2895785,47.3229948],[23.2894382,47.3234228],[23.2892679,47.3237082],[23.2889471,47.3240342],[23.2885563,47.32434],[23.2880552,47.3246457],[23.287534,47.3249106],[23.2869126,47.3251824],[23.2863814,47.325393],[23.2858402,47.3255764],[23.2853892,47.3257123],[23.2846877,47.3258753],[23.2828736,47.326181],[23.2821821,47.3263169],[23.2816208,47.3264527],[23.2809794,47.3266633],[23.2805083,47.3268671],[23.2800473,47.3271456],[23.2795663,47.3275329],[23.2791553,47.3279201],[23.2786743,47.3284024],[23.2782433,47.3288779],[23.2779025,47.3293738],[23.277672,47.3298289],[23.2774315,47.330352],[23.2772912,47.3308275],[23.277191,47.3313165],[23.2771609,47.3316562],[23.277211,47.3320569],[23.2773513,47.3324441],[23.2776219,47.3327702],[23.2780629,47.3331573],[23.2785239,47.3334766],[23.279015,47.3337618],[23.2795663,47.333986],[23.2801776,47.3341286],[23.2808391,47.3341762],[23.2815807,47.3341558],[23.2823825,47.3340471],[23.2829337,47.3339113],[23.2846977,47.3333611],[23.2855897,47.3331505],[23.2863914,47.3330419],[23.2871331,47.3329739],[23.2878848,47.3329603],[23.2892979,47.3329807],[23.2905407,47.3330215],[23.2915429,47.3330894],[23.2922645,47.3332185],[23.2929561,47.3334494],[23.2935574,47.333789],[23.2940485,47.3341151],[23.2943592,47.3344615],[23.2946097,47.3348215],[23.2948102,47.3352629],[23.2949004,47.3357044],[23.2948703,47.3361323],[23.29471,47.3366282],[23.2940685,47.338102],[23.293828,47.3385435],[23.2935374,47.3389238],[23.2931966,47.3392159],[23.2927656,47.3395011],[23.2921042,47.3398407],[23.2905607,47.340547],[23.2902191,47.3407226],[23.2894962,47.3411836],[23.2889789,47.3415726],[23.2884686,47.3420432],[23.2881001,47.3424514],[23.2878237,47.3428259],[23.2874977,47.343359],[23.2872142,47.3439352],[23.2869945,47.3444682],[23.2868315,47.3449196],[23.2867181,47.3453374],[23.2866544,47.3457551],[23.2865992,47.3468129],[23.2866493,47.3473766],[23.2868397,47.3478994],[23.2870903,47.3484291],[23.2875012,47.3490946],[23.2880023,47.3497872],[23.2890847,47.3510841],[23.2894556,47.3515866],[23.2897262,47.3520076],[23.2898865,47.3524964],[23.2899867,47.3530396],[23.2900268,47.3534606],[23.2899767,47.353868],[23.2898865,47.354255],[23.289676,47.354642],[23.2894455,47.3550155],[23.2887841,47.3558981],[23.2884533,47.3561901],[23.2880925,47.356482],[23.2877518,47.3567196],[23.2873509,47.3569437],[23.28696,47.3572085],[23.2867395,47.3574393],[23.2864889,47.3577313],[23.2861783,47.3581929],[23.2859277,47.3587225],[23.2857774,47.3591977],[23.2857072,47.3596051],[23.2857673,47.3600532],[23.2861081,47.3609561],[23.2863687,47.3613906],[23.2866994,47.3618115],[23.2870502,47.3621781],[23.2874511,47.3624971],[23.2880925,47.3629113],[23.2889544,47.3634136],[23.2898063,47.3638617],[23.290558,47.3641603],[23.2912095,47.3643436],[23.2919311,47.3644251],[23.2925925,47.3643844],[23.2931438,47.3642554],[23.2937351,47.3640449],[23.2943464,47.3637055],[23.2948476,47.3633593],[23.2953186,47.3629791],[23.2957496,47.3625922],[23.2961104,47.3623138],[23.2965012,47.3620966],[23.2970224,47.3619473],[23.2974634,47.3618997],[23.2980547,47.3618726],[23.2986961,47.3618997],[23.2993877,47.3620084],[23.2999189,47.3621577],[23.3003298,47.3623614],[23.3006805,47.3626261],[23.3009111,47.3628569],[23.3011215,47.3632371],[23.3012218,47.3635969],[23.3012418,47.3639635],[23.3012017,47.3644658],[23.3010514,47.3649614],[23.300891,47.3652736],[23.3006104,47.3656674],[23.3002195,47.3660882],[23.2993759,47.3668033],[23.298942,47.3670902],[23.2984564,47.3673631],[23.2978056,47.3676429],[23.2971238,47.3678528],[23.2954812,47.3683076],[23.2932704,47.3690073],[23.292475,47.3693012],[23.2918551,47.36963],[23.2911836,47.3700638],[23.2906878,47.3704206],[23.2901609,47.3708894],[23.2897477,47.3713721],[23.2894688,47.3718339],[23.2893345,47.3722957],[23.2893241,47.3727224],[23.2893964,47.3731072],[23.2895617,47.373541],[23.2898097,47.3740027],[23.2900886,47.3743875],[23.2904502,47.3747513],[23.2913283,47.3754998],[23.2917415,47.3759056],[23.2920824,47.3763603],[23.2923923,47.376885],[23.2929295,47.3779273],[23.2931775,47.3783471],[23.2935184,47.3787318],[23.2939626,47.3790816],[23.2943862,47.3793474],[23.2949543,47.3795643],[23.2955845,47.3797252],[23.296287,47.3797741],[23.2968655,47.3797112],[23.2974234,47.3796132],[23.2980329,47.3794663],[23.2989213,47.3793264],[23.2995928,47.3792915],[23.300223,47.3793474],[23.3008945,47.3794803],[23.301661,47.3797401],[23.3021504,47.3799824],[23.3025595,47.3802743],[23.3028225,47.3805315],[23.3030781,47.380853],[23.3032242,47.3811349],[23.3032827,47.3814713],[23.3032462,47.3817384],[23.3031658,47.3820648],[23.303027,47.3824061],[23.3023769,47.3835635],[23.3021723,47.3837119],[23.3018948,47.3838108],[23.3015222,47.3839839],[23.3012519,47.3842114],[23.3010109,47.3845181],[23.3009451,47.3848494],[23.3009889,47.3851858],[23.3011058,47.3854627],[23.3013104,47.3858188],[23.3015368,47.3861057],[23.3018509,47.386353],[23.3023184,47.3866151],[23.3028225,47.3868129],[23.3036479,47.3870009],[23.304225,47.3870701],[23.3046852,47.3870948],[23.3051746,47.3870701],[23.3056568,47.3870108],[23.3060731,47.3869217],[23.3064749,47.3867833],[23.3069351,47.3865953],[23.3073004,47.3864074],[23.307746,47.3861403],[23.3084472,47.3856408],[23.3088052,47.3854776],[23.3091485,47.3853787],[23.3094553,47.3853292],[23.3098863,47.3853193],[23.3103027,47.3853935],[23.3107204,47.3855339],[23.311023,47.3858204],[23.3114672,47.3865828],[23.312428,47.3879536],[23.3126243,47.3883453],[23.3126863,47.388667],[23.3126346,47.3890517],[23.3124487,47.3894504],[23.3120767,47.389835],[23.3115292,47.3901568],[23.3108061,47.3903945],[23.30999,47.3906184],[23.3090085,47.3909051],[23.3073246,47.3914926],[23.3065705,47.3918073],[23.306023,47.392073],[23.3053308,47.3924367],[23.3046903,47.3928493],[23.3042151,47.393248],[23.3038019,47.3936326],[23.3029651,47.3945487],[23.3024899,47.3950453],[23.301994,47.3955488],[23.3010126,47.3964719],[23.3001965,47.397332],[23.2998659,47.3978425],[23.2991737,47.3989753],[23.2989258,47.3994998],[23.2986572,47.4001501],[23.2985332,47.4006186],[23.2984712,47.4010941],[23.2984816,47.4014507],[23.2986779,47.4024786],[23.2989361,47.4032267],[23.2991427,47.4035693],[23.299463,47.4039539],[23.2998452,47.4042825],[23.3003308,47.4045972],[23.300899,47.4049398],[23.3013019,47.4052544],[23.3015911,47.4055131],[23.3019733,47.4059746],[23.3026758,47.4067646],[23.3035023,47.4076316],[23.3038225,47.408107],[23.304773,47.409785],[23.3051035,47.4102254],[23.3054754,47.4106659],[23.306023,47.4112182],[23.3064775,47.4115817],[23.3069527,47.4118893],[23.3073866,47.412092],[23.3078825,47.4122458],[23.308678,47.4124486],[23.3093804,47.4126094],[23.3100933,47.4128471],[23.3106305,47.4131477],[23.311116,47.4135112],[23.3114466,47.4139097],[23.3117565,47.4143221],[23.3129445,47.4155874],[23.3131408,47.415895],[23.3134404,47.4167059],[23.3136677,47.4171603],[23.3138743,47.4174329],[23.3142359,47.4179991],[23.3145354,47.4185164],[23.314928,47.4193622],[23.315145,47.420844],[23.3152483,47.4213193],[23.3153722,47.4217946],[23.3155892,47.4223049],[23.3157958,47.4227173],[23.3160334,47.4231436],[23.316364,47.4236748],[23.3173144,47.4251076],[23.317583,47.4254431],[23.3178516,47.4257437],[23.3183371,47.4262329],[23.318802,47.4266313],[23.3192772,47.4269737],[23.3199074,47.4272743],[23.3205582,47.4275328],[23.3212297,47.4277495],[23.3219735,47.4279242],[23.3236678,47.4282876],[23.3244322,47.4285113],[23.3257132,47.4290285],[23.3263906,47.4293384],[23.3269072,47.4296668],[23.3272997,47.4299953],[23.3276096,47.4302958],[23.3278782,47.4307221],[23.3280022,47.4311554],[23.3280229,47.4315537],[23.3279402,47.4324762],[23.3277543,47.433161],[23.327403,47.4334825],[23.3271964,47.4337341],[23.3270828,47.4339507],[23.3269898,47.4342023],[23.3269278,47.4346076],[23.3266696,47.4348871],[23.326215,47.4353343],[23.3256468,47.4358514],[23.3251096,47.4362917],[23.3246447,47.4366131],[23.3234567,47.4373258],[23.3227852,47.4377032],[23.3212563,47.4385207],[23.3204402,47.4389819],[23.3194897,47.4395409],[23.3187459,47.440037],[23.3181364,47.4404702],[23.3176819,47.4408475],[23.3174803,47.4410237],[23.3165868,47.4418047],[23.3161116,47.4421541],[23.3144277,47.4432301],[23.3136012,47.4438379],[23.3127851,47.4444947],[23.3121136,47.4449977],[23.3105434,47.4460666],[23.3098925,47.4465347],[23.3088698,47.4473941],[23.3085289,47.4477504],[23.3078677,47.4485468],[23.3074648,47.448959],[23.3068553,47.4494969],[23.3050061,47.4514529],[23.3043863,47.4521445],[23.3038697,47.4527732],[23.3035082,47.4532902],[23.3031879,47.4538769],[23.3029503,47.4544008],[23.3027644,47.4549178],[23.3026714,47.4553718],[23.3026404,47.4558677],[23.3026817,47.4563218],[23.3027695,47.4566581],[23.3029297,47.4570273],[23.3031879,47.4574603],[23.3034772,47.4578934],[23.3037354,47.4582007],[23.3041177,47.4586128],[23.3044689,47.4589481],[23.3048822,47.4592834],[23.3052747,47.4595558],[23.3058222,47.4598352],[23.3065351,47.4601285],[23.3071446,47.4602892],[23.3080227,47.4604987],[23.3088285,47.4606524],[23.311907,47.4611972],[23.3126095,47.461274],[23.3131467,47.4612949],[23.3139731,47.4612949],[23.314655,47.4613089],[23.3152335,47.4613648],[23.3157294,47.4614486],[23.3162872,47.4616442],[23.3171447,47.462147],[23.3176715,47.4625312],[23.3179505,47.4627617],[23.3181984,47.463034],[23.318467,47.4633832],[23.3188182,47.463949],[23.3190662,47.4643052],[23.3192625,47.4646334],[23.319562,47.4653178],[23.3197583,47.4656251],[23.3200166,47.4659743],[23.3206468,47.4666098],[23.320936,47.466973],[23.3212666,47.4675806],[23.3214732,47.4681043],[23.3216592,47.468663],[23.3217521,47.4691309],[23.3217625,47.4695918],[23.3217336,47.469857],[23.3217108,47.4700667],[23.3215765,47.4704577],[23.3214009,47.4707859],[23.3210497,47.4710653],[23.3206364,47.4712608],[23.3202129,47.4713516],[23.3197583,47.4713795],[23.3192625,47.4713516],[23.3185703,47.4712748],[23.3178575,47.4712399],[23.3171963,47.4713027],[23.3165868,47.4714563],[23.315936,47.4716519],[23.3152025,47.4719312],[23.3145723,47.4722384],[23.3140661,47.4725666],[23.3135909,47.4729856],[23.3133326,47.4733487],[23.3131467,47.4737537],[23.313064,47.4740051],[23.3128988,47.4743891],[23.3123202,47.4754086],[23.3119897,47.4759253],[23.3106983,47.4777128],[23.3103471,47.4783482],[23.3101818,47.4787671],[23.3100578,47.4793466],[23.3099958,47.479996],[23.3100062,47.4804009],[23.3100785,47.4809246],[23.3103471,47.4819509],[23.3107056,47.4830237],[23.3113046,47.4842776],[23.3116114,47.4848009],[23.3119036,47.4852353],[23.312152,47.4855414],[23.3125756,47.486114],[23.3128532,47.4866274],[23.3131016,47.4872395],[23.3133354,47.4877134],[23.3141535,47.4888092],[23.3148986,47.4897175],[23.3157167,47.4908034],[23.3170024,47.4928469],[23.3172508,47.4931924],[23.3182735,47.4944756],[23.3185218,47.4949297],[23.3186825,47.4953443],[23.318741,47.4957786],[23.3187118,47.4962524],[23.3186095,47.4967657],[23.3184196,47.4972296],[23.318142,47.4975554],[23.3177329,47.4978219],[23.3172216,47.4980292],[23.3166079,47.4981674],[23.3158775,47.4982068],[23.3153077,47.4981674],[23.3146941,47.4980884],[23.3138029,47.4979206],[23.31316,47.4977528],[23.3124003,47.4974962],[23.3116114,47.4972691],[23.3106325,47.4970915],[23.309493,47.4969829],[23.3087333,47.4970026],[23.3080904,47.4970915],[23.3075791,47.497279],[23.3070239,47.4976343],[23.306571,47.4980094],[23.3062204,47.4983253],[23.3059574,47.4987004],[23.3057967,47.4991248],[23.3057383,47.499569],[23.3057675,47.4999934],[23.3058844,47.5003783],[23.3060597,47.5007336],[23.3062934,47.5010495],[23.3066879,47.5014245],[23.3071846,47.5017601],[23.3077544,47.5020266],[23.3090547,47.5025398],[23.3098728,47.5028458],[23.3105449,47.5030629],[23.3114361,47.5033195],[23.3123711,47.5036058],[23.3131162,47.5039117],[23.3138905,47.5044348],[23.3144311,47.5049184],[23.3150447,47.5055007],[23.315556,47.5061027],[23.315819,47.5065073],[23.3159943,47.5069317],[23.3160674,47.5073462],[23.3159797,47.5077311],[23.3157752,47.5080666],[23.3154538,47.5084317],[23.3153077,47.5087377],[23.3152346,47.5091522],[23.3152054,47.5096752],[23.3151177,47.5101785],[23.3148986,47.5105929],[23.3146502,47.5109383],[23.3142265,47.5112837],[23.3135545,47.5116686],[23.3126633,47.5121126],[23.3120351,47.5125073],[23.3115968,47.5129119],[23.3112315,47.513277],[23.3109393,47.5137013],[23.3107348,47.5141651],[23.3106179,47.51455],[23.3105887,47.5149545],[23.3106179,47.5154183],[23.3107348,47.5159511],[23.3109393,47.5165037],[23.3111585,47.516928],[23.3114653,47.5173128],[23.3118452,47.5176877],[23.3122688,47.5180429],[23.3125903,47.5183883],[23.3128532,47.5187632],[23.3130285,47.5191875],[23.313087,47.5196709],[23.3130432,47.5211608],[23.313087,47.521881],[23.31316,47.5225321],[23.313423,47.5235878],[23.3136568,47.5240712],[23.3138759,47.5244757],[23.3142265,47.5248999],[23.3150301,47.5257385],[23.3155268,47.526212],[23.3172508,47.5277905],[23.3199974,47.5307893],[23.3205818,47.5315489],[23.3209909,47.5322492],[23.3211808,47.5327425],[23.3212539,47.5331863],[23.3212246,47.5336598],[23.3210639,47.5341826],[23.3207717,47.5346856],[23.3204357,47.5351098],[23.3199974,47.5355832],[23.3194276,47.5360468],[23.3189163,47.5365005],[23.3182735,47.5369937],[23.3177621,47.5373093],[23.3159359,47.5382069],[23.3144603,47.5390058],[23.3139051,47.5393312],[23.313423,47.5398046],[23.3129555,47.5404359],[23.3126779,47.5408895],[23.3125464,47.5412545],[23.3124003,47.5424281],[23.3123857,47.542862],[23.3124734,47.5432368],[23.3127071,47.5435918],[23.3129993,47.5438877],[23.3133792,47.5441934],[23.3138321,47.5444695],[23.3148548,47.5450514],[23.3160236,47.5458009],[23.3165933,47.5462446],[23.3180105,47.5473984],[23.3185803,47.5479211],[23.319077,47.5483451],[23.3196614,47.5486902],[23.3204065,47.5490156],[23.3211662,47.5492622],[23.3219697,47.5494397],[23.3225541,47.5495284],[23.3231093,47.5495777],[23.3237083,47.5495679],[23.3243657,47.5495284],[23.3251401,47.5493805],[23.3257391,47.5491931],[23.3268494,47.5485029],[23.3276237,47.5479211],[23.3282958,47.5474674],[23.3287341,47.5472406],[23.3291139,47.5471124],[23.3297421,47.5470828],[23.330195,47.547142],[23.330794,47.547359],[23.331583,47.547714],[23.3322258,47.5480394],[23.332854,47.5484831],[23.3334238,47.5489269],[23.3338767,47.5493213],[23.3342712,47.5497947],[23.3346364,47.5502976],[23.3348702,47.5507906],[23.3349871,47.5513231],[23.3350017,47.551895],[23.3349871,47.5525556],[23.3348702,47.5539755],[23.3347825,47.5546657],[23.3346802,47.5553066],[23.3345195,47.5558094],[23.3343004,47.556332],[23.3335699,47.5575743],[23.3331316,47.5581363],[23.3327225,47.5585701],[23.3321674,47.5589447],[23.331583,47.5592602],[23.330721,47.5596053],[23.3298882,47.5598123],[23.328398,47.560118],[23.3271854,47.5604137],[23.3263088,47.5606109],[23.3254761,47.5609165],[23.3247748,47.5612123],[23.323869,47.5616362],[23.3232992,47.5620108],[23.3228901,47.5624446],[23.3225687,47.5629375],[23.322408,47.5634206],[23.3223204,47.5639628],[23.3223642,47.5644853],[23.3225395,47.5650176],[23.3228171,47.5654316],[23.3230947,47.5656978],[23.3235622,47.5659738],[23.324205,47.5662006],[23.3248917,47.5663287],[23.3273461,47.5666639],[23.3284273,47.5667723],[23.3296545,47.5668019],[23.3305311,47.5667723],[23.3312908,47.5666737],[23.3322989,47.5664766],[23.3330732,47.5662499],[23.333716,47.5659837],[23.334315,47.5656682],[23.3347095,47.5653725],[23.3351478,47.5650078],[23.3356299,47.564574],[23.3359805,47.5643276],[23.3364334,47.5641304],[23.3370178,47.5639825],[23.3377337,47.5638839],[23.3386833,47.5637952],[23.3394284,47.5637459],[23.3402466,47.5637656],[23.3409186,47.5638544],[23.3416199,47.5639924],[23.3422481,47.5642191],[23.3428325,47.5644557],[23.3435484,47.5647909],[23.3449509,47.5656189],[23.346295,47.5664667],[23.3470109,47.566861],[23.3475076,47.5671863],[23.3477852,47.5675313],[23.3478729,47.5680144],[23.3477998,47.5684481],[23.3475807,47.5688029],[23.3466895,47.569769],[23.345696,47.5708927],[23.3450678,47.5713954],[23.3443811,47.5718882],[23.3435922,47.5723613],[23.3418098,47.5733371],[23.3407725,47.5739383],[23.3396037,47.5746677],[23.3386541,47.5753281],[23.3381574,47.575811],[23.337909,47.5763137],[23.337836,47.5767276],[23.3378572,47.5770357],[23.3378652,47.5771514],[23.3379674,47.5775851],[23.3381428,47.5779596],[23.3385372,47.5783735],[23.3390194,47.5787283],[23.339706,47.5790929],[23.3403488,47.5794083],[23.3408894,47.5796251],[23.3416199,47.5798124],[23.3424088,47.5799306],[23.3433438,47.5799701],[23.3440597,47.5799504],[23.3449363,47.5798715],[23.3459298,47.5797237],[23.3466749,47.5795364],[23.3475515,47.5792802],[23.3485011,47.5789747],[23.349619,47.5787103],[23.3504371,47.5785624],[23.3513429,47.5784146],[23.3522487,47.5783259],[23.3533883,47.5782865],[23.3543379,47.5783062],[23.3550976,47.5784245],[23.355872,47.5786216],[23.3565294,47.5788975],[23.3571284,47.5791932],[23.3576105,47.5794987],[23.3580196,47.5798436],[23.358341,47.5802181],[23.3585309,47.5807109],[23.3585602,47.5813022],[23.3585748,47.5819625],[23.3584871,47.5835491],[23.3585455,47.583963],[23.3587209,47.5843867],[23.35894,47.584702],[23.3591738,47.5848794],[23.359539,47.5850469],[23.3599773,47.585175],[23.3605033,47.5853623],[23.3611899,47.5855495],[23.3619058,47.5857958],[23.3625632,47.5859929],[23.3630307,47.5861703],[23.3634544,47.5863772],[23.364331,47.5865743],[23.3651199,47.5867714],[23.3685971,47.5874612],[23.3702772,47.5878947],[23.37092,47.5881411],[23.372907,47.5890476],[23.3737835,47.589353],[23.374514,47.5896388],[23.3751861,47.5900329],[23.3756098,47.5903187],[23.3760481,47.5908113],[23.3762672,47.5913533],[23.3763987,47.5917572],[23.3763987,47.5923188],[23.3762526,47.592841],[23.375975,47.5932844],[23.3755513,47.5935997],[23.3749816,47.5938362],[23.3742218,47.5940332],[23.3736082,47.5941711],[23.3729946,47.594447],[23.3725125,47.594782],[23.372045,47.5952845],[23.3716651,47.5958362],[23.3713291,47.5965554],[23.3710661,47.597245],[23.3708032,47.5980627],[23.3706424,47.5986834],[23.3704671,47.5992351],[23.3703064,47.5999345],[23.370321,47.6005256],[23.3704233,47.6011069],[23.370584,47.6015206],[23.3708762,47.6019146],[23.3714314,47.6023185],[23.3720742,47.6025845],[23.3727609,47.6027224],[23.3736521,47.6027224],[23.3743972,47.6026239],[23.3751715,47.6023875],[23.3756974,47.6021609],[23.3762964,47.6017866],[23.3769393,47.6012842],[23.3776844,47.6006143],[23.3781811,47.6001217],[23.3796275,47.5986243],[23.3801826,47.5981219],[23.3808109,47.5976982],[23.3815706,47.5972253],[23.3823595,47.5968805],[23.3832215,47.5965258],[23.3841711,47.5962106],[23.3852668,47.5959347],[23.3863041,47.5957771],[23.3871953,47.5957278],[23.3879989,47.5957574],[23.3889047,47.5958559],[23.390015,47.5960924],[23.3907163,47.5963091],[23.3914029,47.5965948],[23.392075,47.5969889],[23.3926156,47.5974027],[23.3931269,47.5979544],[23.3935214,47.5985947],[23.3937843,47.5991661],[23.3938574,47.5997868],[23.3938136,47.6004173],[23.3937405,47.6009591],[23.393609,47.6014615],[23.3933753,47.602023],[23.3929954,47.6026141],[23.3926448,47.6030672],[23.392075,47.6035794],[23.3911838,47.6041114],[23.3902926,47.6045645],[23.3895329,47.6048305],[23.3887147,47.6050472],[23.3878528,47.6052343],[23.3867863,47.6053821],[23.3846971,47.6058057],[23.3837036,47.6061209],[23.3829585,47.6064755],[23.3823303,47.6068793],[23.3818481,47.607293],[23.3815121,47.6078348],[23.3812199,47.608475],[23.3811177,47.6090759],[23.3811177,47.6095684],[23.381293,47.6099426],[23.3815706,47.6103859],[23.3820089,47.6107798],[23.3824618,47.611095],[23.3829585,47.6113807],[23.3838059,47.6118337],[23.3847701,47.6126216],[23.3853253,47.6131633],[23.3856759,47.6135474],[23.3859243,47.6139217],[23.3860996,47.6143747],[23.3861288,47.6148179],[23.3859389,47.6151922],[23.3854714,47.6155369],[23.38496,47.6158126],[23.3842588,47.6160687],[23.383426,47.6162066],[23.3817605,47.6163641],[23.3811177,47.6164626],[23.3804894,47.6165808],[23.3797005,47.6167778],[23.3787947,47.6169747],[23.3780058,47.6170732],[23.3773922,47.6170929],[23.3766471,47.617024],[23.3760335,47.6168664],[23.3754345,47.6166104],[23.3747624,47.6162657],[23.3742511,47.6160588],[23.3736959,47.6159308],[23.3731845,47.6159407],[23.3726878,47.6160195],[23.3722203,47.6161967],[23.3717528,47.6164035],[23.3713291,47.6166793],[23.3710515,47.6169846],[23.3708324,47.6173096],[23.3707593,47.6176346],[23.3708178,47.6179202],[23.3709785,47.618255],[23.3712561,47.6186785],[23.3715483,47.619033],[23.3718551,47.6194958],[23.3721619,47.6200867],[23.3724102,47.6206184],[23.372717,47.6211404],[23.373316,47.6217706],[23.3739004,47.6222925],[23.3748501,47.6230901],[23.3752153,47.6234643],[23.375902,47.6240847],[23.3761211,47.6244096],[23.3761942,47.6246952],[23.3762234,47.6251087],[23.3761649,47.6257881],[23.3760042,47.626438],[23.3759896,47.6268417],[23.3762818,47.6279445],[23.3764571,47.6284959],[23.3765448,47.629126],[23.376574,47.6296085],[23.376574,47.6300811],[23.3766325,47.6304651],[23.3767493,47.6307506],[23.3774652,47.6319714],[23.3778012,47.6324834],[23.3782834,47.6330446],[23.3788531,47.6334581],[23.3794521,47.6338026],[23.3800219,47.6340389],[23.380694,47.6342653],[23.3813806,47.6344229],[23.3822718,47.6346001],[23.3829439,47.6346887],[23.3843903,47.6347674],[23.3863041,47.6347576],[23.3871077,47.6348363],[23.3879112,47.6349643],[23.3887147,47.6352006],[23.3894745,47.6354959],[23.3901611,47.635811],[23.3906725,47.6360669],[23.3910815,47.636382],[23.3915198,47.6368151],[23.3920312,47.6373763],[23.3924695,47.6379571],[23.3930831,47.6390399],[23.3934921,47.6398767],[23.3937259,47.6403098],[23.3939743,47.6407134],[23.3943249,47.6411662],[23.3947048,47.6415599],[23.3950846,47.6418749],[23.3964579,47.6428691],[23.3968232,47.6432235],[23.3972907,47.6438633],[23.3976559,47.6444047],[23.3979043,47.6448279],[23.398328,47.6456842],[23.3986056,47.6460583],[23.3988685,47.6463437],[23.3991315,47.6465898],[23.3999643,47.6472689],[23.4003587,47.6476429],[23.4006509,47.6480169],[23.4009431,47.6485583],[23.4011915,47.6490897],[23.4015421,47.6502216],[23.4017759,47.6514223],[23.4018636,47.6520915],[23.4019804,47.6534496],[23.401995,47.6539811],[23.4019658,47.6544928],[23.4018928,47.6551325],[23.4017467,47.6555655],[23.4015714,47.6559985],[23.401323,47.6563429],[23.40106,47.6566185],[23.4007824,47.6568251],[23.4004464,47.6570515],[23.4001104,47.6573368],[23.3997744,47.6577108],[23.3994968,47.6581634],[23.3993215,47.6585866],[23.39919,47.6589802],[23.3991461,47.6594624],[23.3991461,47.659856],[23.3991754,47.660161],[23.399263,47.6605251],[23.3993068,47.6608301],[23.3992484,47.661578],[23.3991023,47.6625226],[23.398927,47.6630244],[23.3987078,47.6633983],[23.3983134,47.663969],[23.3980942,47.6643626],[23.3978751,47.664884],[23.3976121,47.6653563],[23.3972761,47.6658483],[23.3969108,47.6662123],[23.3966186,47.6664288],[23.396195,47.6665567],[23.3957128,47.6666255],[23.3949823,47.6666551],[23.3943249,47.6666649],[23.3923672,47.6665763],[23.3913299,47.6666354],[23.3904387,47.6667534],[23.3895183,47.6669601],[23.3888024,47.667206],[23.3880865,47.6675209],[23.3874583,47.6678652],[23.386947,47.6682391],[23.3864795,47.6687015],[23.3860558,47.6692131],[23.3856175,47.6699903],[23.3852961,47.6706003],[23.3850039,47.6709938],[23.3846678,47.6713578],[23.3840834,47.6718005],[23.3833383,47.672194],[23.3825348,47.6724695],[23.3815852,47.6726761],[23.3804748,47.6728138],[23.3795106,47.6728433],[23.3785902,47.6728237],[23.3777282,47.672745],[23.3771,47.6726072],[23.3764864,47.6724006],[23.3756828,47.6720957],[23.3748939,47.6718891],[23.3742949,47.6718202],[23.3736813,47.6718104],[23.3731115,47.6719284],[23.3726148,47.6721055],[23.3721034,47.6724695],[23.3718258,47.6728335],[23.371709,47.6732664],[23.371709,47.6737877],[23.3717966,47.6743977],[23.3719865,47.6750076],[23.3723226,47.6756962],[23.3725709,47.6760995],[23.372907,47.676434],[23.3733306,47.6767389],[23.3738712,47.6770537],[23.3743095,47.6772504],[23.3756536,47.6777423],[23.3763257,47.6780079],[23.3769247,47.6783521],[23.3773045,47.6786571],[23.3780642,47.6795522],[23.3784148,47.6799358],[23.3788239,47.6802703],[23.3794083,47.6807031],[23.3799927,47.6811654],[23.3805771,47.6816867],[23.3811755,47.6821697],[23.3819206,47.6826295],[23.3824949,47.6829221],[23.3833021,47.6831834],[23.3842644,47.6833924],[23.3853355,47.6835596],[23.3863289,47.6837581],[23.3868877,47.683988],[23.3873379,47.6842806],[23.3876484,47.6846673],[23.3878191,47.6850748],[23.3878657,47.6855242],[23.3878036,47.6859004],[23.3876173,47.6863079],[23.3871982,47.6868513],[23.3865463,47.6874155],[23.385708,47.6880007],[23.3848698,47.6884396],[23.3839074,47.6888471],[23.3828053,47.6892546],[23.3816877,47.6895472],[23.3802907,47.6897561],[23.3790799,47.6898502],[23.3780244,47.6898502],[23.3769999,47.689777],[23.3758668,47.6896099],[23.3745474,47.6892964],[23.3734763,47.688962],[23.3724518,47.6885441],[23.3713808,47.6879903],[23.3704494,47.6874887],[23.3687885,47.6864228],[23.3680279,47.6859735],[23.3673605,47.6856391],[23.366693,47.6854928],[23.3659945,47.6854406],[23.3653581,47.6855137],[23.3647682,47.6856705],[23.3643025,47.6858481],[23.36393,47.6860885],[23.3635109,47.6864437],[23.3631539,47.6869453],[23.3627503,47.6876768],[23.3624554,47.6883873],[23.362238,47.6891397],[23.3619431,47.6907592],[23.3618965,47.6913757],[23.3619121,47.6918981],[23.3620828,47.6924937],[23.3624709,47.6933818],[23.3628434,47.6943012],[23.363278,47.6957326],[23.3634488,47.6963281],[23.363573,47.6969967],[23.363604,47.6976445],[23.3635574,47.6981982],[23.3634022,47.6987519],[23.3631539,47.699222],[23.3627658,47.6997652],[23.362207,47.7004547],[23.3617724,47.7008412],[23.3612912,47.7011546],[23.3604685,47.7014994],[23.3589473,47.7020321],[23.3582332,47.7023246],[23.3561532,47.703317],[23.3551908,47.7038602],[23.3537007,47.7048421],[23.3530022,47.7052286],[23.3523036,47.7055107],[23.3513878,47.7057927],[23.3502547,47.7060434],[23.3491526,47.7062105],[23.3480815,47.706315],[23.3455669,47.706409],[23.3447287,47.7064821],[23.343906,47.7066284],[23.3433316,47.7068268],[23.3428349,47.7070671],[23.3423382,47.707464],[23.3419191,47.7079654],[23.3416242,47.7085503],[23.3414845,47.7092292],[23.3414689,47.7099081],[23.3416242,47.7105557],[23.3418725,47.7110362],[23.3423382,47.7115375],[23.3427107,47.7119657],[23.3430212,47.7126864],[23.3430367,47.7132086],[23.342897,47.7137099],[23.3424469,47.714159],[23.3417018,47.714535],[23.3406773,47.714817],[23.3397925,47.714911],[23.3387836,47.7148588],[23.3378522,47.7147125],[23.3368122,47.714441],[23.3355083,47.7140128],[23.3346391,47.7136159],[23.3339716,47.7132086],[23.3333662,47.7127073],[23.3328074,47.7121851],[23.3323262,47.7116002],[23.3319071,47.7110048],[23.3314259,47.7103573],[23.3309292,47.7098559],[23.330448,47.7094381],[23.3298736,47.7091039],[23.3292527,47.7088741],[23.3284301,47.7086861],[23.3274211,47.7085294],[23.3265984,47.7084458],[23.3257447,47.7084145],[23.3249685,47.7084772],[23.324239,47.7085712],[23.3234629,47.7087801],[23.3227023,47.7091143],[23.3217243,47.7096679],[23.3209482,47.7101588],[23.3191476,47.7114748],[23.3185888,47.7117882],[23.3177661,47.7121015],[23.3165398,47.7124462],[23.3155464,47.7126551],[23.3145064,47.7128117],[23.3135595,47.7128953],[23.3124574,47.7128953],[23.3114174,47.7127908],[23.3089649,47.7123313],[23.3078783,47.7121746],[23.3069625,47.712112],[23.3061087,47.712112],[23.3054257,47.7121851],[23.3047738,47.7123313],[23.3041374,47.7125924],[23.3034854,47.7129997],[23.3027714,47.713595],[23.302135,47.7143157],[23.3011415,47.7158509],[23.3006448,47.7164566],[23.3001015,47.716937],[23.2993875,47.7173757],[23.2986269,47.717595],[23.2978973,47.7176994],[23.2970125,47.7177203],[23.2961433,47.7178456],[23.2954913,47.7180545],[23.2948704,47.7183364],[23.2944979,47.7186393],[23.2941874,47.7190152],[23.2940012,47.7194539],[23.2938925,47.7199551],[23.293877,47.720519],[23.2939701,47.7210412],[23.2942185,47.7215946],[23.2948083,47.7225449],[23.2956155,47.7237457],[23.2957863,47.7242991],[23.2957707,47.7247481],[23.2955069,47.7253433],[23.2950722,47.7259072],[23.294591,47.7263353],[23.2939391,47.7267112],[23.2931785,47.7270558],[23.2923713,47.7273272],[23.2913158,47.7276091],[23.2905086,47.7277449],[23.2897635,47.7277866],[23.2889253,47.727724],[23.287994,47.7275778],[23.2871868,47.727369],[23.2851689,47.7266694],[23.2842996,47.7263979],[23.2836787,47.7261787],[23.2830733,47.7258863],[23.2822196,47.7253224],[23.2810554,47.7246333],[23.279705,47.7239337],[23.2790996,47.7236517],[23.2784632,47.723328],[23.2779354,47.7229834],[23.2772679,47.7225866],[23.2766936,47.7222629],[23.2761814,47.7220332],[23.2752811,47.7218557],[23.2743497,47.7217721],[23.2733407,47.7217721],[23.2723318,47.7218974],[23.2715091,47.7220958],[23.2708106,47.7223569],[23.2698016,47.7228581],[23.2685753,47.7234951],[23.2674888,47.7241634],[23.2664798,47.7248735],[23.265569,47.7254802],[23.2648007,47.7259232],[23.2639885,47.7262924],[23.2631763,47.7266025],[23.2622543,47.7268535],[23.2608054,47.727075],[23.2594005,47.7272227],[23.2581931,47.7272375],[23.2562394,47.7272375],[23.2540661,47.7273113],[23.2528368,47.7273113],[23.2518051,47.7271784],[23.250927,47.7269421],[23.2501806,47.7266468],[23.249522,47.7262481],[23.2490171,47.7257756],[23.2486879,47.725303],[23.2484025,47.7246976],[23.2481391,47.7239297],[23.2478756,47.7234128],[23.2474585,47.7229551],[23.2468658,47.7226892],[23.2460536,47.722512],[23.2452633,47.7224973],[23.2441438,47.7226302],[23.2433974,47.7229107],[23.2427388,47.7232209],[23.2421461,47.723723],[23.2418388,47.7243432],[23.2416412,47.7251849],[23.2414876,47.726189],[23.2414437,47.7272522],[23.2415973,47.7281677],[23.2418827,47.7292309],[23.2419705,47.7301463],[23.2419047,47.7307813],[23.241729,47.7313571],[23.2413339,47.7319625],[23.2404558,47.7326712],[23.2395997,47.7331584],[23.2388533,47.7334242],[23.2379972,47.7336014],[23.2368557,47.7336161],[23.235802,47.7334094],[23.2349458,47.7330846],[23.233958,47.7325678],[23.2332336,47.7319772],[23.2327726,47.7314309],[23.2323774,47.7308256],[23.2322018,47.7303383],[23.2322018,47.729851],[23.2322677,47.729098],[23.2321579,47.7283745],[23.2318506,47.7275919],[23.2315213,47.7269126],[23.2313018,47.7264991],[23.2308627,47.7252735],[23.2305335,47.7245795],[23.2301383,47.7240626],[23.2295895,47.7236639],[23.2290188,47.7233981],[23.2282065,47.7232209],[23.2273504,47.7231323],[23.2262309,47.7232061],[23.2254625,47.7233981],[23.2247601,47.723723],[23.2241015,47.724166],[23.2233112,47.72486],[23.2226307,47.7256427],[23.222038,47.7264844],[23.2216868,47.727267],[23.2215551,47.7279315],[23.221577,47.7287731],[23.2218404,47.7297477],[23.2222136,47.7308256],[23.2226088,47.7314752],[23.2230478,47.7321397],[23.2232015,47.7325678],[23.2231795,47.732937],[23.2230478,47.7333651],[23.2227185,47.7337785],[23.2222356,47.7343101],[23.2213575,47.7349597],[23.2205233,47.7354912],[23.2195135,47.7360227],[23.2185476,47.7364213],[23.2176695,47.736628],[23.2169012,47.7367609],[23.2157158,47.736879],[23.2137585,47.7370299],[23.2127158,47.7371775],[23.2116731,47.7373695],[23.2103705,47.7375915],[23.2095322,47.7377064],[23.2086475,47.7377481],[23.2078869,47.7377168],[23.2071728,47.7376124],[23.2054188,47.7371113],[23.203525,47.736652],[23.2028731,47.7364745],[23.2020659,47.7362762],[23.200762,47.7360569],[23.2000946,47.7358795],[23.1994271,47.7356498],[23.1981387,47.7351591],[23.197642,47.7350652],[23.1968504,47.7350338],[23.1958569,47.7350443],[23.1948169,47.7351382],[23.1940408,47.7352948],[23.1930629,47.7355976],[23.1924109,47.7358273],[23.1917124,47.7360256],[23.1908276,47.7362553],[23.1899273,47.7364328],[23.1890581,47.7366833],[23.1885458,47.7368816],[23.1882509,47.7370904],[23.1878784,47.7374349],[23.1875369,47.7376437],[23.1871178,47.7378003],[23.1866366,47.7378525],[23.1860622,47.7378421],[23.1852395,47.7377481],[23.1846342,47.7376542],[23.1839512,47.7374767],[23.183144,47.7371635],[23.182461,47.7368295],[23.1818246,47.7363597],[23.1804586,47.7353053],[23.1799774,47.7348459],[23.1796049,47.7343866],[23.17931,47.7338437],[23.1791703,47.7333739],[23.1791392,47.7329458],[23.1792634,47.7325804],[23.1794807,47.7320271],[23.1797912,47.7313589],[23.1801482,47.7307951],[23.1806294,47.7302939],[23.1812503,47.7298241],[23.1818401,47.7293438],[23.182104,47.728968],[23.1822903,47.7286025],[23.1823213,47.7282893],[23.1822748,47.7279134],[23.1820885,47.7276628],[23.1818246,47.7274958],[23.1814055,47.7274018],[23.1809709,47.7274122],[23.1804276,47.727548],[23.1797446,47.7277985],[23.1787046,47.7282788],[23.1778198,47.7287696],[23.1773852,47.7290515],[23.1768729,47.7294169],[23.1763607,47.7298554],[23.1759726,47.7302939],[23.1751344,47.7313485],[23.1746377,47.73186],[23.1740944,47.7322777],[23.1731786,47.7328728],[23.1723869,47.7334261],[23.1718126,47.7338854],[23.1710986,47.7344179],[23.1705398,47.7348042],[23.1699499,47.7351382],[23.1692087,47.7354223],[23.1680452,47.7357176],[23.166772,47.7358652],[23.1657842,47.7358652],[23.1645109,47.7357324],[23.163567,47.7355404],[23.1625572,47.7352009],[23.1615913,47.7347579],[23.1610425,47.7344036],[23.1606035,47.7339164],[23.1601425,47.7333258],[23.1597254,47.7325285],[23.159462,47.7316278],[23.1594839,47.7309486],[23.1596156,47.7302842],[23.1605376,47.728719],[23.160823,47.7280693],[23.1610425,47.7276263],[23.1611084,47.726888],[23.1610864,47.7262383],[23.1609108,47.7257362],[23.1603181,47.7250422],[23.1595937,47.724422],[23.1588034,47.7238608],[23.1579473,47.7234326],[23.157157,47.723152],[23.1561472,47.7229009],[23.1553569,47.7228123],[23.1544569,47.722768],[23.1536227,47.7228123],[23.1529861,47.7229305],[23.1524592,47.7231077],[23.152108,47.723344],[23.1518885,47.7236541],[23.151625,47.7242743],[23.1514055,47.7250126],[23.1513616,47.7256772],[23.1515153,47.7262678],[23.1518665,47.7267404],[23.1525251,47.7273015],[23.1532715,47.7278774],[23.15393,47.7283646],[23.1545666,47.7288814],[23.1552032,47.7295754],[23.1561033,47.7307714],[23.1570033,47.7322627],[23.157157,47.7328828],[23.1572228,47.7336654],[23.157135,47.7342707],[23.1568936,47.7348022],[23.1565204,47.7352747],[23.1560594,47.7356438],[23.1551374,47.7361015],[23.1537764,47.7365591],[23.1525251,47.7368544],[23.1515811,47.7369873],[23.1503738,47.7370759],[23.1489469,47.7370906],[23.1474102,47.7370168],[23.1462687,47.7367658],[23.1448858,47.7363229],[23.1435686,47.7357766],[23.142493,47.7352304],[23.1413734,47.7345955],[23.1404295,47.7339311],[23.1396611,47.7332963],[23.1388489,47.7324842],[23.1381465,47.7316721],[23.1371367,47.7300627],[23.1365659,47.7292654],[23.136083,47.7286895],[23.1356439,47.7283203],[23.1348975,47.7279364],[23.1341073,47.7276411],[23.1331853,47.7274491],[23.1323072,47.7273605],[23.1313632,47.7273605],[23.1305071,47.7274344],[23.1296729,47.7276263],[23.1287949,47.727966],[23.1279826,47.7284975],[23.1269948,47.7293392],[23.1263082,47.730174],[23.1258736,47.7310093],[23.1256253,47.7316775],[23.1255632,47.7324709],[23.1256873,47.7330974],[23.1259667,47.7337446],[23.1264945,47.7341622],[23.1271154,47.7343919],[23.1278915,47.7344963],[23.1288539,47.734559],[23.1301889,47.7346216],[23.1315859,47.7348095],[23.1328898,47.7351645],[23.1340384,47.7355403],[23.1353734,47.7360832],[23.13646,47.7366469],[23.1373913,47.7373985],[23.1381674,47.7381919],[23.1387262,47.7389227],[23.1390056,47.7396534],[23.139101,47.7402857],[23.139079,47.7410385],[23.1389473,47.7416438],[23.13864,47.7423967],[23.1383107,47.7429429],[23.1378278,47.74343],[23.1372131,47.7438728],[23.1364887,47.7442419],[23.1357204,47.7444928],[23.1349959,47.7446257],[23.1340959,47.7446847],[23.1331739,47.7446847],[23.1321641,47.7446257],[23.1311324,47.7445076],[23.1301665,47.7443305],[23.1289811,47.7440943],[23.1277517,47.743799],[23.1243931,47.7430314],[23.1235589,47.7427657],[23.1224393,47.7422933],[23.1214515,47.7419095],[23.1196075,47.7411566],[23.1187953,47.7407285],[23.1181367,47.7402709],[23.1176318,47.7397099],[23.1174123,47.7391489],[23.1172586,47.7384993],[23.1172586,47.7378941],[23.1173464,47.7371116],[23.1174781,47.7363734],[23.1176977,47.7355762],[23.1178294,47.7350299],[23.1178733,47.734587],[23.1177855,47.7342326],[23.1174562,47.7337454],[23.1169074,47.7332729],[23.1163147,47.7329333],[23.1156781,47.7326823],[23.1149317,47.7324313],[23.1139658,47.7322542],[23.1131097,47.7322099],[23.112034,47.7322985],[23.1109584,47.7324609],[23.1101022,47.7326823],[23.10929,47.7330367],[23.1086973,47.733332],[23.1081485,47.733834],[23.1076875,47.7344246],[23.1072265,47.7352071],[23.1068753,47.7358419],[23.1067436,47.7361815],[23.1067655,47.7365949],[23.1069631,47.7370378],[23.1077973,47.7379826],[23.1080607,47.7384698],[23.1082144,47.7389865],[23.1081705,47.7394589],[23.1079948,47.7398871],[23.1077753,47.7402118],[23.1075997,47.7405366],[23.1075558,47.7408466],[23.1076875,47.741319],[23.1078851,47.7418357],[23.1080387,47.7423819],[23.1081924,47.74312],[23.1081924,47.7438138],[23.1080826,47.7445224],[23.1077973,47.7454228],[23.1074021,47.7462642],[23.1070169,47.7470168],[23.1065998,47.7476958],[23.1062925,47.7482715],[23.106051,47.74898],[23.1058973,47.7496442],[23.1057656,47.7505003],[23.1057876,47.7512973],[23.1059412,47.751991],[23.1063144,47.752847],[23.1067974,47.7537178],[23.1072803,47.7543524],[23.1078511,47.754987],[23.1085316,47.7556659],[23.109278,47.7565219],[23.1098926,47.7573041],[23.1103317,47.7580862],[23.110639,47.7588241],[23.1106829,47.7593849],[23.1105951,47.7599899],[23.1103317,47.7605949],[23.1099585,47.7610672],[23.1095194,47.7614803],[23.1089706,47.7618788],[23.1082901,47.7621739],[23.1074779,47.76241],[23.1064461,47.7626461],[23.105612,47.7627346],[23.1049095,47.7628822],[23.1043826,47.7630445],[23.1038338,47.7630888],[23.1029338,47.7630003],[23.1024289,47.7628527],[23.1013752,47.7622772],[23.1009362,47.7620706],[23.100541,47.761923],[23.1001459,47.7617755],[23.0981921,47.7609491],[23.0974677,47.7605359],[23.0965677,47.7601817],[23.095514,47.7599014],[23.0949213,47.7598128],[23.0943286,47.7597981],[23.0937359,47.7599014],[23.0933188,47.7600637],[23.09277,47.7603146],[23.0921992,47.7605359],[23.0913211,47.7608163],[23.0900918,47.7611705],[23.0889942,47.7615689],[23.0880942,47.7619968],[23.0871941,47.7625133],[23.0863819,47.763015],[23.0855258,47.7634134],[23.0845379,47.7637528],[23.0834623,47.7640922],[23.0825622,47.7642693],[23.0815744,47.7643578],[23.0806743,47.7643873],[23.0791816,47.7643726],[23.0781279,47.7643873],[23.0772279,47.7644906],[23.0765913,47.7646677],[23.0760205,47.7649628],[23.0755156,47.7653759],[23.0750985,47.7659071]],[[23.8216454,47.1815986],[23.8212958,47.1816043],[23.8209711,47.1816552],[23.8205964,47.181757],[23.8203051,47.1818872],[23.8200386,47.1820343],[23.8191645,47.1827303],[23.8187732,47.1830132],[23.818257,47.183347],[23.8177159,47.1836413],[23.8172497,47.1839185],[23.8168251,47.1841449],[23.8165004,47.1843146],[23.8160175,47.1845353],[23.8155597,47.184739],[23.8151684,47.1848861],[23.814877,47.1849653],[23.8144108,47.1850332],[23.8140861,47.1850954],[23.8138197,47.1851916],[23.8135949,47.1853331],[23.8134034,47.1855085],[23.8130121,47.1859158],[23.8127457,47.186278],[23.8125709,47.1865665],[23.8124377,47.1868551],[23.8123711,47.1872342],[23.8122712,47.1875001],[23.8120714,47.1877886],[23.8111556,47.188592],[23.8108892,47.1888749],[23.810706,47.1891295],[23.8105728,47.1893898],[23.8104896,47.1897915],[23.8104063,47.1914887],[23.8103397,47.1920375],[23.8102731,47.1924674],[23.8101399,47.1929031],[23.80999,47.1932538],[23.8097819,47.1936046],[23.8095072,47.193961],[23.8085664,47.1948944],[23.8081252,47.195296],[23.8078754,47.1956128],[23.8071012,47.19688],[23.8067931,47.1972873],[23.8057858,47.1983225],[23.8047368,47.1993407],[23.8042956,47.1998158],[23.8037378,47.2004437],[23.8030634,47.2012978],[23.8027138,47.2017051],[23.8023641,47.2020784],[23.8019895,47.2024347],[23.8015815,47.2027741],[23.8010404,47.203187],[23.8004909,47.2035547],[23.7998332,47.203928],[23.7992255,47.2042334],[23.7985844,47.2045049],[23.7978851,47.2047764],[23.797319,47.20498],[23.7968694,47.2050988],[23.79632,47.2051893],[23.7955873,47.2052345],[23.7949213,47.2052458],[23.7943219,47.2051893],[23.7937558,47.2050818],[23.7933478,47.2049574],[23.7930648,47.204816],[23.792865,47.2046406],[23.7926402,47.2044823],[23.7923655,47.2043635],[23.7916412,47.2041768],[23.7913747,47.204092],[23.7906255,47.203747],[23.7902342,47.2035377],[23.7898845,47.2033171],[23.7895099,47.20304],[23.7890936,47.2026893],[23.7887856,47.2023273],[23.7885858,47.2020105],[23.7884526,47.2017503],[23.7884026,47.2014845],[23.7883776,47.2011677],[23.7883776,47.2007491],[23.7883527,47.2004663],[23.7882694,47.2001439],[23.7881529,47.1998724],[23.7879114,47.1995896],[23.7875867,47.1993407],[23.7872204,47.199137],[23.7868458,47.1989673],[23.7864628,47.1988316],[23.7860799,47.1987524],[23.7856137,47.1987128],[23.7850975,47.1987071],[23.784548,47.1987467],[23.7839486,47.1988372],[23.7833825,47.1989843],[23.7828913,47.1991879],[23.7824834,47.1994255],[23.7811929,47.2003192],[23.7803687,47.200817],[23.7799275,47.2010659],[23.779428,47.2013148],[23.7790533,47.2014562],[23.7785871,47.201541],[23.7780876,47.2015806],[23.7775465,47.201558],[23.7770053,47.2014901],[23.7764892,47.2013883],[23.7760313,47.2012526],[23.7757066,47.2011225],[23.7754402,47.2009754],[23.7749656,47.2006077],[23.7744245,47.200076],[23.7741914,47.1999007],[23.773875,47.1997253],[23.7734837,47.1995386],[23.7732007,47.1994368],[23.7729343,47.1994029],[23.7725596,47.1994142],[23.77221,47.1994821],[23.7716605,47.1996801],[23.7694044,47.200653],[23.7686801,47.2010093],[23.7682305,47.2012582],[23.7677143,47.2015523],[23.7672231,47.2018578],[23.7668652,47.2021123],[23.7665238,47.2024065],[23.7662657,47.202678],[23.7660493,47.2029551],[23.7658578,47.2032719],[23.7656413,47.203713],[23.7654998,47.2040298],[23.7653916,47.2043635],[23.7653333,47.2046859],[23.7653749,47.2069822],[23.7653583,47.2072989],[23.7652917,47.2075647],[23.7651834,47.2078249],[23.7649753,47.2081529],[23.7646839,47.2084696],[23.7642427,47.2088486],[23.7637265,47.2092105],[23.763202,47.2095329],[23.7627858,47.2097591],[23.7623778,47.2099175],[23.7618617,47.2100588],[23.7607211,47.210302],[23.7603381,47.2104038],[23.7600551,47.2105113],[23.7597887,47.2106753],[23.7596055,47.2108619],[23.7595139,47.2110485],[23.7594723,47.2112578],[23.759489,47.2114727],[23.7595639,47.2116932],[23.7599219,47.2122531],[23.7599802,47.2124397],[23.7600051,47.2127621],[23.7599885,47.2131297],[23.7599136,47.2134916],[23.7598303,47.213797],[23.7596638,47.2141136],[23.7594557,47.2143681],[23.7590144,47.2147414],[23.7587563,47.2150411],[23.7585399,47.2153464],[23.7582985,47.2156235],[23.7579321,47.2159232],[23.7574409,47.2162286],[23.7568748,47.216517],[23.7564086,47.2167149],[23.7559174,47.2169015],[23.7553014,47.2170881],[23.7542857,47.2173595],[23.7537862,47.2174557],[23.7533033,47.2175744],[23.7528787,47.2177327],[23.7524458,47.2179307],[23.7518464,47.2182417],[23.7513968,47.2184961],[23.7504977,47.2191011],[23.750198,47.2193556],[23.7499982,47.2195874],[23.7498764,47.2198161],[23.7498566,47.2198532],[23.7498067,47.2200398],[23.7497734,47.2203112],[23.7497651,47.2205996],[23.7497984,47.2208144],[23.749865,47.2210123],[23.7500148,47.2212894],[23.7502396,47.2215721],[23.7504477,47.2217983],[23.7507641,47.222064],[23.7510888,47.2223185],[23.751555,47.2226351],[23.7520045,47.2229065],[23.7530036,47.223421],[23.7534282,47.2236132],[23.7537945,47.2237433],[23.7541941,47.2238224],[23.754652,47.223879],[23.7550849,47.2239016],[23.7554679,47.2238677],[23.7559424,47.2237942],[23.7568166,47.2236189],[23.7571829,47.223585],[23.7576741,47.2235624],[23.7580903,47.223585],[23.7583567,47.2236415],[23.7585066,47.2237037],[23.7586231,47.2238281],[23.7586814,47.2239977],[23.7586665,47.2240912],[23.7586481,47.2242069],[23.7585399,47.2244218],[23.7583234,47.2247271],[23.7577989,47.2253829],[23.7575908,47.2256656],[23.7573494,47.2259426],[23.757083,47.226214],[23.7562754,47.2268359],[23.7558092,47.2272373],[23.7556011,47.2274635],[23.7554013,47.2277518],[23.7552015,47.2281136],[23.7550266,47.228549],[23.7547436,47.2293687],[23.7545854,47.2297305],[23.7544189,47.2300415],[23.7541941,47.230392],[23.7539527,47.2306803],[23.7535947,47.2309912],[23.75322,47.2312513],[23.7527455,47.2315],[23.7525402,47.2315976],[23.7523292,47.2316979],[23.7512886,47.2321162],[23.7494986,47.2327833],[23.7491157,47.2329529],[23.7486994,47.233162],[23.7483664,47.2333486],[23.7481333,47.2335125],[23.7479751,47.2336934],[23.7478752,47.2339025],[23.7478586,47.23414],[23.7479834,47.2344],[23.7482332,47.2346996],[23.7485496,47.2349992],[23.7490075,47.2353949],[23.749457,47.2356888],[23.7497817,47.2358528],[23.7502396,47.2360167],[23.7507225,47.2361411],[23.7512053,47.2362428],[23.7516715,47.2362767],[23.7520712,47.2362598],[23.7530785,47.2360563],[23.7542773,47.2358697],[23.7553929,47.2357341],[23.7558675,47.2356945],[23.7564419,47.2356832],[23.7569831,47.2357228],[23.7574409,47.2358075],[23.7578905,47.2359319],[23.7581902,47.2360563],[23.7584317,47.2362372],[23.7585565,47.2364463],[23.7586148,47.2366668],[23.7586148,47.2369268],[23.7585399,47.237249],[23.7583651,47.237622],[23.7578572,47.238453],[23.7573494,47.2393686],[23.7571745,47.2396117],[23.7569997,47.2397586],[23.756392,47.24003],[23.7560257,47.2402221],[23.7554762,47.2405613],[23.7549767,47.2409287],[23.7545604,47.2412056],[23.7541275,47.241443],[23.753603,47.2416578],[23.7524708,47.2419856],[23.7516382,47.2421891],[23.7509805,47.2423021],[23.7500231,47.2423586],[23.7496485,47.2423982],[23.7492073,47.242483],[23.7480084,47.2428164],[23.7477254,47.2429069],[23.7460936,47.2435908],[23.7447199,47.2443142],[23.7442038,47.2445007],[23.7436626,47.2446703],[23.742264,47.2450263],[23.7414065,47.2452185],[23.7394584,47.2456141],[23.7373521,47.2460154],[23.7363197,47.2462245],[23.7355039,47.2464223],[23.7348711,47.2465975],[23.7343633,47.2467162],[23.7338305,47.2468179],[23.7332727,47.2468688],[23.73259,47.246897],[23.7317159,47.2469083],[23.7307585,47.2468914],[23.7292516,47.2469705],[23.7288437,47.2470157],[23.7283192,47.2471005],[23.7278196,47.2472078],[23.7273118,47.2473717],[23.726804,47.2475582],[23.7263044,47.2477673],[23.7258049,47.2480217],[23.7253221,47.2482873],[23.7248808,47.2485529],[23.7245645,47.248762],[23.7243896,47.2488976],[23.7243064,47.248988],[23.7241982,47.2491745],[23.7241732,47.2494175],[23.7241815,47.2500731],[23.7241648,47.2504178],[23.7240982,47.2508529],[23.7239983,47.2512429],[23.7237308,47.2520145],[23.7233322,47.2528688],[23.7232323,47.2531401],[23.7231823,47.2534339],[23.7232156,47.2536712],[23.7233072,47.2538747],[23.7234238,47.253999],[23.7239483,47.2542363],[23.7241814,47.2543832],[23.7248308,47.2550048],[23.7250555,47.2552761],[23.725297,47.2556377],[23.7254635,47.2559937],[23.7255717,47.2563327],[23.72563,47.2567113],[23.7255884,47.2571238],[23.7254801,47.2575815],[23.7253303,47.2579374],[23.7251055,47.2583273],[23.724606,47.2590336],[23.7245227,47.2594348],[23.7244395,47.2596382],[23.7243312,47.2597851],[23.724198,47.2598868],[23.7239649,47.2599772],[23.7236735,47.2600845],[23.7230491,47.260271],[23.7227078,47.2604009],[23.7224664,47.2605365],[23.7222832,47.2606721],[23.7221084,47.2608755],[23.7219835,47.2610846],[23.721842,47.2613784],[23.7217338,47.2616609],[23.7215922,47.2622937],[23.721484,47.2633841],[23.7214174,47.263757],[23.7213008,47.2641355],[23.7209762,47.264983],[23.7208596,47.2654067],[23.7207014,47.2662202],[23.7206182,47.2665479],[23.7204766,47.2669546],[23.7202852,47.2672823],[23.7200853,47.2675704],[23.7198273,47.2678585],[23.7195109,47.2681579],[23.7191196,47.2684799],[23.7179791,47.2693273],[23.7175961,47.2695759],[23.7172714,47.2697679],[23.7168968,47.26996],[23.7164639,47.2701408],[23.715931,47.2703442],[23.7152067,47.2705758],[23.714982,47.2705871],[23.7145657,47.2705871],[23.7141328,47.2705588],[23.7138497,47.2705193],[23.713525,47.270491],[23.7131171,47.2704854],[23.7127591,47.270508],[23.7123345,47.2705645],[23.7115353,47.2707113],[23.7112189,47.2707509],[23.7109442,47.270813],[23.7107028,47.2709147],[23.7105113,47.271039],[23.7103864,47.2711859],[23.7102282,47.2714457],[23.7100784,47.2715982],[23.709787,47.2717394],[23.7094623,47.2718694],[23.7086464,47.2721066],[23.7082884,47.2722478],[23.708047,47.2724117],[23.7078555,47.2726489],[23.7077556,47.2729313],[23.7076724,47.2738464],[23.7075475,47.2743266],[23.7068898,47.2759816],[23.7067399,47.276264],[23.7065734,47.2765182],[23.7062987,47.276778],[23.7059324,47.2770265],[23.7054579,47.277292],[23.7050749,47.2774727],[23.7047086,47.277614],[23.7043756,47.2776987],[23.703568,47.2778173],[23.703306,47.2778312],[23.7022942,47.2778851],[23.7011537,47.2780037],[23.7006542,47.2780319],[23.7000548,47.2780093],[23.699472,47.2779528],[23.6988726,47.2778568],[23.6983397,47.2777495],[23.6968745,47.2773146],[23.6952178,47.2767893],[23.6950596,47.2766933],[23.6948931,47.2765577],[23.6946267,47.2764278],[23.6942354,47.2762922],[23.6938191,47.2761849],[23.6934362,47.2761228],[23.6928784,47.2760833],[23.6924871,47.2760155],[23.6916296,47.2758404],[23.6911467,47.2757782],[23.6906555,47.2757556],[23.6901227,47.27575],[23.6896981,47.2757782],[23.6892486,47.2758517],[23.6888989,47.2759703],[23.6885492,47.2761115],[23.6883078,47.2762527],[23.6882245,47.2763205],[23.6878749,47.2768797],[23.6874087,47.2773541],[23.6871589,47.2775631],[23.6869674,47.2777608],[23.6866094,47.2782353],[23.686368,47.2784951],[23.6859684,47.278834],[23.6858352,47.2789695],[23.685652,47.279235],[23.6855022,47.2794891],[23.6853274,47.279732],[23.6851109,47.2799523],[23.6843949,47.2805114],[23.6840702,47.2808334],[23.6834292,47.2814038],[23.6831794,47.2815902],[23.682913,47.2817596],[23.6826966,47.2818556],[23.6824135,47.2819177],[23.6820971,47.2819403],[23.6817974,47.2819177],[23.6815477,47.28185],[23.6812979,47.2817653],[23.6803655,47.2814038],[23.6799159,47.2811892],[23.6792249,47.2807769],[23.6788779,47.2805002],[23.6785199,47.2801387],[23.6782119,47.2797942],[23.6779538,47.2794723],[23.6777956,47.2791729],[23.6776957,47.2788453],[23.6774876,47.2777948],[23.6774543,47.277326],[23.6774543,47.2765126],[23.6773627,47.2749762],[23.677421,47.2742871],[23.6774876,47.2738465],[23.6779538,47.2719937],[23.678062,47.2713836],[23.6780787,47.2710165],[23.6780371,47.2706549],[23.6779705,47.2702708],[23.6778705,47.269977],[23.677396,47.2691466],[23.6771796,47.2688133],[23.6769048,47.2684461],[23.6764386,47.2678699],[23.6762638,47.2676157],[23.6759807,47.2671637],[23.675681,47.2666044],[23.6755145,47.2663954],[23.675298,47.2662259],[23.6750233,47.266079],[23.6747319,47.2660225],[23.674349,47.2659999],[23.6738744,47.2659943],[23.6735331,47.2659661],[23.6731501,47.2658813],[23.6727672,47.2657457],[23.6712603,47.2651525],[23.6706026,47.26487],[23.6702363,47.264678],[23.6692289,47.2641017],[23.6689459,47.2639604],[23.6686462,47.2638361],[23.6679302,47.2635989],[23.6675056,47.2635141],[23.6668812,47.263435],[23.6661402,47.2633955],[23.6655658,47.2633785],[23.6649581,47.2634181],[23.6644419,47.2635085],[23.6638508,47.2636554],[23.6630432,47.2638757],[23.6621691,47.2640282],[23.6610202,47.2641017],[23.6604541,47.2641582],[23.6599213,47.2642316],[23.6591304,47.2644068],[23.6586475,47.2644972],[23.6581979,47.2645367],[23.6576568,47.2645424],[23.6572072,47.2645254],[23.6551176,47.2643446],[23.6545098,47.2642768],[23.6539271,47.2641921],[23.6532194,47.2640282],[23.6525118,47.2638361],[23.6518874,47.2636441],[23.6513296,47.263452],[23.6508634,47.2632542],[23.6504305,47.2630904],[23.6500392,47.2630056],[23.6496229,47.2629604],[23.64919,47.2629548],[23.6488154,47.2629774],[23.6483491,47.2630847],[23.647858,47.2632712],[23.6472252,47.2635932],[23.6466674,47.2638587],[23.646068,47.2641977],[23.6456185,47.2644124],[23.6449608,47.2647005],[23.6437203,47.2651808],[23.6435371,47.2652994],[23.6433706,47.2654519],[23.6432541,47.2656045],[23.6431209,47.2658587],[23.642946,47.2661186],[23.6425215,47.2666722],[23.6416723,47.2675366],[23.6415807,47.2676891],[23.6415391,47.2678417],[23.6415557,47.2680394],[23.6417555,47.2684235],[23.6418638,47.2687625],[23.6418221,47.269124],[23.6416045,47.2705155],[23.6413219,47.272952],[23.6413455,47.2733834],[23.6414514,47.2739106],[23.6416163,47.2744139],[23.641887,47.2748453],[23.6422756,47.2753965],[23.6426877,47.2759157],[23.6430291,47.276403],[23.6435825,47.277026],[23.6448776,47.2780644],[23.6452072,47.27836],[23.6454309,47.2786475],[23.6455133,47.2789591],[23.6455369,47.2792386],[23.6455133,47.2795741],[23.6453956,47.2798936],[23.6452072,47.2802291],[23.64496,47.2805566],[23.6446892,47.2808122],[23.6440063,47.281531],[23.6436413,47.2819543],[23.6433117,47.2822978],[23.6430055,47.2825853],[23.6425935,47.2829208],[23.6421578,47.2831923],[23.6415692,47.2834958],[23.6409569,47.2837594],[23.6403565,47.283983],[23.6400796,47.2840568],[23.6396971,47.2841588],[23.6389672,47.2843185],[23.638402,47.2844064],[23.6377898,47.2844782],[23.6371422,47.2845341],[23.6365182,47.2845262],[23.6359531,47.2844543],[23.6352467,47.2842786],[23.6346227,47.2840469],[23.6342224,47.2838553],[23.6332098,47.2831045],[23.6331039,47.2829368],[23.6330214,47.2826971],[23.6328684,47.2823537],[23.6326094,47.2820502],[23.6322208,47.2817467],[23.6318912,47.281539],[23.6315144,47.2814112],[23.6311965,47.2813713],[23.6307609,47.2813873],[23.6301958,47.2814671],[23.6297013,47.2815869],[23.6289477,47.2818026],[23.6285592,47.2819064],[23.6281471,47.2820422],[23.6277586,47.282194],[23.6273701,47.2823856],[23.6268991,47.2826412],[23.6263222,47.2830246],[23.62571,47.283392],[23.625086,47.2837035],[23.6245091,47.2839671],[23.6240617,47.2842386],[23.6235554,47.284598],[23.6227194,47.285237],[23.6223427,47.2854846],[23.6218482,47.2856603],[23.621236,47.2857801],[23.6205884,47.285836],[23.6200939,47.285844],[23.6195523,47.2857881],[23.6190814,47.2856842],[23.6185987,47.2855405],[23.6181159,47.2853168],[23.6177392,47.2850772],[23.6171976,47.2847578],[23.6166442,47.2844623],[23.6162204,47.2841747],[23.615663,47.2836635],[23.6154056,47.2834539],[23.6152254,47.2832444],[23.6150709,47.2830057],[23.6149851,47.2827845],[23.6149336,47.2825167],[23.6149164,47.2822489],[23.6149422,47.2819753],[23.6150537,47.2817133],[23.6152425,47.2814688],[23.6156115,47.2810904],[23.6158208,47.2808149],[23.6160406,47.2804616],[23.6165469,47.2795476],[23.6167357,47.2791401],[23.6170017,47.2786336],[23.6170446,47.2784473],[23.6170704,47.278197],[23.6170017,47.2778593],[23.616873,47.2774634],[23.61671,47.2771606],[23.6165726,47.2768637],[23.6165212,47.2766658],[23.6163324,47.2761185],[23.6161522,47.2758681],[23.6158776,47.2756702],[23.61556,47.2755886],[23.6152339,47.2755595]],[[23.912984,47.1444732],[23.9128765,47.1441844],[23.9126883,47.1437347],[23.9121938,47.1429523],[23.9119413,47.14268],[23.9116753,47.1424732],[23.9113104,47.1423026],[23.9108391,47.1421888],[23.9102994,47.1421216],[23.9066505,47.1420182],[23.9057687,47.1419716],[23.9050412,47.14191],[23.9042497,47.1418111],[23.903652,47.1417013],[23.9030786,47.1415474],[23.9024566,47.1413222],[23.9010432,47.1406684],[23.9006878,47.1405476],[23.9004294,47.1405091],[23.9001628,47.1405256],[23.8997913,47.140608],[23.8994279,47.1407454],[23.8988302,47.14102],[23.8980952,47.1413991],[23.8973844,47.1417397],[23.8967383,47.1421188],[23.8961487,47.1424978],[23.8954056,47.1430033],[23.8947191,47.1434427],[23.894073,47.1437943],[23.8933541,47.1441459],[23.8926757,47.1444426],[23.8922315,47.1446019],[23.8917145,47.1447007],[23.8913753,47.1447392],[23.8909715,47.1447172],[23.8901315,47.1445524],[23.8895904,47.1444206],[23.8884354,47.144091],[23.8877004,47.1438932],[23.8872885,47.1437998],[23.8869008,47.1437504],[23.8865131,47.1437394],[23.8861658,47.1437614],[23.8856812,47.1438657],[23.8850431,47.144036],[23.8843647,47.1442613],[23.8838639,47.14447],[23.8832662,47.1447777],[23.882499,47.1452061],[23.8813521,47.1459697],[23.8804151,47.146519],[23.8799709,47.1467497],[23.8794621,47.146964],[23.8790502,47.1471178],[23.8780083,47.1474364],[23.8767483,47.147755],[23.8758599,47.1480077],[23.874083,47.1484581],[23.8732107,47.1486449],[23.8724353,47.1487657],[23.8717569,47.1488481],[23.8710057,47.1488975],[23.870513,47.1488646],[23.8689542,47.1486064],[23.8668785,47.1483318],[23.8663293,47.1482768],[23.8657962,47.1482549],[23.8653358,47.1482823]],[[23.8653358,47.1482823],[23.8649401,47.1483428],[23.8644716,47.1484526],[23.8639547,47.1486119],[23.8635347,47.1488371],[23.8630905,47.1491173],[23.8622586,47.149738],[23.8612086,47.150474],[23.8599809,47.1513089],[23.8593186,47.1517154],[23.8586967,47.1520504],[23.856936,47.1529128],[23.8561929,47.1533247],[23.8556276,47.1536048],[23.8551914,47.1537641],[23.8545776,47.1539618],[23.8537537,47.154176],[23.8532045,47.1543463],[23.8526876,47.154566],[23.852308,47.1547857],[23.8516376,47.1553514],[23.8512257,47.1557523],[23.8505553,47.1565871],[23.8502,47.1571803],[23.8499011,47.157757],[23.8495134,47.1586357],[23.8493842,47.159075],[23.8492711,47.1595968],[23.8492308,47.1600965],[23.8492711,47.1605688],[23.8494004,47.1611125],[23.8495781,47.1617276],[23.8497234,47.1622603],[23.8497961,47.16276],[23.8498123,47.1631334],[23.8497638,47.1634794],[23.8495942,47.1640505],[23.8493761,47.164671],[23.8488188,47.1658901],[23.8485927,47.1664886],[23.8484231,47.1670707],[23.8480031,47.1687454],[23.8478416,47.1692726],[23.8476073,47.169893],[23.8472035,47.1708594],[23.8470985,47.1712712],[23.8470258,47.1718971],[23.8469773,47.1731874],[23.8469854,47.1738572],[23.84705,47.1743404],[23.8471873,47.1748565],[23.8473731,47.1753232],[23.8480354,47.1764047],[23.8489642,47.1778157],[23.8493761,47.1783427],[23.8495538,47.1786666],[23.8496023,47.1789795],[23.8495538,47.1792815],[23.8494004,47.1795779],[23.8491096,47.1799293],[23.8473569,47.1815048],[23.847042,47.1818342],[23.8466785,47.18218],[23.8464281,47.1823776],[23.8460647,47.1825808],[23.8453862,47.1828827],[23.8438193,47.18347],[23.8432055,47.183739],[23.8425513,47.1839531],[23.8419536,47.1841013],[23.8413801,47.1842056],[23.840734,47.184266],[23.839999,47.1842715],[23.8394983,47.1842386],[23.838941,47.1841123],[23.8383433,47.1839147],[23.8376083,47.1837061],[23.8370187,47.1836292],[23.8364614,47.1836018],[23.836001,47.1836128],[23.8353953,47.1836677],[23.8349591,47.18375],[23.834531,47.1838543],[23.8340222,47.1840135],[23.8334972,47.1842221],[23.832948,47.1845295],[23.831898,47.1853364],[23.830945,47.1862586],[23.8306542,47.1865056],[23.8303549,47.1867409],[23.8298788,47.1869667],[23.82937,47.1871204],[23.8288531,47.1871972],[23.8283281,47.1872192],[23.8278677,47.1871698],[23.8274316,47.187049],[23.826632,47.1867965],[23.8260585,47.186544],[23.8257082,47.1863515],[23.8253835,47.1861082],[23.8251504,47.1858706],[23.8249256,47.1855594],[23.8243761,47.184705],[23.8240431,47.1840034],[23.82381,47.1835734],[23.8235519,47.183115],[23.8232272,47.1826228],[23.8229775,47.1822833],[23.822761,47.1820909],[23.8224863,47.1818928],[23.8222615,47.1817514],[23.8219535,47.1816495],[23.8216454,47.1815986]],[[24.0180369,47.1771752],[24.0176562,47.1774871],[24.0172813,47.1777594],[24.0168518,47.1780116],[24.0163343,47.178204],[24.0156802,47.1783566],[24.0150066,47.1784296],[24.0142939,47.1784296],[24.0137472,47.1783832],[24.0131419,47.1782571],[24.0126928,47.1781045],[24.0120582,47.1778656],[24.0104571,47.1770891],[24.0099397,47.1768901],[24.0093832,47.1766976],[24.00869,47.1765052],[24.0079383,47.1763525],[24.0070987,47.1762463],[24.0061809,47.1761866],[24.0047165,47.1761203],[24.0038574,47.1760605],[24.0032911,47.1759942],[24.0028127,47.175888],[24.0024906,47.175742],[24.0021977,47.1755031],[24.0019048,47.1751713],[24.0016998,47.1748328],[24.0015436,47.1744811],[24.0013971,47.1740895],[24.001319,47.1737378],[24.0013093,47.1733528],[24.0013776,47.1731139],[24.0017974,47.1723573],[24.0021391,47.1719658],[24.0025394,47.1715609],[24.0028713,47.1712755],[24.0034278,47.1709371],[24.004121,47.1706251],[24.0047458,47.1703729],[24.0060833,47.1699813],[24.0067277,47.1697424],[24.0071084,47.1695167],[24.0074111,47.169165],[24.007577,47.1688132],[24.0076747,47.1683486],[24.0076844,47.1679769],[24.0075966,47.1676583],[24.0073525,47.1674326],[24.0070498,47.1672534],[24.0066203,47.1670278],[24.0060345,47.1668751],[24.0054585,47.1668021],[24.0046872,47.1667357],[24.0038769,47.1666959],[24.0030763,47.1666826],[24.0025394,47.1666959],[24.0020415,47.1667623],[24.0015924,47.1668685],[24.0009871,47.1670809],[24.0006451,47.1672483],[24.000235,47.1674142],[23.9998348,47.167527],[23.998712,47.1677593],[23.9979993,47.1679784],[23.996779,47.1684496],[23.996203,47.1686089],[23.9956074,47.1687549],[23.9950021,47.1688678],[23.9944164,47.1689275],[23.9936549,47.1689076],[23.9930105,47.1688213],[23.9921221,47.1685956],[23.9897595,47.1678921],[23.988422,47.1675868],[23.9878459,47.1674872],[23.9873383,47.1674474],[23.9866939,47.1674275],[23.9836577,47.1676067],[23.9824666,47.1676598],[23.9807386,47.1678058],[23.9802504,47.1678257],[23.9791375,47.1678323],[23.9777609,47.1677859],[23.9772337,47.1677261],[23.9769408,47.167673],[23.976521,47.1675536],[23.976111,47.1674208],[23.9757302,47.1673279],[23.9753299,47.1672483],[23.9739827,47.1670292],[23.9733481,47.1669097],[23.9728013,47.1667504],[23.9723034,47.1665447],[23.9719813,47.1663655],[23.971747,47.1661199],[23.9715126,47.1657615],[23.9713174,47.1653035],[23.9711514,47.1647061],[23.9710147,47.1638764],[23.9709366,47.1635511],[23.9708,47.1632059],[23.9705852,47.1629072],[23.9702728,47.1626882],[23.9699701,47.1626019],[23.9696284,47.1625886],[23.9692281,47.162655],[23.9688474,47.1627745],[23.9685545,47.1629072],[23.9678028,47.1633055],[23.9674318,47.1634383],[23.9669924,47.1635445],[23.9659185,47.1637038],[23.9645712,47.163883],[23.9639757,47.1639295],[23.9632923,47.1639295],[23.9627749,47.1639095],[23.9622867,47.1638299],[23.9616814,47.1636839],[23.9610468,47.1634847],[23.9605489,47.1632789],[23.95968,47.1628408],[23.9592505,47.1625554],[23.9588697,47.1622633],[23.9583718,47.1617788],[23.9578446,47.1612012],[23.9573467,47.1605441],[23.9568781,47.1598802],[23.9565461,47.159555],[23.9562435,47.1593359],[23.9557944,47.15915],[23.9553258,47.1590172],[23.9548279,47.1589641],[23.954369,47.1589708],[23.9539297,47.1590305],[23.9534611,47.1591567],[23.9529925,47.1593492],[23.9525434,47.1596014],[23.9520943,47.1598869],[23.9516061,47.160252],[23.9504053,47.1610818],[23.9499757,47.161334],[23.9496438,47.1615066],[23.9492923,47.1616062],[23.9489311,47.1616659],[23.9486577,47.1616659],[23.9482868,47.1616261],[23.9478279,47.1615199],[23.9469199,47.1612012],[23.9463928,47.1610021],[23.9459534,47.1608162],[23.9455043,47.1605972],[23.9447038,47.1601325],[23.9443523,47.1598736],[23.9434932,47.1592828],[23.9430734,47.1590172],[23.9427414,47.158838],[23.9423802,47.1586853],[23.9419116,47.1585393],[23.9413258,47.1584065],[23.9407596,47.1583003],[23.939959,47.1581609],[23.9390804,47.1580281],[23.9376159,47.1578422],[23.9368251,47.1576895],[23.9362101,47.1575236],[23.9353216,47.1571983],[23.9349409,47.1569858],[23.9346382,47.1567203],[23.9341892,47.1562755],[23.9337401,47.155771],[23.9333886,47.1553593],[23.9315629,47.1529959],[23.9309869,47.1522191],[23.9308893,47.151761],[23.9308502,47.1514091],[23.9307917,47.1511302],[23.9306745,47.1508514],[23.9305476,47.1506323],[23.9303523,47.1504331],[23.930118,47.1502472],[23.9298447,47.1501276],[23.9295908,47.1500812],[23.9292101,47.1500679],[23.9287787,47.1500866],[23.92839,47.1501276],[23.9279507,47.1502007],[23.9275602,47.1502936],[23.9268865,47.1505194],[23.9256076,47.1509111],[23.924588,47.1512875],[23.9236703,47.1515531],[23.9232115,47.1516328],[23.9226843,47.1516859],[23.9226053,47.1516899],[23.9221571,47.1517124],[23.9213272,47.1517058],[23.9205853,47.1516991],[23.9199116,47.1516527],[23.9192966,47.1515796],[23.9187205,47.15148],[23.9181152,47.1513074],[23.9173635,47.1510618],[23.9160358,47.15067],[23.9155671,47.1504841],[23.9151083,47.1501986],[23.9147471,47.1499331],[23.9143663,47.1495612],[23.9139758,47.1490699],[23.9136536,47.1485653],[23.9132631,47.1477486],[23.9131069,47.1473104],[23.9130093,47.1469186],[23.9129409,47.1463808],[23.9129489,47.145907],[23.9130193,47.1450993],[23.9129925,47.1447408],[23.912984,47.1444732]],[[24.1116147,47.1750936],[24.1116078,47.1755769],[24.1116216,47.1761823],[24.1117528,47.1781953],[24.1118218,47.1787725],[24.1119461,47.1793919],[24.1120082,47.1798564],[24.1119875,47.180152],[24.1118632,47.1805227],[24.1116147,47.1809778],[24.1113524,47.1813344],[24.1109313,47.1817896],[24.1104273,47.1821931],[24.1098543,47.1825778],[24.1087153,47.1832535],[24.1076659,47.1838353],[24.1071965,47.1840417],[24.1066028,47.1842106],[24.106016,47.1842669],[24.1053464,47.1842622],[24.1048079,47.1841543],[24.1043661,47.1839854],[24.104014,47.183779],[24.1036206,47.1835068],[24.1026265,47.1827139],[24.1023503,47.1824511],[24.1021432,47.1821602],[24.1019637,47.1818646],[24.1015771,47.1811327],[24.1013148,47.1807198],[24.1010939,47.1804101],[24.1008799,47.1801989],[24.1005416,47.1800065],[24.1001965,47.1798986],[24.0997961,47.179847],[24.0987882,47.1798048],[24.098298,47.1797485],[24.0978631,47.1796406],[24.0970692,47.1793872],[24.0965031,47.1792511],[24.0958887,47.1791432],[24.0954055,47.1790916],[24.0948947,47.1790775],[24.0933828,47.1791713],[24.0924025,47.1792089],[24.0920643,47.17921],[24.0917122,47.1790916],[24.0914499,47.1789461],[24.0912082,47.178749],[24.0905524,47.178078],[24.0903315,47.1779279],[24.0900692,47.1778199],[24.0897861,47.1777683],[24.08951,47.1777589],[24.0892408,47.1777965],[24.0889784,47.1778715],[24.0887299,47.1780311],[24.0885435,47.1782141],[24.088364,47.1784956],[24.0881431,47.1788992],[24.0879913,47.1792229],[24.0878601,47.179603],[24.0877911,47.1799549],[24.0878049,47.1808465],[24.0877773,47.1812828],[24.0877082,47.1815831],[24.0873354,47.1823573],[24.0871352,47.1827045],[24.0869281,47.182911],[24.086652,47.1831315],[24.0861066,47.1834552],[24.0852055,47.184083],[24.0846881,47.1844015],[24.0841218,47.1846536],[24.0834092,47.1848925],[24.0828429,47.1850517],[24.0823548,47.1851247],[24.0819545,47.1851314],[24.0813492,47.1850783],[24.0802753,47.1848859],[24.0794845,47.1847266],[24.0790647,47.1846138],[24.0786156,47.1845276],[24.0782055,47.1844745],[24.0775026,47.1843617],[24.0747592,47.1837977],[24.0742125,47.1837313],[24.0736853,47.1837114],[24.0731484,47.1837313],[24.0725821,47.183811],[24.0711372,47.184156],[24.0702097,47.1844347],[24.0692823,47.1847067],[24.0685891,47.1848593],[24.0680033,47.1849323],[24.0676226,47.1849589],[24.0671344,47.1849456],[24.0665194,47.1848859],[24.0659922,47.1847532],[24.0655236,47.184574],[24.0646254,47.1841892],[24.0641079,47.1840233],[24.0635222,47.1838574],[24.0627704,47.1836053],[24.0622042,47.183373],[24.0618625,47.1831939],[24.0613548,47.182882],[24.0608276,47.1824839],[24.060359,47.1820592],[24.0599782,47.181681],[24.0590898,47.1806923],[24.0587091,47.180314],[24.0573911,47.1791528],[24.0565808,47.1785489],[24.0562683,47.1783432],[24.0558388,47.1780976],[24.0551651,47.1778056],[24.0543939,47.1775402],[24.05373,47.1773212],[24.0530856,47.177142],[24.0523339,47.1770226],[24.0504985,47.1768301],[24.0496589,47.1767638],[24.0486631,47.176704],[24.0478625,47.1766377],[24.0470815,47.1765514],[24.0464371,47.176432],[24.045949,47.1763125],[24.0453534,47.1761466],[24.0449825,47.1759873],[24.04467,47.1758214],[24.0443772,47.1756223],[24.0441233,47.1754232],[24.0425034,47.1737751],[24.041585,47.1726492],[24.0413604,47.1723306],[24.0408235,47.1717001],[24.0405111,47.1714214],[24.0402084,47.1712222],[24.0397886,47.1710298],[24.0394078,47.170897],[24.0389783,47.1707709],[24.0385487,47.1706847],[24.0380703,47.1706249],[24.0375334,47.1705984],[24.0370062,47.1705386],[24.0365278,47.170459],[24.036147,47.1703528],[24.0350146,47.1699878],[24.0338137,47.1696692],[24.0332475,47.1695431],[24.0326715,47.1694303],[24.0321443,47.169344],[24.0315585,47.1692975],[24.0308263,47.1692975],[24.0301624,47.1693506],[24.0294692,47.1694634],[24.0286394,47.1696559],[24.0279267,47.1698019],[24.0272824,47.1699081],[24.0251248,47.1701338],[24.0245487,47.1702267],[24.0239532,47.1703594],[24.0234065,47.1705519],[24.0228793,47.1708439],[24.0224595,47.1711492],[24.0220787,47.1715143],[24.0218151,47.171866],[24.0210536,47.1726226],[24.0204386,47.1733394],[24.01997,47.1740694],[24.0197454,47.1743747],[24.0191401,47.1750914],[24.0189839,47.1753702],[24.0185446,47.1765514],[24.0183981,47.1767903],[24.0180369,47.1771752]],[[24.1983105,47.1888897],[24.1982134,47.1888615]],[[24.2127919,47.1934539],[24.2124796,47.1932903],[24.2122448,47.1931307],[24.2120882,47.192947],[24.2118747,47.1925843],[24.2117751,47.1924779],[24.2113838,47.1922555],[24.2109283,47.1919364],[24.2107433,47.1917816],[24.2103591,47.1914045],[24.2101741,47.1911917],[24.209982,47.191037],[24.2098112,47.1909403],[24.2095194,47.1908145],[24.2091921,47.1907082],[24.208879,47.1906356],[24.2086157,47.1906114],[24.2084023,47.1905776],[24.2073491,47.1901521],[24.2070645,47.1899925],[24.2062818,47.1893977],[24.2059331,47.1891656],[24.2056627,47.1889963],[24.2053994,47.1888561],[24.2048159,47.1886675],[24.2041186,47.188566],[24.2037343,47.1885273],[24.2033074,47.1885079],[24.2025033,47.1885224],[24.201009,47.1886965],[24.1995147,47.1887787],[24.1990807,47.1888271],[24.1984972,47.1888658],[24.1983105,47.1888897]],[[24.1982134,47.1888615],[24.1979066,47.1887014],[24.196825,47.1880824],[24.1966827,47.1879615],[24.1965332,47.1877535],[24.1963767,47.1874779],[24.1962913,47.1873763],[24.1961775,47.187299],[24.1959924,47.1872023],[24.1958217,47.1871394],[24.195658,47.1870814],[24.1954303,47.187033],[24.1950959,47.1869701],[24.1948255,47.1869363],[24.1942135,47.1869073],[24.1940285,47.1868541],[24.1938933,47.1867815],[24.1937083,47.1866461],[24.1932387,47.1861384],[24.1931035,47.1860223],[24.1929398,47.1859062],[24.1921571,47.1855677],[24.1919365,47.1855],[24.1917159,47.1854565],[24.1915095,47.1854516],[24.1895527,47.1855677],[24.1891115,47.1855677],[24.1887059,47.1855387],[24.1884071,47.1855435],[24.1879801,47.1855629],[24.1875603,47.1856354],[24.1873397,47.1857128],[24.1870764,47.185824],[24.1863364,47.1861722],[24.1856604,47.1865252],[24.1853687,47.1866945],[24.1851125,47.1868202],[24.1849061,47.1869121],[24.1844436,47.1870862],[24.1838459,47.1872216],[24.1833905,47.1873038],[24.1829951,47.1873119]],[[24.2157789,47.1955883],[24.2155713,47.1953016],[24.2151494,47.1948556],[24.2147006,47.1944187],[24.2142653,47.1940774],[24.2138367,47.1937998],[24.2134616,47.1936086],[24.2131401,47.193504],[24.2127919,47.1934539],[24.2124101,47.1934448],[24.2120753,47.1934812],[24.2118007,47.1935768],[24.2114524,47.1937361],[24.2110573,47.1938772],[24.210642,47.1939591],[24.2101196,47.1940273],[24.2095035,47.194082],[24.2089342,47.1941093],[24.2083247,47.1940911],[24.2077085,47.1940182],[24.2072531,47.1939181],[24.2068781,47.1937907],[24.206349,47.1935677],[24.2059471,47.1933583],[24.2056792,47.1931808],[24.2054247,47.1929078],[24.2050028,47.1922843],[24.2047885,47.1920658],[24.2045139,47.1918565],[24.2042058,47.1917063],[24.2037839,47.1915697],[24.2032012,47.1914469],[24.2026453,47.191374],[24.2015067,47.1912876],[24.2009241,47.1912056],[24.2004418,47.1911055],[24.2000668,47.1909872],[24.1996582,47.190837],[24.198888,47.190532],[24.1981379,47.1903136],[24.1977562,47.1902544],[24.1973476,47.1902226],[24.1970329,47.1902544],[24.1967583,47.1903409],[24.1964837,47.1904683],[24.1961555,47.1906003],[24.1952446,47.1908688],[24.1947959,47.1909826],[24.1943606,47.1910691],[24.1939186,47.1911237],[24.1934296,47.1911237],[24.1930814,47.1910828],[24.1926929,47.1910054],[24.1924049,47.1909189],[24.1920366,47.1907824],[24.1917888,47.1906595],[24.1915477,47.1905047],[24.1912665,47.1902703],[24.1907909,47.1898061],[24.19059,47.1896377],[24.1902886,47.1894465],[24.1899538,47.1893054],[24.1894782,47.1891461],[24.189063,47.1890232],[24.1886411,47.1889368],[24.1881856,47.1888958],[24.18769,47.1888821],[24.1872882,47.1888867],[24.1864711,47.1889231],[24.1860023,47.1889231],[24.1856272,47.1888912],[24.1851986,47.1887911],[24.1849106,47.1886955],[24.1846293,47.1885681],[24.1844284,47.1884361],[24.1842409,47.1882586],[24.1838792,47.1878581],[24.1835845,47.187635],[24.1832965,47.187453],[24.1829951,47.1873119],[24.1826536,47.1871753],[24.1822049,47.1870206],[24.1817494,47.1869113],[24.1812002,47.1868294],[24.1805707,47.1867748],[24.1798742,47.1867338],[24.1793116,47.1867202],[24.1781998,47.1867429],[24.1777913,47.1867839],[24.1767799,47.1868203],[24.1761638,47.1868021],[24.1746368,47.1866928],[24.1724534,47.1866155],[24.1711608,47.1865335],[24.1706987,47.1864562],[24.1703504,47.1863333],[24.170116,47.1861967],[24.1695534,47.1858098],[24.1692721,47.1855367],[24.1689975,47.1851953],[24.1688368,47.184904],[24.1687163,47.1846264],[24.1686158,47.1843305],[24.168522,47.1839072],[24.1684818,47.1835612],[24.1684751,47.1832562],[24.1685019,47.1828329],[24.1685689,47.1824733],[24.1686694,47.1821365],[24.1689775,47.1813899],[24.1690846,47.1810667],[24.1691516,47.1807936],[24.169232,47.1804294],[24.1692788,47.1801108],[24.1692922,47.1797967],[24.1692788,47.1794188],[24.1692387,47.1791184],[24.1691583,47.1787769],[24.1690511,47.1784902],[24.1688636,47.1781533],[24.168656,47.1778983],[24.1683546,47.1776389],[24.1680733,47.177434],[24.1677518,47.1772155],[24.1673969,47.1770015],[24.1669347,47.1767784],[24.1665061,47.1766009],[24.1659904,47.1764507],[24.1655149,47.1763323],[24.1651264,47.1762868],[24.1645839,47.1762503],[24.1641084,47.176264],[24.1636329,47.1763323],[24.1628359,47.1764689],[24.1605722,47.1769014],[24.1576186,47.1773612],[24.1562725,47.1775842],[24.1551339,47.1778027],[24.1541293,47.1780213],[24.153426,47.1781351],[24.1527295,47.1781897],[24.1520531,47.1781988],[24.1513833,47.178176],[24.1506935,47.1781078],[24.1498898,47.1779712],[24.149133,47.1777982],[24.1464741,47.1768695],[24.1460924,47.1767056],[24.1453423,47.1762321],[24.1440229,47.175053],[24.1436947,47.1748117],[24.1433598,47.1746387],[24.1430116,47.1745021],[24.1426432,47.1744156],[24.1422681,47.1743701],[24.14123,47.1742836],[24.1406541,47.17427],[24.140125,47.1742791],[24.1395825,47.174361],[24.1385176,47.1747252],[24.1380287,47.1749073],[24.1375934,47.1750485],[24.1359994,47.1756858],[24.1354971,47.1758452],[24.1350952,47.1758816],[24.1346331,47.1758588],[24.1341375,47.1757996],[24.1333874,47.1756722],[24.1330056,47.1755675],[24.1326038,47.17544],[24.1320412,47.1752442],[24.131646,47.1750894],[24.131338,47.1749073],[24.1311036,47.1746797],[24.1308624,47.1743246],[24.1302329,47.1735005],[24.1289537,47.1721802],[24.1286389,47.1718888],[24.1278486,47.1712378],[24.1271052,47.1704911],[24.1268842,47.1703363],[24.1266364,47.1702224],[24.1262948,47.1701496],[24.1259064,47.1701041],[24.1254375,47.1700676],[24.1241382,47.1700039],[24.1236359,47.1700039],[24.1207293,47.1701633],[24.120093,47.1702179],[24.1193563,47.1703044],[24.1185459,47.1704228],[24.1170323,47.1706686],[24.116242,47.1708234],[24.115666,47.1709874],[24.1151369,47.1711831],[24.114648,47.1713971],[24.1142863,47.1715838],[24.113851,47.1718388],[24.113496,47.1720892],[24.1131947,47.172335],[24.1129678,47.1725501],[24.1125052,47.1730851],[24.1122636,47.1734276],[24.1120151,47.1738594],[24.1118011,47.1743474],[24.1116699,47.1747228],[24.1116147,47.1750936]],[[24.4112428,47.2799096],[24.4104567,47.2799032],[24.4096516,47.279916],[24.4090344,47.2799413],[24.4079628,47.2800639],[24.4075208,47.2801548],[24.4070051,47.2802684],[24.4059469,47.2805592],[24.4054847,47.2806682],[24.4042457,47.2809227],[24.4035894,47.2810726],[24.3997116,47.2820858],[24.3986418,47.2823293],[24.3974813,47.2825538],[24.3961084,47.2828218],[24.3955391,47.2829445],[24.3949162,47.2831081],[24.3930209,47.2837305],[24.3924382,47.2839077],[24.3915407,47.2842439],[24.391092,47.2844574],[24.3906433,47.2846891],[24.390228,47.284939],[24.3898597,47.2852025],[24.3895181,47.2854524],[24.3883528,47.2864337],[24.388038,47.2866064],[24.3873347,47.2869289],[24.3863368,47.2872742],[24.384696,47.287783],[24.3843008,47.2878966],[24.3835775,47.2880419],[24.3828073,47.2882646],[24.3823921,47.2884326],[24.382017,47.2886098],[24.3807981,47.2892822],[24.3802221,47.2896501],[24.3786683,47.2908585],[24.3768734,47.2923258],[24.3764247,47.2926301],[24.3759491,47.2929754],[24.3755138,47.2932661],[24.3752325,47.2935114],[24.3749579,47.2937975],[24.3746833,47.2941655],[24.3745226,47.294438],[24.3744154,47.2947151],[24.3743485,47.2950376],[24.3743418,47.2954237],[24.3743886,47.2958507],[24.3745293,47.2966002],[24.3745293,47.2968454],[24.3744623,47.2970408],[24.3743485,47.2972179],[24.374181,47.2973678],[24.373893,47.2975586],[24.3726339,47.2981945],[24.3722187,47.2983898],[24.3713681,47.2986668],[24.3708658,47.2987758],[24.3703903,47.2988485],[24.3699683,47.2988848],[24.3693924,47.2988985],[24.3689102,47.2988712],[24.368582,47.2988349],[24.3678051,47.2986895],[24.3673028,47.2985669],[24.3669746,47.298467],[24.3666531,47.2983398],[24.3663316,47.2981854],[24.3653471,47.2976176],[24.3649587,47.2973723],[24.3642019,47.2969863],[24.3638737,47.2968727],[24.3635053,47.2967728],[24.3632508,47.2967682],[24.3629762,47.2968364],[24.3625476,47.2970044],[24.3622864,47.2970317],[24.3620185,47.2970044],[24.3612684,47.2968182],[24.3607996,47.2967501],[24.3602973,47.2967319],[24.3599088,47.296741],[24.3595405,47.2967909],[24.3592458,47.2968954],[24.3583148,47.2973723],[24.3579599,47.297495],[24.356895,47.2977811],[24.3563324,47.2979583],[24.3559841,47.2980991],[24.355301,47.298417],[24.3549661,47.2986123],[24.3541289,47.2992028],[24.3537405,47.2994481],[24.3532784,47.2996752],[24.3528163,47.2998614],[24.3522537,47.3000612],[24.351738,47.3001975],[24.3513562,47.3002611],[24.3505975,47.3002904]],[[24.6241043,47.2948895],[24.6234507,47.2947668],[24.6227318,47.2945194],[24.6214551,47.2937699],[24.6198565,47.2928166],[24.6184296,47.2919434],[24.6167773,47.2904953],[24.616037,47.2898476],[24.6153718,47.2889307],[24.6148354,47.2879045],[24.6142561,47.2866091],[24.613784,47.2857358],[24.6134792,47.2851588],[24.6119347,47.2823495],[24.6111989,47.2809082],[24.6109542,47.2796075],[24.6105991,47.2790447],[24.6090799,47.2784082],[24.6075607,47.2779151],[24.6047093,47.2766781],[24.6014866,47.2752309],[24.6001528,47.2749123],[24.5982241,47.2746263],[24.5973605,47.2745839],[24.596541,47.2745437],[24.5941952,47.2744645],[24.5922855,47.274299],[24.5912057,47.2742721],[24.5901807,47.2744185],[24.5887519,47.2747987],[24.5874808,47.2754598],[24.5868538,47.2760253],[24.5862322,47.276302],[24.5845346,47.2775273],[24.5838683,47.2780082],[24.5830656,47.2785969],[24.5826021,47.2790862],[24.5812225,47.2799276],[24.5807897,47.2801662],[24.5805784,47.2802358],[24.5803793,47.2802188],[24.5797676,47.2800167],[24.5779808,47.2790097],[24.5774027,47.2787058],[24.5770008,47.2784015],[24.576462,47.2781088],[24.5750239,47.2771911],[24.5739167,47.276224],[24.5731012,47.2757592],[24.572171,47.2755419],[24.5707459,47.2753251],[24.5696584,47.275307],[24.5685037,47.2754128],[24.5678969,47.2754976],[24.5664007,47.2761111],[24.5656545,47.2764941],[24.5647827,47.2770894],[24.5644317,47.277322],[24.5637205,47.2775591],[24.5625874,47.2776422],[24.5611896,47.2776824],[24.5590666,47.2777584],[24.5574837,47.2775944],[24.5553245,47.2772285],[24.5535259,47.2768161],[24.5520925,47.2764085],[24.5502202,47.2759229],[24.549469,47.2758296],[24.5491831,47.2758761],[24.5485618,47.2759183],[24.5473227,47.2762558],[24.546755,47.2764944],[24.5467203,47.2765186],[24.5456378,47.2772747],[24.5451941,47.2776119],[24.5436387,47.2785478],[24.542672,47.2787504],[24.5418649,47.2789105],[24.5404331,47.2790818],[24.5389725,47.2790209],[24.53542,47.2791371],[24.5327308,47.2788183],[24.5310706,47.2785141],[24.5303748,47.2783866],[24.5287375,47.2783673],[24.525399,47.2789369],[24.5232732,47.2789369],[24.5223214,47.2790665],[24.5211933,47.2792281],[24.5196215,47.2795861],[24.5175109,47.2805651],[24.516237,47.2810609],[24.5153613,47.2811479],[24.5143563,47.2809883],[24.5125226,47.2803565],[24.5117723,47.2800464],[24.5097796,47.2794081],[24.5087795,47.2792301],[24.5079767,47.2794074],[24.5064778,47.279853],[24.5051761,47.2803571],[24.5045541,47.2805769],[24.503083,47.2813825],[24.5022247,47.2817318],[24.501523,47.2817823],[24.5002209,47.2813253],[24.498939,47.2805443],[24.4977915,47.2801693],[24.4965005,47.2800777],[24.4955699,47.2803175],[24.4945735,47.2807321],[24.4938928,47.2812712],[24.4936702,47.2813788],[24.4932891,47.281415],[24.4917109,47.2812123],[24.4905759,47.2811783],[24.4902187,47.281234],[24.4892177,47.2818926],[24.4872902,47.2827799],[24.4861827,47.2830642],[24.4843537,47.2831508],[24.4830641,47.2833135],[24.4821403,47.2837115],[24.4802521,47.2851089],[24.4786312,47.285431],[24.4775843,47.2855094],[24.4767027,47.2854555],[24.4764481,47.2854399],[24.4750244,47.2851019],[24.4740545,47.2849097],[24.4729507,47.2849046],[24.4679696,47.2865373],[24.4665293,47.2867476],[24.4654516,47.2867174],[24.4630043,47.286117],[24.4591854,47.28399],[24.4555373,47.2825891],[24.4538092,47.2823674],[24.4512457,47.2822397],[24.4490338,47.2822382],[24.447646,47.2824026],[24.4466109,47.282822],[24.4454713,47.2828928],[24.4446905,47.2827891],[24.4433493,47.2822397],[24.4418043,47.2813081],[24.4388861,47.2810752],[24.4369978,47.281541],[24.4342512,47.2823562],[24.4320197,47.2821233],[24.4298413,47.2810746],[24.4287367,47.2808115],[24.4270415,47.2809587],[24.4244377,47.2810655],[24.4229555,47.280667],[24.4205995,47.2796244],[24.4190057,47.2791342],[24.4177718,47.2790954],[24.4169134,47.2795612],[24.4147124,47.2799194],[24.4112428,47.2799096]]]},"properties":{"name":"Someș","name_ro":"Someș","type":"river","source":"manual_premap","source_detail":"HOTOSM Waterways HDX snapshot 2026-08-07, waterway=river name match (17 segments, 4947 points), ANCPI validation: see README","osm_type":"way","osm_id":"way/1180976718","geocode_tier":"tier1","confidence":"high"}}]}